id,x_sym,y_sym,compact,ap_ratio
ISIC_0000000.png,0.129,0.2277,0.6937,68.2967
ISIC_0000001.png,0.0906,0.0694,0.8009,34.9662
ISIC_0000002.png,0.2265,0.2201,0.4582,39.6201
ISIC_0000003.png,0.1446,0.1296,0.7716,69.2186
ISIC_0000004.png,0.4188,0.457,0.2273,36.0221
ISIC_0000005.png,0.2527,0.1073,0.5625,42.2186
ISIC_0000006.png,0.1962,0.1432,0.7411,26.9629
ISIC_0000007.png,0.0789,0.0713,0.7889,35.3086
ISIC_0000008.png,0.1005,0.1577,0.6777,63.7979
ISIC_0000009.png,0.1044,0.1965,0.6839,53.1222
ISIC_0000010.png,0.2047,0.1346,0.7776,30.7324
ISIC_0000011.png,0.2158,0.1865,0.6398,41.3463
ISIC_0000012.png,0.2284,0.0873,0.6893,18.0629
ISIC_0000013.png,0.0721,0.0687,0.8093,61.3117
ISIC_0000014.png,0.081,0.1068,0.6114,50.7845
ISIC_0000015.png,0.1679,0.1164,0.7045,49.5208
ISIC_0000016.png,0.3632,0.302,0.3615,24.7477
ISIC_0000017.png,0.1503,0.2366,0.6127,31.4926
ISIC_0000018.png,0.1316,0.163,0.6461,52.2473
ISIC_0000019.png,0.2625,0.2256,0.307,43.9865
ISIC_0000020.png,0.1001,0.0921,0.6827,50.7924
ISIC_0000022.png,0.2034,0.2171,0.5827,56.1423
ISIC_0000024.png,0.2319,0.4261,0.3835,33.3367
ISIC_0000026.png,0.2651,0.267,0.5462,38.8555
ISIC_0000029.png,0.4678,0.4503,0.1728,23.5993
ISIC_0000030.png,0.6856,0.6273,0.2949,27.2003
ISIC_0000031.png,0.7957,0.7599,0.3576,21.6397
ISIC_0000035.png,0.1131,0.0788,0.7114,71.7046
ISIC_0000036.png,0.2381,0.2184,0.6159,37.136
ISIC_0000040.png,0.372,0.1853,0.6029,19.7193
ISIC_0000042.png,0.1236,0.18,0.5003,43.3164
ISIC_0000043.png,0.1555,0.1627,0.5392,59.0858
ISIC_0000046.png,0.2938,0.2791,0.4728,40.4358
ISIC_0000054.png,1.7002,1.7558,0.011,2.7904
ISIC_0000056.png,0.2204,0.1534,0.6237,64.5155
ISIC_0000058.png,0.1233,0.1427,0.6898,61.5236
ISIC_0000065.png,0.1129,0.0586,0.6673,57.399
ISIC_0000072.png,0.1351,0.135,0.809,40.2248
ISIC_0000074.png,0.534,0.6765,0.3134,23.7963
ISIC_0000077.png,0.265,0.2262,0.4486,35.3941
ISIC_0000078.png,0.1905,0.1266,0.7484,34.5772
ISIC_0000087.png,0.117,0.1362,0.6062,54.4673
ISIC_0000118.png,0.1324,0.1661,0.4953,38.8036
ISIC_0000121.png,0.0696,0.0691,0.7374,58.3381
ISIC_0000129.png,1.4981,1.3081,0.0296,2.9047
ISIC_0000135.png,1.6474,1.0249,0.1154,5.6787
ISIC_0000139.png,0.1159,0.1278,0.7631,55.9089
ISIC_0000140.png,0.8238,0.5474,0.1655,14.0578
ISIC_0000141.png,0.1003,0.1049,0.709,26.9166
ISIC_0000142.png,0.3536,0.2215,0.4254,27.559
ISIC_0000143.png,0.2103,0.2858,0.5173,24.8736
ISIC_0000144.png,0.179,0.1444,0.6661,48.0452
ISIC_0000145.png,0.1409,0.1117,0.6977,58.7157
ISIC_0000146.png,0.2229,0.1626,0.1189,27.9297
ISIC_0000148.png,0.1021,0.0963,0.7733,46.1231
ISIC_0000150.png,0.7794,0.3706,0.3683,28.4895
ISIC_0000151.png,0.1179,0.1047,0.771,28.0579
ISIC_0000152.png,0.347,0.2681,0.498,19.4609
ISIC_0000153.png,0.7669,0.8538,0.2029,17.747
ISIC_0000154.png,0.1162,0.1116,0.6763,36.0996
ISIC_0000155.png,0.4728,0.3546,0.1395,26.51
ISIC_0000159.png,0.1242,0.1327,0.7619,67.7243
ISIC_0000161.png,0.272,0.3607,0.5254,55.1734
ISIC_0000162.png,0.1341,0.1683,0.6869,64.2479
ISIC_0000163.png,0.1353,0.1885,0.7168,26.2991
ISIC_0000164.png,1.8919,1.9023,0.0151,2.5392
ISIC_0000166.png,0.1927,0.2274,0.5762,64.6648
ISIC_0000167.png,0.3738,0.3753,0.3821,33.7795
ISIC_0000168.png,0.6468,0.5667,0.2863,13.8826
ISIC_0000171.png,1.4927,1.7635,0.0123,2.4673
ISIC_0000172.png,0.1657,0.1481,0.6262,61.3472
ISIC_0000173.png,0.413,0.9707,0.3438,26.4754
ISIC_0000174.png,0.6447,0.7993,0.0725,7.8489
ISIC_0000175.png,0.12,0.1528,0.6747,52.2756
ISIC_0000176.png,0.1467,0.1355,0.7233,43.5629
ISIC_0000179.png,0.0987,0.2,0.5604,62.2542
ISIC_0000180.png,0.1194,0.1262,0.6949,49.5412
ISIC_0000186.png,0.0872,0.0655,0.7964,39.4841
ISIC_0000213.png,0.1343,0.1826,0.6969,67.3762
ISIC_0000226.png,0.1218,0.1239,0.717,60.7103
ISIC_0000239.png,0.1568,0.1354,0.6708,53.6849
ISIC_0000240.png,0.1385,0.0692,0.8058,42.07
ISIC_0000274.png,0.1417,0.1593,0.6066,48.9226
ISIC_0000277.png,0.5002,0.4564,0.2671,22.529
ISIC_0000278.png,0.4059,0.4434,0.1681,26.7944
ISIC_0000279.png,0.1875,0.2047,0.4976,66.3897
ISIC_0000283.png,0.063,0.0464,0.7751,73.0789
ISIC_0000287.png,0.1784,0.1779,0.6661,54.1172
ISIC_0000291.png,0.1997,0.1963,0.4954,40.9174
ISIC_0000292.png,1.9043,1.7958,0.0105,2.5913
ISIC_0000294.png,0.2037,0.2073,0.5316,61.5466
ISIC_0000295.png,1.035,0.2002,0.123,2.6659
ISIC_0000296.png,1.0379,0.2759,0.1239,2.6428
ISIC_0000297.png,0.1466,0.1323,0.7028,26.2565
ISIC_0000300.png,0.3463,0.3607,0.4292,27.4979
ISIC_0000301.png,0.3327,0.4979,0.3068,19.2709
ISIC_0000303.png,0.3461,0.7304,0.2871,9.5077
ISIC_0000304.png,0.407,0.3579,0.4286,14.0113
ISIC_0000305.png,1.3235,0.4064,0.1132,2.6142
ISIC_0000306.png,1.1746,0.2173,0.122,2.634
ISIC_0000310.png,0.3147,0.5714,0.2455,26.2776
ISIC_0000313.png,0.1503,0.2126,0.5533,35.1985
ISIC_0000314.png,0.078,0.1234,0.7599,57.8202
ISIC_0000315.png,0.1127,0.1453,0.6458,38.6846
ISIC_0000346.png,0.2092,0.1401,0.6197,48.3671
ISIC_0000349.png,0.2355,0.216,0.6974,33.2181
ISIC_0000358.png,0.1627,0.2212,0.6347,45.0589
ISIC_0000368.png,1.2027,1.1862,0.0247,8.0994
ISIC_0000371.png,0.0982,0.0988,0.7249,53.9377
ISIC_0000375.png,0.2589,0.1187,0.6252,45.2055
ISIC_0000377.png,0.2279,0.1727,0.7258,46.6479
ISIC_0000384.png,0.174,0.2417,0.7374,26.0653
ISIC_0000387.png,0.1958,0.1054,0.7123,31.6559
ISIC_0000392.png,0.1713,0.2716,0.5691,41.847
ISIC_0000393.png,0.3467,0.2946,0.432,52.9106
ISIC_0000394.png,0.2774,0.3883,0.4,15.638
ISIC_0000395.png,0.3316,0.433,0.2278,28.7754
ISIC_0000398.png,0.3515,0.3601,0.395,37.2639
ISIC_0000401.png,1.2678,1.551,0.0808,3.9634
ISIC_0000406.png,0.1375,0.1722,0.6285,16.423
ISIC_0000410.png,0.1806,0.5057,0.4138,28.3428
ISIC_0000411.png,0.8755,0.8204,0.2123,20.2642
ISIC_0000413.png,0.3572,0.3845,0.2129,31.7732
ISIC_0000414.png,1.6031,1.8025,0.0093,3.1061
ISIC_0000419.png,0.1685,0.3685,0.6002,58.4494
ISIC_0000420.png,0.4554,0.2025,0.5506,21.1298
ISIC_0000421.png,0.1481,0.1132,0.7097,34.6372
ISIC_0000423.png,0.1022,0.094,0.7801,62.084
ISIC_0000424.png,0.3467,0.215,0.5909,50.3982
ISIC_0000429.png,1.8941,1.8879,0.0249,2.5637
ISIC_0000431.png,0.1755,0.175,0.6382,27.4404
ISIC_0000434.png,0.6984,0.7438,0.0613,16.0657
ISIC_0000440.png,1.9301,1.7483,0.0395,2.4782
ISIC_0000441.png,0.1718,0.3012,0.4556,43.4549
ISIC_0000444.png,0.3043,0.3337,0.4776,21.9218
ISIC_0000445.png,0.1662,0.3414,0.6079,23.1419
ISIC_0000446.png,1.6376,1.6387,0.0115,2.9312
ISIC_0000450.png,0.7835,0.6414,0.2292,34.1501
ISIC_0000452.png,0.2705,0.364,0.5829,17.876
ISIC_0000459.png,0.1907,0.2384,0.4421,45.9545
ISIC_0000462.png,0.3231,0.5345,0.2507,24.7216
ISIC_0000463.png,0.099,0.0898,0.7067,55.0994
ISIC_0000466.png,0.2146,0.5104,0.4843,37.4473
ISIC_0000467.png,0.6372,0.2699,0.4891,40.7397
ISIC_0000469.png,0.854,0.6245,0.3263,16.0199
ISIC_0000473.png,0.1347,0.2267,0.561,34.4342
ISIC_0000475.png,0.1813,0.0993,0.6248,57.5072
ISIC_0000482.png,0.0569,0.0458,0.722,63.3118
ISIC_0000483.png,0.138,0.1661,0.6378,61.505
ISIC_0000484.png,0.3188,0.3901,0.5052,26.448
ISIC_0000487.png,0.308,0.3446,0.5188,17.0438
ISIC_0000490.png,0.0924,0.0931,0.6964,60.1592
ISIC_0000502.png,0.5812,0.5397,0.4538,21.2962
ISIC_0000504.png,0.1928,0.3629,0.7201,35.7447
ISIC_0000507.png,0.0968,0.0962,0.5203,55.2358
ISIC_0000513.png,0.3371,0.4993,0.4084,24.6678
ISIC_0000516.png,0.3431,0.3356,0.4493,40.9733
ISIC_0000517.png,0.2023,0.3358,0.4646,30.7308
ISIC_0000518.png,0.1603,0.1786,0.6126,28.9894
ISIC_0000519.png,0.3784,0.3596,0.2858,19.7179
ISIC_0000520.png,0.3486,0.4345,0.2844,24.0666
ISIC_0000522.png,0.2966,0.3665,0.3773,45.676
ISIC_0000523.png,0.2217,0.2438,0.6922,17.9012
ISIC_0000526.png,0.6596,0.4762,0.3054,14.4307
ISIC_0000531.png,0.7861,0.7787,0.1897,19.5598
ISIC_0000533.png,0.3287,0.3498,0.5059,42.9569
ISIC_0000535.png,0.0859,0.0823,0.778,40.9885
ISIC_0000538.png,0.1873,0.1928,0.6792,29.1278
ISIC_0000539.png,0.0692,0.0918,0.5537,52.0426
ISIC_0000541.png,0.1868,0.1108,0.6643,48.149
ISIC_0000546.png,0.1994,0.1681,0.5318,40.6443
ISIC_0000547.png,0.443,0.2901,0.3996,16.3095
ISIC_0000549.png,0.5492,0.429,0.248,28.4509
ISIC_0000550.png,0.1141,0.1276,0.4389,40.4078
ISIC_0000551.png,1.0635,0.8672,0.099,14.5494
ISIC_0000552.png,0.1842,0.1548,0.6825,68.8166
ISIC_0000553.png,0.6677,0.6183,0.2484,27.458
ISIC_0000554.png,0.2582,0.2097,0.474,48.5086
ISIC_0000555.png,0.1596,0.2077,0.554,40.2824
ISIC_0000558.png,1.3828,1.9177,0.0411,2.5572
ISIC_0000569.png,0.1592,0.1383,0.7654,13.0091
ISIC_0000572.png,0.1316,0.0813,0.7947,13.0438
ISIC_0000585.png,0.1283,0.1776,0.7617,15.9288
ISIC_0000660.png,0.1578,0.1525,0.7429,17.3822
ISIC_0000700.png,0.1072,0.0964,0.7458,32.1809
ISIC_0000725.png,0.4464,0.2665,0.6447,12.3206
ISIC_0000754.png,0.1343,0.2297,0.8381,11.3718
ISIC_0000763.png,0.1048,0.1779,0.7133,12.7379
ISIC_0000801.png,0.117,0.1831,0.7901,16.4339
ISIC_0000814.png,0.154,0.1436,0.8277,17.9383
ISIC_0000848.png,0.4087,0.3394,0.3532,11.5967
ISIC_0000860.png,0.0838,0.1428,0.7077,41.2273
ISIC_0000866.png,0.2878,0.3315,0.6193,18.5365
ISIC_0000957.png,0.0878,0.204,0.8212,13.1956
ISIC_0001057.png,0.1559,0.1245,0.8554,37.0197
ISIC_0001100.png,0.5148,0.7909,0.3962,15.5201
ISIC_0001101.png,0.6134,0.3452,0.4738,26.2463
ISIC_0001102.png,0.5448,0.5701,0.1989,32.6715
ISIC_0001103.png,0.2703,0.2914,0.4713,40.547
ISIC_0001104.png,0.14,0.175,0.5715,48.2644
ISIC_0001105.png,0.0852,0.0763,0.7819,30.286
ISIC_0001108.png,0.8776,0.7441,0.2215,11.2696
ISIC_0001110.png,0.5081,0.4536,0.311,24.9749
ISIC_0001111.png,0.3806,0.2672,0.3301,2.3289
ISIC_0001112.png,0.7699,1.6111,0.051,8.7931
ISIC_0001118.png,0.7442,0.7446,0.2544,13.9993
ISIC_0001119.png,0.1675,0.164,0.7156,23.8456
ISIC_0001120.png,1.3201,1.0199,0.1177,2.2584
ISIC_0001121.png,0.4555,0.5622,0.3479,14.5075
ISIC_0001126.png,0.366,0.3263,0.4175,32.1531
ISIC_0001128.png,0.9328,0.3336,0.3308,12.0408
ISIC_0001129.png,0.1018,0.0983,0.8096,20.7484
ISIC_0001134.png,0.9242,0.6714,0.2111,21.7545
ISIC_0001135.png,0.2056,0.1043,0.6228,48.3446
ISIC_0001137.png,0.3952,0.3098,0.3996,25.3882
ISIC_0001138.png,1.3395,0.5149,0.0973,2.5397
ISIC_0001139.png,0.0567,0.0618,0.777,53.7236
ISIC_0001140.png,0.107,0.0806,0.7616,52.9743
ISIC_0001141.png,0.5285,0.3735,0.2528,31.7738
ISIC_0001142.png,1.2294,0.3296,0.111,2.615
ISIC_0001148.png,0.2972,0.4954,0.3925,13.6905
ISIC_0001149.png,1.4388,1.6793,0.1614,2.187
ISIC_0001151.png,0.4665,0.5404,0.3889,18.5368
ISIC_0001152.png,0.6259,0.9608,0.2042,13.941
ISIC_0001157.png,1.5684,1.4332,0.0159,2.9648
ISIC_0001480.png,0.2018,0.1426,0.7212,16.3734
ISIC_0001505.png,0.1719,0.1542,0.7584,17.0808
ISIC_0001572.png,0.1937,0.2527,0.5993,14.2806
ISIC_0001578.png,1.6784,1.4271,0.2051,2.3348
ISIC_0001581.png,0.5162,0.4815,0.3357,23.7083
ISIC_0001596.png,1.6964,1.8174,0.0424,2.3522
ISIC_0001602.png,1.8867,1.8919,0.1081,2.3695
ISIC_0001681.png,0.2486,0.3327,0.5445,9.2983
ISIC_0001743.png,0.1422,0.1734,0.7678,11.9715
ISIC_0001745.png,0.1006,0.0989,0.7707,11.7262
ISIC_0001792.png,0.1503,0.1516,0.7253,13.1557
ISIC_0001831.png,0.1664,0.16,0.6594,15.8676
ISIC_0001832.png,0.17,0.2765,0.699,16.5125
ISIC_0001875.png,0.5118,0.5426,0.3875,25.7788
ISIC_0001923.png,0.1767,0.1847,0.7974,9.5323
ISIC_0002026.png,0.1873,0.1961,0.7354,14.4006
ISIC_0002041.png,0.1333,0.0967,0.7796,16.0308
ISIC_0002057.png,0.2809,0.2153,0.7362,11.8919
ISIC_0002118.png,0.282,0.5442,0.574,20.7784
ISIC_0002119.png,0.1896,0.1604,0.7305,9.9442
ISIC_0002162.png,0.1965,0.2408,0.6916,10.2514
ISIC_0002184.png,0.2222,0.1934,0.4843,12.8587
ISIC_0002213.png,1.7311,1.8155,0.0139,3.6221
ISIC_0002258.png,1.9142,1.9142,0.0707,2.2948
ISIC_0002288.png,0.1495,0.1095,0.6821,16.2666
ISIC_0002295.png,0.1846,0.1768,0.6941,20.2973
ISIC_0002347.png,0.1161,0.1485,0.729,17.5384
ISIC_0002349.png,0.066,0.0557,0.8262,20.5683
ISIC_0002435.png,0.0884,0.0803,0.8095,23.0639
ISIC_0002549.png,0.1563,0.236,0.5843,40.8572
ISIC_0002566.png,0.2422,0.3438,0.7151,24.1438
ISIC_0002578.png,0.1805,0.3726,0.6016,11.2396
ISIC_0002613.png,0.1502,0.1451,0.7324,17.685
ISIC_0002622.png,0.2343,0.2758,0.6019,49.0209
ISIC_0002639.png,1.858,1.863,0.0273,2.4309
ISIC_0002675.png,0.1688,0.1206,0.6931,14.9047
ISIC_0002693.png,0.2073,0.1904,0.6784,9.9025
ISIC_0002745.png,0.2802,0.1322,0.707,19.8112
ISIC_0002774.png,0.304,0.1961,0.6937,23.7574
ISIC_0002811.png,0.216,0.202,0.6255,17.11
ISIC_0002821.png,1.8853,1.7933,0.0224,2.5306
ISIC_0002853.png,0.3986,0.5533,0.2826,12.2489
ISIC_0002862.png,0.1683,0.077,0.6264,20.2434
ISIC_0002878.png,0.2499,0.2904,0.7549,13.3458
ISIC_0002899.png,0.1897,0.1782,0.7881,11.2236
ISIC_0002900.png,0.1926,0.1969,0.6266,23.1836
ISIC_0002901.png,0.1097,0.1437,0.7138,15.5089
ISIC_0002939.png,0.1134,0.1646,0.7407,16.54
ISIC_0002953.png,0.1833,0.2134,0.6698,26.2875
ISIC_0003046.png,0.3401,0.1732,0.7011,13.0725
ISIC_0003052.png,0.1512,0.3483,0.5789,20.8185
ISIC_0003068.png,0.2279,0.1247,0.7351,23.7726
ISIC_0003111.png,0.1262,0.1527,0.7742,20.7167
ISIC_0003113.png,0.1101,0.1168,0.6953,20.5216
ISIC_0003117.png,0.2852,0.2474,0.6811,10.7456
ISIC_0003122.png,0.1205,0.0841,0.7084,15.8956
ISIC_0003132.png,0.1641,0.1499,0.6155,15.9256
ISIC_0003150.png,0.1607,0.1207,0.7981,19.2997
ISIC_0003159.png,0.1376,0.1369,0.7094,18.0273
ISIC_0003168.png,1.9319,1.9476,0.0379,2.4137
ISIC_0003201.png,0.2713,0.2057,0.5107,13.4167
ISIC_0003217.png,0.0985,0.134,0.8457,13.5493
ISIC_0003281.png,0.3093,0.1501,0.64,16.1652
ISIC_0003324.png,0.1416,0.3055,0.803,12.0334
ISIC_0003333.png,0.1158,0.1692,0.7477,10.7601
ISIC_0003345.png,1.816,1.7417,0.0287,3.2121
ISIC_0003438.png,0.1975,0.2322,0.5638,15.6829
ISIC_0003539.png,0.1774,0.1271,0.6759,18.8587
ISIC_0003550.png,0.269,0.2354,0.4973,11.4727
ISIC_0003593.png,0.8322,0.4832,0.2762,2.3372
ISIC_0003664.png,0.1034,0.0876,0.7941,16.3006
ISIC_0003703.png,0.1594,0.3718,0.6911,13.5619
ISIC_0003767.png,0.4376,0.2623,0.5829,18.4894
ISIC_0003793.png,0.2159,0.2731,0.6841,13.708
ISIC_0003822.png,0.2255,0.2507,0.8008,25.7777
ISIC_0003851.png,0.4844,0.3997,0.5723,22.8836
ISIC_0003910.png,1.3087,1.598,0.0218,2.5588
ISIC_0003925.png,0.157,0.1904,0.6883,19.2951
ISIC_0004000.png,0.1894,0.1295,0.7482,19.7449
ISIC_0004015.png,1.3991,1.5113,0.0119,5.7002
ISIC_0004042.png,0.2702,0.1948,0.7158,10.2153
ISIC_0004075.png,0.535,0.535,0.3357,2.3402
ISIC_0004089.png,0.1852,0.1766,0.6843,18.5735
ISIC_0004099.png,0.3053,0.2268,0.6357,34.7913
ISIC_0004140.png,0.1152,0.2218,0.7731,15.3479
ISIC_0004217.png,0.0395,0.1232,0.7404,24.5067
ISIC_0004334.png,1.1674,0.2833,0.1742,2.3218
ISIC_0004352.png,0.1993,0.1793,0.6826,27.9678
ISIC_0004455.png,0.1036,0.1489,0.8169,10.2259
ISIC_0004482.png,0.1013,0.1328,0.725,10.9297
ISIC_0004486.png,0.2284,0.2028,0.6374,13.271
ISIC_0004509.png,0.2327,0.1809,0.6953,12.8536
ISIC_0004558.png,0.245,0.229,0.7314,11.8325
ISIC_0004564.png,0.1874,0.2839,0.6613,14.0022
ISIC_0004667.png,0.1025,0.1728,0.6997,21.8613
ISIC_0004679.png,1.071,1.3087,0.0262,4.8252
ISIC_0004686.png,0.0694,0.1158,0.828,20.9634
ISIC_0004691.png,1.7291,1.6015,0.0062,3.5977
ISIC_0004728.png,0.0995,0.0989,0.8098,30.0232
ISIC_0004789.png,0.4551,0.3282,0.4439,27.9882
ISIC_0004794.png,1.7304,1.8109,0.0459,2.7682
ISIC_0004848.png,1.9367,1.9799,0.0235,2.6141
ISIC_0004857.png,0.1099,0.1784,0.8249,13.3472
ISIC_0004907.png,0.1607,0.1143,0.6918,20.552
ISIC_0004932.png,0.128,0.2177,0.8033,33.3364
ISIC_0004955.png,1.126,1.7642,0.0356,3.7633
ISIC_0004961.png,0.1,0.1339,0.7075,14.8284
ISIC_0004986.png,0.3918,0.1856,0.5947,1.9274
ISIC_0004996.png,0.1565,0.2082,0.695,13.4937
ISIC_0005006.png,0.106,0.2039,0.7618,15.8167
ISIC_0005028.png,0.1805,0.1634,0.7662,16.7058
ISIC_0005062.png,0.0636,0.1684,0.8766,10.9491
ISIC_0005139.png,0.2091,0.4882,0.4391,13.7675
ISIC_0005239.png,0.2331,0.2666,0.7194,13.8707
ISIC_0005248.png,0.0932,0.1042,0.6277,39.6652
ISIC_0005261.png,0.1382,0.1269,0.7159,21.3137
ISIC_0005264.png,1.4383,1.623,0.0251,2.915
ISIC_0005291.png,0.3357,0.111,0.7262,20.0384
ISIC_0005304.png,0.2216,0.1829,0.7073,12.5463
ISIC_0005319.png,0.1269,0.1578,0.7294,15.7851
ISIC_0005360.png,0.1254,0.1523,0.7951,16.5848
ISIC_0005377.png,0.1618,0.0824,0.8221,9.0432
ISIC_0005494.png,0.111,0.0825,0.7391,12.6308
ISIC_0005572.png,0.1575,0.1464,0.8105,12.5139
ISIC_0005639.png,0.1576,0.1491,0.641,21.1442
ISIC_0005655.png,0.1538,0.141,0.7537,14.1855
ISIC_0005681.png,0.2117,0.184,0.7223,13.9069
ISIC_0005686.png,0.243,0.3462,0.6233,15.2772
ISIC_0005762.png,0.2732,0.1878,0.711,17.315
ISIC_0005769.png,0.1285,0.1146,0.744,16.7871
ISIC_0005854.png,1.5724,0.5034,0.1304,2.2307
ISIC_0005879.png,0.208,0.4579,0.6651,24.9098
ISIC_0006108.png,0.1775,0.1555,0.8035,12.5342
ISIC_0006116.png,0.1129,0.3635,0.7796,11.9826
ISIC_0006118.png,0.1525,0.1368,0.809,15.4637
ISIC_0006158.png,0.0665,0.2883,0.624,9.684
ISIC_0006181.png,1.0803,1.5609,0.0151,5.1991
ISIC_0006302.png,1.6426,1.4451,0.0372,2.4273
ISIC_0006321.png,0.1559,0.1441,0.6225,27.8691
ISIC_0006327.png,1.4,1.4229,0.1261,2.4345
ISIC_0006328.png,0.1726,0.1074,0.6251,26.028
ISIC_0006331.png,0.2904,0.2416,0.4728,13.5902
ISIC_0006332.png,0.1248,0.1127,0.6894,21.4787
ISIC_0006517.png,0.1163,0.0792,0.7566,27.2122
ISIC_0006624.png,0.1133,0.1619,0.6954,11.8444
ISIC_0006672.png,0.0653,0.0741,0.8101,31.4182
ISIC_0006717.png,0.7329,0.2411,0.3235,16.2889
ISIC_0006727.png,0.2458,0.1708,0.7542,12.9239
ISIC_0006730.png,0.257,0.2653,0.7185,35.4046
ISIC_0006744.png,0.1347,0.1215,0.7308,10.887
ISIC_0006750.png,1.77,1.7846,0.0142,2.45
ISIC_0006754.png,1.5824,1.6325,0.0342,2.3801
ISIC_0006757.png,0.2925,0.3865,0.3659,13.5924
ISIC_0006772.png,0.6965,0.8493,0.3736,25.3667
ISIC_0006821.png,1.6142,1.7083,0.0146,2.774
ISIC_0006829.png,0.1577,0.1705,0.7354,13.966
ISIC_0006850.png,0.0525,0.0784,0.8467,36.2752
ISIC_0006983.png,0.1957,0.1979,0.7249,13.978
ISIC_0007029.png,0.2166,0.2166,0.4672,2.2195
ISIC_0007084.png,0.2383,0.2498,0.4938,13.6277
ISIC_0007148.png,0.1608,0.1863,0.6877,12.5288
ISIC_0007257.png,1.7384,1.4401,0.0484,4.8493
ISIC_0007351.png,0.0383,0.0513,0.9035,37.409
ISIC_0007416.png,1.8452,1.6471,0.12,2.259
ISIC_0007501.png,0.255,0.3438,0.5503,18.6109
ISIC_0007619.png,1.7192,1.5432,0.0188,2.7575
ISIC_0007622.png,0.6739,0.2609,0.3945,2.188
ISIC_0007678.png,0.1584,0.2919,0.6703,14.5201
ISIC_0007740.png,0.3651,0.3514,0.5002,13.3831
ISIC_0007749.png,0.2546,0.1695,0.7661,13.5294
ISIC_0007760.png,0.1544,0.11,0.6888,24.6102
ISIC_0007808.png,0.1256,0.1463,0.7132,20.7233
ISIC_0007884.png,1.7041,1.7194,0.108,2.3806
ISIC_0008055.png,0.0999,0.4023,0.7568,11.0162
ISIC_0008114.png,0.231,0.2545,0.4715,49.9655
ISIC_0008162.png,0.0725,0.1086,0.734,26.4736
ISIC_0008251.png,0.2883,0.5893,0.342,17.0437
ISIC_0008393.png,0.3374,0.3029,0.5317,22.6775
ISIC_0008423.png,0.3249,0.1742,0.5364,27.1478
ISIC_0008424.png,0.0704,0.1104,0.8389,35.4101
ISIC_0008431.png,0.0744,0.1464,0.7197,25.9458
ISIC_0008447.png,0.5375,0.3363,0.5758,18.0044
ISIC_0008510.png,0.2091,0.1656,0.6913,18.049
ISIC_0008619.png,0.2022,0.2058,0.727,13.7534
ISIC_0008621.png,0.1149,0.2436,0.6621,17.6527
ISIC_0008630.png,0.1949,0.1959,0.7348,14.642
ISIC_0008636.png,0.1255,0.1146,0.791,12.5293
ISIC_0008724.png,0.0804,0.0832,0.8298,19.4377
ISIC_0008768.png,0.4402,0.3847,0.4542,12.0731
ISIC_0008774.png,0.1748,0.1792,0.6005,19.3741
ISIC_0008816.png,0.199,0.2578,0.6639,14.2235
ISIC_0008864.png,0.6528,0.3279,0.5576,29.1685
ISIC_0008881.png,0.1397,0.1679,0.7135,12.1409
ISIC_0008934.png,0.2655,0.3972,0.7333,18.8525
ISIC_0008945.png,0.1957,0.1771,0.7402,16.0971
ISIC_0008952.png,0.1355,0.0923,0.674,21.745
ISIC_0009006.png,0.3604,0.4655,0.6281,23.4254
ISIC_0009048.png,0.441,0.4326,0.6977,16.8729
ISIC_0009100.png,0.1867,0.1697,0.7347,12.6441
ISIC_0009186.png,0.1482,0.1308,0.7019,14.9651
ISIC_0009187.png,0.1224,0.1831,0.6286,16.2247
ISIC_0009230.png,0.1115,0.1175,0.5226,14.7261
ISIC_0009236.png,1.9381,1.8552,0.0321,2.5916
ISIC_0009289.png,0.1919,0.1863,0.7897,13.1827
ISIC_0009298.png,0.2602,0.2544,0.7232,22.6044
ISIC_0009441.png,0.2779,0.2332,0.6228,16.0795
ISIC_0009488.png,0.1986,0.131,0.6646,28.129
ISIC_0009510.png,0.1088,0.0588,0.7527,17.0245
ISIC_0009622.png,0.1258,0.3732,0.778,19.7411
ISIC_0009642.png,0.2199,0.2107,0.6885,15.225
ISIC_0009666.png,0.1098,0.1517,0.8357,17.0489
ISIC_0009713.png,0.1756,0.1493,0.5974,20.9233
ISIC_0009721.png,0.3035,0.3396,0.7094,12.5347
ISIC_0009735.png,0.1152,0.0535,0.7361,25.921
ISIC_0009738.png,0.2238,0.3397,0.6549,10.5837
ISIC_0009791.png,1.509,1.7262,0.042,4.6432
ISIC_0009868.png,0.3981,0.3112,0.5774,28.5877
ISIC_0009871.png,0.1827,0.1706,0.669,53.5964
ISIC_0009879.png,0.1157,0.2908,0.4783,44.666
ISIC_0009880.png,0.1559,0.1242,0.7002,41.9533
ISIC_0009882.png,1.7912,1.1087,0.0864,5.1593
ISIC_0009883.png,0.1191,0.1295,0.7686,44.4588
ISIC_0009886.png,0.4081,0.4223,0.241,20.4465
ISIC_0009893.png,0.2431,0.2595,0.5663,31.3743
ISIC_0009894.png,0.3897,0.4102,0.4712,33.1526
ISIC_0009903.png,0.218,0.2338,0.5607,34.5015
ISIC_0009905.png,0.7569,0.5285,0.2148,18.0017
ISIC_0009908.png,0.5607,0.2762,0.2005,2.5762
ISIC_0009911.png,0.0804,0.129,0.7293,34.8275
ISIC_0009913.png,1.7363,1.8126,0.0181,3.0215
ISIC_0009916.png,0.6722,0.5039,0.1443,16.741
ISIC_0009918.png,0.295,0.2825,0.5597,51.6098
ISIC_0009924.png,0.6265,0.3373,0.144,2.5602
ISIC_0009927.png,0.5733,0.6023,0.3522,21.1226
ISIC_0009931.png,0.4005,0.3714,0.2994,29.538
ISIC_0009939.png,0.2723,0.1342,0.6913,50.8722
ISIC_0009940.png,0.3935,0.192,0.5616,71.7417
ISIC_0009941.png,0.1698,0.1259,0.6642,31.6435
ISIC_0009947.png,0.3112,0.2651,0.5246,32.006
ISIC_0009950.png,0.1479,0.1969,0.3953,24.3555
ISIC_0009955.png,0.2488,0.2594,0.2131,39.3503
ISIC_0009958.png,0.2811,0.2903,0.528,35.4688
ISIC_0009959.png,0.1864,0.1683,0.7669,25.4719
ISIC_0009960.png,0.2936,0.3101,0.7086,13.0744
ISIC_0009971.png,0.182,0.1769,0.3264,36.3712
ISIC_0009975.png,0.2765,0.2747,0.6165,27.5316
ISIC_0009984.png,0.1921,0.261,0.5235,25.8979
ISIC_0009985.png,0.2021,0.1731,0.4539,47.0938
ISIC_0009989.png,0.3714,0.1655,0.2182,2.5773
ISIC_0009991.png,0.2776,0.1854,0.7221,56.4945
ISIC_0009992.png,0.1829,0.5966,0.5855,15.4279
ISIC_0009993.png,0.2804,0.3717,0.4878,35.9025
ISIC_0009998.png,0.1722,0.1481,0.7241,38.4091
ISIC_0010007.png,0.9445,0.9451,0.0414,10.4743
ISIC_0010011.png,0.176,0.1737,0.6845,46.8448
ISIC_0010014.png,0.219,0.2273,0.7286,31.5101
ISIC_0010017.png,0.1695,0.1844,0.6155,51.3943
ISIC_0010023.png,0.1588,0.1582,0.6772,53.8466
ISIC_0010024.png,0.253,0.1713,0.6437,19.8055
ISIC_0010034.png,0.1262,0.1825,0.746,64.3381
ISIC_0010036.png,0.302,0.3361,0.4453,54.7917
ISIC_0010040.png,0.2585,0.5231,0.5196,16.9793
ISIC_0010044.png,0.3125,0.1986,0.4991,24.4234
ISIC_0010046.png,0.1769,0.311,0.5399,26.3874
ISIC_0010049.png,0.3884,0.3148,0.2819,35.7402
ISIC_0010050.png,0.4443,0.4936,0.353,24.3068
ISIC_0010061.png,1.0027,1.2264,0.0086,5.5957
ISIC_0010067.png,0.3619,0.3255,0.4186,21.9114
ISIC_0010068.png,0.8866,0.7967,0.0545,5.3582
ISIC_0010081.png,0.3645,0.4678,0.4096,22.1818
ISIC_0010089.png,0.1369,0.0817,0.7959,25.2141
ISIC_0010094.png,0.0794,0.1174,0.7614,50.9947
ISIC_0010098.png,0.3415,0.1626,0.6546,4.8577
ISIC_0010103.png,0.4045,0.2731,0.4723,36.006
ISIC_0010108.png,0.6023,0.5644,0.4212,21.5583
ISIC_0010124.png,0.2669,0.1394,0.7095,23.4658
ISIC_0010131.png,0.5698,0.7241,0.3187,13.4456
ISIC_0010140.png,0.3283,0.2023,0.4699,43.0418
ISIC_0010142.png,0.2734,0.2273,0.5916,39.2105
ISIC_0010143.png,0.5895,0.5615,0.1475,14.1702
ISIC_0010145.png,0.1156,0.0765,0.7815,54.055
ISIC_0010156.png,0.1687,0.2154,0.6237,34.2132
ISIC_0010162.png,0.3452,0.5435,0.4485,20.4389
ISIC_0010164.png,1.872,1.7975,0.0109,3.4881
ISIC_0010171.png,0.1711,0.2028,0.4745,41.8706
ISIC_0010174.png,0.7569,0.7708,0.3608,15.7641
ISIC_0010175.png,0.8965,0.6065,0.1643,18.4545
ISIC_0010194.png,0.3563,0.1648,0.6425,17.5905
ISIC_0010198.png,0.1098,0.1288,0.6395,48.6671
ISIC_0010207.png,0.288,0.2233,0.6486,22.731
ISIC_0010208.png,0.5933,0.2324,0.1576,2.6568
ISIC_0010209.png,0.3134,0.5712,0.5882,7.4274
ISIC_0010213.png,0.442,0.3944,0.3514,15.3369
ISIC_0010225.png,0.11,0.2232,0.6732,37.2406
ISIC_0010227.png,0.1372,0.1595,0.628,25.4838
ISIC_0010231.png,0.5121,0.4229,0.2471,38.0232
ISIC_0010235.png,0.3823,0.2681,0.4478,19.5405
ISIC_0010240.png,0.3829,0.4406,0.136,20.642
ISIC_0010241.png,0.1362,0.1237,0.6365,44.182
ISIC_0010242.png,0.3015,0.2192,0.3962,39.4977
ISIC_0010251.png,0.499,0.2174,0.4681,44.01
ISIC_0010255.png,0.1103,0.1725,0.823,19.6614
ISIC_0010262.png,0.3143,0.3738,0.5295,24.5312
ISIC_0010265.png,0.4822,0.5481,0.2564,34.385
ISIC_0010266.png,0.4651,0.3535,0.2109,2.4783
ISIC_0010267.png,1.4086,1.7785,0.0126,3.6295
ISIC_0010271.png,0.4518,0.4729,0.4533,15.2481
ISIC_0010278.png,0.5162,0.6348,0.1371,18.6363
ISIC_0010280.png,0.1274,0.1482,0.4413,55.9726
ISIC_0010283.png,0.1699,0.2091,0.6756,37.9713
ISIC_0010289.png,0.309,0.1888,0.215,2.6257
ISIC_0010295.png,0.2755,0.2188,0.3149,35.4077
ISIC_0010299.png,0.1528,0.1651,0.6944,54.7162
ISIC_0010304.png,0.2883,0.1884,0.5926,49.0105
ISIC_0010306.png,0.1838,0.0656,0.6987,43.3215
ISIC_0010308.png,0.9366,1.1156,0.0464,9.1954
ISIC_0010313.png,0.0777,0.0623,0.805,43.8212
ISIC_0010316.png,0.2586,0.3045,0.7213,25.4881
ISIC_0010317.png,0.2778,0.6797,0.5182,6.8803
ISIC_0010319.png,0.2002,0.23,0.3134,40.7896
ISIC_0010321.png,0.5291,0.744,0.1763,24.9811
ISIC_0010322.png,1.7291,1.8647,0.0259,4.7913
ISIC_0010346.png,0.1998,0.1794,0.643,45.3128
ISIC_0010347.png,0.2434,0.2102,0.658,33.8532
ISIC_0010349.png,0.9906,0.5571,0.201,12.4253
ISIC_0010350.png,0.1046,0.1187,0.7338,56.7703
ISIC_0010358.png,0.2234,0.1824,0.5073,18.1669
ISIC_0010360.png,0.159,0.2081,0.6437,46.9547
ISIC_0010364.png,0.1001,0.1054,0.6939,47.583
ISIC_0010372.png,0.6384,0.6264,0.2705,13.4287
ISIC_0010376.png,0.4029,0.246,0.1725,2.579
ISIC_0010379.png,0.6667,0.3472,0.1483,2.5624
ISIC_0010380.png,0.412,0.1488,0.5475,32.7629
ISIC_0010382.png,0.217,0.3699,0.5517,17.2297
ISIC_0010385.png,0.609,0.5043,0.1317,18.731
ISIC_0010393.png,0.3246,0.2978,0.5423,43.1611
ISIC_0010397.png,0.1899,0.1623,0.6588,46.3132
ISIC_0010398.png,0.2224,0.18,0.5183,58.0759
ISIC_0010400.png,0.3769,0.2333,0.3423,24.1176
ISIC_0010401.png,1.8108,1.5134,0.0812,8.8642
ISIC_0010409.png,0.3129,0.4517,0.5057,41.8097
ISIC_0010411.png,0.5972,0.3445,0.3325,17.0572
ISIC_0010414.png,1.2785,0.3395,0.1354,2.6568
ISIC_0010415.png,0.4976,0.1683,0.5727,10.9214
ISIC_0010416.png,0.5819,0.4335,0.222,22.9881
ISIC_0010421.png,0.1622,0.1546,0.6604,56.3071
ISIC_0010426.png,0.6351,0.6583,0.1977,14.4218
ISIC_0010432.png,0.1563,0.2264,0.5071,46.6475
ISIC_0010433.png,0.5659,0.4267,0.1948,13.6775
ISIC_0010440.png,1.5048,1.4054,0.0397,2.4805
ISIC_0010441.png,0.3715,0.2155,0.2594,15.4214
ISIC_0010442.png,0.0966,0.1131,0.7629,62.123
ISIC_0010466.png,0.2513,0.2075,0.5631,26.9192
ISIC_0010468.png,0.1383,0.2603,0.6027,14.684
ISIC_0010476.png,0.1851,0.1602,0.5481,31.3644
ISIC_0010478.png,1.6462,1.8671,0.0077,2.9927
ISIC_0010486.png,0.4718,0.3872,0.339,15.1052
ISIC_0010500.png,0.4728,0.5118,0.2845,30.9739
ISIC_0010503.png,0.8795,0.5428,0.2187,13.1769
ISIC_0010510.png,0.2927,0.281,0.5268,37.2759
ISIC_0010514.png,0.8687,0.9274,0.3427,14.5899
ISIC_0010521.png,0.2722,0.2198,0.367,30.8094
ISIC_0010523.png,0.1943,0.2103,0.6103,51.1596
ISIC_0010527.png,0.4978,1.05,0.2324,18.2466
ISIC_0010532.png,0.2424,0.2121,0.244,2.5734
ISIC_0010533.png,0.2152,0.185,0.5793,31.1501
ISIC_0010540.png,0.1522,0.3417,0.5886,52.3777
ISIC_0010543.png,0.1606,0.1934,0.6057,47.0467
ISIC_0010546.png,1.0484,0.9516,0.1891,2.5392
ISIC_0010550.png,0.6224,0.487,0.2106,19.6174
ISIC_0010551.png,0.6498,0.6063,0.0431,18.5515
ISIC_0010555.png,0.2028,0.2028,0.8574,7.1416
ISIC_0010580.png,0.8992,1.3665,0.0292,7.8626
ISIC_0010581.png,0.3021,0.2774,0.5245,40.434
ISIC_0010587.png,0.0608,0.0766,0.7361,41.7383
ISIC_0010591.png,0.203,0.3439,0.4301,36.0184
ISIC_0010592.png,0.2365,0.1312,0.7987,13.0516
ISIC_0010596.png,1.5839,1.7363,0.0129,2.5342
ISIC_0010597.png,0.6153,0.5122,0.2868,25.655
ISIC_0010609.png,0.25,0.1453,0.6375,35.7862
ISIC_0010611.png,0.6221,0.6184,0.1787,12.7024
ISIC_0010614.png,0.1745,0.1455,0.6884,61.0886
ISIC_0010618.png,0.1787,0.1297,0.7358,31.901
ISIC_0010629.png,0.3832,0.6845,0.3205,19.4105
ISIC_0010630.png,0.3877,0.5443,0.3548,19.8549
ISIC_0010631.png,0.7598,0.5397,0.1802,14.33
ISIC_0010636.png,0.1675,0.2201,0.6175,47.0055
ISIC_0010644.png,0.369,0.7011,0.292,6.8661
ISIC_0010648.png,0.4872,0.5955,0.2862,19.4908
ISIC_0010649.png,1.6639,1.3643,0.0108,2.6481
ISIC_0010651.png,0.3191,0.2885,0.2378,27.3572
ISIC_0010653.png,0.6012,0.4564,0.4389,9.2423
ISIC_0010655.png,0.1922,0.083,0.5832,35.3968
ISIC_0010658.png,0.1697,0.2209,0.4711,23.7955
ISIC_0010663.png,0.4877,0.4803,0.2181,22.8312
ISIC_0010664.png,0.3233,0.3651,0.4488,15.3542
ISIC_0010671.png,0.1398,0.1852,0.5607,45.1716
ISIC_0010684.png,0.305,0.3249,0.4151,17.4365
ISIC_0010690.png,0.5482,0.7953,0.1517,14.3346
ISIC_0010705.png,0.299,0.1564,0.5711,45.2718
ISIC_0010707.png,0.3898,0.3446,0.2846,30.8813
ISIC_0010714.png,0.3065,0.32,0.6452,29.0279
ISIC_0010718.png,0.1869,0.1755,0.5883,41.3489
ISIC_0010719.png,0.3447,0.2123,0.4679,25.8886
ISIC_0010723.png,1.5596,1.2,0.1766,2.2694
ISIC_0010724.png,0.5003,0.5348,0.1485,16.2029
ISIC_0010729.png,0.4991,0.4527,0.1804,21.2602
ISIC_0010730.png,0.405,0.298,0.6661,12.14
ISIC_0010734.png,0.3578,0.3509,0.5556,6.9799
ISIC_0010742.png,0.3018,0.2412,0.5769,12.6851
ISIC_0010746.png,0.3137,0.3379,0.4162,36.4448
ISIC_0010749.png,0.4375,0.474,0.3126,31.8101
ISIC_0010750.png,0.4479,0.6505,0.2835,33.0078
ISIC_0010752.png,0.0977,0.1956,0.6234,58.0266
ISIC_0010754.png,0.5779,0.4495,0.3279,23.6901
ISIC_0010757.png,0.3478,0.3276,0.5614,35.1408
ISIC_0010759.png,0.1445,0.1036,0.6558,51.4165
ISIC_0010760.png,0.3455,0.2179,0.5602,13.3568
ISIC_0010761.png,0.9569,0.826,0.2819,8.4567
ISIC_0010765.png,0.3007,0.3427,0.397,38.4795
ISIC_0010767.png,0.1743,0.2237,0.5923,44.6211
ISIC_0010768.png,0.5749,0.5828,0.1339,29.2056
ISIC_0010770.png,0.4639,0.1977,0.1902,2.6158
ISIC_0010772.png,0.2345,0.3605,0.3732,23.9554
ISIC_0010773.png,0.2557,0.4809,0.5659,39.5519
ISIC_0010775.png,0.1742,0.2488,0.5667,63.2511
ISIC_0010777.png,0.1064,0.1589,0.6695,19.9069
ISIC_0010778.png,1.1843,0.2693,0.1286,2.5906
ISIC_0010782.png,0.2061,0.1557,0.6402,26.984
ISIC_0010783.png,0.5794,0.2193,0.1618,2.5971
ISIC_0010784.png,0.3985,0.3516,0.3279,9.6771
ISIC_0010785.png,0.1956,0.1545,0.5102,33.8493
ISIC_0010788.png,0.1461,0.2502,0.6443,23.796
ISIC_0010789.png,0.2876,0.2254,0.5819,21.8025
ISIC_0010791.png,0.1835,0.1972,0.7514,10.0245
ISIC_0010792.png,0.6494,0.5686,0.1642,18.9389
ISIC_0010797.png,0.4497,0.4848,0.2286,13.9547
ISIC_0010803.png,0.4535,0.2088,0.5241,15.3356
ISIC_0010807.png,0.1448,0.1903,0.5838,30.972
ISIC_0010808.png,0.2677,0.3504,0.3615,35.0632
ISIC_0010809.png,1.5863,1.6995,0.0112,2.938
ISIC_0010810.png,0.1946,0.1519,0.4638,34.8578
ISIC_0010817.png,0.0911,0.0978,0.7088,57.3324
ISIC_0010818.png,0.2577,0.2882,0.5451,33.2211
ISIC_0010822.png,0.1575,0.142,0.7335,34.2491
ISIC_0010825.png,0.1139,0.1476,0.7212,47.9214
ISIC_0010834.png,0.1129,0.0952,0.7503,44.0182
ISIC_0010837.png,0.1412,0.1201,0.7384,42.8487
ISIC_0010838.png,0.2202,0.3049,0.3855,49.7419
ISIC_0010848.png,0.2852,0.1124,0.6732,31.0973
ISIC_0010850.png,0.1987,0.1746,0.7212,30.1803
ISIC_0010852.png,0.2139,0.3347,0.4586,19.1989
ISIC_0010860.png,0.0917,0.1054,0.7792,59.9705
ISIC_0010861.png,0.2365,0.2018,0.6467,17.5107
ISIC_0010862.png,0.4094,0.1563,0.6761,15.2091
ISIC_0010863.png,0.2692,0.1682,0.5562,62.549
ISIC_0010866.png,1.1682,0.7523,0.1267,2.3362
ISIC_0010869.png,0.1443,0.2273,0.6657,43.5023
ISIC_0010873.png,0.7075,0.7427,0.1328,8.5544
ISIC_0010874.png,0.1632,0.1622,0.6967,28.7344
ISIC_0010878.png,0.3488,0.2989,0.316,37.3115
ISIC_0010879.png,0.2142,0.2989,0.5893,22.208
ISIC_0010883.png,0.1387,0.1145,0.6668,35.8084
ISIC_0010886.png,0.1869,0.1644,0.6693,58.1883
ISIC_0010895.png,0.17,0.3305,0.529,19.1759
ISIC_0010900.png,0.3216,0.3106,0.4805,49.7586
ISIC_0010901.png,0.1487,0.1516,0.6604,37.8847
ISIC_0010909.png,0.7453,0.2934,0.405,14.318
ISIC_0010912.png,0.5969,0.9658,0.1272,15.0967
ISIC_0010915.png,0.2353,0.21,0.4607,24.6797
ISIC_0010916.png,0.1678,0.3329,0.5462,34.7266
ISIC_0010923.png,0.3323,0.4008,0.4576,33.6379
ISIC_0010925.png,0.7487,0.7291,0.0773,17.626
ISIC_0010933.png,0.1307,0.1394,0.6738,29.2528
ISIC_0010934.png,0.2833,0.356,0.3349,41.1313
ISIC_0010938.png,0.431,0.4775,0.4729,17.1354
ISIC_0010940.png,0.3606,0.1049,0.6223,17.4279
ISIC_0010942.png,1.7238,1.6282,0.1087,2.3349
ISIC_0010956.png,0.1964,0.31,0.4393,26.7519
ISIC_0010958.png,0.2892,0.2731,0.5455,22.9691
ISIC_0010960.png,0.1703,0.208,0.6894,27.6251
ISIC_0010962.png,0.7593,0.7525,0.7045,5.5022
ISIC_0010965.png,0.2321,0.3109,0.4173,49.519
ISIC_0010967.png,1.2469,1.4399,0.0329,5.0708
ISIC_0010971.png,0.3593,0.2844,0.4771,36.1894
ISIC_0010978.png,0.4618,0.5144,0.329,23.3086
ISIC_0010981.png,0.081,0.1338,0.6345,55.5328
ISIC_0010982.png,0.569,0.6921,0.165,18.9832
ISIC_0010995.png,0.0717,0.0923,0.7229,45.5226
ISIC_0010998.png,0.3406,0.3816,0.4459,20.162
ISIC_0011007.png,0.4342,0.3077,0.22,14.255
ISIC_0011012.png,0.1626,0.3438,0.6679,18.2559
ISIC_0011013.png,1.6417,1.3898,0.0216,4.3956
ISIC_0011030.png,0.273,0.2297,0.7143,17.5409
ISIC_0011031.png,0.3112,0.367,0.5276,54.0895
ISIC_0011032.png,1.0698,0.5497,0.103,2.5883
ISIC_0011035.png,0.3275,0.2002,0.6122,45.3215
ISIC_0011039.png,0.6191,0.3265,0.1753,2.5493
ISIC_0011040.png,0.1774,0.1315,0.7613,31.128
ISIC_0011045.png,0.4587,0.4288,0.3564,44.4966
ISIC_0011051.png,0.1314,0.1511,0.755,31.4128
ISIC_0011057.png,0.3404,0.2771,0.6319,16.1253
ISIC_0011064.png,0.131,0.1364,0.6561,51.8232
ISIC_0011073.png,0.1109,0.1926,0.7106,30.8449
ISIC_0011077.png,0.4795,0.4428,0.231,19.9175
ISIC_0011086.png,0.2012,0.1607,0.5387,21.6484
ISIC_0011091.png,0.1763,0.1835,0.4475,48.4755
ISIC_0011092.png,0.4068,0.1838,0.6657,19.1931
ISIC_0011094.png,1.7455,1.7167,0.0107,2.8003
ISIC_0011095.png,0.1842,0.2504,0.6199,21.3476
ISIC_0011097.png,0.1175,0.1916,0.7398,34.5631
ISIC_0011099.png,0.5271,1.0073,0.3073,5.5639
ISIC_0011114.png,0.5178,0.4602,0.3763,14.9683
ISIC_0011125.png,0.0588,0.0661,0.7681,55.7245
ISIC_0011126.png,0.2586,0.1924,0.5838,23.0503
ISIC_0011127.png,0.2197,0.2573,0.7099,30.3379
ISIC_0011128.png,0.3619,0.314,0.3844,26.1468
ISIC_0011130.png,0.1537,0.1979,0.6103,14.3079
ISIC_0011132.png,0.1961,0.2009,0.5288,31.832
ISIC_0011135.png,0.4041,0.141,0.6295,42.1118
ISIC_0011136.png,0.2955,0.4271,0.4511,27.2697
ISIC_0011137.png,0.159,0.2685,0.5628,44.2032
ISIC_0011139.png,0.4016,0.3366,0.357,36.846
ISIC_0011140.png,0.2913,0.1517,0.6796,32.4077
ISIC_0011150.png,0.1978,0.5469,0.5132,22.9908
ISIC_0011158.png,0.3745,0.2516,0.3853,25.2074
ISIC_0011163.png,0.2282,0.4448,0.6551,27.2824
ISIC_0011164.png,0.3043,0.3433,0.5488,25.781
ISIC_0011169.png,0.1362,0.2209,0.611,29.6236
ISIC_0011176.png,0.1285,0.3154,0.5786,36.5177
ISIC_0011177.png,0.086,0.1101,0.7045,64.226
ISIC_0011185.png,0.219,0.2731,0.4527,20.1031
ISIC_0011193.png,0.4438,0.2137,0.2612,2.5487
ISIC_0011196.png,1.4151,1.7168,0.0245,5.9741
ISIC_0011198.png,0.1519,0.1568,0.5935,51.5463
ISIC_0011209.png,0.4146,0.2323,0.2197,2.5842
ISIC_0011210.png,0.2078,0.1511,0.6689,25.7021
ISIC_0011211.png,0.3555,0.4779,0.1965,21.9555
ISIC_0011215.png,0.6424,0.5724,0.236,28.8915
ISIC_0011219.png,0.1045,0.0832,0.7521,33.1598
ISIC_0011227.png,0.2391,0.272,0.7238,22.5263
ISIC_0011234.png,0.1141,0.1995,0.581,40.5632
ISIC_0011238.png,0.512,0.7182,0.2438,11.207
ISIC_0011247.png,0.392,0.3719,0.2758,36.8104
ISIC_0011256.png,0.0855,0.1,0.7828,13.5112
ISIC_0011260.png,0.8361,0.6976,0.1526,14.4062
ISIC_0011264.png,0.6249,0.4591,0.0668,23.4283
ISIC_0011267.png,0.1664,0.2312,0.5721,15.0457
ISIC_0011268.png,0.1897,0.2103,0.368,44.0126
ISIC_0011269.png,0.4647,0.6375,0.3693,23.2111
ISIC_0011276.png,0.2969,0.3434,0.3416,33.4756
ISIC_0011286.png,1.5461,1.9084,0.0099,3.0852
ISIC_0011288.png,1.2649,1.1731,0.235,11.552
ISIC_0011289.png,0.2562,0.3527,0.3668,20.6165
ISIC_0011295.png,0.7,0.6857,0.2562,29.5833
ISIC_0011305.png,0.2455,0.2515,0.5679,21.5638
ISIC_0011313.png,0.0898,0.111,0.8009,30.6096
ISIC_0011315.png,0.2886,0.5147,0.3879,37.2894
ISIC_0011329.png,1.7227,1.5006,0.0246,2.6258
ISIC_0011333.png,0.1771,0.2808,0.7131,64.4317
ISIC_0011336.png,0.1769,0.1371,0.5894,51.1511
ISIC_0011337.png,1.5196,1.5667,0.007,4.3026
ISIC_0011343.png,0.2829,0.1327,0.6193,28.9679
ISIC_0011344.png,0.2522,0.2375,0.4625,32.2414
ISIC_0011348.png,0.1978,0.2525,0.4677,16.9355
ISIC_0011349.png,0.377,0.308,0.3726,15.3443
ISIC_0011350.png,0.5533,0.42,0.1983,18.2623
ISIC_0011356.png,0.2814,0.3244,0.2454,31.338
ISIC_0011364.png,0.4828,0.5341,0.3555,14.4844
ISIC_0011365.png,0.3271,0.6148,0.5184,15.2241
ISIC_0011366.png,0.578,0.5572,0.0522,13.69
ISIC_0011369.png,0.3321,0.3527,0.4945,11.7959
ISIC_0011370.png,0.2636,0.3211,0.3854,39.2745
ISIC_0011374.png,0.1549,0.1657,0.3542,40.7303
ISIC_0011375.png,0.2218,0.4502,0.5508,9.4132
ISIC_0011378.png,0.1577,0.104,0.6974,49.0365
ISIC_0011380.png,0.1337,0.1157,0.7104,45.7555
ISIC_0011381.png,0.2151,0.2724,0.7473,5.5315
ISIC_0011387.png,0.4415,0.4927,0.4117,21.7287
ISIC_0011388.png,0.2877,0.3137,0.2409,38.2228
ISIC_0011398.png,0.2332,0.2038,0.4961,45.1009
ISIC_0011403.png,0.2175,0.2116,0.5459,33.1615
ISIC_0011404.png,1.6585,1.6444,0.0129,2.8466
ISIC_0011409.png,0.1812,0.2357,0.6515,36.5579
ISIC_0011422.png,0.2723,0.2203,0.4359,19.3868
ISIC_0011428.png,0.383,0.696,0.3962,23.2316
ISIC_0011434.png,0.189,0.1825,0.435,44.3276
ISIC_0011435.png,1.846,1.6826,0.0261,2.6545
ISIC_0011437.png,0.214,0.1755,0.6076,39.3736
ISIC_0011446.png,0.2961,0.3723,0.6166,14.6555
ISIC_0011448.png,0.2185,0.2062,0.6829,27.2904
ISIC_0011458.png,0.3818,0.3234,0.415,14.8256
ISIC_0011459.png,0.4772,0.2992,0.4224,14.0233
ISIC_0011460.png,0.4508,0.3322,0.4995,27.8617
ISIC_0011463.png,0.3495,0.5336,0.329,25.433
ISIC_0011471.png,0.5053,0.9829,0.2704,21.1821
ISIC_0011481.png,0.1318,0.0982,0.7785,33.3787
ISIC_0011482.png,1.6307,1.3684,0.0157,2.4732
ISIC_0011483.png,0.2928,0.1925,0.4161,43.4675
ISIC_0011484.png,0.2293,0.2316,0.4315,45.8421
ISIC_0011488.png,0.5517,0.511,0.328,5.5423
ISIC_0011489.png,0.688,0.7696,0.2847,23.6235
ISIC_0011490.png,0.5441,0.5474,0.279,26.54
ISIC_0011491.png,0.3487,0.2252,0.4871,50.5618
ISIC_0011493.png,0.5615,0.3852,0.3799,31.8157
ISIC_0011495.png,1.6474,0.9001,0.1494,7.9656
ISIC_0011496.png,1.9291,1.3717,0.0515,2.6654
ISIC_0011497.png,1.1087,1.5662,0.0319,4.3201
ISIC_0011498.png,0.1602,0.1312,0.6504,59.9733
ISIC_0011500.png,0.4231,0.3281,0.4498,24.2927
ISIC_0011501.png,0.2103,0.2021,0.587,32.2375
ISIC_0011504.png,0.1486,0.2499,0.6781,32.3939
ISIC_0011505.png,0.6213,0.9187,0.1278,15.3875
ISIC_0011506.png,1.6532,1.8572,0.03,3.3362
ISIC_0011507.png,0.1999,0.1544,0.5734,40.0388
ISIC_0011508.png,0.1914,0.1542,0.5781,40.1418
ISIC_0011509.png,0.2464,0.4585,0.3612,20.1795
ISIC_0011510.png,0.173,0.1103,0.7313,18.8583
ISIC_0011512.png,0.1571,0.2237,0.6867,48.9309
ISIC_0011516.png,1.6653,1.6343,0.0066,2.5811
ISIC_0011517.png,0.1416,0.1471,0.5568,70.8481
ISIC_0011520.png,0.3556,0.3475,0.5787,43.399
ISIC_0011521.png,0.269,0.5078,0.5666,14.2097
ISIC_0011526.png,0.1579,0.2032,0.5917,27.8823
ISIC_0011527.png,1.0489,0.6026,0.1401,10.1818
ISIC_0011528.png,0.0801,0.325,0.6988,30.6799
ISIC_0011529.png,1.1941,0.9233,0.1301,9.7996
ISIC_0011530.png,0.1649,0.3028,0.6797,29.3461
ISIC_0011531.png,0.926,0.4859,0.3375,6.1694
ISIC_0011532.png,0.1515,0.3305,0.6218,28.0087
ISIC_0011534.png,0.4213,0.5942,0.2221,32.0486
ISIC_0011546.png,0.2434,0.1819,0.6574,23.5405
ISIC_0011564.png,0.1355,0.1057,0.7298,39.6617
ISIC_0011587.png,0.2454,0.1143,0.7995,26.859
ISIC_0011607.png,0.1456,0.1558,0.6357,36.0695
ISIC_0011612.png,0.254,0.1631,0.7616,16.3613
ISIC_0011615.png,1.6853,1.7793,0.0365,2.5833
ISIC_0011626.png,0.4991,0.3799,0.2013,11.7646
ISIC_0011627.png,0.2757,0.3195,0.3603,18.1576
ISIC_0011628.png,0.1942,0.17,0.4424,23.6237
ISIC_0011630.png,0.1709,0.1966,0.745,35.5118
ISIC_0011633.png,0.4405,0.4085,0.4066,16.601
ISIC_0011641.png,0.2253,0.2316,0.7492,23.6
ISIC_0011642.png,0.3461,0.6121,0.4024,29.8663
ISIC_0011645.png,0.2722,0.3936,0.5192,14.824
ISIC_0011648.png,0.2929,0.1545,0.7218,14.414
ISIC_0011649.png,0.374,0.2996,0.3473,29.9756
ISIC_0011665.png,1.7271,1.5238,0.0085,3.6708
ISIC_0011668.png,0.6032,1.0938,0.1452,18.9832
ISIC_0011669.png,0.1585,0.1869,0.5453,57.659
ISIC_0011684.png,0.3011,0.3355,0.6088,30.8921
ISIC_0011686.png,0.3859,0.2323,0.5719,22.2716
ISIC_0011691.png,0.1404,0.1668,0.7674,19.512
ISIC_0011692.png,0.7519,0.3414,0.3831,37.1964
ISIC_0011693.png,0.7684,0.3411,0.3663,35.6734
ISIC_0011694.png,0.7654,0.342,0.3753,36.7388
ISIC_0011695.png,0.7735,0.352,0.3567,35.4557
ISIC_0011696.png,0.7758,0.3329,0.3767,36.3883
ISIC_0011697.png,0.7675,0.3314,0.3773,36.7408
ISIC_0011698.png,0.762,0.3424,0.3676,34.7161
ISIC_0011699.png,0.7571,0.3492,0.3743,35.3398
ISIC_0011700.png,0.7721,0.3275,0.3798,36.8708
ISIC_0011701.png,0.7656,0.3343,0.3741,36.6684
ISIC_0011702.png,0.7672,0.3337,0.3767,36.7653
ISIC_0011703.png,0.7689,0.3337,0.3813,36.9706
ISIC_0011704.png,0.7866,0.3677,0.3372,33.7661
ISIC_0011709.png,0.1465,0.1437,0.6612,68.4579
ISIC_0011715.png,0.5003,0.3069,0.53,15.5021
ISIC_0011717.png,0.1437,0.2351,0.5726,38.8232
ISIC_0011721.png,0.0913,0.1404,0.6429,50.9048
ISIC_0011726.png,0.1343,0.1707,0.4674,51.9185
ISIC_0011728.png,0.2201,0.3259,0.4326,52.0129
ISIC_0011729.png,0.1085,0.1171,0.7144,58.9831
ISIC_0011730.png,0.3004,0.2113,0.5252,52.1601
ISIC_0011733.png,0.6275,0.717,0.372,6.2724
ISIC_0011744.png,0.3457,0.3529,0.5368,23.6068
ISIC_0011747.png,0.1497,0.2244,0.7027,17.078
ISIC_0011750.png,0.9482,0.8398,0.2306,13.1793
ISIC_0011752.png,0.7262,0.6011,0.2608,10.7089
ISIC_0011753.png,1.937,1.9558,0.0203,2.6569
ISIC_0011757.png,0.3183,0.3723,0.7113,15.7622
ISIC_0011763.png,0.2995,0.2818,0.4471,25.5866
ISIC_0011772.png,0.4442,0.8661,0.3376,7.0618
ISIC_0011778.png,0.4025,0.2337,0.4053,32.8897
ISIC_0011779.png,1.7933,1.739,0.0118,2.5122
ISIC_0011780.png,0.2955,0.3911,0.4304,40.9677
ISIC_0011789.png,0.1425,0.0598,0.762,41.3332
ISIC_0011793.png,0.0927,0.1247,0.7233,65.3763
ISIC_0011794.png,0.2113,0.1647,0.6065,17.4068
ISIC_0011797.png,0.1243,0.1855,0.7189,57.1416
ISIC_0011798.png,0.1259,0.1681,0.7175,57.6677
ISIC_0011799.png,0.4151,0.4758,0.4541,34.1056
ISIC_0011800.png,0.1453,0.1681,0.7254,29.8069
ISIC_0011801.png,0.1884,0.2773,0.4681,25.5089
ISIC_0011802.png,0.3139,0.3028,0.6253,31.1276
ISIC_0011810.png,1.5747,1.6244,0.0066,3.1698
ISIC_0011830.png,0.1508,0.1262,0.7375,38.6208
ISIC_0011848.png,0.4266,0.3157,0.6517,10.801
ISIC_0011855.png,0.1212,0.2026,0.7525,45.2889
ISIC_0011857.png,0.1578,0.234,0.4485,32.8684
ISIC_0011858.png,0.3932,0.2528,0.4209,40.6295
ISIC_0011862.png,1.4484,1.3939,0.0293,4.5196
ISIC_0011863.png,0.2945,0.2038,0.6618,12.9851
ISIC_0011868.png,0.3678,0.4342,0.43,13.185
ISIC_0011869.png,0.3753,0.3115,0.3824,20.1786
ISIC_0011870.png,0.3272,0.3124,0.4154,22.6038
ISIC_0011884.png,0.0682,0.1167,0.7187,72.1428
ISIC_0011892.png,0.1277,0.1294,0.7833,51.6313
ISIC_0011894.png,0.1391,0.3683,0.6872,18.6719
ISIC_0011895.png,0.2509,0.1659,0.6174,35.1365
ISIC_0011904.png,1.2029,1.8694,0.0314,5.4415
ISIC_0011917.png,0.2065,0.3215,0.4399,23.6341
ISIC_0011921.png,0.2943,0.3269,0.4956,37.2036
ISIC_0011922.png,0.2844,0.2919,0.5385,39.2168
ISIC_0011924.png,0.2069,0.1667,0.542,36.107
ISIC_0011930.png,0.7446,0.3812,0.2987,26.0201
ISIC_0011931.png,0.6982,0.3424,0.3623,27.1591
ISIC_0011933.png,0.2756,0.3125,0.5127,27.9628
ISIC_0011943.png,0.2244,0.2023,0.5178,49.7737
ISIC_0011944.png,0.2028,0.192,0.5409,51.0301
ISIC_0011947.png,0.1659,0.1634,0.7098,27.9367
ISIC_0011948.png,0.1508,0.1643,0.7242,28.4709
ISIC_0011949.png,0.232,0.2748,0.5212,34.5386
ISIC_0011950.png,0.1314,0.1945,0.6799,26.3509
ISIC_0011951.png,0.2249,0.2636,0.5258,34.9254
ISIC_0011956.png,0.1339,0.1063,0.6882,20.2857
ISIC_0011957.png,0.3477,0.3109,0.1298,24.6346
ISIC_0011958.png,0.3173,0.2286,0.5128,40.4518
ISIC_0011959.png,0.6883,0.4861,0.2987,11.5787
ISIC_0011960.png,0.1321,0.1306,0.6703,54.7704
ISIC_0011964.png,0.5044,0.6444,0.4095,26.7315
ISIC_0011972.png,0.1271,0.2298,0.7173,15.0593
ISIC_0011984.png,0.4813,0.2268,0.5826,20.3823
ISIC_0011987.png,0.605,0.4099,0.3124,20.4836
ISIC_0011988.png,1.9666,1.9713,0.0277,2.5273
ISIC_0011994.png,0.1348,0.2226,0.5843,40.9594
ISIC_0011995.png,1.7059,1.8159,0.0099,2.6122
ISIC_0011996.png,0.2939,0.2822,0.5164,26.2441
ISIC_0012018.png,0.1424,0.1405,0.7031,30.8368
ISIC_0012025.png,0.0748,0.0819,0.6372,64.8298
ISIC_0012037.png,0.1294,0.1063,0.7424,20.4783
ISIC_0012040.png,0.0924,0.0705,0.8769,13.1383
ISIC_0012047.png,0.1563,0.1499,0.6352,70.0871
ISIC_0012048.png,0.2013,0.2419,0.6004,42.2416
ISIC_0012049.png,0.9688,0.3977,0.2543,6.2296
ISIC_0012054.png,0.4614,0.5682,0.4668,11.034
ISIC_0012055.png,0.8058,1.2098,0.2548,17.4239
ISIC_0012057.png,0.3375,0.2774,0.2808,42.6497
ISIC_0012059.png,0.3854,0.2481,0.548,20.3072
ISIC_0012063.png,0.3706,0.3725,0.2633,18.3593
ISIC_0012064.png,0.2055,0.5228,0.507,15.5804
ISIC_0012065.png,0.2067,0.1739,0.6097,51.5716
ISIC_0012066.png,0.3484,0.2834,0.6306,46.5772
ISIC_0012067.png,0.3029,0.2676,0.6429,48.8665
ISIC_0012068.png,0.3474,0.1737,0.6985,8.8359
ISIC_0012069.png,0.2672,0.2461,0.6919,50.608
ISIC_0012070.png,0.1068,0.166,0.7412,20.4217
ISIC_0012072.png,0.2461,0.1691,0.7466,14.1498
ISIC_0012081.png,0.3285,0.2769,0.5776,47.6844
ISIC_0012082.png,0.4065,0.259,0.6409,42.4947
ISIC_0012099.png,1.7479,1.6774,0.0142,3.2304
ISIC_0012107.png,0.359,0.2974,0.3763,2.1716
ISIC_0012137.png,0.2452,0.2898,0.703,21.847
ISIC_0012150.png,0.2267,0.189,0.7203,12.601
ISIC_0012151.png,0.6216,0.5771,0.3026,22.036
ISIC_0012160.png,0.2202,0.4335,0.5105,13.473
ISIC_0012164.png,0.2264,0.2188,0.6075,19.2816
ISIC_0012183.png,1.642,1.642,0.0253,2.5455
ISIC_0012208.png,0.1822,0.0904,0.7589,18.4248
ISIC_0012211.png,0.2328,0.3377,0.6949,23.3422
ISIC_0012222.png,0.1098,0.1435,0.8202,15.284
ISIC_0012245.png,0.1803,0.5578,0.6125,6.5475
ISIC_0012260.png,0.0981,0.1511,0.7782,20.4108
ISIC_0012263.png,0.2227,0.2006,0.7013,16.8668
ISIC_0012288.png,0.2803,0.2363,0.6811,18.6053
ISIC_0012298.png,0.418,0.2229,0.5801,31.0844
ISIC_0012334.png,0.2262,0.239,0.6495,20.9892
ISIC_0012338.png,0.1547,0.1454,0.7419,17.1939
ISIC_0012369.png,0.2668,0.2467,0.5705,29.0536
ISIC_0012382.png,0.2514,0.2537,0.0687,20.388
ISIC_0012391.png,0.2174,0.2458,0.6583,21.1806
ISIC_0012395.png,0.3029,0.2524,0.5466,15.4308
ISIC_0012406.png,0.6418,0.6658,0.4283,15.9295
ISIC_0012425.png,0.0873,0.1866,0.7162,11.7027
ISIC_0012434.png,0.1163,0.0908,0.8223,16.7586
ISIC_0012435.png,0.1405,0.1566,0.6667,26.2223
ISIC_0012450.png,0.1684,0.1404,0.7983,5.797
ISIC_0012512.png,0.4438,0.6255,0.4967,14.2314
ISIC_0012538.png,0.2831,0.3434,0.6881,8.3113
ISIC_0012653.png,0.0823,0.1127,0.716,17.5167
ISIC_0012672.png,0.0933,0.1594,0.6528,21.558
ISIC_0012678.png,0.232,0.3286,0.6226,27.1097
ISIC_0012681.png,0.1042,0.101,0.8663,15.7051
ISIC_0012701.png,0.4976,0.85,0.2909,12.9481
ISIC_0012706.png,0.223,0.2518,0.7395,5.4999
ISIC_0012708.png,0.1071,0.1203,0.7456,20.5766
ISIC_0012721.png,0.262,0.2413,0.5195,38.006
ISIC_0012722.png,0.1182,0.232,0.6899,15.6161
ISIC_0012740.png,0.1039,0.1351,0.8446,10.7454
ISIC_0012756.png,1.7292,1.5609,0.0759,3.0395
ISIC_0012758.png,0.0731,0.1476,0.7287,21.3792
ISIC_0012810.png,0.8868,1.4266,0.0239,6.3053
ISIC_0012840.png,0.2289,0.1517,0.6469,33.3361
ISIC_0012865.png,0.1203,0.1004,0.7361,26.1473
ISIC_0012883.png,1.0948,1.1221,0.0173,8.0809
ISIC_0012887.png,1.061,1.4665,0.0985,4.598
ISIC_0012904.png,0.0627,0.1397,0.783,37.035
ISIC_0012988.png,0.5871,0.4677,0.2106,2.3817
ISIC_0012990.png,0.0587,0.1331,0.8236,15.9263
ISIC_0013032.png,0.1914,0.1399,0.6901,17.5411
ISIC_0013052.png,1.5723,1.7909,0.0112,2.8637
ISIC_0013059.png,0.2048,0.0983,0.7695,39.1547
ISIC_0013073.png,0.4716,0.5186,0.2991,22.1523
ISIC_0013079.png,1.3551,1.6662,0.0129,4.4556
ISIC_0013084.png,0.114,0.0931,0.7422,52.4703
ISIC_0013096.png,0.2084,0.148,0.5058,31.6794
ISIC_0013136.png,1.687,1.4414,0.0183,3.8708
ISIC_0013141.png,0.126,0.1006,0.797,17.9233
ISIC_0013165.png,0.1009,0.1531,0.6619,26.2977
ISIC_0013184.png,0.1288,0.1387,0.638,41.8611
ISIC_0013204.png,0.09,0.1564,0.8218,22.0674
ISIC_0013213.png,0.1961,0.2774,0.6391,23.1796
ISIC_0013232.png,0.4131,0.5736,0.555,22.0848
ISIC_0013243.png,0.2177,0.1707,0.6294,20.6399
ISIC_0013244.png,0.0926,0.1056,0.6637,28.856
ISIC_0013258.png,0.4104,0.2532,0.6993,18.6975
ISIC_0013277.png,0.101,0.1347,0.6874,47.3888
ISIC_0013311.png,0.4048,0.1905,0.434,2.1711
ISIC_0013316.png,1.4248,1.9218,0.0143,4.1845
ISIC_0013334.png,0.3613,0.2034,0.5378,23.5098
ISIC_0013341.png,0.8642,0.7832,0.206,8.5462
ISIC_0013342.png,0.2607,0.1851,0.759,13.0382
ISIC_0013364.png,0.1631,0.0372,0.8542,20.4815
ISIC_0013365.png,0.1138,0.1414,0.6411,25.7021
ISIC_0013411.png,1.5199,1.2806,0.0509,3.185
ISIC_0013427.png,0.6307,0.3734,0.1759,2.387
ISIC_0013429.png,0.4006,0.3729,0.5375,7.6436
ISIC_0013457.png,0.1131,0.0864,0.7533,54.2009
ISIC_0013459.png,0.2602,0.2703,0.4274,29.491
ISIC_0013472.png,0.3777,0.43,0.5892,17.6551
ISIC_0013473.png,1.3233,1.4367,0.0109,5.771
ISIC_0013491.png,1.1361,1.4063,0.0138,5.3917
ISIC_0013492.png,0.2872,0.1756,0.7198,18.5137
ISIC_0013497.png,0.2708,0.1875,0.3836,2.1962
ISIC_0013498.png,0.1508,0.2252,0.7434,28.7072
ISIC_0013499.png,0.2505,0.2323,0.5925,24.2616
ISIC_0013501.png,0.2982,0.2215,0.5069,19.2955
ISIC_0013517.png,0.2429,0.1809,0.2128,2.3729
ISIC_0013525.png,0.1273,0.1603,0.6825,22.6026
ISIC_0013530.png,0.2722,0.5066,0.4301,33.4527
ISIC_0013549.png,0.3591,0.2463,0.5644,16.1852
ISIC_0013558.png,0.1315,0.1315,0.782,16.348
ISIC_0013565.png,1.9797,1.9805,0.0249,3.0377
ISIC_0013572.png,0.2108,0.2046,0.6126,27.1838
ISIC_0013577.png,0.5299,0.2222,0.5195,1.9661
ISIC_0013579.png,1.2137,0.7778,0.1899,2.4447
ISIC_0013580.png,0.2676,0.2204,0.6812,20.3522
ISIC_0013588.png,0.0943,0.0637,0.8572,7.083
ISIC_0013610.png,0.2084,0.2506,0.6468,31.6382
ISIC_0013615.png,0.3597,0.414,0.5525,26.2288
ISIC_0013617.png,1.6419,1.7135,0.0135,3.2892
ISIC_0013618.png,0.2519,0.2101,0.367,41.6856
ISIC_0013626.png,0.3122,0.2333,0.5532,30.9367
ISIC_0013634.png,0.1858,0.1858,0.393,2.1876
ISIC_0013636.png,0.2532,0.213,0.4253,39.0094
ISIC_0013639.png,0.3508,0.2577,0.6836,26.4784
ISIC_0013644.png,0.2188,0.2214,0.5647,14.0769
ISIC_0013651.png,1.3987,1.4494,0.1395,2.4323
ISIC_0013652.png,0.1095,0.2373,0.6921,11.8068
ISIC_0013671.png,1.666,1.7101,0.0325,3.1112
ISIC_0013672.png,0.1164,0.1701,0.6767,22.8832
ISIC_0013674.png,0.5127,0.4273,0.2756,21.2276
ISIC_0013678.png,0.2635,0.217,0.5879,18.3798
ISIC_0013688.png,0.2711,0.2607,0.6341,15.6851
ISIC_0013691.png,0.1839,0.2074,0.4599,31.9261
ISIC_0013702.png,0.4078,0.3484,0.4829,21.6698
ISIC_0013707.png,0.8331,0.5158,0.4133,12.368
ISIC_0013719.png,0.1328,0.1192,0.7668,28.1803
ISIC_0013731.png,0.2469,0.1884,0.7393,26.6944
ISIC_0013733.png,0.32,0.4,0.6139,2.0014
ISIC_0013736.png,0.7857,0.4762,0.2623,2.4433
ISIC_0013740.png,0.7266,0.5183,0.4752,8.9966
ISIC_0013762.png,1.4769,1.0834,0.0113,6.0423
ISIC_0013766.png,0.2409,0.6463,0.4922,12.9667
ISIC_0013767.png,0.2298,0.2254,0.4168,43.4902
ISIC_0013775.png,0.0827,0.0856,0.8303,23.3636
ISIC_0013777.png,1.2719,0.7451,0.1875,11.8309
ISIC_0013778.png,1.5797,1.8535,0.0286,3.6725
ISIC_0013792.png,0.1991,0.121,0.6956,25.3702
ISIC_0013801.png,0.5564,0.406,0.5198,2.1186
ISIC_0013813.png,1.2756,1.5502,0.0163,3.9547
ISIC_0013817.png,0.3786,0.417,0.1742,20.0581
ISIC_0013831.png,0.1684,0.1532,0.7754,22.1852
ISIC_0013835.png,0.2237,0.1334,0.6604,18.5848
ISIC_0013839.png,0.1476,0.1736,0.8339,14.4061
ISIC_0013840.png,1.5163,1.5693,0.1033,3.6464
ISIC_0013842.png,1.1847,0.9454,0.0823,4.2662
ISIC_0013844.png,0.2155,0.1373,0.7431,23.8803
ISIC_0013845.png,1.5939,1.5708,0.0113,3.9407
ISIC_0013861.png,0.4849,0.6173,0.2636,27.7603
ISIC_0013865.png,0.2286,0.142,0.7753,35.8998
ISIC_0013867.png,0.3872,0.2738,0.2441,36.4239
ISIC_0013874.png,0.2125,0.119,0.6708,51.3938
ISIC_0013898.png,0.142,0.1469,0.7203,25.2477
ISIC_0013908.png,0.1727,0.2653,0.5334,21.2664
ISIC_0013917.png,0.5633,1.0658,0.3344,10.8184
ISIC_0013921.png,0.183,0.2573,0.6561,18.7435
ISIC_0013936.png,0.1313,0.1755,0.7533,16.0789
ISIC_0013953.png,0.2626,0.2147,0.5001,19.1542
ISIC_0013967.png,0.0795,0.0812,0.7518,34.0033
ISIC_0013969.png,0.3487,0.3537,0.2768,5.7231
ISIC_0013972.png,0.2945,0.3021,0.7867,5.4904
ISIC_0013977.png,0.4196,0.4423,0.3859,29.2007
ISIC_0013984.png,0.1083,0.1064,0.7102,42.2378
ISIC_0013988.png,0.5383,0.5212,0.2206,24.8874
ISIC_0013997.png,0.5186,0.3605,0.5149,7.1165
ISIC_0014013.png,0.1804,0.1192,0.6499,46.2398
ISIC_0014026.png,0.433,0.2268,0.6385,2.0098
ISIC_0014027.png,1.5549,1.4745,0.147,2.5264
ISIC_0014049.png,0.2415,0.2302,0.6151,15.9184
ISIC_0014059.png,0.2091,0.1463,0.787,23.2459
ISIC_0014061.png,0.4235,0.3059,0.4179,2.1655
ISIC_0014079.png,0.5605,0.5693,0.1787,22.1036
ISIC_0014082.png,0.3237,0.4337,0.2678,30.2653
ISIC_0014088.png,0.1698,0.1509,0.3593,2.2591
ISIC_0014092.png,0.1632,0.1584,0.7076,13.4515
ISIC_0014093.png,0.1591,0.2143,0.6907,16.9356
ISIC_0014103.png,0.143,0.1807,0.7723,8.6092
ISIC_0014108.png,0.3819,0.4599,0.3496,19.95
ISIC_0014110.png,0.4469,0.4348,0.1994,31.5397
ISIC_0014114.png,0.2869,0.2387,0.5491,32.6118
ISIC_0014117.png,0.3751,0.3148,0.343,11.8867
ISIC_0014127.png,0.8027,0.8002,0.0482,9.0702
ISIC_0014129.png,1.0242,0.9662,0.2059,2.386
ISIC_0014132.png,0.628,0.5541,0.2126,2.3285
ISIC_0014133.png,0.1285,0.2067,0.6327,21.1225
ISIC_0014144.png,0.2373,0.1559,0.2966,2.4268
ISIC_0014150.png,0.1902,0.1832,0.6297,27.5413
ISIC_0014151.png,0.5445,0.5285,0.3002,22.2914
ISIC_0014157.png,0.4259,0.5082,0.1942,26.2125
ISIC_0014160.png,0.3301,0.3137,0.4574,21.0634
ISIC_0014164.png,0.3019,0.2989,0.5091,20.2485
ISIC_0014171.png,1.1804,1.1407,0.1168,18.7069
ISIC_0014173.png,0.6718,0.8126,0.3556,11.2936
ISIC_0014181.png,0.3264,0.1757,0.3409,2.2972
ISIC_0014183.png,0.3506,1.1429,0.2327,2.1689
ISIC_0014186.png,0.2464,0.4029,0.4542,27.8774
ISIC_0014189.png,1.8833,1.8388,0.0108,2.7535
ISIC_0014190.png,0.45,0.2,0.4407,2.1637
ISIC_0014211.png,0.1954,0.1033,0.7535,36.0697
ISIC_0014217.png,0.2185,0.2353,0.3409,2.3349
ISIC_0014219.png,0.2222,0.2564,0.5519,2.0373
ISIC_0014221.png,0.8037,0.4424,0.2477,2.3089
ISIC_0014222.png,0.5794,0.7247,0.1394,19.617
ISIC_0014229.png,0.926,1.2756,0.2243,8.8759
ISIC_0014233.png,0.4463,0.5727,0.2066,24.7359
ISIC_0014255.png,0.4806,0.2636,0.5344,2.1282
ISIC_0014264.png,0.1178,0.106,0.6578,42.6156
ISIC_0014270.png,1.1506,0.5019,0.2799,2.1497
ISIC_0014288.png,0.4184,0.4214,0.3647,26.9822
ISIC_0014290.png,0.0901,0.0759,0.8028,27.8755
ISIC_0014291.png,0.6127,0.4509,0.4165,2.1694
ISIC_0014302.png,0.2626,0.2424,0.3851,2.2555
ISIC_0014308.png,0.2595,0.2268,0.5792,25.8734
ISIC_0014319.png,0.3408,0.3435,0.6736,15.4321
ISIC_0014324.png,0.5548,0.9025,0.1867,20.7213
ISIC_0014325.png,0.3435,0.2303,0.4964,38.5582
ISIC_0014327.png,0.1692,0.209,0.4045,2.3045
ISIC_0014336.png,0.3553,0.2538,0.4094,2.3325
ISIC_0014347.png,0.433,0.1856,0.6537,2.0272
ISIC_0014349.png,0.3978,0.7326,0.3035,13.8527
ISIC_0014366.png,0.4606,0.6519,0.116,6.6659
ISIC_0014392.png,0.1428,0.1366,0.7112,49.8857
ISIC_0014395.png,0.1229,0.2123,0.7652,5.4678
ISIC_0014422.png,1.5609,1.554,0.1572,2.475
ISIC_0014423.png,0.1806,0.2341,0.2779,2.3932
ISIC_0014428.png,0.1671,0.2556,0.7378,17.4059
ISIC_0014431.png,0.1695,0.1243,0.4196,2.2493
ISIC_0014434.png,0.85,0.55,0.3974,2.0625
ISIC_0014469.png,0.5673,0.4756,0.2351,2.3355
ISIC_0014480.png,0.08,0.4229,0.594,2.654
ISIC_0014486.png,0.3828,0.3864,0.565,15.4744
ISIC_0014489.png,1.7714,1.883,0.0126,2.6115
ISIC_0014501.png,0.3214,0.2857,0.3672,2.35
ISIC_0014525.png,0.4183,0.2614,0.2744,2.3757
ISIC_0014527.png,0.495,0.6292,0.2004,24.8716
ISIC_0014541.png,0.753,0.8178,0.1719,2.3858
ISIC_0014542.png,0.5382,0.5914,0.2727,2.3197
ISIC_0014543.png,1.2176,1.4813,0.0119,4.3371
ISIC_0014545.png,0.3585,0.1887,0.3803,2.3308
ISIC_0014548.png,0.2491,0.1585,0.3095,2.3722
ISIC_0014557.png,0.9071,0.2514,0.3841,2.1484
ISIC_0014558.png,0.215,0.3357,0.3958,33.9047
ISIC_0014559.png,1.208,1.5556,0.0666,2.5103
ISIC_0014598.png,0.8774,0.7032,0.1484,2.4863
ISIC_0014629.png,0.1909,0.2868,0.5713,32.7105
ISIC_0014657.png,0.4534,0.0879,0.6244,28.1082
ISIC_0014666.png,0.761,1.4369,0.2231,8.2577
ISIC_0014675.png,0.3728,0.1866,0.6407,33.2966
ISIC_0014684.png,0.1666,0.2028,0.7341,23.7443
ISIC_0014694.png,0.1175,0.1154,0.6673,49.9174
ISIC_0014695.png,0.1459,0.246,0.5671,53.549
ISIC_0014703.png,0.3312,0.4024,0.3228,13.8507
ISIC_0014707.png,0.173,0.1106,0.6389,27.8569
ISIC_0014708.png,0.1553,0.2958,0.5216,40.6684
ISIC_0014722.png,0.4594,0.6132,0.1854,9.6414
ISIC_0014745.png,0.4004,0.7043,0.4682,26.5632
ISIC_0014765.png,0.1255,0.2109,0.6214,60.0483
ISIC_0014766.png,0.1537,0.1813,0.7637,18.809
ISIC_0014782.png,0.246,0.1281,0.6311,17.5269
ISIC_0014788.png,0.3674,0.202,0.5471,28.6538
ISIC_0014790.png,1.4899,1.3535,0.0205,5.26
ISIC_0014795.png,0.4776,0.2455,0.4666,34.0858
ISIC_0014800.png,0.1463,0.1702,0.6198,52.2486
ISIC_0014809.png,0.437,0.7342,0.3509,16.7925
ISIC_0014826.png,0.1629,0.1274,0.6773,67.1371
ISIC_0014832.png,0.3953,0.2523,0.2801,32.1839
ISIC_0014844.png,0.2615,0.168,0.6167,31.2989
ISIC_0014846.png,1.5571,1.4684,0.1322,9.098
ISIC_0014857.png,0.2749,0.1914,0.4993,15.8216
ISIC_0014860.png,0.3232,0.2284,0.5998,30.9262
ISIC_0014867.png,0.1612,0.1914,0.7403,35.2068
ISIC_0014883.png,0.5719,0.4397,0.4532,33.2409
ISIC_0014891.png,0.1655,0.1457,0.6261,29.4916
ISIC_0014903.png,0.2463,0.1497,0.537,34.0481
ISIC_0014912.png,0.2947,0.222,0.3789,34.8885
ISIC_0014919.png,0.1743,0.1745,0.4773,29.2658
ISIC_0014920.png,0.2023,0.2046,0.4828,23.1844
ISIC_0014922.png,0.2718,0.4958,0.5918,19.656
ISIC_0014925.png,0.0964,0.1079,0.7886,33.1513
ISIC_0014926.png,0.1756,0.1459,0.6807,39.9299
ISIC_0014931.png,0.38,0.3697,0.5675,44.8136
ISIC_0014932.png,0.356,0.6092,0.3911,27.1108
ISIC_0014936.png,0.1331,0.2665,0.5157,40.0012
ISIC_0014946.png,0.0682,0.0857,0.7692,64.1267
ISIC_0014973.png,0.3092,0.2915,0.3216,40.9578
ISIC_0014974.png,0.1077,0.1772,0.7402,41.6544
ISIC_0014975.png,0.4759,0.2577,0.3444,36.9878
ISIC_0014982.png,0.4638,0.7574,0.2869,12.5066
ISIC_0014985.png,1.6622,1.5762,0.0421,2.37
ISIC_0014987.png,0.2032,0.2184,0.6429,46.3086
ISIC_0014994.png,0.1115,0.1133,0.7324,41.3881
ISIC_0015005.png,0.5598,0.7722,0.3076,17.3149
ISIC_0015015.png,0.2594,0.2333,0.6566,41.9875
ISIC_0015023.png,0.1828,0.1634,0.6042,33.3728
ISIC_0015035.png,0.2106,0.2053,0.7269,16.0051
ISIC_0015041.png,0.2815,0.1853,0.5496,32.0703
ISIC_0015044.png,0.2114,0.1891,0.617,37.1885
ISIC_0015045.png,0.226,0.3277,0.3681,24.8766
ISIC_0015046.png,0.8189,0.6855,0.2221,22.2349
ISIC_0015071.png,0.8362,0.5898,0.246,24.1008
ISIC_0015079.png,0.3223,0.2383,0.5002,31.4351
ISIC_0015109.png,0.3909,0.4459,0.2862,26.1302
ISIC_0015110.png,0.3561,0.2858,0.5202,25.359
ISIC_0015115.png,0.4524,0.7006,0.183,15.4518
ISIC_0015129.png,0.2076,0.1848,0.313,31.5272
ISIC_0015132.png,0.4377,0.428,0.4216,43.0675
ISIC_0015133.png,0.3185,0.2868,0.3872,18.274
ISIC_0015136.png,0.2464,0.2397,0.6393,50.4154
ISIC_0015156.png,0.3033,0.3511,0.4668,22.6141
ISIC_0015166.png,0.1318,0.1221,0.6528,66.8487
ISIC_0015167.png,0.2752,0.2655,0.4451,34.3607
ISIC_0015179.png,0.3484,0.4147,0.1697,33.2247
ISIC_0015180.png,0.2578,0.3462,0.4654,22.6064
ISIC_0015185.png,0.3214,0.446,0.4067,38.5862
ISIC_0015189.png,0.596,0.5932,0.1663,13.6209
ISIC_0015193.png,0.1055,0.1263,0.7112,67.242
ISIC_0015200.png,0.5866,0.602,0.3667,16.2954
ISIC_0015204.png,0.4603,0.2345,0.4527,17.211
ISIC_0015206.png,0.5984,0.6662,0.0476,13.655
ISIC_0015208.png,0.1776,0.1324,0.681,59.2269
ISIC_0015219.png,0.1396,0.1764,0.6504,22.5314
ISIC_0015226.png,0.1619,0.2511,0.7663,14.6684
ISIC_0015241.png,0.1004,0.1263,0.6137,36.663
ISIC_0015245.png,0.3241,0.2756,0.3252,23.6162
ISIC_0015250.png,0.1547,0.2431,0.6567,41.1125
ISIC_0015251.png,0.1973,0.1781,0.5313,34.2554
ISIC_0015256.png,0.2627,0.2199,0.4379,35.8484
ISIC_0015258.png,0.2229,0.1454,0.4914,41.1322
ISIC_0015264.png,0.1064,0.1295,0.6547,20.7945
ISIC_0015291.png,0.1862,0.2327,0.7294,35.5992
ISIC_0015298.png,0.1018,0.1067,0.6698,43.1918
ISIC_0015390.png,0.5319,0.5053,0.3052,22.8018
ISIC_0015401.png,0.1434,0.2945,0.695,17.6873
ISIC_0015411.png,0.1197,0.2223,0.5658,39.7516
ISIC_0015412.png,0.3831,0.309,0.3917,41.6106
ISIC_0015436.png,0.1948,0.1025,0.6443,49.1741
ISIC_0015443.png,0.3715,0.4395,0.343,27.1753
ISIC_0015455.png,0.1259,0.1707,0.6244,50.5289
ISIC_0015631.png,0.1298,0.1025,0.7278,50.5507
ISIC_0015938.png,0.2499,0.1888,0.8014,10.3925
ISIC_0015950.png,0.2885,0.2619,0.5798,21.1418
ISIC_0015969.png,0.1661,0.258,0.7227,24.4447
ISIC_0016013.png,0.2477,0.2967,0.5031,9.3259
ISIC_0016014.png,0.1728,0.1823,0.7187,22.2235
ISIC_0016033.png,0.2052,0.1224,0.6978,23.4594
ISIC_0016043.png,0.3179,0.2632,0.6698,13.4606
ISIC_0016050.png,0.2667,0.2074,0.2997,2.365
ISIC_0016080.png,0.2473,0.2088,0.7415,27.374
ISIC_0016081.png,0.1572,0.1566,0.7226,35.1595
ISIC_0016082.png,0.1057,0.1481,0.6484,29.3615
ISIC_0016085.png,0.5373,0.2994,0.2981,31.1213
ISIC_0016092.png,0.156,0.1213,0.4745,24.4475
ISIC_0016094.png,0.3552,0.3055,0.4738,18.941
ISIC_0016103.png,0.1612,0.1869,0.7261,20.7797
ISIC_0016112.png,0.2302,0.2245,0.6676,37.5171
ISIC_0016114.png,0.2016,0.1707,0.594,43.8564
ISIC_0016123.png,0.4148,0.409,0.4138,49.6818
ISIC_0016127.png,0.1522,0.2658,0.7888,22.8556
ISIC_0016128.png,0.2151,0.2593,0.6916,57.7183
ISIC_0016131.png,0.1542,0.1265,0.7305,63.9522
ISIC_0016137.png,0.3158,0.4295,0.4059,25.8131
ISIC_0016139.png,0.3156,0.2939,0.504,10.6486
ISIC_0016145.png,0.692,0.4204,0.4791,10.369
ISIC_0016161.png,0.9432,1.0123,0.21,2.3907
ISIC_0021052.png,0.1239,0.1237,0.638,47.6792
ISIC_0021271.png,0.2265,0.2453,0.5938,65.4352
ISIC_0021442.png,0.8467,0.6061,0.275,18.4625
ISIC_0021713.png,0.382,0.4498,0.3028,21.0011
ISIC_0021894.png,0.0975,0.218,0.7391,38.0849
ISIC_0021901.png,1.5623,1.5023,0.0054,2.9221
ISIC_0022328.png,0.6095,0.5155,0.2773,25.2138
ISIC_0022661.png,0.3685,0.5294,0.4982,25.2133
ISIC_0023162.png,0.1573,0.1718,0.7155,45.5209
ISIC_0023811.png,0.2645,0.2109,0.7104,21.9971
ISIC_0024208.png,0.2684,0.2553,0.6094,14.166
ISIC_0024214.png,0.2075,0.7968,0.465,21.6001
ISIC_0024219.png,1.4191,1.6439,0.0222,2.4787
ISIC_0024221.png,0.4946,0.5164,0.134,14.2938
ISIC_0024226.png,1.0823,1.2288,0.0313,6.0319
ISIC_0024227.png,0.189,0.1564,0.3111,16.3876
ISIC_0024229.png,0.4916,0.2781,0.4851,13.7362
ISIC_0024232.png,0.5217,0.2832,0.3321,14.4818
ISIC_0024235.png,0.4785,0.3867,0.3331,16.9867
ISIC_0024236.png,1.8365,1.6076,0.0434,2.5562
ISIC_0024244.png,0.3882,0.4109,0.2384,23.2109
ISIC_0024246.png,1.3197,1.2506,0.0423,2.709
ISIC_0024256.png,0.6199,0.6864,0.2725,9.5227
ISIC_0024258.png,0.136,0.1381,0.7301,23.282
ISIC_0024259.png,0.2201,0.2028,0.6127,21.8252
ISIC_0024260.png,1.0235,1.072,0.2842,13.31
ISIC_0024261.png,1.9475,1.8303,0.0176,2.4103
ISIC_0024263.png,0.3608,0.2968,0.5817,18.727
ISIC_0024265.png,0.3977,0.3877,0.4871,9.4291
ISIC_0024266.png,0.8756,0.7355,0.1805,7.8194
ISIC_0024268.png,0.3585,0.2569,0.7322,21.3176
ISIC_0024271.png,0.405,0.417,0.5125,17.4677
ISIC_0024275.png,0.2857,0.1753,0.8027,10.6271
ISIC_0024277.png,1.2677,1.3899,0.0135,4.4443
ISIC_0024280.png,0.1136,0.2333,0.7909,14.8544
ISIC_0024284.png,0.3862,0.567,0.2145,15.2098
ISIC_0024285.png,0.1519,0.3741,0.7741,12.1891
ISIC_0024288.png,0.923,0.83,0.1638,12.2869
ISIC_0024292.png,0.315,0.6617,0.5846,11.0076
ISIC_0024294.png,0.3865,0.2439,0.7929,5.5492
ISIC_0024296.png,1.5941,1.8933,0.018,3.0787
ISIC_0024297.png,0.4271,0.5091,0.3314,13.1523
ISIC_0024298.png,0.2267,0.2126,0.6026,18.9328
ISIC_0024300.png,1.7898,1.5808,0.0126,3.527
ISIC_0024306.png,0.1734,0.2223,0.6241,34.153
ISIC_0024307.png,0.3304,0.2768,0.4039,40.0227
ISIC_0024308.png,1.6842,1.5155,0.0125,2.5046
ISIC_0024310.png,0.4202,0.4332,0.1741,28.3707
ISIC_0024313.png,0.3491,0.3352,0.6395,25.1152
ISIC_0024315.png,0.3968,0.4224,0.5831,24.7307
ISIC_0024317.png,0.112,0.1192,0.637,61.4443
ISIC_0024321.png,1.7922,1.5532,0.0188,3.2834
ISIC_0024323.png,0.3416,0.4628,0.595,5.6069
ISIC_0024333.png,0.4961,0.3881,0.3029,30.1982
ISIC_0024344.png,0.1166,0.1823,0.7151,26.6248
ISIC_0024351.png,0.2457,0.1319,0.6487,66.056
ISIC_0024355.png,0.162,0.1024,0.6674,41.921
ISIC_0024367.png,0.1139,0.1599,0.6583,22.9485
ISIC_0024380.png,0.4748,0.5105,0.4365,21.8449
ISIC_0024385.png,0.1276,0.1541,0.7447,23.6965
ISIC_0024398.png,0.0994,0.2001,0.6325,25.2283
ISIC_0024401.png,0.139,0.1319,0.699,51.1463
ISIC_0024410.png,0.1825,0.1689,0.5511,23.0987
ISIC_0024417.png,0.138,0.1632,0.6137,21.1817
ISIC_0024421.png,0.1371,0.2048,0.471,52.3032
ISIC_0024423.png,0.2966,0.3274,0.3815,34.5616
ISIC_0024427.png,0.2853,0.173,0.618,48.0406
ISIC_0024441.png,0.1297,0.0985,0.7693,60.3879
ISIC_0024449.png,0.354,0.4034,0.4488,13.9102
ISIC_0024455.png,0.1835,0.1923,0.7394,27.6617
ISIC_0024459.png,0.4109,0.2834,0.5058,52.5373
ISIC_0024481.png,0.1437,0.2564,0.7086,34.5934
ISIC_0024496.png,0.1938,0.1214,0.6593,53.2638
ISIC_0024507.png,0.1392,0.105,0.6935,40.9133
ISIC_0024512.png,0.086,0.0751,0.7087,61.2129
ISIC_0024513.png,0.1162,0.1042,0.6549,44.0817
ISIC_0024516.png,0.1501,0.1069,0.6261,58.922
ISIC_0024519.png,0.1573,0.1543,0.6797,27.8388
ISIC_0024525.png,0.6418,0.6424,0.265,30.1998
ISIC_0024527.png,0.0834,0.0758,0.6632,50.97
ISIC_0024529.png,0.0682,0.0827,0.7692,62.3789
ISIC_0024537.png,0.1958,0.3405,0.5786,48.1308
ISIC_0024545.png,0.1879,0.1335,0.6434,44.5689
ISIC_0024546.png,0.4102,0.3921,0.319,31.3911
ISIC_0024552.png,0.2747,0.2393,0.3429,43.0622
ISIC_0024565.png,1.6501,1.5874,0.0096,2.6181
ISIC_0024567.png,0.4615,0.2682,0.6039,23.3664
ISIC_0024574.png,0.172,0.1761,0.7576,35.6304
ISIC_0024585.png,0.3331,0.1976,0.6236,47.5357
ISIC_0024586.png,0.3,0.2248,0.6965,11.7969
ISIC_0024589.png,0.3956,0.3512,0.5143,42.3576
ISIC_0024591.png,0.0978,0.0604,0.8211,52.3217
ISIC_0024607.png,0.0867,0.2584,0.7253,46.8893
ISIC_0024624.png,0.8412,0.1894,0.1503,2.7424
ISIC_0024631.png,1.173,0.974,0.0147,5.7188
ISIC_0024650.png,0.364,0.2482,0.6027,48.3855
ISIC_0024652.png,0.5077,0.5144,0.3499,9.8129
ISIC_0024656.png,0.4655,0.4612,0.5164,20.2758
ISIC_0024661.png,0.2081,0.328,0.5826,49.4229
ISIC_0024675.png,0.9122,0.2101,0.1256,2.6521
ISIC_0024679.png,0.451,0.7304,0.2858,13.1065
ISIC_0024683.png,0.2846,0.2976,0.657,14.2487
ISIC_0024686.png,0.2139,0.231,0.6992,44.4009
ISIC_0024688.png,0.2945,0.1422,0.7053,57.728
ISIC_0024694.png,0.1806,0.0913,0.6438,58.6807
ISIC_0024697.png,0.1471,0.1366,0.717,73.9872
ISIC_0024701.png,0.3481,0.3298,0.3231,45.2608
ISIC_0024702.png,0.2256,0.1951,0.8037,6.2488
ISIC_0024718.png,0.2074,0.1615,0.5964,35.3659
ISIC_0024720.png,0.1375,0.1377,0.6663,64.0432
ISIC_0024732.png,0.1426,0.348,0.7143,53.6123
ISIC_0024735.png,1.6372,1.6012,0.0055,2.8365
ISIC_0024737.png,0.12,0.09,0.7562,28.8208
ISIC_0024739.png,1.6489,1.4667,0.0163,4.0316
ISIC_0024745.png,0.12,0.1096,0.6807,58.4169
ISIC_0024752.png,0.1669,0.3264,0.7068,76.0625
ISIC_0024756.png,0.2295,0.2979,0.5422,39.0196
ISIC_0024757.png,0.1513,0.1136,0.6399,45.1172
ISIC_0024759.png,0.1218,0.1303,0.728,44.3084
ISIC_0024779.png,0.0781,0.1067,0.7308,56.6728
ISIC_0024781.png,0.5502,0.3158,0.5782,12.2012
ISIC_0024792.png,0.312,0.1405,0.5793,58.4824
ISIC_0024796.png,0.1217,0.0859,0.721,36.1268
ISIC_0024802.png,0.5131,0.4372,0.3066,20.6534
ISIC_0024805.png,0.28,0.3157,0.4754,43.7863
ISIC_0024806.png,0.3826,0.4691,0.2536,35.1656
ISIC_0024808.png,0.2801,0.1397,0.6253,19.9914
ISIC_0024811.png,0.1517,0.1231,0.6386,64.8735
ISIC_0024826.png,0.1436,0.1302,0.6955,39.5501
ISIC_0024840.png,0.1776,0.3219,0.4795,41.603
ISIC_0024846.png,0.139,0.195,0.5713,55.4998
ISIC_0024853.png,0.5503,0.4687,0.1366,24.2601
ISIC_0024864.png,0.1908,0.1912,0.4978,61.2634
ISIC_0024865.png,0.1565,0.1058,0.7524,32.8247
ISIC_0024891.png,0.5479,0.6483,0.0933,17.3245
ISIC_0024892.png,0.1026,0.1903,0.6626,27.0855
ISIC_0024894.png,0.3806,0.327,0.2472,23.4187
ISIC_0024898.png,0.0551,0.2202,0.795,71.5863
ISIC_0024900.png,0.5793,0.6321,0.291,22.9845
ISIC_0024911.png,0.4151,0.1447,0.1515,2.5636
ISIC_0024918.png,0.1204,0.1498,0.6431,40.5737
ISIC_0024929.png,0.3391,0.3433,0.1706,24.2774
ISIC_0024951.png,0.2079,0.2513,0.3308,27.8776
ISIC_0024952.png,0.5599,0.6645,0.2746,23.9141
ISIC_0024958.png,0.3627,0.4629,0.4396,47.1375
ISIC_0024961.png,0.8623,0.8507,0.0274,8.3926
ISIC_0024962.png,0.1215,0.1153,0.7017,47.0617
ISIC_0024967.png,0.1882,0.182,0.6267,47.2436
ISIC_0024980.png,0.2607,0.1063,0.6202,44.034
ISIC_0024987.png,0.2111,0.2485,0.4301,49.6646
ISIC_0024990.png,0.1175,0.1141,0.6532,60.9691
ISIC_0024999.png,0.5366,0.516,0.3849,23.8929
ISIC_0025001.png,0.3736,0.3371,0.7097,6.8094
ISIC_0025006.png,0.1118,0.1182,0.6113,51.3919
ISIC_0025015.png,0.1563,0.1122,0.6929,30.8172
ISIC_0025018.png,0.0863,0.0991,0.8336,25.4961
ISIC_0025020.png,0.106,0.0995,0.6564,54.0415
ISIC_0025035.png,0.2698,0.1874,0.6961,40.1549
ISIC_0025039.png,0.1161,0.1356,0.7568,48.5073
ISIC_0025056.png,0.25,0.2281,0.5602,20.9745
ISIC_0025061.png,0.148,0.1851,0.7358,19.2396
ISIC_0025072.png,0.8009,0.9472,0.0349,9.3176
ISIC_0025081.png,0.2001,0.1551,0.6971,27.5229
ISIC_0025085.png,1.4859,1.3464,0.0112,3.5482
ISIC_0025088.png,0.1445,0.1712,0.785,22.876
ISIC_0025093.png,0.1585,0.1577,0.6828,39.7412
ISIC_0025105.png,0.4067,0.2735,0.6115,27.9962
ISIC_0025127.png,1.7951,1.842,0.0136,2.5683
ISIC_0025128.png,0.1205,0.141,0.8327,19.7727
ISIC_0025132.png,0.4105,0.3306,0.2577,27.4709
ISIC_0025138.png,0.0936,0.2563,0.7445,37.7181
ISIC_0025139.png,0.3409,0.291,0.4231,23.1457
ISIC_0025145.png,0.5031,0.6494,0.1661,27.4889
ISIC_0025152.png,0.3272,0.2882,0.6334,22.4189
ISIC_0025153.png,0.0856,0.0922,0.7943,55.4933
ISIC_0025155.png,0.2813,0.4777,0.5564,17.6999
ISIC_0025165.png,0.2155,0.2354,0.6642,34.8476
ISIC_0025169.png,0.1686,0.1024,0.7308,49.2836
ISIC_0025184.png,0.1721,0.1432,0.5726,42.0771
ISIC_0025186.png,0.1028,0.0939,0.7046,54.7977
ISIC_0025195.png,1.0441,0.7709,0.4402,5.4151
ISIC_0025215.png,0.3189,0.1023,0.6674,28.4645
ISIC_0025217.png,0.2146,0.0823,0.7173,61.7985
ISIC_0025218.png,0.2115,0.2438,0.504,42.7309
ISIC_0025219.png,0.1263,0.2123,0.6169,42.1088
ISIC_0025231.png,0.1361,0.1575,0.6071,53.5155
ISIC_0025235.png,0.1216,0.135,0.7206,57.0271
ISIC_0025238.png,0.1973,0.4022,0.5564,32.9347
ISIC_0025242.png,0.1672,0.1341,0.6903,39.6046
ISIC_0025243.png,0.301,0.5558,0.4434,17.874
ISIC_0025265.png,0.1199,0.1531,0.7696,18.0361
ISIC_0025267.png,0.1689,0.143,0.658,60.5771
ISIC_0025277.png,1.4543,0.5921,0.0289,3.4922
ISIC_0025289.png,1.8353,1.7019,0.0091,2.944
ISIC_0025303.png,0.2878,0.3138,0.5443,17.0885
ISIC_0025305.png,0.1952,0.0926,0.6533,66.5123
ISIC_0025313.png,0.1178,0.1547,0.7098,51.7312
ISIC_0025316.png,0.0898,0.0784,0.7882,36.1224
ISIC_0025324.png,0.1441,0.1757,0.5074,42.2388
ISIC_0025327.png,0.1544,0.2128,0.5737,50.6175
ISIC_0025343.png,0.164,0.1325,0.6533,42.7166
ISIC_0025355.png,0.1055,0.0854,0.7839,70.2596
ISIC_0025357.png,0.1339,0.0964,0.7664,45.8962
ISIC_0025369.png,0.1508,0.1446,0.6784,49.3473
ISIC_0025379.png,0.1469,0.091,0.7005,72.2495
ISIC_0025382.png,0.1141,0.1203,0.5635,43.9834
ISIC_0025391.png,0.6649,0.7958,0.2437,32.2607
ISIC_0025397.png,0.1763,0.0859,0.6761,50.2029
ISIC_0025409.png,0.9851,0.2892,0.3387,12.3134
ISIC_0025413.png,0.2386,0.2132,0.6131,64.697
ISIC_0025418.png,0.1089,0.1165,0.7127,49.8962
ISIC_0025428.png,0.1771,0.1478,0.59,16.9426
ISIC_0025437.png,0.178,0.1551,0.6979,43.0595
ISIC_0025448.png,0.1152,0.1684,0.512,21.7034
ISIC_0025450.png,0.2087,0.2174,0.5708,30.1546
ISIC_0025451.png,0.1191,0.1165,0.7251,38.7096
ISIC_0025458.png,0.4977,0.1782,0.624,21.3901
ISIC_0025464.png,0.1528,0.1553,0.5839,44.8713
ISIC_0025472.png,1.859,1.7837,0.0215,2.8505
ISIC_0025489.png,0.0998,0.1673,0.7449,49.4147
ISIC_0025491.png,0.1361,0.1038,0.7975,15.1553
ISIC_0025499.png,0.1482,0.2287,0.7139,33.2495
ISIC_0025500.png,0.5549,0.7494,0.0984,14.8712
ISIC_0025508.png,1.4649,1.7927,0.0054,2.9886
ISIC_0025512.png,0.5537,0.1976,0.4029,18.8792
ISIC_0025520.png,1.887,1.8909,0.0118,2.4463
ISIC_0025523.png,0.1147,0.0887,0.67,33.5132
ISIC_0025531.png,0.8289,0.7393,0.1635,13.1121
ISIC_0025535.png,0.1674,0.2087,0.6608,49.4584
ISIC_0025544.png,0.1784,0.1756,0.6236,42.8939
ISIC_0025546.png,0.2474,0.2359,0.5288,38.2739
ISIC_0025550.png,0.112,0.2429,0.6733,30.5555
ISIC_0025571.png,0.1457,0.2785,0.6122,43.4037
ISIC_0025573.png,0.4181,0.3667,0.436,44.566
ISIC_0025579.png,0.0663,0.0802,0.8223,35.5767
ISIC_0025580.png,0.1287,0.1267,0.6857,41.8229
ISIC_0025582.png,0.1562,0.1675,0.6294,45.6817
ISIC_0025589.png,0.1441,0.1846,0.7858,26.8867
ISIC_0025592.png,0.2615,0.201,0.3557,39.3765
ISIC_0025595.png,0.1343,0.1697,0.601,26.8596
ISIC_0025597.png,0.2684,0.2713,0.648,36.3677
ISIC_0025602.png,0.1026,0.1245,0.6801,29.8102
ISIC_0025603.png,0.1998,0.2332,0.6233,47.5801
ISIC_0025611.png,1.7279,1.7764,0.0154,2.5081
ISIC_0025616.png,0.4081,0.3855,0.3087,38.3604
ISIC_0025619.png,0.1245,0.1004,0.7466,43.7906
ISIC_0025626.png,0.1656,0.1545,0.708,37.7429
ISIC_0025648.png,0.2547,0.1224,0.6192,39.4137
ISIC_0025653.png,0.1145,0.3486,0.7089,13.1703
ISIC_0025658.png,0.1227,0.1257,0.5111,56.4233
ISIC_0025683.png,0.3604,0.244,0.6055,22.5825
ISIC_0025702.png,0.322,0.1864,0.2109,2.623
ISIC_0025708.png,0.1492,0.1475,0.5516,48.3272
ISIC_0025724.png,0.3146,0.2265,0.4223,19.5044
ISIC_0025732.png,0.4245,0.432,0.3811,39.9249
ISIC_0025735.png,0.128,0.1606,0.7068,21.1674
ISIC_0025744.png,0.2541,0.2571,0.3411,29.9449
ISIC_0025748.png,0.2057,0.1981,0.6236,48.7544
ISIC_0025751.png,0.2227,0.1188,0.6521,38.2312
ISIC_0025754.png,0.1828,0.1659,0.6804,39.7372
ISIC_0025755.png,0.1752,0.1289,0.6215,53.3067
ISIC_0025757.png,0.0522,0.0801,0.7166,60.3943
ISIC_0025759.png,0.195,0.1927,0.7557,43.9542
ISIC_0025766.png,0.128,0.1335,0.6918,53.6437
ISIC_0025778.png,0.1654,0.2575,0.6648,22.979
ISIC_0025779.png,0.1658,0.2064,0.5196,18.714
ISIC_0025783.png,0.1422,0.1445,0.6108,52.6881
ISIC_0025791.png,0.3096,0.3448,0.6064,19.5267
ISIC_0025796.png,0.1655,0.1613,0.6155,54.1601
ISIC_0025800.png,0.4935,0.4818,0.3237,50.4382
ISIC_0025812.png,0.2608,0.2723,0.7256,27.0346
ISIC_0025814.png,0.3245,0.2566,0.2875,42.7149
ISIC_0025817.png,0.1019,0.1735,0.7423,43.7655
ISIC_0025832.png,0.2197,0.2265,0.4737,40.7965
ISIC_0025835.png,0.1719,0.1413,0.7516,37.0954
ISIC_0025841.png,0.285,0.2626,0.5128,36.376
ISIC_0025877.png,0.231,0.2366,0.5737,19.5695
ISIC_0025891.png,0.0904,0.0691,0.8258,28.7838
ISIC_0025892.png,0.0624,0.2202,0.7822,34.8634
ISIC_0025897.png,0.217,0.1964,0.693,42.6413
ISIC_0025900.png,0.1031,0.0909,0.6236,35.3531
ISIC_0025904.png,0.3656,0.4042,0.2967,19.5728
ISIC_0025927.png,0.4974,0.62,0.3842,24.3054
ISIC_0025929.png,0.1773,0.1653,0.6521,51.7947
ISIC_0025931.png,0.1387,0.2322,0.7542,51.115
ISIC_0025941.png,0.2547,0.1513,0.6023,47.591
ISIC_0025955.png,0.1067,0.1349,0.7998,24.3945
ISIC_0025956.png,0.0952,0.0645,0.6881,80.0447
ISIC_0025964.png,0.1215,0.1753,0.7347,14.5224
ISIC_0025965.png,0.401,0.4815,0.3785,21.8048
ISIC_0025970.png,0.129,0.113,0.6514,60.222
ISIC_0025987.png,0.4871,0.4273,0.3021,22.0932
ISIC_0025996.png,0.1625,0.1807,0.5168,65.851
ISIC_0026008.png,0.196,0.1748,0.5995,42.7178
ISIC_0026009.png,0.5308,0.2728,0.5433,11.3729
ISIC_0026010.png,0.1649,0.2002,0.6322,53.5251
ISIC_0026020.png,0.1807,0.2108,0.7063,22.1528
ISIC_0026039.png,0.1768,0.1557,0.5804,52.7699
ISIC_0026043.png,0.2542,0.4234,0.4586,24.4192
ISIC_0026049.png,0.0872,0.086,0.7045,46.5306
ISIC_0026081.png,0.1044,0.1806,0.6472,59.086
ISIC_0026082.png,0.1047,0.1022,0.746,37.4396
ISIC_0026086.png,1.8641,1.8559,0.0077,2.4839
ISIC_0026087.png,0.1727,0.1697,0.5495,58.8893
ISIC_0026089.png,0.3529,0.7887,0.4245,17.0001
ISIC_0026094.png,0.411,0.2902,0.4376,21.2919
ISIC_0026103.png,0.131,0.1741,0.698,67.2707
ISIC_0026112.png,0.1777,0.1181,0.6541,42.6764
ISIC_0026113.png,0.3852,0.3263,0.4985,14.5581
ISIC_0026115.png,0.4638,0.5792,0.3032,22.665
ISIC_0026120.png,0.4983,0.4187,0.2493,30.4612
ISIC_0026141.png,0.1397,0.1366,0.6799,28.6382
ISIC_0026150.png,0.1142,0.1708,0.7551,30.2068
ISIC_0026155.png,0.2762,0.2557,0.4715,20.9205
ISIC_0026160.png,0.188,0.1763,0.622,23.8184
ISIC_0026166.png,0.4065,0.5528,0.199,28.5286
ISIC_0026167.png,0.5059,0.4768,0.2416,23.6902
ISIC_0026185.png,0.2258,0.2139,0.5659,23.7373
ISIC_0026188.png,0.6393,0.4728,0.2564,32.4696
ISIC_0026198.png,0.1549,0.1561,0.3951,46.2731
ISIC_0026204.png,0.2104,0.2487,0.5613,45.1003
ISIC_0026207.png,0.0996,0.1079,0.6984,65.2671
ISIC_0026208.png,0.2378,0.1943,0.6336,32.6487
ISIC_0026224.png,0.1747,0.2221,0.5172,25.1181
ISIC_0026231.png,0.1935,0.2521,0.6747,19.304
ISIC_0026236.png,0.1155,0.1876,0.7848,13.4539
ISIC_0026239.png,0.1476,0.1921,0.6274,62.6889
ISIC_0026244.png,0.1769,0.1648,0.5112,29.6058
ISIC_0026247.png,0.1411,0.1689,0.749,15.0061
ISIC_0026258.png,0.1512,0.1782,0.7031,33.1153
ISIC_0026264.png,0.2216,0.2084,0.5576,43.6559
ISIC_0026266.png,0.2137,0.1714,0.6375,17.0121
ISIC_0026272.png,0.0968,0.067,0.7677,66.7523
ISIC_0026278.png,0.0905,0.1126,0.7597,42.8411
ISIC_0026281.png,0.4227,0.2535,0.4308,15.7498
ISIC_0026292.png,0.3386,0.3334,0.4477,22.7023
ISIC_0026293.png,0.1072,0.119,0.745,40.3947
ISIC_0026296.png,0.1366,0.1201,0.8325,10.3822
ISIC_0026300.png,0.1715,0.1344,0.5455,51.2008
ISIC_0026302.png,0.1384,0.1186,0.5949,54.1582
ISIC_0026309.png,0.1224,0.0942,0.7945,39.4251
ISIC_0026314.png,0.1214,0.173,0.7979,10.6537
ISIC_0026329.png,0.2459,0.2447,0.6369,25.8634
ISIC_0026344.png,0.1666,0.2348,0.6317,31.5156
ISIC_0026347.png,0.2535,0.2291,0.6913,24.5805
ISIC_0026348.png,0.1526,0.2053,0.5595,42.6145
ISIC_0026352.png,0.3058,0.1328,0.7044,56.7143
ISIC_0026356.png,0.0748,0.1038,0.7292,49.1179
ISIC_0026360.png,0.0995,0.1746,0.7055,32.7169
ISIC_0026364.png,0.164,0.1583,0.6791,40.8035
ISIC_0026369.png,0.1957,0.2081,0.7067,65.7019
ISIC_0026371.png,1.6669,1.5181,0.0096,3.1142
ISIC_0026392.png,0.119,0.1438,0.764,44.6512
ISIC_0026394.png,0.1015,0.137,0.7528,40.9609
ISIC_0026398.png,0.1762,0.1778,0.6471,31.9711
ISIC_0026401.png,0.1077,0.1889,0.6316,60.1658
ISIC_0026402.png,0.1405,0.1489,0.6881,30.3261
ISIC_0026407.png,0.0824,0.1199,0.7401,69.6928
ISIC_0026426.png,0.2516,0.2052,0.5708,44.9699
ISIC_0026428.png,0.0594,0.1771,0.7741,56.7848
ISIC_0026438.png,0.2521,0.1453,0.6161,55.0345
ISIC_0026460.png,0.14,0.13,0.7303,52.9714
ISIC_0026470.png,0.237,0.2313,0.6456,29.7195
ISIC_0026475.png,0.1449,0.1432,0.718,48.9491
ISIC_0026483.png,0.152,0.1106,0.6993,40.7251
ISIC_0026484.png,0.3254,0.2436,0.6039,26.3781
ISIC_0026497.png,0.1751,0.138,0.7761,28.4831
ISIC_0026498.png,0.2724,0.2395,0.6192,11.5215
ISIC_0026500.png,0.6727,0.3361,0.2999,20.5185
ISIC_0026505.png,0.0859,0.1269,0.7036,58.7045
ISIC_0026506.png,0.0713,0.0914,0.7922,41.5195
ISIC_0026509.png,0.1355,0.1456,0.6217,59.5658
ISIC_0026516.png,0.1703,0.1302,0.3199,41.8034
ISIC_0026518.png,0.1304,0.1433,0.663,43.2107
ISIC_0026531.png,0.4309,0.518,0.3338,24.0815
ISIC_0026544.png,0.1388,0.1785,0.6356,23.0356
ISIC_0026545.png,0.1565,0.1724,0.6499,64.1542
ISIC_0026548.png,0.0704,0.0584,0.7952,56.6151
ISIC_0026552.png,0.0969,0.1036,0.7641,42.2836
ISIC_0026558.png,0.1666,0.2658,0.6709,32.9409
ISIC_0026559.png,0.0752,0.2702,0.6803,40.2341
ISIC_0026560.png,0.3047,0.3038,0.626,25.3305
ISIC_0026586.png,0.3756,0.4865,0.3154,31.8107
ISIC_0026595.png,0.2871,0.3835,0.4726,43.4329
ISIC_0026596.png,0.1649,0.2072,0.6036,42.8066
ISIC_0026611.png,0.2079,0.4369,0.5784,32.7313
ISIC_0026613.png,0.1934,0.174,0.7776,19.3342
ISIC_0026619.png,0.4034,0.33,0.3734,27.2445
ISIC_0026627.png,0.0785,0.0896,0.6827,46.0553
ISIC_0026652.png,0.454,0.5936,0.4423,13.7939
ISIC_0026655.png,0.368,0.2933,0.658,13.0812
ISIC_0026659.png,0.0982,0.1592,0.6021,31.8139
ISIC_0026664.png,0.25,0.2226,0.567,43.5219
ISIC_0026666.png,0.0626,0.0869,0.7266,78.1529
ISIC_0026671.png,0.1383,0.1426,0.6612,38.036
ISIC_0026683.png,0.0643,0.0615,0.7397,83.7674
ISIC_0026685.png,0.106,0.1358,0.7124,35.325
ISIC_0026690.png,0.1529,0.3871,0.6038,62.825
ISIC_0026692.png,0.1519,0.3487,0.4432,43.3334
ISIC_0026694.png,0.2072,0.2769,0.5039,47.7991
ISIC_0026699.png,0.2769,0.2738,0.6392,34.6781
ISIC_0026700.png,0.3384,0.1554,0.5568,25.9122
ISIC_0026727.png,0.1205,0.1917,0.6515,33.6962
ISIC_0026730.png,0.1551,0.1253,0.6648,19.7317
ISIC_0026738.png,0.5779,0.8757,0.1776,14.6648
ISIC_0026745.png,0.3592,0.2687,0.3464,34.1127
ISIC_0026746.png,0.5501,0.3143,0.3518,26.7514
ISIC_0026756.png,0.1502,0.117,0.7592,22.5275
ISIC_0026759.png,0.1103,0.142,0.7523,39.6035
ISIC_0026770.png,0.348,0.2348,0.4467,34.4068
ISIC_0026780.png,0.2549,0.2733,0.6507,32.1272
ISIC_0026781.png,0.2831,0.1171,0.6756,42.4584
ISIC_0026791.png,0.152,0.2104,0.5869,34.1851
ISIC_0026795.png,0.2778,0.2673,0.5666,25.9051
ISIC_0026802.png,0.4763,0.4813,0.2789,16.2005
ISIC_0026812.png,0.2372,0.1649,0.6269,38.9833
ISIC_0026832.png,0.4263,0.2389,0.6708,20.0697
ISIC_0026853.png,0.5983,0.7712,0.1856,26.2867
ISIC_0026868.png,0.4859,0.568,0.4563,21.4255
ISIC_0026879.png,0.1493,0.1526,0.7688,44.745
ISIC_0026882.png,0.3593,0.279,0.3478,34.0038
ISIC_0026889.png,0.2139,0.2451,0.6788,10.6153
ISIC_0026890.png,0.1019,0.2335,0.7846,9.8056
ISIC_0026897.png,0.0733,0.0839,0.7279,53.7202
ISIC_0026901.png,0.1168,0.0867,0.7403,30.9242
ISIC_0026909.png,0.0898,0.2144,0.7924,53.6271
ISIC_0026910.png,0.2386,0.0807,0.7222,37.9324
ISIC_0026911.png,0.0913,0.0748,0.8474,15.9521
ISIC_0026915.png,0.9961,1.0434,0.0105,6.5948
ISIC_0026916.png,0.2927,0.3226,0.5279,33.6318
ISIC_0026921.png,0.7803,0.7573,0.2371,14.4771
ISIC_0026924.png,0.1879,0.2869,0.4688,48.3056
ISIC_0026930.png,0.1329,0.1778,0.631,48.1
ISIC_0026943.png,0.0961,0.1238,0.7109,30.6916
ISIC_0026963.png,0.3667,0.2771,0.2935,41.8722
ISIC_0026966.png,0.2321,0.1235,0.6344,51.1252
ISIC_0026982.png,0.1551,0.0546,0.5875,41.8231
ISIC_0026993.png,0.1391,0.0844,0.7332,50.6191
ISIC_0026996.png,0.1296,0.161,0.6971,21.8661
ISIC_0027021.png,0.8298,0.847,0.2328,16.2369
ISIC_0027022.png,0.2136,0.1369,0.5333,36.3695
ISIC_0027024.png,0.0776,0.1136,0.7492,33.7043
ISIC_0027030.png,0.4305,0.3537,0.34,32.5883
ISIC_0027031.png,0.1891,0.1487,0.727,20.6458
ISIC_0027033.png,0.3065,0.2062,0.4636,35.1489
ISIC_0027036.png,0.1456,0.1541,0.5744,46.7876
ISIC_0027043.png,0.1868,0.169,0.7549,37.6137
ISIC_0027056.png,0.1824,0.1926,0.6639,50.4672
ISIC_0027060.png,0.1509,0.1268,0.6154,52.1552
ISIC_0027061.png,0.2325,0.262,0.5453,23.9045
ISIC_0027063.png,0.2009,0.1899,0.703,40.6514
ISIC_0027065.png,0.3012,0.3608,0.5026,11.9427
ISIC_0027067.png,0.4468,0.4846,0.4108,12.1192
ISIC_0027069.png,1.2245,1.1776,0.0616,3.3845
ISIC_0027072.png,0.2084,0.3677,0.4795,11.8016
ISIC_0027076.png,0.1126,0.0802,0.7588,23.2828
ISIC_0027081.png,0.1539,0.1333,0.458,34.1349
ISIC_0027085.png,0.1402,0.1105,0.6368,44.8049
ISIC_0027087.png,0.135,0.1446,0.716,73.3975
ISIC_0027088.png,0.1257,0.1088,0.6925,50.0156
ISIC_0027089.png,0.2734,0.0947,0.6423,53.2016
ISIC_0027091.png,0.2295,0.1854,0.6843,52.2735
ISIC_0027095.png,0.1711,0.0953,0.58,34.4106
ISIC_0027100.png,0.4994,0.1688,0.5238,27.0194
ISIC_0027101.png,0.9498,0.5481,0.2326,26.6343
ISIC_0027102.png,0.3783,0.2284,0.5025,61.0767
ISIC_0027104.png,0.2945,0.1726,0.5904,34.8172
ISIC_0027109.png,1.8584,1.6633,0.0121,3.3238
ISIC_0027110.png,0.2404,0.203,0.5793,51.5936
ISIC_0027112.png,0.3414,0.3207,0.4057,14.1324
ISIC_0027113.png,0.1728,0.2297,0.6828,10.1335
ISIC_0027122.png,0.2084,0.2746,0.6933,39.7021
ISIC_0027125.png,0.1416,0.2109,0.6531,23.1377
ISIC_0027126.png,0.6245,0.216,0.4528,25.9961
ISIC_0027130.png,0.2178,0.3307,0.4392,33.413
ISIC_0027132.png,0.1163,0.1227,0.7292,26.8148
ISIC_0027145.png,0.1356,0.1366,0.6354,43.1701
ISIC_0027149.png,0.6356,0.6718,0.3554,26.832
ISIC_0027152.png,0.073,0.1269,0.71,51.9453
ISIC_0027155.png,0.2671,0.4716,0.5449,30.3491
ISIC_0027170.png,0.2889,0.2128,0.311,32.8417
ISIC_0027171.png,0.0989,0.1253,0.7445,63.6886
ISIC_0027174.png,0.2065,0.1548,0.7053,16.0414
ISIC_0027187.png,0.6621,0.7686,0.3419,14.2168
ISIC_0027190.png,0.4793,0.3311,0.3086,38.6078
ISIC_0027193.png,0.299,0.2378,0.5661,24.8906
ISIC_0027214.png,0.2183,0.1782,0.5845,32.8652
ISIC_0027221.png,0.2139,0.2116,0.3842,40.6211
ISIC_0027225.png,0.286,0.2704,0.4567,32.0464
ISIC_0027234.png,0.3921,0.2346,0.3562,48.7133
ISIC_0027235.png,0.0911,0.125,0.7581,31.5388
ISIC_0027238.png,0.1639,0.1202,0.7016,65.7924
ISIC_0027247.png,1.5994,1.6781,0.0128,2.4883
ISIC_0027248.png,0.1311,0.2142,0.73,60.328
ISIC_0027252.png,0.1493,0.1172,0.6895,53.78
ISIC_0027253.png,1.6535,1.7551,0.0085,2.6137
ISIC_0027260.png,0.1684,0.1413,0.7144,29.8485
ISIC_0027263.png,0.7273,0.8183,0.4078,19.146
ISIC_0027265.png,0.1966,0.2578,0.7308,22.6024
ISIC_0027266.png,0.2472,0.1388,0.6946,34.5594
ISIC_0027271.png,0.1894,0.621,0.4545,17.931
ISIC_0027274.png,0.1052,0.1455,0.749,44.4512
ISIC_0027276.png,0.1996,0.239,0.7106,27.5081
ISIC_0027277.png,0.2652,0.1966,0.2792,34.8651
ISIC_0027280.png,0.2557,0.1724,0.6131,34.4327
ISIC_0027282.png,0.1898,0.1249,0.7906,17.3919
ISIC_0027302.png,0.112,0.2727,0.6219,63.5521
ISIC_0027304.png,0.1276,0.1293,0.7041,19.678
ISIC_0027305.png,0.1683,0.2018,0.5716,28.7312
ISIC_0027306.png,0.2888,0.2868,0.2567,28.19
ISIC_0027321.png,0.1152,0.1273,0.736,22.7208
ISIC_0027325.png,0.1747,0.1607,0.5347,38.1639
ISIC_0027327.png,0.1442,0.1689,0.7587,45.1842
ISIC_0027350.png,0.1614,0.1575,0.6802,34.179
ISIC_0027356.png,0.0814,0.178,0.6348,46.686
ISIC_0027359.png,0.1766,0.1474,0.5559,47.6085
ISIC_0027363.png,0.1954,0.2018,0.6776,28.2162
ISIC_0027378.png,0.1447,0.1641,0.3842,39.7601
ISIC_0027387.png,0.12,0.1171,0.7719,45.3052
ISIC_0027391.png,0.1762,0.1965,0.6338,48.1149
ISIC_0027402.png,0.1385,0.148,0.7294,25.9783
ISIC_0027406.png,0.1984,0.274,0.582,27.4783
ISIC_0027407.png,0.4083,0.4863,0.3327,37.6519
ISIC_0027408.png,0.1092,0.115,0.752,23.0404
ISIC_0027411.png,0.1177,0.1525,0.742,63.5114
ISIC_0027420.png,0.3152,0.2457,0.3873,25.6053
ISIC_0027431.png,0.2071,0.1471,0.7536,17.0943
ISIC_0027432.png,0.2226,0.1751,0.6953,11.7905
ISIC_0027436.png,0.2285,0.1928,0.4845,46.6748
ISIC_0027445.png,0.2568,0.2183,0.3537,25.8549
ISIC_0027472.png,0.1083,0.1825,0.694,57.0296
ISIC_0027479.png,0.1075,0.1222,0.7622,32.7526
ISIC_0027480.png,0.1129,0.094,0.6104,67.2951
ISIC_0027492.png,0.101,0.1587,0.793,10.0312
ISIC_0027498.png,0.1286,0.1039,0.7173,53.8903
ISIC_0027499.png,0.2358,0.0979,0.6662,57.4651
ISIC_0027502.png,0.213,0.2382,0.7281,13.3237
ISIC_0027507.png,0.1215,0.2667,0.6676,24.6611
ISIC_0027514.png,0.0954,0.0968,0.7822,62.9329
ISIC_0027537.png,0.116,0.1037,0.787,27.9545
ISIC_0027538.png,0.3717,0.2517,0.6697,14.1937
ISIC_0027541.png,0.0641,0.0639,0.7679,59.8956
ISIC_0027552.png,0.206,0.2865,0.6025,40.1371
ISIC_0027556.png,0.1727,0.1533,0.6955,43.0533
ISIC_0027560.png,0.3891,0.3841,0.1653,21.6753
ISIC_0027561.png,0.8057,0.8486,0.1677,18.051
ISIC_0027573.png,0.1487,0.2303,0.5277,26.4684
ISIC_0027576.png,0.3013,0.3283,0.5368,27.131
ISIC_0027585.png,0.2372,0.2774,0.5237,31.6978
ISIC_0027590.png,0.266,0.2781,0.3399,50.1762
ISIC_0027591.png,0.214,0.301,0.5883,39.5911
ISIC_0027596.png,0.0655,0.0847,0.8148,21.8109
ISIC_0027600.png,0.1564,0.1191,0.6867,31.87
ISIC_0027604.png,0.1613,0.1419,0.6252,43.5282
ISIC_0027620.png,0.1272,0.2596,0.7465,63.5516
ISIC_0027622.png,1.9007,1.2508,0.0207,5.5596
ISIC_0027627.png,0.1497,0.1393,0.713,17.2795
ISIC_0027636.png,0.1476,0.1771,0.6614,53.0303
ISIC_0027641.png,0.2284,0.1634,0.4963,30.0031
ISIC_0027646.png,0.1476,0.1347,0.6914,27.542
ISIC_0027654.png,0.0936,0.0671,0.6612,38.212
ISIC_0027659.png,0.2193,0.4855,0.4586,22.1891
ISIC_0027663.png,1.4086,1.3231,0.1307,17.3743
ISIC_0027666.png,0.099,0.0843,0.7362,61.0605
ISIC_0027669.png,0.2784,0.3475,0.382,30.8107
ISIC_0027673.png,0.197,0.1555,0.4242,52.6959
ISIC_0027674.png,0.1201,0.23,0.6719,46.7438
ISIC_0027683.png,0.1043,0.2384,0.6895,43.5555
ISIC_0027684.png,0.2011,0.2077,0.7001,13.9763
ISIC_0027693.png,0.1331,0.1403,0.6886,62.4652
ISIC_0027694.png,0.1311,0.1376,0.6679,56.0947
ISIC_0027696.png,0.2344,0.1625,0.5419,45.0927
ISIC_0027712.png,0.179,0.0999,0.7188,49.8117
ISIC_0027718.png,0.1345,0.1753,0.8411,8.6447
ISIC_0027721.png,0.3887,0.399,0.3545,18.7706
ISIC_0027742.png,0.2043,0.2501,0.5531,51.7485
ISIC_0027749.png,0.1453,0.0837,0.7091,53.6024
ISIC_0027751.png,0.1953,0.144,0.6857,13.9219
ISIC_0027764.png,0.1873,0.2316,0.5477,31.5362
ISIC_0027769.png,0.1277,0.1445,0.7872,16.1749
ISIC_0027797.png,0.1012,0.0863,0.8105,28.3033
ISIC_0027798.png,0.1753,0.1195,0.7263,32.4288
ISIC_0027804.png,0.0841,0.086,0.6682,39.2787
ISIC_0027817.png,0.234,0.2468,0.5709,28.248
ISIC_0027822.png,0.3703,0.2983,0.4093,17.3705
ISIC_0027832.png,0.3312,0.4542,0.4296,25.6233
ISIC_0027836.png,0.162,0.2484,0.5441,34.833
ISIC_0027838.png,0.3912,0.2268,0.4541,31.3787
ISIC_0027839.png,0.2998,0.2365,0.425,24.3622
ISIC_0027842.png,0.2621,0.1827,0.5633,29.3692
ISIC_0027863.png,0.184,0.147,0.4527,53.3002
ISIC_0027867.png,0.1464,0.0961,0.7523,29.836
ISIC_0027872.png,0.4716,0.6949,0.2997,16.3137
ISIC_0027879.png,0.2171,0.1417,0.6018,40.8631
ISIC_0027881.png,0.1813,0.172,0.687,31.1926
ISIC_0027882.png,0.1067,0.2534,0.6434,63.174
ISIC_0027901.png,0.1351,0.2682,0.5502,31.9564
ISIC_0027921.png,0.1871,0.2027,0.572,49.4013
ISIC_0027928.png,0.5559,0.2724,0.5809,21.192
ISIC_0027935.png,0.0849,0.1157,0.7169,39.7087
ISIC_0027936.png,0.4581,0.6196,0.2255,31.1354
ISIC_0027941.png,0.1455,0.1687,0.662,62.6546
ISIC_0027951.png,0.1042,0.1212,0.6608,60.1059
ISIC_0027956.png,0.2933,0.3738,0.5308,62.1033
ISIC_0027964.png,0.3269,0.3218,0.4029,23.6515
ISIC_0027971.png,0.201,0.176,0.6604,45.5269
ISIC_0027981.png,0.1481,0.1495,0.6942,52.5417
ISIC_0027986.png,0.4033,0.3603,0.5373,16.0923
ISIC_0027993.png,0.1475,0.2832,0.7357,27.0521
ISIC_0028003.png,0.0532,0.0617,0.8349,73.5332
ISIC_0028009.png,0.1688,0.1624,0.7227,21.4803
ISIC_0028018.png,0.1335,0.2091,0.6007,54.8611
ISIC_0028019.png,0.1952,0.1931,0.5917,42.595
ISIC_0028022.png,0.2915,0.4467,0.5013,18.0368
ISIC_0028024.png,0.0984,0.1178,0.6536,58.9732
ISIC_0028025.png,0.2169,0.2325,0.6353,41.4444
ISIC_0028027.png,0.1456,0.1008,0.7066,32.1498
ISIC_0028029.png,0.2248,0.218,0.5833,26.3681
ISIC_0028031.png,0.0788,0.1121,0.7569,19.7187
ISIC_0028041.png,0.1088,0.0849,0.8235,28.0849
ISIC_0028061.png,0.1632,0.1357,0.7311,35.054
ISIC_0028065.png,0.3998,0.4499,0.4718,18.9929
ISIC_0028069.png,0.1027,0.0721,0.8013,25.7332
ISIC_0028070.png,0.0933,0.0718,0.7026,38.3254
ISIC_0028071.png,0.1057,0.1683,0.7824,28.2818
ISIC_0028075.png,1.5157,1.593,0.017,2.7302
ISIC_0028081.png,0.3378,0.3441,0.5476,20.737
ISIC_0028082.png,1.7289,1.6612,0.0074,3.7945
ISIC_0028086.png,0.2835,0.2872,0.4848,49.8904
ISIC_0028087.png,0.181,0.1476,0.6739,25.783
ISIC_0028103.png,0.4729,0.8274,0.2258,14.035
ISIC_0028109.png,0.2351,0.1743,0.7078,16.5473
ISIC_0028114.png,0.1912,0.1354,0.3778,49.8687
ISIC_0028126.png,0.2535,0.1393,0.6232,55.7363
ISIC_0028127.png,0.2147,0.1038,0.5924,67.1862
ISIC_0028129.png,0.4554,0.4536,0.3862,18.2611
ISIC_0028131.png,0.2413,0.2622,0.7205,19.6488
ISIC_0028135.png,0.0768,0.0875,0.8334,26.1915
ISIC_0028136.png,0.1706,0.0942,0.6684,58.489
ISIC_0028152.png,0.3618,0.3928,0.2889,19.9913
ISIC_0028156.png,0.8062,0.6449,0.1732,11.9281
ISIC_0028173.png,0.2286,0.1921,0.3848,56.1702
ISIC_0028175.png,0.1343,0.1695,0.6419,33.3303
ISIC_0028176.png,0.1607,0.175,0.5494,46.0515
ISIC_0028181.png,0.1268,0.1366,0.7194,19.1354
ISIC_0028207.png,0.1281,0.1284,0.7146,47.8221
ISIC_0028211.png,0.2438,0.3637,0.3979,43.6913
ISIC_0028215.png,0.2377,0.1904,0.5712,13.6524
ISIC_0028219.png,0.0837,0.0739,0.8268,23.4977
ISIC_0028220.png,0.3047,0.2539,0.2926,29.7211
ISIC_0028225.png,0.2773,0.1914,0.6179,41.0208
ISIC_0028226.png,0.1492,0.101,0.8123,22.4614
ISIC_0028230.png,0.3591,0.2146,0.5864,33.1929
ISIC_0028239.png,0.1061,0.1228,0.6561,31.6153
ISIC_0028248.png,0.2833,0.1502,0.6958,61.324
ISIC_0028275.png,0.1578,0.1686,0.4852,41.589
ISIC_0028285.png,0.3698,0.3589,0.1697,31.6051
ISIC_0028291.png,0.3593,0.2773,0.3414,32.0267
ISIC_0028297.png,0.1393,0.136,0.7141,55.8812
ISIC_0028306.png,0.447,0.2336,0.3687,40.8722
ISIC_0028317.png,0.3132,0.1937,0.4948,27.6172
ISIC_0028319.png,0.8208,0.7359,0.2942,17.0947
ISIC_0028320.png,0.1207,0.1028,0.7287,45.3208
ISIC_0028325.png,0.4774,0.5463,0.3047,13.9126
ISIC_0028326.png,0.2143,0.1688,0.549,20.4321
ISIC_0028328.png,0.128,0.1455,0.746,26.4231
ISIC_0028338.png,0.1171,0.1458,0.7952,24.461
ISIC_0028341.png,0.2099,0.3084,0.6133,47.8665
ISIC_0028352.png,0.1623,0.2028,0.6622,17.2847
ISIC_0028361.png,0.7637,0.9369,0.3345,16.2966
ISIC_0028366.png,0.1152,0.1248,0.6418,42.9031
ISIC_0028379.png,0.1486,0.1282,0.6305,30.968
ISIC_0028394.png,0.1391,0.1801,0.6148,26.1774
ISIC_0028396.png,0.2072,0.0992,0.6383,57.3264
ISIC_0028397.png,0.1865,0.236,0.6066,38.1617
ISIC_0028405.png,0.1311,0.1686,0.7003,36.9165
ISIC_0028407.png,0.27,0.2991,0.5555,30.9696
ISIC_0028410.png,0.0752,0.1349,0.8053,38.0993
ISIC_0028412.png,0.2645,0.1256,0.6796,41.967
ISIC_0028415.png,0.1362,0.0556,0.6647,69.8335
ISIC_0028418.png,1.7489,1.821,0.0077,3.0259
ISIC_0028420.png,0.2926,0.2955,0.5737,37.6707
ISIC_0028422.png,0.1642,0.1688,0.5,66.2727
ISIC_0028444.png,0.1346,0.124,0.6951,52.1566
ISIC_0028445.png,0.1305,0.12,0.6851,34.4678
ISIC_0028462.png,0.1406,0.1329,0.724,44.7866
ISIC_0028465.png,0.1281,0.0996,0.7208,79.1851
ISIC_0028467.png,0.1381,0.1429,0.6011,28.7261
ISIC_0028469.png,0.3127,0.2334,0.6968,22.4762
ISIC_0028472.png,0.1988,0.1924,0.6178,42.0296
ISIC_0028477.png,0.153,0.1406,0.7698,15.1489
ISIC_0028481.png,0.5884,0.349,0.445,25.9952
ISIC_0028484.png,0.1148,0.1373,0.5844,33.0102
ISIC_0028488.png,0.1112,0.076,0.6411,59.0386
ISIC_0028489.png,0.2284,0.1788,0.7787,34.9263
ISIC_0028501.png,1.8546,1.8957,0.0126,2.5833
ISIC_0028505.png,0.3648,0.4171,0.2002,18.0783
ISIC_0028508.png,0.3233,0.0962,0.3946,53.6267
ISIC_0028512.png,0.3527,0.4701,0.3137,26.8343
ISIC_0028515.png,0.0983,0.1117,0.6878,49.8267
ISIC_0028520.png,0.1081,0.0879,0.6953,58.3263
ISIC_0028528.png,0.2512,0.2267,0.5757,55.3703
ISIC_0028534.png,0.2419,0.2125,0.6513,28.5017
ISIC_0028543.png,0.1731,0.1803,0.5363,68.1974
ISIC_0028548.png,0.4528,0.4963,0.226,20.5354
ISIC_0028554.png,0.1303,0.135,0.4764,52.4976
ISIC_0028557.png,0.2373,0.2313,0.6295,24.3126
ISIC_0028565.png,0.7557,0.2386,0.1525,2.7219
ISIC_0028567.png,0.7566,0.7107,0.268,22.8311
ISIC_0028573.png,0.5761,0.819,0.1657,12.4026
ISIC_0028579.png,0.1203,0.1468,0.7023,31.0833
ISIC_0028582.png,0.3801,0.4409,0.3319,29.4633
ISIC_0028584.png,0.2484,0.1187,0.6594,57.5216
ISIC_0028597.png,0.3418,0.3933,0.4022,14.9142
ISIC_0028606.png,0.1566,0.1237,0.7378,36.9865
ISIC_0028612.png,0.0719,0.0612,0.8072,40.1166
ISIC_0028616.png,0.168,0.1859,0.607,41.405
ISIC_0028618.png,0.1539,0.1925,0.744,21.5275
ISIC_0028626.png,0.1632,0.1509,0.5555,38.3015
ISIC_0028641.png,0.0705,0.0636,0.784,55.7868
ISIC_0028642.png,0.1887,0.1962,0.7805,42.7812
ISIC_0028655.png,0.9244,1.4947,0.0498,5.4867
ISIC_0028666.png,0.2324,0.164,0.4784,19.0565
ISIC_0028691.png,0.2466,0.3008,0.6675,25.6881
ISIC_0028692.png,0.1123,0.1118,0.6567,43.715
ISIC_0028696.png,0.1155,0.209,0.6569,50.8164
ISIC_0028698.png,0.1833,0.2062,0.6669,35.8564
ISIC_0028705.png,0.1793,0.1949,0.6611,26.3082
ISIC_0028716.png,0.2946,0.3269,0.4666,14.498
ISIC_0028718.png,0.113,0.1361,0.6835,69.7772
ISIC_0028723.png,0.0989,0.0437,0.8109,58.4565
ISIC_0028746.png,1.9105,1.6009,0.0111,2.5367
ISIC_0028751.png,0.1079,0.109,0.7251,68.4968
ISIC_0028755.png,0.2938,0.1927,0.6545,39.6181
ISIC_0028757.png,0.4078,0.3151,0.3673,16.932
ISIC_0028759.png,0.1484,0.1231,0.7183,33.5564
ISIC_0028764.png,1.1357,0.8505,0.2222,27.9667
ISIC_0028768.png,0.0951,0.0601,0.7733,19.8148
ISIC_0028773.png,0.279,0.1974,0.6332,66.3927
ISIC_0028780.png,0.3232,0.3281,0.6595,25.1387
ISIC_0028781.png,0.1655,0.0907,0.7315,50.7142
ISIC_0028788.png,0.1696,0.2485,0.6202,52.3845
ISIC_0028800.png,0.1625,0.338,0.7045,34.497
ISIC_0028839.png,0.1408,0.2137,0.5429,50.024
ISIC_0028847.png,0.2002,0.2212,0.3299,46.0302
ISIC_0028859.png,0.2532,0.1252,0.6673,48.8073
ISIC_0028874.png,0.1626,0.1409,0.6334,43.185
ISIC_0028878.png,0.5709,0.573,0.287,11.1466
ISIC_0028883.png,0.231,0.3043,0.5882,40.3699
ISIC_0028886.png,0.125,0.1245,0.6834,42.2637
ISIC_0028898.png,0.1949,0.1835,0.6597,56.3744
ISIC_0028903.png,0.2029,0.1213,0.6751,74.154
ISIC_0028906.png,0.1989,0.1817,0.5848,37.0637
ISIC_0028910.png,0.26,0.2249,0.5447,18.2235
ISIC_0028915.png,0.1517,0.2288,0.6848,53.4262
ISIC_0028916.png,0.6205,0.5766,0.2187,31.9014
ISIC_0028919.png,0.1313,0.1591,0.7336,30.7175
ISIC_0028929.png,0.5175,0.319,0.408,37.3593
ISIC_0028930.png,0.2684,0.1826,0.6968,26.7333
ISIC_0028944.png,0.1908,0.181,0.7091,64.9963
ISIC_0028945.png,0.6617,0.7839,0.1462,15.7859
ISIC_0028949.png,0.103,0.0807,0.743,52.6321
ISIC_0028967.png,0.1378,0.1368,0.5802,33.1157
ISIC_0028969.png,0.2317,0.5446,0.4628,50.8236
ISIC_0028976.png,0.1881,0.1833,0.7486,53.2295
ISIC_0028984.png,0.4494,0.1767,0.4847,48.0753
ISIC_0028986.png,0.2815,0.3117,0.5897,33.6742
ISIC_0028998.png,0.1765,0.1683,0.6743,26.9736
ISIC_0029000.png,0.0936,0.14,0.8076,40.0804
ISIC_0029007.png,0.1282,0.0978,0.6822,31.5159
ISIC_0029013.png,0.171,0.1179,0.77,26.3538
ISIC_0029017.png,0.0968,0.0942,0.7843,27.359
ISIC_0029021.png,0.3044,0.2507,0.4885,35.7799
ISIC_0029024.png,0.1724,0.1152,0.6636,43.0252
ISIC_0029026.png,0.3122,0.277,0.6575,24.8672
ISIC_0029028.png,1.7893,1.723,0.009,2.6439
ISIC_0029033.png,0.1407,0.1854,0.7513,57.7735
ISIC_0029050.png,0.1615,0.1867,0.6714,40.3104
ISIC_0029056.png,0.2,0.2262,0.6872,47.4881
ISIC_0029071.png,0.1569,0.2018,0.6734,18.0591
ISIC_0029078.png,0.5177,0.4407,0.2656,29.3516
ISIC_0029081.png,0.1711,0.2406,0.484,23.5067
ISIC_0029086.png,0.2143,0.1606,0.6823,28.9955
ISIC_0029089.png,0.6531,0.5323,0.3272,11.4168
ISIC_0029092.png,0.4387,0.3597,0.5369,55.2462
ISIC_0029094.png,0.5044,0.4663,0.3035,22.7117
ISIC_0029106.png,0.2072,0.1586,0.6387,49.7847
ISIC_0029112.png,0.1448,0.2156,0.5132,24.0419
ISIC_0029118.png,0.1665,0.1194,0.5263,50.5084
ISIC_0029120.png,0.1967,0.1971,0.5622,54.9076
ISIC_0029150.png,0.1754,0.181,0.5876,28.182
ISIC_0029157.png,0.097,0.1322,0.7298,53.15
ISIC_0029163.png,0.4893,0.5665,0.3149,24.6737
ISIC_0029170.png,0.2943,0.4548,0.5306,19.9829
ISIC_0029182.png,0.0843,0.1735,0.8665,10.3348
ISIC_0029189.png,0.0588,0.0765,0.7326,81.6338
ISIC_0029198.png,0.176,0.1988,0.5002,57.5463
ISIC_0029205.png,0.1177,0.1819,0.7738,50.1338
ISIC_0029209.png,1.6178,1.5882,0.0653,2.5605
ISIC_0029212.png,0.7159,0.4846,0.1619,27.0908
ISIC_0029214.png,0.1094,0.1158,0.706,43.0482
ISIC_0029216.png,0.6914,0.7013,0.1906,16.4214
ISIC_0029225.png,0.3907,0.2903,0.5764,28.8957
ISIC_0029244.png,0.1809,0.177,0.6891,23.448
ISIC_0029250.png,0.1511,0.2118,0.3752,43.5226
ISIC_0029281.png,0.1977,0.1522,0.6017,42.2255
ISIC_0029283.png,0.0834,0.1659,0.676,41.5563
ISIC_0029290.png,0.1209,0.1744,0.6078,37.86
ISIC_0029296.png,0.107,0.1045,0.8053,14.0935
ISIC_0029303.png,0.2364,0.1243,0.6369,40.9234
ISIC_0029316.png,0.6421,0.4814,0.2596,28.1291
ISIC_0029318.png,0.5907,0.7126,0.2265,34.3786
ISIC_0029322.png,0.1162,0.2275,0.5632,45.6454
ISIC_0029328.png,0.443,0.5217,0.1471,15.0713
ISIC_0029339.png,0.1365,0.3007,0.5967,39.4548
ISIC_0029343.png,0.1698,0.1631,0.8111,21.234
ISIC_0029349.png,0.0803,0.0549,0.752,38.8741
ISIC_0029353.png,0.6422,0.4516,0.2897,11.5418
ISIC_0029363.png,0.3077,0.1468,0.4522,27.6299
ISIC_0029374.png,0.106,0.1139,0.6656,26.1856
ISIC_0029383.png,0.1867,0.2242,0.7278,25.6121
ISIC_0029389.png,0.5095,0.5517,0.0673,18.0248
ISIC_0029395.png,0.254,0.2112,0.4354,34.3615
ISIC_0029397.png,0.5872,0.2724,0.4867,37.8799
ISIC_0029405.png,0.2125,0.2648,0.5745,18.1902
ISIC_0029409.png,0.2127,0.2044,0.6944,21.0984
ISIC_0029433.png,0.3251,0.331,0.3531,16.0157
ISIC_0029441.png,0.1144,0.1222,0.6861,30.1302
ISIC_0029453.png,0.1846,0.1077,0.689,3.5511
ISIC_0029459.png,0.1191,0.1861,0.6647,29.7328
ISIC_0029470.png,0.109,0.1437,0.6679,40.3173
ISIC_0029478.png,0.2573,0.2048,0.669,54.0443
ISIC_0029480.png,0.0964,0.0858,0.7758,23.8874
ISIC_0029481.png,0.0969,0.072,0.5426,49.1226
ISIC_0029495.png,0.1072,0.1062,0.7677,32.4252
ISIC_0029502.png,0.351,0.3784,0.4259,7.7816
ISIC_0029508.png,0.2459,0.3015,0.6183,34.607
ISIC_0029513.png,0.6143,0.3911,0.2282,18.2525
ISIC_0029531.png,0.1798,0.3168,0.5978,10.6401
ISIC_0029538.png,0.275,0.1234,0.7455,28.1995
ISIC_0029550.png,0.1326,0.1877,0.5555,24.0111
ISIC_0029561.png,1.3796,1.5537,0.017,2.4781
ISIC_0029562.png,0.7812,0.133,0.1456,2.7003
ISIC_0029570.png,0.2711,0.2621,0.6852,16.7738
ISIC_0029571.png,0.198,0.1729,0.6721,28.4044
ISIC_0029572.png,0.2426,0.193,0.5995,45.2859
ISIC_0029574.png,0.2786,0.4212,0.3942,27.3334
ISIC_0029575.png,0.7339,0.3668,0.3496,18.2295
ISIC_0029581.png,0.2034,0.1298,0.7184,62.044
ISIC_0029591.png,0.3392,0.3193,0.55,23.3542
ISIC_0029593.png,0.2118,0.199,0.6059,46.2952
ISIC_0029606.png,0.1157,0.1543,0.7831,39.7692
ISIC_0029609.png,0.4539,0.3222,0.5399,17.8771
ISIC_0029626.png,1.7875,1.8569,0.0165,2.8585
ISIC_0029630.png,1.8428,1.7516,0.0084,2.654
ISIC_0029639.png,0.4226,0.2924,0.5778,15.7182
ISIC_0029651.png,0.326,0.2501,0.5915,46.6107
ISIC_0029652.png,0.2928,0.4188,0.5216,40.8989
ISIC_0029660.png,0.1052,0.1241,0.7162,26.4231
ISIC_0029672.png,0.7942,1.1725,0.1503,13.5778
ISIC_0029675.png,0.2807,0.1826,0.6629,24.792
ISIC_0029684.png,0.0844,0.1374,0.7456,46.9793
ISIC_0029686.png,0.5464,0.3902,0.1723,21.6823
ISIC_0029693.png,0.1943,0.2597,0.6539,32.5362
ISIC_0029698.png,0.1826,0.351,0.346,29.2349
ISIC_0029705.png,0.257,0.2173,0.5238,15.1294
ISIC_0029711.png,0.0695,0.0681,0.7849,47.8324
ISIC_0029716.png,0.1258,0.1974,0.6195,59.2309
ISIC_0029718.png,0.1697,0.2429,0.54,44.9149
ISIC_0029723.png,0.2185,0.2537,0.6217,20.7439
ISIC_0029729.png,0.1382,0.2954,0.6694,26.1257
ISIC_0029732.png,0.0733,0.0902,0.7309,55.4441
ISIC_0029736.png,0.1674,0.2119,0.6495,34.354
ISIC_0029740.png,0.1233,0.2316,0.541,56.3448
ISIC_0029744.png,0.6064,0.424,0.1994,21.0574
ISIC_0029761.png,0.1285,0.2681,0.6402,37.5489
ISIC_0029777.png,0.2805,0.3017,0.483,29.0573
ISIC_0029803.png,0.1223,0.1054,0.7116,49.2752
ISIC_0029809.png,0.3719,0.2979,0.3396,38.1022
ISIC_0029814.png,0.1124,0.2089,0.4261,56.8059
ISIC_0029815.png,0.1084,0.1672,0.6561,44.9426
ISIC_0029825.png,0.1875,0.2942,0.5557,15.7031
ISIC_0029839.png,0.0987,0.0979,0.7476,51.363
ISIC_0029843.png,0.1545,0.1553,0.618,38.2509
ISIC_0029859.png,0.1154,0.1048,0.6861,61.9806
ISIC_0029863.png,0.1178,0.1154,0.6937,38.9572
ISIC_0029868.png,0.1142,0.0791,0.7646,39.5984
ISIC_0029874.png,0.1423,0.1079,0.7257,38.3899
ISIC_0029881.png,0.3673,0.3302,0.5204,20.0483
ISIC_0029885.png,0.1733,0.1717,0.4015,37.8739
ISIC_0029893.png,0.4238,0.6569,0.2373,15.8262
ISIC_0029898.png,0.1981,0.1827,0.6612,44.913
ISIC_0029902.png,0.1961,0.1863,0.6942,12.3187
ISIC_0029905.png,0.1248,0.1307,0.5238,39.6261
ISIC_0029906.png,0.2516,0.2025,0.4965,38.88
ISIC_0029909.png,1.6875,1.6968,0.0091,2.9356
ISIC_0029910.png,0.1045,0.1255,0.6102,63.5182
ISIC_0029913.png,0.078,0.2137,0.8031,22.1692
ISIC_0029914.png,0.1519,0.1419,0.671,29.3887
ISIC_0029933.png,0.1306,0.1345,0.6452,43.6764
ISIC_0029934.png,0.196,0.1315,0.6891,25.0049
ISIC_0029937.png,0.1398,0.1433,0.7628,57.5182
ISIC_0029942.png,0.2121,0.189,0.5748,27.9385
ISIC_0029944.png,0.1667,0.18,0.6311,44.1313
ISIC_0029950.png,0.1901,0.168,0.543,32.6133
ISIC_0029963.png,0.0865,0.1326,0.794,55.1425
ISIC_0029970.png,0.2073,0.2119,0.5727,34.3806
ISIC_0029982.png,0.1497,0.1342,0.7554,17.4028
ISIC_0029993.png,0.137,0.1192,0.6812,43.559
ISIC_0029995.png,0.3889,0.4365,0.1555,28.1493
ISIC_0029998.png,0.2084,0.4454,0.5266,19.7416
ISIC_0030002.png,0.2023,0.2291,0.615,58.4773
ISIC_0030003.png,0.1211,0.1556,0.6561,57.4582
ISIC_0030006.png,0.1438,0.188,0.6256,46.7362
ISIC_0030017.png,0.1448,0.1162,0.7578,41.3541
ISIC_0030029.png,0.1603,0.0965,0.6923,43.8657
ISIC_0030032.png,0.2364,0.3269,0.5694,36.4371
ISIC_0030034.png,0.1624,0.2343,0.5655,51.1024
ISIC_0030047.png,0.1396,0.2162,0.6763,34.0606
ISIC_0030060.png,0.2557,0.214,0.542,46.3372
ISIC_0030072.png,0.1177,0.0892,0.6403,48.4599
ISIC_0030077.png,0.103,0.1068,0.5866,54.5331
ISIC_0030080.png,0.3493,0.2701,0.4353,34.9701
ISIC_0030083.png,0.1787,0.1916,0.607,61.6541
ISIC_0030085.png,0.3849,0.3034,0.4106,15.5922
ISIC_0030087.png,0.1366,0.1474,0.6523,55.2784
ISIC_0030089.png,0.6228,0.241,0.1512,2.5816
ISIC_0030101.png,0.096,0.0983,0.6674,32.9764
ISIC_0030106.png,0.2164,0.1676,0.486,46.1522
ISIC_0030107.png,0.2193,0.274,0.4534,28.3089
ISIC_0030110.png,0.3492,0.2369,0.4644,29.6046
ISIC_0030116.png,0.1242,0.1295,0.7742,51.4421
ISIC_0030119.png,0.2582,0.2125,0.5983,9.9719
ISIC_0030122.png,0.2224,0.1748,0.668,38.973
ISIC_0030128.png,0.0746,0.0968,0.7788,51.4298
ISIC_0030129.png,0.1308,0.1027,0.596,32.7674
ISIC_0030135.png,0.0694,0.1618,0.7295,40.0574
ISIC_0030139.png,0.3138,0.1849,0.6729,14.5384
ISIC_0030150.png,0.3116,0.2315,0.3519,38.3309
ISIC_0030156.png,0.671,0.6497,0.1311,21.9055
ISIC_0030171.png,0.321,0.255,0.3972,17.3354
ISIC_0030183.png,0.3092,0.3142,0.3517,22.4513
ISIC_0030193.png,0.0873,0.1035,0.795,35.2182
ISIC_0030194.png,0.2078,0.177,0.6419,46.5595
ISIC_0030211.png,0.2615,0.2629,0.4817,63.6614
ISIC_0030219.png,0.2795,0.4715,0.3246,22.7148
ISIC_0030235.png,0.4009,0.6795,0.337,14.8202
ISIC_0030237.png,0.3419,0.1896,0.5537,48.6045
ISIC_0030238.png,0.123,0.2202,0.5296,54.6155
ISIC_0030254.png,0.1553,0.2708,0.6812,39.0489
ISIC_0030255.png,0.1402,0.137,0.7999,21.3293
ISIC_0030259.png,0.171,0.2191,0.6196,18.2325
ISIC_0030281.png,0.0868,0.1508,0.7826,18.9054
ISIC_0030291.png,0.2421,0.2409,0.7055,18.9966
ISIC_0030296.png,0.1757,0.1531,0.7063,36.1377
ISIC_0030300.png,0.1472,0.2125,0.6127,14.7525
ISIC_0030313.png,0.1556,0.1628,0.6275,30.864
ISIC_0030333.png,0.6888,0.7682,0.3272,25.3262
ISIC_0030336.png,0.6927,1.0597,0.1029,18.2289
ISIC_0030342.png,0.1124,0.1181,0.5952,35.7586
ISIC_0030353.png,0.2659,0.2299,0.4777,48.0535
ISIC_0030356.png,0.1112,0.1277,0.7547,69.0832
ISIC_0030360.png,0.5216,0.4965,0.4437,20.0381
ISIC_0030366.png,0.157,0.1871,0.6277,53.4223
ISIC_0030373.png,0.1728,0.3364,0.5951,35.1222
ISIC_0030391.png,0.1767,0.1745,0.7421,36.1001
ISIC_0030392.png,0.1199,0.1089,0.7689,54.9696
ISIC_0030393.png,0.2943,0.2303,0.6092,57.496
ISIC_0030404.png,0.2331,0.1431,0.5436,62.7684
ISIC_0030407.png,0.3251,0.2842,0.5116,39.7328
ISIC_0030417.png,0.3764,0.2651,0.4773,15.3748
ISIC_0030423.png,1.8746,1.5999,0.0139,2.6549
ISIC_0030428.png,0.1359,0.1556,0.6149,49.7918
ISIC_0030434.png,0.0823,0.1105,0.6101,28.6468
ISIC_0030435.png,0.2043,0.1889,0.6502,56.2161
ISIC_0030437.png,0.1894,0.1798,0.707,41.8905
ISIC_0030440.png,0.1456,0.3391,0.7513,30.5852
ISIC_0030443.png,0.0914,0.1963,0.6515,31.3905
ISIC_0030447.png,0.1668,0.1675,0.7662,49.0166
ISIC_0030457.png,0.1609,0.1737,0.6805,36.8635
ISIC_0030462.png,0.1046,0.0813,0.628,47.9168
ISIC_0030469.png,0.1278,0.1491,0.6909,45.3655
ISIC_0030470.png,0.1442,0.1372,0.5167,38.2137
ISIC_0030481.png,0.7335,0.6725,0.1007,25.4361
ISIC_0030484.png,0.2013,0.2145,0.5802,35.8532
ISIC_0030492.png,0.3034,0.301,0.534,58.368
ISIC_0030501.png,0.294,0.2309,0.5544,28.1472
ISIC_0030506.png,0.1652,0.185,0.6301,37.1855
ISIC_0030508.png,0.9577,0.8903,0.0628,6.0821
ISIC_0030512.png,0.1132,0.151,0.7059,45.3296
ISIC_0030518.png,0.193,0.1554,0.7287,39.5729
ISIC_0030519.png,0.0868,0.2187,0.716,31.777
ISIC_0030535.png,0.1308,0.1283,0.7472,16.4688
ISIC_0030541.png,0.1491,0.1453,0.5121,36.8139
ISIC_0030546.png,0.3384,0.4044,0.5888,24.2065
ISIC_0030552.png,0.1346,0.3992,0.5683,28.7373
ISIC_0030554.png,0.3292,0.3757,0.3127,31.0303
ISIC_0030563.png,0.1629,0.1875,0.6054,35.8356
ISIC_0030575.png,0.1808,0.2826,0.5658,42.9436
ISIC_0030592.png,0.6175,0.6072,0.2422,21.6434
ISIC_0030596.png,0.2592,0.2156,0.3723,22.4362
ISIC_0030597.png,0.1371,0.2917,0.6426,46.1558
ISIC_0030610.png,0.1819,0.0929,0.6928,61.5492
ISIC_0030616.png,0.6699,0.3099,0.3903,13.9852
ISIC_0030623.png,0.0582,0.0764,0.8106,31.5356
ISIC_0030641.png,0.284,0.2171,0.6791,16.9133
ISIC_0030653.png,0.1287,0.1212,0.7581,28.71
ISIC_0030656.png,0.1508,0.1469,0.6151,40.3335
ISIC_0030657.png,0.1581,0.18,0.7351,28.6458
ISIC_0030660.png,0.0936,0.0852,0.7091,41.802
ISIC_0030663.png,0.2499,0.2408,0.6576,19.5877
ISIC_0030666.png,0.3384,0.1708,0.7638,16.9758
ISIC_0030681.png,0.1498,0.1745,0.727,64.0644
ISIC_0030689.png,0.3069,0.3335,0.4913,25.0876
ISIC_0030694.png,0.2358,0.2282,0.6351,25.4514
ISIC_0030695.png,0.2993,0.2767,0.501,49.6213
ISIC_0030697.png,0.1047,0.0706,0.8437,16.6155
ISIC_0030703.png,0.1301,0.1257,0.816,47.2187
ISIC_0030704.png,0.1685,0.1115,0.7487,38.7622
ISIC_0030718.png,0.1014,0.2091,0.7104,38.0592
ISIC_0030725.png,0.0702,0.0542,0.7977,32.1714
ISIC_0030729.png,0.3487,0.3237,0.5509,13.5261
ISIC_0030732.png,0.3011,0.3165,0.3545,23.9891
ISIC_0030747.png,0.1464,0.1664,0.6993,37.349
ISIC_0030749.png,0.0911,0.0773,0.7253,55.019
ISIC_0030751.png,0.2282,0.2833,0.7214,26.0727
ISIC_0030754.png,0.3038,0.3119,0.4335,21.9912
ISIC_0030760.png,0.1833,0.2171,0.5051,26.6716
ISIC_0030769.png,0.1423,0.0747,0.6644,71.6588
ISIC_0030774.png,0.321,0.3596,0.1768,28.7989
ISIC_0030780.png,0.1449,0.1646,0.6673,45.8013
ISIC_0030784.png,0.6965,0.6285,0.3275,11.8393
ISIC_0030795.png,0.1027,0.1446,0.7743,47.5575
ISIC_0030798.png,1.8992,1.6682,0.0088,2.4888
ISIC_0030817.png,0.109,0.1398,0.6679,62.2674
ISIC_0030818.png,0.1445,0.0861,0.7819,36.7076
ISIC_0030820.png,0.2329,0.163,0.54,58.7593
ISIC_0030824.png,0.1833,0.2599,0.5294,42.9598
ISIC_0030828.png,0.0915,0.0631,0.8078,35.2633
ISIC_0030829.png,0.102,0.0962,0.7042,29.6154
ISIC_0030831.png,0.1382,0.0851,0.7686,46.6548
ISIC_0030833.png,0.2558,0.3061,0.5524,38.1712
ISIC_0030843.png,0.1998,0.1994,0.6815,36.1034
ISIC_0030845.png,0.3178,0.1706,0.6423,44.778
ISIC_0030852.png,0.1721,0.328,0.4545,42.9829
ISIC_0030856.png,0.169,0.1545,0.6865,31.4897
ISIC_0030860.png,0.1223,0.1634,0.6074,38.0392
ISIC_0030873.png,0.6524,0.6634,0.2123,34.7514
ISIC_0030889.png,0.6838,0.6772,0.3037,14.599
ISIC_0030898.png,0.2702,0.1539,0.6202,24.2664
ISIC_0030900.png,0.1362,0.1541,0.7424,22.4465
ISIC_0030901.png,0.423,0.2642,0.3085,41.9655
ISIC_0030910.png,0.1951,0.2262,0.3554,34.2224
ISIC_0030911.png,0.1107,0.1559,0.7573,37.3653
ISIC_0030913.png,0.1407,0.1443,0.6372,48.4624
ISIC_0030916.png,0.1786,0.172,0.593,40.0462
ISIC_0030921.png,0.2008,0.4429,0.425,46.2785
ISIC_0030922.png,0.2017,0.1356,0.5644,41.5238
ISIC_0030929.png,0.5456,0.3027,0.504,20.5942
ISIC_0030932.png,0.3503,0.2217,0.5631,18.1765
ISIC_0030943.png,0.1016,0.1413,0.6799,46.6783
ISIC_0030951.png,0.1493,0.1588,0.6095,54.0139
ISIC_0030952.png,0.1079,0.1517,0.5908,53.6172
ISIC_0030957.png,0.1174,0.2191,0.7662,67.6624
ISIC_0030963.png,0.1134,0.1049,0.6967,35.9959
ISIC_0030969.png,0.1273,0.1291,0.5871,46.5319
ISIC_0030970.png,0.2341,0.2324,0.5323,41.3224
ISIC_0030974.png,0.3337,0.3062,0.6479,40.2024
ISIC_0030981.png,0.2129,0.1898,0.734,15.0342
ISIC_0030985.png,0.3025,0.4011,0.4208,23.533
ISIC_0030994.png,0.4508,0.4443,0.3824,27.6815
ISIC_0030995.png,0.3479,0.2281,0.4659,43.6485
ISIC_0031005.png,0.8581,0.4107,0.405,17.182
ISIC_0031010.png,0.1271,0.125,0.7101,20.5247
ISIC_0031013.png,0.347,0.2561,0.3509,42.5246
ISIC_0031015.png,0.4085,0.3218,0.4389,21.0962
ISIC_0031018.png,0.1424,0.097,0.7588,26.1641
ISIC_0031021.png,0.1596,0.1828,0.6427,23.8977
ISIC_0031028.png,0.2554,0.0954,0.6617,36.3328
ISIC_0031034.png,0.4062,0.3585,0.1972,24.5786
ISIC_0031039.png,0.2705,0.1693,0.619,20.2456
ISIC_0031045.png,0.2163,0.2113,0.6006,28.9083
ISIC_0031070.png,0.0886,0.1598,0.7669,33.7775
ISIC_0031074.png,0.1094,0.091,0.6912,32.7413
ISIC_0031077.png,0.5322,0.2464,0.3982,23.7563
ISIC_0031079.png,0.1249,0.1726,0.6822,41.4752
ISIC_0031087.png,1.8685,1.6757,0.0546,2.5603
ISIC_0031096.png,0.0951,0.1269,0.7402,27.6489
ISIC_0031101.png,0.3331,0.1873,0.6384,31.3021
ISIC_0031104.png,0.1362,0.135,0.5517,41.3888
ISIC_0031118.png,0.4466,0.3108,0.3997,19.9733
ISIC_0031127.png,0.0723,0.0613,0.808,56.9128
ISIC_0031146.png,0.4173,0.3231,0.4171,37.9202
ISIC_0031155.png,0.1059,0.1758,0.7277,36.9446
ISIC_0031170.png,0.9584,0.9649,0.141,20.8527
ISIC_0031184.png,0.2757,0.1778,0.4865,39.7775
ISIC_0031202.png,0.1804,0.1297,0.5396,44.0026
ISIC_0031203.png,0.3644,0.4312,0.4622,19.1286
ISIC_0031204.png,0.1749,0.272,0.5294,50.2582
ISIC_0031208.png,0.1778,0.2103,0.6292,62.2542
ISIC_0031213.png,0.111,0.1107,0.7783,47.4494
ISIC_0031214.png,0.205,0.1714,0.4702,43.895
ISIC_0031221.png,0.204,0.2167,0.7632,16.139
ISIC_0031224.png,0.1585,0.1132,0.7319,45.4944
ISIC_0031233.png,0.1684,0.2376,0.5214,58.738
ISIC_0031246.png,0.1459,0.1362,0.709,60.6315
ISIC_0031248.png,0.122,0.2031,0.6003,61.6215
ISIC_0031249.png,0.4308,0.5394,0.5256,6.6927
ISIC_0031278.png,0.2258,0.2252,0.6113,47.7835
ISIC_0031293.png,0.1068,0.0757,0.7848,22.826
ISIC_0031295.png,0.4217,0.3034,0.5469,34.2643
ISIC_0031303.png,0.4052,0.3508,0.5596,13.4309
ISIC_0031304.png,0.1281,0.2394,0.7013,28.1646
ISIC_0031310.png,0.3178,0.3128,0.3809,26.859
ISIC_0031324.png,0.0895,0.1253,0.6697,42.7365
ISIC_0031325.png,1.7981,1.9025,0.0229,2.8542
ISIC_0031337.png,0.2874,0.2838,0.6734,24.1515
ISIC_0031338.png,0.1029,0.1184,0.7361,29.9157
ISIC_0031350.png,0.364,0.3698,0.5218,21.6971
ISIC_0031356.png,0.1108,0.1474,0.7702,30.1772
ISIC_0031357.png,0.1041,0.1032,0.7562,45.969
ISIC_0031363.png,0.2285,0.1472,0.6436,43.2384
ISIC_0031365.png,0.2092,0.2413,0.3736,28.5206
ISIC_0031368.png,0.4495,0.5098,0.1875,26.9432
ISIC_0031369.png,0.6956,0.6927,0.2762,18.9715
ISIC_0031377.png,0.1754,0.1692,0.7368,19.2202
ISIC_0031379.png,0.1417,0.1861,0.6311,31.4169
ISIC_0031386.png,0.2875,0.91,0.2838,24.8548
ISIC_0031389.png,0.2083,0.1462,0.724,18.0665
ISIC_0031397.png,0.3925,0.4451,0.3881,16.3663
ISIC_0031401.png,1.3209,1.4974,0.0199,2.6074
ISIC_0031406.png,0.2811,0.2986,0.6436,12.1028
ISIC_0031408.png,0.4168,0.3013,0.3888,43.8627
ISIC_0031417.png,0.1731,0.1783,0.7087,23.4266
ISIC_0031422.png,0.1374,0.1432,0.6217,31.2213
ISIC_0031425.png,1.7471,1.8113,0.0122,3.5263
ISIC_0031438.png,0.0696,0.1375,0.7565,45.9565
ISIC_0031463.png,0.1184,0.1316,0.6822,43.6249
ISIC_0031472.png,0.3101,0.3105,0.6115,34.6043
ISIC_0031477.png,0.0556,0.0799,0.8272,44.5884
ISIC_0031482.png,0.1383,0.132,0.5462,57.0799
ISIC_0031494.png,1.5668,1.614,0.0142,2.5816
ISIC_0031499.png,0.1561,0.2788,0.5749,47.5688
ISIC_0031501.png,0.1365,0.2611,0.6989,14.7208
ISIC_0031507.png,0.4412,0.4854,0.434,32.3897
ISIC_0031517.png,0.5222,0.4191,0.0766,15.1986
ISIC_0031529.png,0.1318,0.1738,0.5587,52.3525
ISIC_0031543.png,1.5055,1.6046,0.0149,2.5401
ISIC_0031545.png,0.1527,0.1885,0.6563,37.579
ISIC_0031546.png,0.1675,0.1731,0.596,38.2999
ISIC_0031548.png,0.0888,0.1202,0.7085,38.7941
ISIC_0031550.png,0.3658,0.3238,0.5391,35.8526
ISIC_0031553.png,0.1919,0.1922,0.6346,48.5846
ISIC_0031561.png,0.1927,0.391,0.5004,22.8677
ISIC_0031565.png,0.2117,0.3035,0.632,31.0802
ISIC_0031575.png,0.1339,0.0835,0.6877,65.1387
ISIC_0031582.png,0.0766,0.1017,0.7379,52.5051
ISIC_0031586.png,0.3071,0.172,0.6786,38.6069
ISIC_0031589.png,0.2488,0.1707,0.5631,39.3568
ISIC_0031598.png,0.1048,0.1193,0.7819,22.1126
ISIC_0031611.png,0.0943,0.0799,0.7988,49.4171
ISIC_0031621.png,0.1057,0.2843,0.7198,48.9754
ISIC_0031625.png,0.1096,0.1474,0.7129,40.2732
ISIC_0031626.png,0.1129,0.0797,0.6541,41.4461
ISIC_0031627.png,0.1722,0.1722,0.6448,33.8943
ISIC_0031629.png,0.2889,0.2364,0.655,26.5119
ISIC_0031642.png,0.1241,0.183,0.6997,50.645
ISIC_0031649.png,0.234,0.1663,0.6184,30.4595
ISIC_0031671.png,0.0922,0.1062,0.7091,40.2436
ISIC_0031674.png,0.1873,0.1708,0.6463,73.0061
ISIC_0031680.png,0.1807,0.0974,0.7214,20.2326
ISIC_0031705.png,0.5934,0.4301,0.1553,2.6063
ISIC_0031709.png,0.3655,0.4424,0.4211,33.9027
ISIC_0031711.png,0.5638,0.2518,0.5563,37.4999
ISIC_0031717.png,0.2107,0.217,0.4973,26.8298
ISIC_0031726.png,0.3312,0.2086,0.6365,24.8605
ISIC_0031741.png,0.1378,0.1225,0.6811,39.0304
ISIC_0031742.png,0.3711,0.3252,0.4032,22.4792
ISIC_0031744.png,0.0892,0.113,0.727,39.1836
ISIC_0031745.png,0.2984,0.154,0.7265,21.7931
ISIC_0031746.png,0.6743,0.8752,0.2592,24.6326
ISIC_0031752.png,0.1921,0.1665,0.6196,53.4963
ISIC_0031763.png,0.1157,0.2374,0.5069,43.873
ISIC_0031784.png,0.4166,0.47,0.2546,19.1807
ISIC_0031785.png,0.2344,0.2708,0.678,27.8612
ISIC_0031795.png,0.2057,0.2097,0.1679,37.2078
ISIC_0031800.png,0.1433,0.2157,0.6572,53.2263
ISIC_0031807.png,0.1869,0.206,0.7518,28.7574
ISIC_0031821.png,0.1116,0.1184,0.8059,30.0671
ISIC_0031829.png,0.2618,0.17,0.5394,16.8561
ISIC_0031835.png,0.1302,0.0937,0.6167,35.4178
ISIC_0031843.png,0.1135,0.1939,0.6361,47.0958
ISIC_0031844.png,0.1248,0.1254,0.5603,44.5059
ISIC_0031863.png,0.1599,0.1346,0.6776,56.9182
ISIC_0031877.png,0.0658,0.166,0.7454,41.7224
ISIC_0031883.png,0.1573,0.1785,0.6761,33.9908
ISIC_0031891.png,0.2835,0.2892,0.408,43.7193
ISIC_0031900.png,0.6221,0.5552,0.1934,27.5304
ISIC_0031908.png,0.1293,0.1349,0.5086,58.6605
ISIC_0031909.png,0.1279,0.0996,0.6967,30.1455
ISIC_0031914.png,0.2697,0.1574,0.704,35.5647
ISIC_0031915.png,0.37,0.4344,0.5328,48.2794
ISIC_0031926.png,0.2612,0.1548,0.6587,42.9053
ISIC_0031931.png,0.8843,0.5887,0.2346,23.6597
ISIC_0031935.png,0.1539,0.0923,0.7523,66.1391
ISIC_0031941.png,0.4444,0.3844,0.4027,51.4678
ISIC_0031953.png,0.1285,0.212,0.7704,35.6374
ISIC_0031958.png,0.9699,0.8855,0.214,26.8588
ISIC_0031960.png,0.092,0.1055,0.7089,49.9176
ISIC_0031965.png,0.9389,0.7442,0.231,10.7572
ISIC_0031972.png,0.6278,0.5872,0.1607,29.1423
ISIC_0031977.png,0.1343,0.2482,0.6092,47.4825
ISIC_0031985.png,0.0898,0.1204,0.7472,44.3982
ISIC_0031997.png,0.1125,0.4071,0.5977,34.0597
ISIC_0031999.png,0.8881,0.263,0.3734,7.3779
ISIC_0032001.png,0.0734,0.0846,0.7641,62.6399
ISIC_0032005.png,0.3454,0.3431,0.404,26.1831
ISIC_0032012.png,0.1165,0.1793,0.6883,37.5014
ISIC_0032017.png,0.7179,0.5239,0.298,19.4981
ISIC_0032019.png,0.441,0.4792,0.3674,24.1078
ISIC_0032029.png,0.2174,0.2454,0.5881,25.3648
ISIC_0032033.png,0.1779,0.2222,0.6794,28.173
ISIC_0032034.png,0.2987,0.4524,0.5305,13.9567
ISIC_0032036.png,0.2284,0.3877,0.3041,36.6227
ISIC_0032044.png,0.3431,0.3397,0.3838,48.9108
ISIC_0032046.png,0.1173,0.3577,0.7015,13.7167
ISIC_0032047.png,0.2349,0.3751,0.552,30.0894
ISIC_0032052.png,0.2795,0.1933,0.5534,39.7894
ISIC_0032070.png,0.6136,0.7082,0.2514,18.6336
ISIC_0032072.png,0.3148,0.4003,0.3756,33.6173
ISIC_0032079.png,0.9642,0.7778,0.124,20.5627
ISIC_0032089.png,0.09,0.0883,0.7055,49.4914
ISIC_0032094.png,0.1562,0.271,0.6447,49.1413
ISIC_0032095.png,0.0964,0.0991,0.7084,51.8099
ISIC_0032098.png,0.5826,0.4482,0.4405,19.2354
ISIC_0032112.png,0.2922,0.5274,0.5589,23.8699
ISIC_0032121.png,1.4062,0.9041,0.0886,13.3476
ISIC_0032130.png,0.1767,0.1596,0.7491,40.8281
ISIC_0032133.png,0.0761,0.0644,0.6767,70.2416
ISIC_0032134.png,0.0936,0.1234,0.6669,72.2441
ISIC_0032140.png,0.2952,0.1131,0.6922,35.8985
ISIC_0032147.png,0.2529,0.106,0.6792,43.4142
ISIC_0032149.png,0.3409,0.183,0.6116,17.2592
ISIC_0032152.png,0.1761,0.1809,0.6056,34.5093
ISIC_0032160.png,0.3863,0.2638,0.5926,42.2869
ISIC_0032161.png,0.1646,0.1804,0.7054,33.5556
ISIC_0032162.png,0.1814,0.1665,0.5805,25.9543
ISIC_0032165.png,0.2178,0.1512,0.5834,34.9743
ISIC_0032171.png,0.1447,0.1659,0.7349,36.5742
ISIC_0032181.png,0.2411,0.2031,0.6248,36.212
ISIC_0032182.png,0.1814,0.2355,0.7138,12.4114
ISIC_0032187.png,1.2661,0.9834,0.1319,11.8308
ISIC_0032190.png,1.2235,1.1603,0.0386,7.0048
ISIC_0032192.png,0.3481,0.6655,0.231,31.7068
ISIC_0032197.png,0.4451,0.1834,0.4798,47.4465
ISIC_0032204.png,0.1085,0.0979,0.7463,41.7026
ISIC_0032226.png,0.2944,0.2049,0.6713,23.6824
ISIC_0032232.png,0.2075,0.2268,0.6736,33.6996
ISIC_0032233.png,0.2707,0.1479,0.5497,41.6384
ISIC_0032244.png,0.5092,0.6883,0.0765,13.6498
ISIC_0032248.png,0.4431,0.6955,0.1796,20.9167
ISIC_0032258.png,1.7963,1.647,0.012,4.3799
ISIC_0032265.png,0.2417,0.39,0.462,23.7574
ISIC_0032269.png,0.8208,1.0046,0.1642,18.8974
ISIC_0032272.png,0.3202,0.3636,0.0801,20.672
ISIC_0032278.png,1.5638,1.5878,0.0167,2.4515
ISIC_0032287.png,0.2146,0.2613,0.7115,9.867
ISIC_0032313.png,0.1139,0.1872,0.6433,37.771
ISIC_0032320.png,1.4802,1.5704,0.0157,2.5599
ISIC_0032331.png,0.1817,0.1848,0.7823,24.9836
ISIC_0032339.png,0.1072,0.1587,0.6898,72.2547
ISIC_0032341.png,0.2,0.2052,0.7758,16.7495
ISIC_0032342.png,0.1598,0.1593,0.7428,21.2217
ISIC_0032357.png,0.137,0.0923,0.6219,37.0055
ISIC_0032360.png,0.0996,0.1254,0.6929,50.4229
ISIC_0032369.png,0.2491,0.2013,0.6076,52.7516
ISIC_0032372.png,0.2855,0.2869,0.5314,30.6447
ISIC_0032377.png,0.1206,0.1078,0.6869,48.6031
ISIC_0032383.png,0.3264,0.3985,0.382,20.786
ISIC_0032396.png,0.58,0.268,0.3224,27.4797
ISIC_0032400.png,0.2521,0.3682,0.6631,28.6979
ISIC_0032408.png,0.3129,0.2531,0.439,44.9303
ISIC_0032413.png,0.1354,0.1518,0.6183,46.9954
ISIC_0032419.png,0.1577,0.142,0.6337,38.2029
ISIC_0032420.png,0.5892,0.5811,0.3318,26.3915
ISIC_0032424.png,0.4329,0.239,0.6207,68.948
ISIC_0032425.png,0.2323,0.1537,0.6559,67.094
ISIC_0032426.png,0.138,0.1561,0.5815,63.7281
ISIC_0032430.png,1.8449,1.6062,0.0104,3.0492
ISIC_0032433.png,0.2273,0.2617,0.3248,27.4971
ISIC_0032440.png,0.1835,0.2274,0.5074,37.7528
ISIC_0032441.png,0.2694,0.5139,0.5519,33.6637
ISIC_0032447.png,0.2988,0.2268,0.6227,50.2041
ISIC_0032462.png,0.1327,0.1367,0.5582,41.5908
ISIC_0032466.png,0.2518,0.2589,0.4591,22.8115
ISIC_0032472.png,0.1405,0.1371,0.7438,60.9515
ISIC_0032473.png,0.283,0.2609,0.6345,26.6348
ISIC_0032476.png,1.2415,1.101,0.1314,14.1019
ISIC_0032484.png,0.133,0.1576,0.6058,48.7603
ISIC_0032490.png,0.3512,0.1619,0.5134,38.0042
ISIC_0032492.png,0.3105,0.2496,0.5257,20.2578
ISIC_0032494.png,0.1175,0.0927,0.8054,36.6984
ISIC_0032504.png,0.3151,0.3151,0.5621,58.7177
ISIC_0032509.png,0.3184,0.4244,0.479,11.7716
ISIC_0032510.png,0.1088,0.1554,0.6407,57.2108
ISIC_0032516.png,0.2518,0.267,0.6961,14.0405
ISIC_0032517.png,0.2578,0.2487,0.5161,7.1236
ISIC_0032522.png,0.1654,0.1665,0.5348,54.3869
ISIC_0032526.png,0.0559,0.0831,0.8277,66.9739
ISIC_0032531.png,0.2648,0.2243,0.4375,22.3291
ISIC_0032532.png,0.4901,0.3878,0.355,14.7941
ISIC_0032535.png,0.2831,0.2504,0.4848,32.5127
ISIC_0032537.png,0.1754,0.1667,0.6032,27.5153
ISIC_0032540.png,0.0956,0.118,0.6991,29.4927
ISIC_0032543.png,0.146,0.1142,0.6704,59.5604
ISIC_0032544.png,0.866,0.7684,0.0679,15.3515
ISIC_0032546.png,0.11,0.0836,0.4746,61.565
ISIC_0032547.png,0.1348,0.1746,0.7001,69.6618
ISIC_0032549.png,0.6701,0.6612,0.1938,17.2139
ISIC_0032550.png,0.4794,0.5884,0.4338,34.5015
ISIC_0032551.png,0.1388,0.1737,0.6573,55.864
ISIC_0032558.png,0.0929,0.2124,0.706,29.6635
ISIC_0032559.png,0.4276,0.359,0.4238,17.5743
ISIC_0032561.png,0.1907,0.2229,0.4956,38.0327
ISIC_0032565.png,0.2529,0.0946,0.7293,46.7766
ISIC_0032569.png,0.3331,0.3775,0.41,27.7841
ISIC_0032583.png,0.282,0.2932,0.4228,14.4262
ISIC_0032586.png,0.441,0.8365,0.2136,34.2647
ISIC_0032587.png,0.0999,0.0989,0.7178,52.7811
ISIC_0032590.png,0.1519,0.1323,0.7493,19.2149
ISIC_0032596.png,0.1235,0.2767,0.6799,46.6354
ISIC_0032597.png,0.3025,0.1984,0.468,55.3547
ISIC_0032598.png,0.1288,0.2032,0.6802,51.9085
ISIC_0032600.png,0.1353,0.1615,0.8059,23.3938
ISIC_0032602.png,0.2515,0.1765,0.6378,56.9693
ISIC_0032603.png,0.1828,0.2491,0.2893,40.3048
ISIC_0032604.png,0.1824,0.3049,0.7083,32.4849
ISIC_0032610.png,0.1817,0.2635,0.7369,19.8087
ISIC_0032615.png,0.1721,0.0745,0.6568,61.6748
ISIC_0032617.png,0.3454,0.2115,0.3834,38.1768
ISIC_0032622.png,0.1842,0.1448,0.7989,65.4991
ISIC_0032624.png,0.6225,0.6194,0.3293,15.1135
ISIC_0032626.png,1.2329,0.7531,0.1976,6.1455
ISIC_0032629.png,0.3757,0.2927,0.3949,26.0488
ISIC_0032630.png,0.7392,0.7195,0.1812,18.5225
ISIC_0032635.png,0.14,0.1334,0.6866,31.3062
ISIC_0032637.png,0.1842,0.1044,0.7373,65.1603
ISIC_0032638.png,0.0874,0.0931,0.7004,54.6602
ISIC_0032645.png,0.4107,0.2763,0.4199,19.7253
ISIC_0032656.png,1.8346,1.7733,0.0181,2.6983
ISIC_0032671.png,0.2489,0.3385,0.4499,44.8023
ISIC_0032672.png,0.1704,0.2354,0.3678,39.3383
ISIC_0032680.png,0.2552,0.2764,0.5784,40.278
ISIC_0032682.png,0.2371,0.2147,0.5974,36.103
ISIC_0032684.png,0.1242,0.14,0.8029,54.8656
ISIC_0032685.png,0.3523,0.419,0.3876,34.2259
ISIC_0032687.png,0.8168,0.9745,0.0617,12.2028
ISIC_0032690.png,0.2629,0.1985,0.6398,22.2637
ISIC_0032695.png,0.4256,0.3355,0.0835,24.2635
ISIC_0032699.png,0.2102,0.1926,0.5898,31.6294
ISIC_0032701.png,0.1308,0.1209,0.7205,38.024
ISIC_0032709.png,0.1167,0.1493,0.7595,62.283
ISIC_0032716.png,0.1925,0.2071,0.6475,32.0895
ISIC_0032717.png,0.1172,0.1384,0.6251,40.9262
ISIC_0032718.png,0.6516,0.9652,0.2274,22.5939
ISIC_0032721.png,0.1849,0.2003,0.3832,40.7156
ISIC_0032722.png,0.2197,0.2322,0.4637,39.7893
ISIC_0032723.png,0.2718,0.1816,0.5889,30.8087
ISIC_0032724.png,0.2774,0.1715,0.6456,44.2462
ISIC_0032726.png,0.7989,0.7659,0.1623,19.4011
ISIC_0032736.png,0.6416,0.9509,0.253,23.5978
ISIC_0032742.png,0.1572,0.2132,0.6105,20.104
ISIC_0032747.png,0.1623,0.1823,0.7272,39.3405
ISIC_0032750.png,0.2136,0.1176,0.6175,51.7278
ISIC_0032751.png,0.2618,0.1879,0.5089,40.7833
ISIC_0032759.png,0.1956,0.209,0.6417,34.6902
ISIC_0032762.png,0.2418,0.2453,0.7101,51.756
ISIC_0032766.png,0.5838,0.2054,0.4344,29.6607
ISIC_0032771.png,0.2005,0.1443,0.643,48.8477
ISIC_0032774.png,0.0869,0.1529,0.7111,57.8825
ISIC_0032779.png,0.1204,0.1642,0.6537,32.247
ISIC_0032780.png,0.4108,0.4709,0.2891,16.2494
ISIC_0032782.png,0.3931,0.2466,0.3233,17.7715
ISIC_0032783.png,0.1592,0.1608,0.7162,68.5447
ISIC_0032784.png,0.1353,0.2337,0.6988,21.7223
ISIC_0032790.png,0.2716,0.3001,0.3493,35.2687
ISIC_0032797.png,0.1216,0.2678,0.7071,31.0001
ISIC_0032806.png,0.2219,0.2542,0.3316,43.0645
ISIC_0032810.png,0.1431,0.337,0.6193,27.7016
ISIC_0032812.png,0.1701,0.1889,0.4134,43.2049
ISIC_0032820.png,0.2024,0.1916,0.5406,51.662
ISIC_0032823.png,0.2122,0.1816,0.5697,67.8535
ISIC_0032828.png,0.1136,0.113,0.6776,59.8768
ISIC_0032836.png,0.129,0.1222,0.7459,75.6596
ISIC_0032840.png,0.1887,0.2033,0.644,30.2323
ISIC_0032841.png,0.0854,0.051,0.7147,56.8753
ISIC_0032844.png,0.1913,0.2802,0.5734,27.3014
ISIC_0032845.png,0.1433,0.1416,0.772,60.806
ISIC_0032847.png,0.1307,0.1188,0.7051,45.2522
ISIC_0032856.png,0.4891,0.4548,0.2517,23.1707
ISIC_0032858.png,0.1057,0.1485,0.5873,57.1627
ISIC_0032861.png,0.08,0.0845,0.6906,45.1622
ISIC_0032862.png,0.1018,0.0932,0.6975,54.4174
ISIC_0032872.png,0.7994,0.6469,0.1567,24.0256
ISIC_0032873.png,0.3068,0.1982,0.3999,22.2226
ISIC_0032875.png,0.1598,0.1128,0.722,43.4383
ISIC_0032887.png,0.1054,0.1522,0.7351,54.4683
ISIC_0032892.png,0.6946,0.4464,0.2998,16.0433
ISIC_0032901.png,0.1998,0.1616,0.702,14.6618
ISIC_0032903.png,0.3605,0.5116,0.3729,25.1859
ISIC_0032907.png,0.0773,0.1011,0.7356,59.6452
ISIC_0032913.png,0.2726,0.4843,0.3652,22.8194
ISIC_0032914.png,0.3674,0.2352,0.3623,31.2831
ISIC_0032917.png,0.1144,0.1182,0.754,81.7942
ISIC_0032918.png,0.2637,0.4133,0.5032,31.3045
ISIC_0032921.png,0.1165,0.1233,0.5175,54.9345
ISIC_0032922.png,0.3735,0.4597,0.2112,35.4428
ISIC_0032925.png,0.0979,0.1543,0.7991,45.6869
ISIC_0032927.png,0.222,0.139,0.6956,40.3897
ISIC_0032928.png,0.2555,0.3294,0.3461,21.0757
ISIC_0032938.png,0.3024,0.2621,0.5355,38.5109
ISIC_0032939.png,0.1277,0.0693,0.7588,43.7793
ISIC_0032940.png,0.6109,0.2705,0.2393,38.5427
ISIC_0032945.png,0.1427,0.1411,0.6592,15.9941
ISIC_0032951.png,0.458,0.2351,0.347,16.6198
ISIC_0032954.png,0.3347,0.2655,0.5698,13.4275
ISIC_0032955.png,1.6528,1.6883,0.0172,2.8315
ISIC_0032960.png,0.4665,0.1319,0.6351,9.3305
ISIC_0032965.png,0.1054,0.1392,0.7417,69.699
ISIC_0032968.png,0.4279,0.354,0.2691,20.9368
ISIC_0032970.png,0.2925,0.357,0.2589,27.1943
ISIC_0032975.png,0.2952,0.2533,0.5493,63.7244
ISIC_0032976.png,0.1562,0.2414,0.564,41.974
ISIC_0032981.png,0.188,0.2518,0.6626,37.286
ISIC_0032982.png,0.1026,0.0672,0.8438,24.7467
ISIC_0032987.png,0.4857,0.2172,0.5562,15.691
ISIC_0032988.png,0.2126,0.2732,0.3455,40.0449
ISIC_0032993.png,0.2267,0.1081,0.6549,71.8306
ISIC_0032995.png,0.3092,0.4285,0.5318,50.8889
ISIC_0032996.png,0.099,0.1952,0.7209,33.1548
ISIC_0033004.png,0.1771,0.1513,0.5412,60.2924
ISIC_0033007.png,0.1968,0.1151,0.6942,60.0332
ISIC_0033016.png,0.1178,0.1119,0.5175,53.78
ISIC_0033017.png,0.3111,0.3827,0.4317,38.8244
ISIC_0033021.png,0.1163,0.1143,0.6575,64.7849
ISIC_0033024.png,1.1141,0.4922,0.108,2.568
ISIC_0033025.png,0.15,0.1603,0.6651,62.5291
ISIC_0033027.png,0.2611,0.3165,0.6433,11.3186
ISIC_0033029.png,1.6617,1.7866,0.0085,2.666
ISIC_0033037.png,0.313,0.3449,0.5061,33.6869
ISIC_0033042.png,0.1988,0.1652,0.6495,22.3902
ISIC_0033044.png,0.0824,0.1111,0.781,18.842
ISIC_0033047.png,0.1427,0.113,0.7208,51.828
ISIC_0033051.png,0.5755,0.5448,0.1838,16.2775
ISIC_0033055.png,1.4904,1.5115,0.0128,2.5637
ISIC_0033058.png,0.3444,0.2948,0.5154,23.914
ISIC_0033059.png,0.1157,0.1094,0.7798,53.5518
ISIC_0033061.png,0.6955,0.4779,0.0717,14.7184
ISIC_0033063.png,0.5267,0.8248,0.1786,13.1035
ISIC_0033068.png,1.5948,0.4314,0.0819,2.5366
ISIC_0033071.png,0.126,0.1164,0.4962,51.9215
ISIC_0033073.png,0.1011,0.1037,0.7947,37.9303
ISIC_0033074.png,0.1389,0.0994,0.6712,39.1238
ISIC_0033075.png,0.1203,0.1523,0.7314,21.999
ISIC_0033080.png,0.1134,0.2043,0.5542,52.3472
ISIC_0033081.png,0.1086,0.0982,0.7675,71.5585
ISIC_0033083.png,0.0624,0.1129,0.8009,60.9895
ISIC_0033086.png,0.1711,0.1498,0.6822,45.2398
ISIC_0033087.png,0.1616,0.1864,0.4826,44.9766
ISIC_0033089.png,0.2168,0.1241,0.4999,40.1579
ISIC_0033090.png,0.2016,0.1341,0.7023,47.0569
ISIC_0033091.png,0.1884,0.2348,0.7958,9.1275
ISIC_0033099.png,0.1544,0.2413,0.6909,81.7105
ISIC_0033103.png,0.0946,0.0944,0.6854,41.8247
ISIC_0033104.png,0.12,0.1782,0.7011,47.1908
ISIC_0033114.png,0.2917,0.1671,0.5438,36.5789
ISIC_0033117.png,0.0807,0.087,0.7498,48.3056
ISIC_0033119.png,0.2171,0.1883,0.5023,43.3969
ISIC_0033121.png,0.088,0.0989,0.7933,37.1904
ISIC_0033122.png,0.1293,0.1877,0.6581,59.2598
ISIC_0033125.png,0.4811,0.4012,0.3758,41.6829
ISIC_0033129.png,0.6274,0.3755,0.2106,38.3221
ISIC_0033137.png,0.0806,0.11,0.8339,22.0514
ISIC_0033148.png,0.139,0.1495,0.7505,49.0236
ISIC_0033149.png,0.2079,0.1428,0.5642,56.4523
ISIC_0033152.png,0.0715,0.0789,0.7995,18.3615
ISIC_0033154.png,0.2732,0.2162,0.6691,55.1548
ISIC_0033157.png,0.1384,0.2502,0.7639,41.6503
ISIC_0033164.png,0.1603,0.1659,0.7098,34.1354
ISIC_0033166.png,1.9396,1.4639,0.0284,2.5297
ISIC_0033168.png,0.1743,0.2234,0.5599,36.6901
ISIC_0033171.png,0.0964,0.1471,0.7894,31.1879
ISIC_0033174.png,0.1244,0.1233,0.6574,66.2021
ISIC_0033175.png,0.2518,0.1554,0.6814,27.5646
ISIC_0033178.png,0.2956,0.2801,0.5759,53.4806
ISIC_0033180.png,0.0581,0.0984,0.8439,31.6315
ISIC_0033181.png,0.1569,0.1108,0.6263,25.0705
ISIC_0033186.png,0.1497,0.1347,0.6983,66.6377
ISIC_0033192.png,0.308,0.2626,0.5902,55.1913
ISIC_0033193.png,0.1488,0.2723,0.6021,62.9851
ISIC_0033194.png,0.1272,0.1775,0.7164,36.3466
ISIC_0033196.png,0.1875,0.0892,0.7759,33.7514
ISIC_0033202.png,0.2057,0.2721,0.549,35.8466
ISIC_0033204.png,0.2074,0.1623,0.6233,59.3928
ISIC_0033206.png,0.4,0.4025,0.4797,24.4315
ISIC_0033211.png,0.1789,0.1837,0.686,49.7784
ISIC_0033213.png,0.0625,0.0743,0.8169,22.7631
ISIC_0033216.png,0.0687,0.0717,0.764,49.0807
ISIC_0033217.png,0.1504,0.199,0.5085,46.5347
ISIC_0033224.png,0.2463,0.2476,0.5501,49.352
ISIC_0033226.png,0.1857,0.2381,0.5695,47.5555
ISIC_0033228.png,0.1219,0.1179,0.7588,41.6618
ISIC_0033229.png,0.1112,0.1523,0.2986,44.6648
ISIC_0033232.png,0.1721,0.1523,0.5405,49.75
ISIC_0033233.png,0.1399,0.23,0.7136,27.9403
ISIC_0033238.png,0.354,0.2158,0.6644,16.5263
ISIC_0033239.png,0.4187,0.4881,0.1795,30.0859
ISIC_0033241.png,0.1198,0.2152,0.6728,74.4773
ISIC_0033245.png,0.2163,0.2413,0.4149,31.058
ISIC_0033250.png,0.0844,0.1244,0.7338,33.2648
ISIC_0033258.png,0.3834,0.3448,0.4213,52.0271
ISIC_0033261.png,0.7817,0.6987,0.1308,16.2972
ISIC_0033265.png,0.1945,0.2582,0.6309,33.708
ISIC_0033268.png,0.3084,0.511,0.3699,12.2698
ISIC_0033272.png,1.1001,1.0223,0.1047,20.2775
ISIC_0033273.png,0.1899,0.1608,0.8244,18.0519
ISIC_0033274.png,0.1649,0.1589,0.6728,72.3789
ISIC_0033275.png,0.082,0.1178,0.5043,54.2229
ISIC_0033278.png,0.2574,0.3402,0.2995,29.6125
ISIC_0033279.png,0.1246,0.2059,0.6908,36.23
ISIC_0033287.png,0.2776,0.2175,0.5488,16.917
ISIC_0033289.png,0.3171,0.1305,0.5443,48.0771
ISIC_0033299.png,0.387,0.3656,0.2385,29.842
ISIC_0033300.png,0.2648,0.1811,0.7143,33.4208
ISIC_0033302.png,0.1338,0.1499,0.5535,58.4704
ISIC_0033304.png,0.148,0.3308,0.641,37.3114
ISIC_0033309.png,0.202,0.1847,0.5715,25.7373
ISIC_0033317.png,0.1622,0.4855,0.5975,17.8467
ISIC_0033318.png,0.1736,0.0888,0.6485,32.4689
ISIC_0033319.png,0.5742,0.5128,0.3225,14.9778
ISIC_0033320.png,0.0472,0.0803,0.8552,38.0768
ISIC_0033323.png,0.3028,0.3515,0.3766,43.5502
ISIC_0033324.png,0.2886,0.4087,0.3816,27.0287
ISIC_0033325.png,0.3277,0.3734,0.4086,15.3439
ISIC_0033329.png,0.1286,0.0928,0.6569,32.2003
ISIC_0033332.png,0.3111,0.3076,0.4728,20.3882
ISIC_0033333.png,0.1123,0.1032,0.7781,64.5728
ISIC_0033336.png,0.7125,0.4712,0.4659,15.0738
ISIC_0033337.png,0.1404,0.1153,0.6999,46.9299
ISIC_0033341.png,0.1641,0.1519,0.6479,50.2033
ISIC_0033344.png,0.4311,0.6624,0.1915,29.9846
ISIC_0033359.png,0.2205,0.1965,0.4422,51.8039
ISIC_0033362.png,0.2479,0.3022,0.4627,33.6276
ISIC_0033365.png,0.1034,0.3153,0.7581,39.0794
ISIC_0033368.png,0.2454,0.231,0.519,56.3341
ISIC_0033369.png,0.308,0.2832,0.3949,17.5161
ISIC_0033374.png,0.1195,0.2032,0.7072,28.6498
ISIC_0033377.png,0.1906,0.1558,0.6715,23.4373
ISIC_0033384.png,0.0968,0.0843,0.7776,45.8581
ISIC_0033386.png,0.1334,0.1089,0.6869,43.6941
ISIC_0033387.png,0.0721,0.0898,0.8108,31.6628
ISIC_0033392.png,0.3637,0.2574,0.6217,53.1541
ISIC_0033393.png,0.2045,0.281,0.6918,69.0626
ISIC_0033394.png,0.1731,0.3704,0.6768,70.3718
ISIC_0033399.png,0.2529,0.2602,0.5471,64.5472
ISIC_0033405.png,0.1668,0.2228,0.3664,31.9999
ISIC_0033412.png,0.1486,0.3159,0.4565,21.6759
ISIC_0033415.png,0.4311,0.3429,0.3358,37.4228
ISIC_0033416.png,0.2028,0.2731,0.5579,42.197
ISIC_0033419.png,0.2502,0.1826,0.594,29.2675
ISIC_0033424.png,0.7969,0.5664,0.2643,25.8549
ISIC_0033427.png,0.0925,0.0736,0.7515,69.3524
ISIC_0033428.png,0.1928,0.3198,0.6851,38.2361
ISIC_0033429.png,0.2234,0.2349,0.7512,26.3915
ISIC_0033432.png,0.2004,0.206,0.6427,43.6684
ISIC_0033439.png,0.1391,0.0909,0.7088,13.2884
ISIC_0033444.png,0.231,0.2042,0.706,18.97
ISIC_0033452.png,0.1593,0.2179,0.6253,36.5358
ISIC_0033454.png,0.7496,0.8173,0.1155,15.0361
ISIC_0033463.png,0.066,0.0854,0.6587,36.5662
ISIC_0033464.png,0.0654,0.0685,0.754,61.2683
ISIC_0033470.png,0.0904,0.2699,0.7311,42.5432
ISIC_0033472.png,0.2219,0.1877,0.2358,33.5187
ISIC_0033473.png,0.3576,0.465,0.4526,23.6283
ISIC_0033476.png,0.1667,0.1313,0.614,67.6587
ISIC_0033479.png,0.1483,0.1268,0.6845,26.0551
ISIC_0033485.png,0.1617,0.0995,0.662,49.4438
ISIC_0033492.png,0.1717,0.3266,0.6407,57.4407
ISIC_0033496.png,0.1858,0.1645,0.6338,57.1429
ISIC_0033498.png,0.3713,0.441,0.2532,33.0115
ISIC_0033500.png,0.1046,0.1279,0.6121,68.0714
ISIC_0033501.png,0.2612,0.1357,0.6538,18.1808
ISIC_0033508.png,0.1463,0.1608,0.7017,42.4537
ISIC_0033512.png,0.177,0.2034,0.6925,17.3479
ISIC_0033517.png,0.2393,0.1694,0.6316,16.5699
ISIC_0033518.png,0.2269,0.2191,0.5941,51.8518
ISIC_0033519.png,0.1046,0.1409,0.6173,53.1349
ISIC_0033520.png,0.1738,0.1699,0.6191,45.7162
ISIC_0033524.png,0.3479,0.4153,0.4073,24.4458
ISIC_0033526.png,0.4999,0.2096,0.3823,29.8662
ISIC_0033530.png,0.2035,0.1325,0.6364,27.3264
ISIC_0033533.png,1.7551,1.4422,0.0085,3.9403
ISIC_0033534.png,1.1726,1.0274,0.1459,6.8858
ISIC_0033538.png,1.716,1.7866,0.0116,2.6587
ISIC_0033545.png,0.132,0.2048,0.6773,57.0198
ISIC_0033546.png,0.5047,0.4012,0.4181,12.3417
ISIC_0033549.png,0.1569,0.1337,0.7482,43.9206
ISIC_0033555.png,0.2911,0.244,0.6707,48.157
ISIC_0033560.png,0.0802,0.2717,0.7075,33.1585
ISIC_0033561.png,0.2066,0.1387,0.7322,20.1557
ISIC_0033562.png,0.2527,0.2404,0.3555,42.3095
ISIC_0033564.png,0.0786,0.0952,0.7753,65.4948
ISIC_0033568.png,0.0807,0.107,0.7394,51.1585
ISIC_0033569.png,0.1677,0.146,0.6579,46.0984
ISIC_0033570.png,0.1762,0.1124,0.5532,47.9548
ISIC_0033573.png,0.3599,0.1891,0.5853,22.9428
ISIC_0033574.png,0.1445,0.1359,0.7503,46.7775
ISIC_0033578.png,0.2462,0.2955,0.5315,25.9714
ISIC_0033584.png,0.1438,0.2017,0.7199,11.0206
ISIC_0033585.png,0.1638,0.2193,0.6726,63.0261
ISIC_0033586.png,0.2632,0.184,0.4739,59.4317
ISIC_0033589.png,0.186,0.1795,0.6246,29.6741
ISIC_0033594.png,0.217,0.1783,0.7155,33.5107
ISIC_0033595.png,0.2045,0.2192,0.3321,43.0605
ISIC_0033603.png,0.0619,0.0861,0.7534,67.8129
ISIC_0033605.png,0.085,0.1168,0.7643,49.6727
ISIC_0033607.png,0.0953,0.0797,0.7342,36.0777
ISIC_0033612.png,0.1279,0.1142,0.7381,46.7393
ISIC_0033616.png,0.1571,0.2304,0.7365,65.6372
ISIC_0033619.png,0.2657,0.3402,0.6564,36.2766
ISIC_0033621.png,0.1596,0.0471,0.6762,18.9618
ISIC_0033625.png,0.0499,0.0609,0.8319,49.2264
ISIC_0033630.png,0.1363,0.1681,0.4807,45.5791
ISIC_0033636.png,0.233,0.2858,0.3985,41.2322
ISIC_0033638.png,0.0682,0.1027,0.836,21.6489
ISIC_0033640.png,0.0699,0.0989,0.7082,35.5227
ISIC_0033641.png,0.0939,0.0658,0.7584,44.9548
ISIC_0033643.png,0.3295,0.2274,0.4786,15.985
ISIC_0033644.png,0.2173,0.2054,0.5438,6.3576
ISIC_0033651.png,0.1449,0.2605,0.7165,62.5725
ISIC_0033653.png,0.3916,0.3817,0.4278,20.6765
ISIC_0033654.png,0.1108,0.1164,0.699,67.4827
ISIC_0033655.png,0.33,0.329,0.4778,55.487
ISIC_0033662.png,0.1328,0.1415,0.6989,66.5498
ISIC_0033664.png,0.0907,0.2133,0.7136,36.2872
ISIC_0033668.png,0.3687,0.2123,0.3072,36.3264
ISIC_0033678.png,0.318,0.2422,0.4964,50.5956
ISIC_0033679.png,0.2651,0.2289,0.522,24.8588
ISIC_0033681.png,0.2945,0.323,0.6008,35.6643
ISIC_0033687.png,1.0239,0.9437,0.333,24.6905
ISIC_0033689.png,0.0834,0.0924,0.7306,42.4784
ISIC_0033692.png,0.0839,0.1015,0.7468,30.5454
ISIC_0033696.png,0.097,0.1174,0.6741,66.7132
ISIC_0033697.png,0.2161,0.1819,0.6468,23.177
ISIC_0033700.png,0.5292,0.5691,0.0767,17.4692
ISIC_0033704.png,0.2743,0.3786,0.3336,35.1798
ISIC_0033708.png,0.978,0.8305,0.1502,8.6476
ISIC_0033710.png,0.1922,0.2827,0.4974,49.4843
ISIC_0033711.png,0.0969,0.1657,0.696,32.5304
ISIC_0033713.png,0.2674,0.3808,0.2324,37.3031
ISIC_0033724.png,0.083,0.0512,0.8543,13.5118
ISIC_0033725.png,0.2218,0.1864,0.5344,38.5831
ISIC_0033729.png,0.1703,0.1083,0.7566,21.1807
ISIC_0033730.png,0.2733,0.2661,0.4956,53.5638
ISIC_0033738.png,0.1625,0.1324,0.6382,27.0304
ISIC_0033752.png,0.8731,0.8437,0.1831,26.1987
ISIC_0033754.png,0.1637,0.127,0.519,56.0906
ISIC_0033756.png,0.1293,0.1213,0.7911,24.292
ISIC_0033759.png,0.204,0.3077,0.5819,21.1329
ISIC_0033771.png,0.1161,0.1822,0.6602,25.7324
ISIC_0033775.png,0.2464,0.1826,0.6412,28.6754
ISIC_0033779.png,0.4519,0.4548,0.4204,25.1098
ISIC_0033782.png,0.1451,0.1998,0.7159,14.502
ISIC_0033787.png,0.1454,0.1073,0.7549,32.8875
ISIC_0033799.png,0.6862,1.006,0.1088,6.3444
ISIC_0033800.png,0.2196,0.3093,0.6175,33.9246
ISIC_0033801.png,0.0797,0.0684,0.7288,69.2082
ISIC_0033802.png,0.1518,0.217,0.623,53.7009
ISIC_0033804.png,0.0591,0.0623,0.7963,38.0703
ISIC_0033805.png,0.0525,0.1175,0.7953,30.2123
ISIC_0033806.png,0.257,0.2989,0.3439,47.4853
ISIC_0033807.png,0.098,0.1081,0.6807,56.7774
ISIC_0033812.png,0.2389,0.2326,0.5051,40.319
ISIC_0033813.png,0.3005,0.4203,0.2686,20.7854
ISIC_0033819.png,0.1819,0.2591,0.5727,46.0193
ISIC_0033830.png,0.0819,0.0661,0.8235,34.5263
ISIC_0033831.png,0.3136,0.3113,0.5203,47.11
ISIC_0033832.png,1.1256,0.8263,0.0132,5.7966
ISIC_0033834.png,0.3078,0.2472,0.479,56.2759
ISIC_0033841.png,0.1327,0.1603,0.6917,49.5749
ISIC_0033843.png,0.3458,0.3057,0.4083,56.1181
ISIC_0033845.png,0.1321,0.1742,0.6937,63.5229
ISIC_0033856.png,1.842,1.8456,0.0117,2.508
ISIC_0033876.png,0.3532,0.2301,0.336,25.6274
ISIC_0033878.png,0.2117,0.2426,0.5118,12.5628
ISIC_0033879.png,0.1083,0.0799,0.7225,67.3823
ISIC_0033881.png,0.1326,0.5879,0.5449,22.7832
ISIC_0033883.png,0.2038,0.1795,0.6775,17.3989
ISIC_0033885.png,0.1175,0.1192,0.7989,78.8338
ISIC_0033886.png,0.2504,0.1459,0.6806,38.0972
ISIC_0033893.png,0.2625,0.4566,0.3729,44.3892
ISIC_0033901.png,0.1114,0.1218,0.7858,29.9576
ISIC_0033902.png,0.112,0.1942,0.6951,39.3017
ISIC_0033905.png,0.2217,0.2995,0.4258,51.1309
ISIC_0033911.png,0.1858,0.1949,0.1625,32.0655
ISIC_0033916.png,0.3029,0.2009,0.7119,14.7552
ISIC_0033923.png,0.3901,0.418,0.2224,25.1752
ISIC_0033925.png,0.4843,0.434,0.1511,20.5417
ISIC_0033938.png,1.8597,1.7522,0.0095,2.5892
ISIC_0033946.png,0.2534,0.2414,0.4907,21.1122
ISIC_0033947.png,0.1958,0.6377,0.4147,29.0114
ISIC_0033950.png,0.1057,0.1534,0.6547,62.2768
ISIC_0033953.png,0.1422,0.1693,0.5469,47.4613
ISIC_0033954.png,0.2645,0.2454,0.6151,21.9774
ISIC_0033956.png,0.2447,0.3555,0.5119,43.1378
ISIC_0033957.png,0.2204,0.3205,0.648,48.8529
ISIC_0033959.png,0.1069,0.1297,0.7536,17.2572
ISIC_0033962.png,0.0547,0.0856,0.8237,37.0848
ISIC_0033966.png,0.1525,0.236,0.7342,42.0292
ISIC_0033967.png,0.5379,0.2229,0.1556,2.6974
ISIC_0033968.png,0.3795,0.2911,0.5308,39.6224
ISIC_0033975.png,0.2208,0.3325,0.4917,16.1768
ISIC_0033977.png,0.416,0.4401,0.4167,47.1697
ISIC_0033980.png,0.2362,0.1334,0.6501,24.8639
ISIC_0033981.png,0.4595,0.5781,0.3017,30.6763
ISIC_0033985.png,0.2131,0.3829,0.5546,19.4381
ISIC_0033986.png,0.1694,0.1022,0.6215,54.4501
ISIC_0033995.png,0.2047,0.0946,0.6922,39.9087
ISIC_0033998.png,0.2303,0.1539,0.7448,33.5338
ISIC_0034000.png,0.1536,0.2026,0.6683,39.5813
ISIC_0034002.png,0.4196,0.4323,0.4176,38.7447
ISIC_0034006.png,0.3624,0.3601,0.3538,27.3636
ISIC_0034012.png,0.5793,0.3255,0.3099,25.8878
ISIC_0034022.png,0.2938,0.1777,0.6932,21.8876
ISIC_0034032.png,0.1189,0.2682,0.6787,49.7058
ISIC_0034034.png,0.1528,0.1565,0.5116,29.2181
ISIC_0034036.png,0.2547,0.4166,0.2292,36.8811
ISIC_0034039.png,0.0636,0.0521,0.8561,19.316
ISIC_0034042.png,0.1967,0.1632,0.6377,45.2596
ISIC_0034044.png,0.1668,0.1144,0.7657,22.9219
ISIC_0034046.png,0.2228,0.2613,0.6254,61.5057
ISIC_0034048.png,0.533,0.4851,0.4573,13.395
ISIC_0034049.png,0.2088,0.2195,0.6464,39.5209
ISIC_0034050.png,0.1563,0.0971,0.7295,64.6942
ISIC_0034051.png,0.3294,0.4187,0.3015,17.4278
ISIC_0034052.png,0.1463,0.159,0.7675,45.3566
ISIC_0034053.png,0.1384,0.2254,0.6226,20.0833
ISIC_0034059.png,0.5999,0.5913,0.3665,31.7842
ISIC_0034061.png,0.3658,0.3553,0.6213,19.6708
ISIC_0034062.png,0.2803,0.2219,0.503,37.3479
ISIC_0034065.png,0.1462,0.2511,0.7364,32.7709
ISIC_0034068.png,0.2055,0.2185,0.5007,31.8299
ISIC_0034069.png,0.1662,0.1952,0.7074,26.3576
ISIC_0034071.png,0.6659,0.3843,0.2293,34.2031
ISIC_0034074.png,0.103,0.0585,0.6413,73.3799
ISIC_0034075.png,0.1009,0.0914,0.6557,44.8001
ISIC_0034076.png,0.3223,0.3577,0.3026,40.2789
ISIC_0034079.png,0.2444,0.2366,0.6745,24.3684
ISIC_0034086.png,0.2427,0.2164,0.6318,45.1307
ISIC_0034087.png,0.1209,0.084,0.6976,25.4006
ISIC_0034089.png,1.6583,1.712,0.0129,3.1309
ISIC_0034090.png,0.4085,0.1602,0.5289,25.868
ISIC_0034092.png,0.5269,0.7753,0.2555,31.2929
ISIC_0034094.png,0.0747,0.2905,0.6729,68.1203
ISIC_0034100.png,0.3398,0.485,0.396,30.9027
ISIC_0034101.png,0.2157,0.2222,0.6644,49.852
ISIC_0034104.png,0.1178,0.158,0.7204,58.1982
ISIC_0034106.png,0.1473,0.0722,0.6773,52.7411
ISIC_0034107.png,0.2093,0.1688,0.7142,44.9757
ISIC_0034117.png,0.3379,0.3224,0.4952,35.5277
ISIC_0034118.png,0.1513,0.1293,0.7125,34.0774
ISIC_0034120.png,0.3534,0.3196,0.4592,22.6681
ISIC_0034133.png,0.4472,0.5212,0.0481,15.1084
ISIC_0034134.png,1.1506,1.4394,0.0659,8.7766
ISIC_0034140.png,0.9588,0.6127,0.3322,19.5224
ISIC_0034141.png,0.3867,0.2884,0.3764,42.1199
ISIC_0034144.png,0.0918,0.2218,0.7136,46.4701
ISIC_0034150.png,0.5571,0.3563,0.3818,14.1012
ISIC_0034156.png,0.2467,0.2062,0.6242,38.0236
ISIC_0034159.png,0.0862,0.1273,0.7674,66.1374
ISIC_0034162.png,0.2905,0.2318,0.5975,29.3902
ISIC_0034164.png,0.2241,0.1704,0.6494,59.301
ISIC_0034166.png,0.2241,0.4829,0.6227,22.4519
ISIC_0034170.png,0.2917,0.2515,0.3268,45.452
ISIC_0034172.png,0.193,0.4116,0.5138,34.7963
ISIC_0034173.png,0.1717,0.1807,0.7449,46.0149
ISIC_0034180.png,0.3141,0.2953,0.4842,41.8218
ISIC_0034183.png,0.1055,0.0964,0.7696,61.9087
ISIC_0034187.png,0.4416,0.5451,0.1851,25.1857
ISIC_0034188.png,1.6068,0.7488,0.0928,2.532
ISIC_0034192.png,0.1262,0.1336,0.6808,66.481
ISIC_0034193.png,0.1384,0.114,0.716,32.0282
ISIC_0034194.png,1.96,1.636,0.0235,2.8412
ISIC_0034199.png,0.1471,0.1407,0.6654,36.5953
ISIC_0034202.png,0.1011,0.1125,0.629,62.1948
ISIC_0034207.png,0.1244,0.0965,0.6661,42.9284
ISIC_0034208.png,0.5928,0.4826,0.242,11.4944
ISIC_0034209.png,0.2181,0.2639,0.6128,62.8882
ISIC_0034210.png,0.176,0.0952,0.6404,42.1985
ISIC_0034211.png,0.1026,0.1963,0.7622,34.43
ISIC_0034216.png,1.8002,1.8219,0.0087,2.651
ISIC_0034217.png,0.16,0.1469,0.5258,30.6897
ISIC_0034218.png,0.7047,0.4894,0.3776,28.6827
ISIC_0034222.png,0.2346,0.2277,0.5298,21.9227
ISIC_0034232.png,0.3454,0.2286,0.6859,17.0802
ISIC_0034233.png,0.176,0.4819,0.4818,35.721
ISIC_0034236.png,0.1423,0.1476,0.5843,51.7523
ISIC_0034237.png,0.1258,0.2697,0.6572,63.8181
ISIC_0034239.png,0.1186,0.1111,0.761,72.711
ISIC_0034242.png,0.0906,0.1204,0.6843,63.6124
ISIC_0034243.png,1.0311,1.1748,0.2899,31.9448
ISIC_0034246.png,0.1771,0.1469,0.7814,42.2546
ISIC_0034253.png,0.1588,0.1199,0.6616,66.0145
ISIC_0034256.png,0.4341,0.471,0.3371,30.7928
ISIC_0034260.png,0.2438,0.25,0.4095,46.684
ISIC_0034262.png,0.1172,0.1001,0.8245,30.3741
ISIC_0034263.png,0.658,0.5716,0.3546,41.8396
ISIC_0034265.png,0.421,0.3858,0.3195,40.2757
ISIC_0034268.png,0.1265,0.097,0.7521,47.8982
ISIC_0034287.png,0.1314,0.103,0.7239,50.2975
ISIC_0034289.png,0.1082,0.1807,0.7132,41.7172
ISIC_0034294.png,0.19,0.1908,0.2441,46.4573
ISIC_0034304.png,0.1992,0.218,0.6158,55.4765
ISIC_0034311.png,0.1162,0.1081,0.6891,56.8474
ISIC_0034313.png,0.2317,0.219,0.4827,52.4776
ISIC_0034316.png,0.1988,0.2991,0.5058,41.3677
ISIC_0034317.png,0.0829,0.1062,0.7895,37.671
ISIC_0046222.png,0.1199,0.1107,0.7062,42.8379
ISIC_0046223.png,0.1337,0.1229,0.7113,63.2616
ISIC_0046224.png,0.2852,0.3341,0.3933,42.0101
ISIC_0046225.png,0.3367,0.166,0.6075,56.5634
ISIC_0046305.png,0.2223,0.2886,0.5293,27.6889
ISIC_0046315.png,0.5147,0.3184,0.2863,31.5364
ISIC_0046316.png,0.1643,0.4184,0.6193,16.357
ISIC_0046323.png,0.0586,0.0761,0.7814,58.0541
ISIC_0046331.png,0.5133,1.0359,0.1517,11.1403
ISIC_0046340.png,0.2828,0.3161,0.3243,34.0184
ISIC_0046344.png,0.1881,0.2412,0.7045,62.1857
ISIC_0046345.png,0.0581,0.0979,0.7292,47.4837
ISIC_0046351.png,0.176,0.2189,0.6365,29.4237
ISIC_0046361.png,0.3093,0.3917,0.5322,32.6145
ISIC_0046394.png,1.31,0.3668,0.1067,2.5856
ISIC_0046405.png,0.3012,0.1865,0.2973,25.3614
ISIC_0046416.png,1.8461,1.7407,0.012,2.5871
ISIC_0046422.png,0.1536,0.1022,0.7086,57.8541
ISIC_0046429.png,0.1209,0.0865,0.6787,59.4381
ISIC_0046441.png,0.1875,0.2395,0.572,67.7611
ISIC_0046443.png,0.1301,0.1058,0.6411,38.014
ISIC_0046449.png,0.2012,0.1908,0.6109,49.0648
ISIC_0046450.png,0.1337,0.0517,0.7748,62.1065
ISIC_0046458.png,0.0979,0.0986,0.7285,52.8018
ISIC_0046471.png,0.2191,0.1948,0.6185,52.9648
ISIC_0046504.png,0.1714,0.1646,0.5473,69.8008
ISIC_0046526.png,1.6058,1.4233,0.0073,3.2223
ISIC_0046537.png,0.0669,0.0944,0.7576,51.2566
ISIC_0046571.png,0.3813,0.328,0.2746,38.0559
ISIC_0046596.png,0.2675,0.2956,0.2315,35.2843
ISIC_0046597.png,0.0962,0.1254,0.7534,34.0646
ISIC_0046609.png,0.2505,0.1714,0.2196,2.6222
ISIC_0046615.png,0.118,0.1057,0.7447,37.7875
ISIC_0046618.png,0.3485,0.2311,0.5374,23.3717
ISIC_0046622.png,0.2854,0.1966,0.6187,21.7673
ISIC_0046623.png,0.105,0.1572,0.7119,74.1634
ISIC_0046626.png,0.5583,0.3933,0.2785,29.4043
ISIC_0046628.png,0.0757,0.061,0.8234,53.5724
ISIC_0046633.png,0.1272,0.1965,0.645,53.3138
ISIC_0046635.png,0.0687,0.1042,0.5754,48.9749
ISIC_0046640.png,1.8838,1.9099,0.013,2.6837
ISIC_0046642.png,0.1379,0.1059,0.6988,59.4218
ISIC_0046645.png,0.6086,0.381,0.3522,32.3542
ISIC_0046647.png,0.2347,0.2106,0.6844,59.4907
ISIC_0046659.png,0.2474,0.215,0.5519,53.0862
ISIC_0046664.png,0.5363,0.5031,0.296,18.1499
ISIC_0046670.png,0.0884,0.0927,0.7451,68.5559
ISIC_0046671.png,0.5897,0.6435,0.1317,16.4158
ISIC_0046672.png,0.4803,0.5417,0.2551,20.8312
ISIC_0046683.png,0.1116,0.1083,0.7877,48.2798
ISIC_0046693.png,0.1765,0.2115,0.6908,31.5938
ISIC_0046706.png,0.6421,0.7273,0.132,20.9047
ISIC_0046725.png,0.6144,0.6829,0.245,24.8862
ISIC_0046729.png,0.2017,0.1098,0.65,32.294
ISIC_0046741.png,0.4415,0.3001,0.5048,29.8862
ISIC_0046773.png,0.1078,0.1331,0.5907,36.0377
ISIC_0046828.png,0.2795,0.3928,0.5115,11.5955
ISIC_0046900.png,0.6674,0.3644,0.4558,20.7749
ISIC_0046908.png,0.2506,0.2302,0.5874,52.7516
ISIC_0046917.png,0.1276,0.2473,0.7061,61.319
ISIC_0046921.png,1.3479,1.5844,0.0164,4.6836
ISIC_0046932.png,0.0745,0.1181,0.6813,28.4096
ISIC_0046977.png,0.3257,0.1923,0.6037,30.4266
ISIC_0046983.png,0.3535,0.3532,0.3942,20.9865
ISIC_0046985.png,0.0961,0.102,0.7401,41.6313
ISIC_0047003.png,1.7759,1.8189,0.0101,2.591
ISIC_0047004.png,0.148,0.1364,0.7249,53.8231
ISIC_0047008.png,0.0868,0.0653,0.6805,42.5107
ISIC_0047022.png,0.3941,0.3785,0.3779,34.6449
ISIC_0047031.png,0.3861,0.2766,0.557,47.9548
ISIC_0053469.png,0.5521,0.2814,0.4656,23.7225
ISIC_0053473.png,0.2522,0.2432,0.1971,30.9293
ISIC_0053485.png,1.2167,0.8969,0.0683,11.6309
ISIC_0053493.png,0.0661,0.0523,0.7282,47.2826
ISIC_0053513.png,0.1729,0.1381,0.7056,16.429
ISIC_0053540.png,0.1504,0.1397,0.6744,34.5157
ISIC_0053541.png,0.0084,0.0086,0.8722,68.9523
ISIC_0053542.png,0.3432,0.2017,0.5486,15.1497
ISIC_0053554.png,0.22,0.1871,0.5369,26.8535
ISIC_0053555.png,0.5078,0.1304,0.4457,52.7596
ISIC_0053572.png,0.0296,0.0199,0.8643,84.8167
ISIC_0053574.png,0.0296,0.0346,0.7813,74.3661
ISIC_0053594.png,1.4014,1.0889,0.021,2.4008
ISIC_0053611.png,0.1155,0.2126,0.6873,39.7712
ISIC_0053617.png,0.232,0.2665,0.416,20.8822
ISIC_0053659.png,0.0171,0.0176,0.8698,80.5487
ISIC_0053674.png,0.8062,0.3343,0.0889,2.986
ISIC_0053686.png,1.6627,1.8422,0.0215,2.4746
ISIC_0053725.png,0.3794,0.1289,0.1914,2.67
ISIC_0053734.png,0.2603,0.1539,0.6875,18.6537
ISIC_0053742.png,0.9004,0.7188,0.1258,2.6171
ISIC_0053760.png,0.4185,0.4499,0.5206,18.4315
ISIC_0053763.png,0.0064,0.0056,0.8677,94.5345
ISIC_0053765.png,0.1989,0.1821,0.4094,46.8944
ISIC_0053791.png,1.4876,0.6653,0.0999,2.5769
ISIC_0053796.png,0.2857,0.1458,0.2909,2.6398
ISIC_0053801.png,0.3832,0.2173,0.5305,52.6907
ISIC_0053810.png,1.8688,1.8163,0.0093,2.5115
ISIC_0053816.png,0.0137,0.0181,0.8606,91.7732
ISIC_0053841.png,0.007,0.0061,0.8715,75.3272
ISIC_0053846.png,0.0069,0.0072,0.8719,101.0889
ISIC_0053854.png,0.0121,0.0078,0.8643,67.7248
ISIC_0053884.png,0.7328,0.1781,0.1305,2.6691
ISIC_0053916.png,0.483,0.7123,0.283,9.6378
ISIC_0053929.png,0.2062,0.1197,0.68,34.9094
ISIC_0053960.png,0.0081,0.0081,0.8628,88.6893
ISIC_0053996.png,0.3334,0.1524,0.5901,39.9295
ISIC_0054006.png,0.4171,0.393,0.3801,22.1989
ISIC_0054021.png,1.9356,1.9473,0.014,2.7932
ISIC_0054025.png,0.1941,0.0982,0.6554,53.2439
ISIC_0054043.png,1.5899,1.9201,0.0123,2.8858
ISIC_0054048.png,0.4822,0.3646,0.3758,20.3258
ISIC_0054053.png,1.3064,0.9648,0.2651,7.2851
ISIC_0054070.png,0.0285,0.0141,0.7369,93.8444
ISIC_0054073.png,0.4031,0.2741,0.3614,25.5252
ISIC_0054080.png,0.1433,0.1764,0.4717,48.4665
ISIC_0054087.png,0.2317,0.1714,0.6976,18.4961
ISIC_0054123.png,0.9801,0.8764,0.2486,36.7087
ISIC_0054134.png,0.3739,0.3574,0.3245,34.6316
ISIC_0054146.png,0.0109,0.0091,0.8723,71.2932
ISIC_0054151.png,0.9022,0.1703,0.1368,2.7286
ISIC_0054167.png,0.6174,0.4889,0.2178,28.3821
ISIC_0054185.png,0.3957,0.5058,0.2952,24.7029
ISIC_0054206.png,0.4,0.1617,0.2228,2.6797
ISIC_0054220.png,0.0083,0.0087,0.8691,93.1277
ISIC_0054229.png,0.0182,0.0136,0.8686,99.6276
ISIC_0054233.png,0.2613,0.3563,0.4086,59.4791
ISIC_0054239.png,0.6016,0.6718,0.2011,13.9379
ISIC_0054244.png,1.3158,1.6995,0.0268,2.7695
ISIC_0054248.png,0.2415,0.3013,0.3911,46.0997
ISIC_0054280.png,0.2648,0.3518,0.2401,34.0374
ISIC_0054284.png,0.005,0.0056,0.8719,83.2189
ISIC_0054287.png,0.925,1.0985,0.118,13.249
ISIC_0054292.png,0.2208,0.1826,0.4734,46.7
ISIC_0054312.png,0.6599,1.5872,0.1094,15.7873
ISIC_0054317.png,1.9714,1.6718,0.022,3.1489
ISIC_0054318.png,0.1511,0.1471,0.7185,28.064
ISIC_0054329.png,0.6327,0.6177,0.2694,31.6293
ISIC_0054332.png,0.6187,0.5497,0.1541,16.5398
ISIC_0054334.png,0.5237,0.5838,0.1613,35.7003
ISIC_0054341.png,0.2951,0.274,0.325,37.1551
ISIC_0054350.png,0.8248,0.8761,0.1877,11.8539
ISIC_0054355.png,1.1687,0.333,0.1138,2.6658
ISIC_0054357.png,0.2034,0.1547,0.6564,57.8462
ISIC_0054364.png,0.0807,0.0968,0.73,33.1522
ISIC_0054377.png,0.4466,0.4848,0.3689,17.7374
ISIC_0054391.png,0.0055,0.0046,0.8707,83.2013
ISIC_0054395.png,1.9356,1.9096,0.0135,2.7725
ISIC_0054422.png,0.2592,0.1514,0.6512,53.0991
ISIC_0054444.png,0.0852,0.1938,0.7184,40.1258
ISIC_0054459.png,1.5941,1.6656,0.0196,3.8025
ISIC_0054480.png,0.2259,0.2039,0.6331,4.0744
ISIC_0054523.png,0.3591,0.3789,0.5209,20.0412
ISIC_0054527.png,0.0431,0.046,0.8047,66.3786
ISIC_0054528.png,0.8407,0.5763,0.1599,2.5398
ISIC_0054559.png,0.1575,0.0826,0.7655,41.6684
ISIC_0054568.png,0.3355,0.2786,0.3274,31.5391
ISIC_0054570.png,0.297,0.3681,0.436,17.5537
ISIC_0054573.png,0.0074,0.0074,0.8723,78.5517
ISIC_0054599.png,0.4896,0.5297,0.2386,35.8777
ISIC_0054625.png,0.0214,0.0107,0.8704,67.6917
ISIC_0054640.png,0.1779,0.1575,0.5575,57.0348
ISIC_0054651.png,1.0529,0.7185,0.2079,11.4757
ISIC_0054652.png,0.1431,0.137,0.6717,38.2924
ISIC_0054655.png,0.1162,0.1739,0.6214,19.6313
ISIC_0054663.png,1.4575,1.416,0.2024,22.6992
ISIC_0054670.png,0.0062,0.0041,0.8721,81.6029
ISIC_0054671.png,0.2601,0.1518,0.4558,43.4184
ISIC_0054673.png,1.9644,1.9308,0.0199,3.0549
ISIC_0054677.png,0.2795,0.343,0.3611,31.1195
ISIC_0054705.png,0.5154,0.432,0.1787,22.2314
ISIC_0054728.png,0.787,0.3448,0.4122,39.3349
ISIC_0054744.png,0.1122,0.1017,0.6309,66.2296
ISIC_0054748.png,1.5688,1.8031,0.0079,3.4675
ISIC_0054767.png,1.8209,1.8665,0.0097,3.3177
ISIC_0054770.png,0.0044,0.0077,0.8715,97.963
ISIC_0054777.png,0.5997,0.6208,0.2187,19.2268
ISIC_0054792.png,0.1737,0.2263,0.7115,16.1179
ISIC_0054851.png,1.0855,0.141,0.117,2.7667
ISIC_0054874.png,0.3232,0.2385,0.5689,42.0242
ISIC_0054885.png,0.6064,0.4138,0.2487,37.2782
ISIC_0054886.png,0.4532,0.453,0.1773,31.5325
ISIC_0054892.png,0.6868,0.5983,0.2157,24.3712
ISIC_0054906.png,0.0393,0.0519,0.8289,81.6861
ISIC_0054914.png,0.2087,0.2147,0.4531,24.202
ISIC_0054925.png,0.274,0.2495,0.4056,14.1067
ISIC_0054932.png,0.0076,0.005,0.8696,84.9963
ISIC_0054936.png,1.6746,1.7787,0.0116,2.5226
ISIC_0054941.png,0.0062,0.0064,0.8694,87.8757
ISIC_0054954.png,1.2198,0.9118,0.0278,8.9084
ISIC_0054963.png,1.9029,1.8324,0.0131,2.895
ISIC_0054973.png,1.6296,0.398,0.0244,5.4162
ISIC_0054974.png,0.4267,0.1865,0.479,27.8587
ISIC_0054982.png,0.2332,0.3254,0.2413,35.2335
ISIC_0054988.png,0.117,0.0771,0.5982,67.0047
ISIC_0055003.png,0.2141,0.2001,0.5828,59.7207
ISIC_0055013.png,0.1627,0.1528,0.6248,45.6352
ISIC_0055022.png,0.3898,0.1414,0.5149,53.8958
ISIC_0055024.png,1.0122,0.2336,0.1178,2.7068
ISIC_0055039.png,0.6992,0.1572,0.2454,2.4844
ISIC_0055046.png,0.1455,0.1363,0.4649,43.9239
ISIC_0055048.png,1.1193,0.3532,0.1161,2.6536
ISIC_0055054.png,0.8883,1.3619,0.1535,14.7591
ISIC_0055079.png,1.4094,0.2344,0.2152,6.4955
ISIC_0055081.png,0.0295,0.0194,0.8715,70.9513
ISIC_0055086.png,0.4827,0.5492,0.3404,14.981
ISIC_0055087.png,0.8017,0.8983,0.1377,11.4236
ISIC_0055136.png,1.2489,1.7653,0.0454,6.4991
ISIC_0055140.png,0.6565,0.7833,0.3784,6.9455
ISIC_0055143.png,0.1279,0.1651,0.7035,17.4771
ISIC_0055147.png,0.8381,0.9497,0.1834,28.1295
ISIC_0055169.png,0.8121,0.2393,0.3242,32.588
ISIC_0055179.png,0.3785,0.1497,0.2404,34.1993
ISIC_0055191.png,0.1129,0.1572,0.554,38.8467
ISIC_0055226.png,0.4257,0.5985,0.4148,17.5858
ISIC_0055240.png,0.1505,0.1594,0.67,30.9663
ISIC_0055241.png,0.8668,1.0311,0.1666,11.4165
ISIC_0055246.png,0.1418,0.2313,0.5361,40.5665
ISIC_0055251.png,0.2233,0.3438,0.7091,14.7733
ISIC_0055253.png,0.3475,0.3787,0.3245,30.8338
ISIC_0055265.png,0.2095,0.1477,0.4199,36.1093
ISIC_0055282.png,1.8251,1.6097,0.1414,7.8196
ISIC_0055287.png,0.0224,0.013,0.856,88.9403
ISIC_0055289.png,0.1683,0.34,0.5429,28.0237
ISIC_0055293.png,0.5652,0.5961,0.1668,13.2155
ISIC_0055297.png,0.2755,0.8235,0.3892,6.3353
ISIC_0055311.png,0.9198,0.8723,0.2341,12.9129
ISIC_0055314.png,0.0251,0.0207,0.8719,72.5814
ISIC_0055361.png,0.7849,0.2216,0.1412,2.7394
ISIC_0055367.png,1.5587,1.5989,0.0217,2.4759
ISIC_0055378.png,1.0353,1.0267,0.2511,18.7397
ISIC_0055388.png,0.2623,0.4203,0.3594,9.6307
ISIC_0055393.png,0.0276,0.0212,0.8593,82.9094
ISIC_0055404.png,1.3364,1.3748,0.0135,6.5054
ISIC_0055412.png,0.4633,0.4397,0.2977,19.9286
ISIC_0055435.png,0.1718,0.1756,0.7208,30.898
ISIC_0055438.png,0.2619,0.6301,0.3978,16.8936
ISIC_0055440.png,0.0833,0.1085,0.5735,36.774
ISIC_0055450.png,0.0101,0.0064,0.8703,84.5938
ISIC_0055474.png,0.2321,0.259,0.4945,32.6921
ISIC_0055491.png,0.6465,0.2439,0.2782,33.5974
ISIC_0055498.png,0.2983,0.3465,0.3083,20.3264
ISIC_0055513.png,0.0106,0.0207,0.8709,70.8464
ISIC_0055526.png,0.5609,0.8628,0.1441,16.7467
ISIC_0055549.png,0.0123,0.0117,0.8656,69.1329
ISIC_0055550.png,0.1887,0.1972,0.4907,43.1158
ISIC_0055601.png,0.2919,0.3589,0.1673,23.0086
ISIC_0055608.png,0.7524,0.3988,0.4034,24.3681
ISIC_0055624.png,0.3657,0.1567,0.1933,2.6876
ISIC_0055675.png,0.8318,1.1153,0.2158,4.0305
ISIC_0055680.png,0.4705,0.3239,0.3056,20.2101
ISIC_0055701.png,0.0079,0.0095,0.8706,95.7703
ISIC_0055714.png,0.3204,0.2044,0.3912,33.14
ISIC_0055727.png,0.0843,0.3251,0.69,43.9008
ISIC_0055731.png,0.0194,0.0214,0.8245,96.872
ISIC_0055737.png,0.0855,0.1192,0.6243,40.0849
ISIC_0055742.png,0.0234,0.0118,0.8708,91.566
ISIC_0055747.png,0.5511,0.156,0.1823,2.7064
ISIC_0055759.png,0.4865,0.2342,0.2203,2.5909
ISIC_0055776.png,0.6215,0.5674,0.0911,23.7452
ISIC_0055781.png,0.1826,0.078,0.7105,71.719
ISIC_0055783.png,0.1615,0.1596,0.7264,33.0878
ISIC_0055797.png,0.4552,0.1186,0.1456,2.7003
ISIC_0055820.png,1.8417,1.8896,0.0095,2.741
ISIC_0055826.png,0.2376,0.29,0.3527,28.7542
ISIC_0055841.png,0.1213,0.1261,0.7403,61.6949
ISIC_0055859.png,0.0135,0.013,0.873,73.0499
ISIC_0055876.png,1.4656,0.4204,0.1023,2.6741
ISIC_0055887.png,0.2739,0.3274,0.6944,17.136
ISIC_0055905.png,0.2356,0.2293,0.3222,40.5338
ISIC_0055911.png,0.092,0.1754,0.5927,36.2938
ISIC_0055917.png,0.2542,0.132,0.597,32.2394
ISIC_0055924.png,0.0362,0.0453,0.8219,65.7244
ISIC_0055931.png,1.6463,1.6549,0.0098,2.7321
ISIC_0055996.png,0.559,1.1169,0.0826,6.7559
ISIC_0056017.png,0.2648,0.1803,0.8021,8.6177
ISIC_0056041.png,0.2619,0.2228,0.4134,26.7424
ISIC_0056047.png,0.0839,0.1459,0.5906,60.5067
ISIC_0056055.png,0.2885,0.1418,0.2529,2.6768
ISIC_0056063.png,0.1968,0.3921,0.4017,31.2476
ISIC_0056089.png,1.4751,1.4374,0.2173,5.8426
ISIC_0056092.png,0.0916,0.1075,0.7389,31.2037
ISIC_0056110.png,0.2059,0.1305,0.8004,21.6963
ISIC_0056119.png,0.7008,0.4474,0.1371,2.6589
ISIC_0056127.png,0.1948,0.2523,0.4192,52.3747
ISIC_0056141.png,0.7207,0.3624,0.1315,30.0188
ISIC_0056152.png,0.1401,0.1517,0.7356,61.316
ISIC_0056155.png,0.0137,0.0187,0.8724,72.2021
ISIC_0056156.png,0.4084,0.395,0.5058,28.6083
ISIC_0056164.png,0.5686,0.4869,0.3075,6.8545
ISIC_0056167.png,0.006,0.0069,0.8726,67.3859
ISIC_0056186.png,0.6223,0.5097,0.4073,10.7273
ISIC_0056192.png,0.3682,0.3521,0.1866,16.7762
ISIC_0056201.png,0.0779,0.0829,0.7859,77.9322
ISIC_0056226.png,1.3449,1.1351,0.0655,5.7019
ISIC_0056228.png,0.0348,0.0194,0.5667,82.2344
ISIC_0056246.png,0.2309,0.2254,0.3696,34.4033
ISIC_0056247.png,0.7521,0.273,0.1487,2.7284
ISIC_0056257.png,0.0818,0.0649,0.7297,49.1074
ISIC_0056260.png,0.337,0.2591,0.5127,28.3684
ISIC_0056271.png,0.1793,0.1959,0.3717,31.9297
ISIC_0056292.png,0.6664,0.7452,0.1414,10.6288
ISIC_0056309.png,0.1111,0.1475,0.481,36.0776
ISIC_0056316.png,0.0834,0.0599,0.6464,75.4036
ISIC_0056326.png,0.146,0.1824,0.678,19.1136
ISIC_0056330.png,0.0072,0.0055,0.8719,89.9088
ISIC_0056339.png,0.0962,0.1156,0.586,61.5249
ISIC_0056364.png,0.1951,0.3385,0.5561,43.1455
ISIC_0056389.png,0.3733,0.3202,0.2475,43.4649
ISIC_0056391.png,0.0884,0.0809,0.7912,16.1473
ISIC_0056406.png,0.3793,0.1502,0.6075,17.2068
ISIC_0056409.png,0.1668,0.153,0.5846,35.1319
ISIC_0056413.png,0.1982,0.4605,0.4009,35.2425
ISIC_0056425.png,0.0914,0.2019,0.6553,40.1102
ISIC_0056440.png,1.0035,0.789,0.3146,18.9771
ISIC_0056444.png,0.9685,0.9191,0.1083,9.4874
ISIC_0056466.png,0.4975,0.7162,0.2729,20.2206
ISIC_0056501.png,1.7768,1.7754,0.0096,2.7333
ISIC_0056531.png,0.018,0.0148,0.8724,92.2255
ISIC_0056534.png,0.1998,0.3529,0.6719,40.0012
ISIC_0056546.png,0.2659,0.1299,0.6368,45.2444
ISIC_0056572.png,0.1477,0.2637,0.4715,24.8115
ISIC_0056603.png,0.0753,0.0766,0.6795,71.4545
ISIC_0056608.png,0.1259,0.1636,0.6333,28.2195
ISIC_0056635.png,0.3125,0.3575,0.6618,33.7446
ISIC_0056655.png,0.2701,0.2049,0.3332,32.6647
ISIC_0056660.png,0.9245,0.5114,0.0388,15.0224
ISIC_0056677.png,0.2762,0.2803,0.3926,36.0586
ISIC_0056679.png,1.2688,0.4682,0.1331,9.5676
ISIC_0056689.png,0.1593,0.1304,0.6776,20.3901
ISIC_0056692.png,0.1206,0.1022,0.5721,72.8816
ISIC_0056707.png,0.4129,0.2842,0.1423,2.7114
ISIC_0056710.png,1.5562,1.5999,0.0209,4.9082
ISIC_0056717.png,0.0493,0.0661,0.6921,79.0286
ISIC_0056723.png,0.4913,0.9341,0.1743,11.1298
ISIC_0056739.png,0.3836,0.2038,0.4162,34.0143
ISIC_0056740.png,1.7038,1.5916,0.017,2.5049
ISIC_0056749.png,1.2949,0.8705,0.1543,2.5883
ISIC_0056771.png,0.1527,0.16,0.6401,47.8074
ISIC_0056784.png,0.3501,0.3665,0.3423,35.2855
ISIC_0056788.png,0.0231,0.0175,0.8711,70.5471
ISIC_0056790.png,0.0795,0.1674,0.8179,23.5134
ISIC_0056793.png,0.3437,0.3175,0.3009,35.5682
ISIC_0056796.png,0.1444,0.2304,0.5637,25.127
ISIC_0056799.png,0.2065,0.2527,0.4326,21.8737
ISIC_0056811.png,0.1388,0.1372,0.557,50.1004
ISIC_0056817.png,0.2593,0.2963,0.4503,29.9624
ISIC_0056819.png,0.0803,0.1717,0.8627,17.7993
ISIC_0056849.png,0.157,0.134,0.4119,47.7121
ISIC_0056860.png,0.7558,0.161,0.1439,2.7019
ISIC_0056900.png,0.2801,0.2275,0.5194,24.7845
ISIC_0056902.png,0.2172,0.2099,0.3799,38.536
ISIC_0056915.png,0.1341,0.2293,0.4282,41.0481
ISIC_0056921.png,1.8353,1.8046,0.0167,2.5987
ISIC_0056930.png,0.1202,0.1047,0.7437,24.2553
ISIC_0056937.png,0.6591,0.39,0.3778,15.2377
ISIC_0056938.png,1.0496,0.3299,0.1237,2.7268
ISIC_0056957.png,1.1991,0.6919,0.1163,2.5818
ISIC_0056979.png,0.0065,0.0042,0.8716,101.7561
ISIC_0056983.png,0.3508,0.4828,0.288,18.8921
ISIC_0056984.png,1.5298,1.4166,0.0118,3.0821
ISIC_0056991.png,0.6616,0.2373,0.1314,3.8837
ISIC_0057009.png,0.2618,0.3517,0.34,45.1563
ISIC_0057015.png,0.2612,0.2548,0.4882,52.6055
ISIC_0057016.png,0.0092,0.0152,0.8706,89.0716
ISIC_0057026.png,1.5503,1.4104,0.1243,8.8961
ISIC_0057028.png,0.7252,0.187,0.1484,2.6761
ISIC_0057032.png,0.0922,0.098,0.4958,48.8508
ISIC_0057048.png,0.6049,0.5485,0.2267,13.7616
ISIC_0057059.png,0.1165,0.1807,0.5704,55.5788
ISIC_0057067.png,0.0263,0.0314,0.8306,89.5436
ISIC_0057083.png,0.117,0.2,0.7456,15.2826
ISIC_0057089.png,0.2195,0.1932,0.5949,45.3927
ISIC_0057155.png,0.0375,0.0268,0.4789,76.6768
ISIC_0057164.png,0.863,0.7003,0.1445,23.3296
ISIC_0057169.png,0.3126,0.1842,0.2178,2.6639
ISIC_0057180.png,1.7934,1.8031,0.0124,2.6738
ISIC_0057184.png,0.1526,0.1785,0.7417,18.1469
ISIC_0057188.png,0.5209,0.4713,0.3888,13.2847
ISIC_0057192.png,1.5414,1.2373,0.0151,5.9166
ISIC_0057199.png,1.9433,1.7822,0.0195,2.6632
ISIC_0057218.png,0.0154,0.0172,0.8461,68.2896
ISIC_0057244.png,0.1223,0.1265,0.7223,56.1774
ISIC_0057259.png,0.0621,0.0876,0.6177,56.9241
ISIC_0057286.png,0.2904,0.552,0.4116,17.3475
ISIC_0057287.png,1.4711,1.7712,0.0116,2.4508
ISIC_0057307.png,1.3941,0.4495,0.1991,23.476
ISIC_0057313.png,0.4894,0.6289,0.2576,21.6721
ISIC_0057328.png,0.0136,0.0111,0.8665,92.3014
ISIC_0057344.png,0.4168,0.1109,0.2086,2.7572
ISIC_0057362.png,0.0097,0.0054,0.8677,94.4503
ISIC_0057371.png,0.2815,0.3994,0.2279,32.0561
ISIC_0057374.png,1.2312,0.8002,0.1015,8.5282
ISIC_0057395.png,0.1598,0.2055,0.4702,43.4175
ISIC_0057406.png,0.623,0.7671,0.1536,15.1819
ISIC_0057420.png,0.1238,0.1595,0.682,30.6834
ISIC_0057462.png,0.6667,0.1748,0.1559,2.7019
ISIC_0057481.png,0.0755,0.1079,0.4518,63.4037
ISIC_0057484.png,0.1556,0.2115,0.6758,36.9206
ISIC_0057487.png,0.1268,0.1372,0.6578,46.5713
ISIC_0057495.png,0.0736,0.0655,0.6549,44.4964
ISIC_0057496.png,1.3748,1.5951,0.0142,2.4484
ISIC_0057518.png,0.0274,0.0164,0.8634,97.7564
ISIC_0057531.png,0.5088,0.3798,0.459,19.4818
ISIC_0057539.png,0.2938,0.3081,0.5167,53.6758
ISIC_0057556.png,0.8639,0.7533,0.2603,27.5686
ISIC_0057593.png,0.3379,0.2897,0.302,26.5873
ISIC_0057594.png,0.0175,0.0133,0.8504,96.5069
ISIC_0057617.png,0.0081,0.0076,0.8743,87.5597
ISIC_0057655.png,1.9227,1.8641,0.0196,2.5448
ISIC_0057656.png,0.3437,0.4975,0.2523,36.7977
ISIC_0057661.png,0.0069,0.0066,0.8738,68.8478
ISIC_0057669.png,0.074,0.0994,0.6592,59.6672
ISIC_0057692.png,0.028,0.0195,0.8591,70.0344
ISIC_0057696.png,0.1764,0.069,0.6525,54.3885
ISIC_0057702.png,0.1335,0.1189,0.7587,28.7353
ISIC_0057716.png,0.1445,0.1267,0.753,54.9088
ISIC_0057753.png,0.1677,0.1542,0.6057,27.6328
ISIC_0057759.png,0.0056,0.0049,0.8711,87.6472
ISIC_0057762.png,0.3689,0.3806,0.5492,22.3369
ISIC_0057787.png,0.3558,0.369,0.3199,27.2926
ISIC_0057815.png,1.8824,1.7695,0.0207,2.5016
ISIC_0057821.png,0.0085,0.0044,0.8727,89.3196
ISIC_0057858.png,0.2255,0.1008,0.6394,73.0869
ISIC_0057881.png,0.1678,0.0846,0.5061,54.3688
ISIC_0057892.png,0.085,0.0622,0.7326,50.1951
ISIC_0057898.png,0.132,0.0684,0.7026,62.9453
ISIC_0057913.png,0.0077,0.0047,0.8709,92.0325
ISIC_0057949.png,0.5059,0.4278,0.1751,31.5831
ISIC_0057963.png,0.2621,0.4864,0.189,24.9574
ISIC_0057978.png,0.2755,0.2652,0.5488,23.7691
ISIC_0057988.png,0.6446,0.6189,0.0282,11.8804
ISIC_0057997.png,0.6837,0.1617,0.1484,2.6961
ISIC_0057999.png,1.7081,1.6431,0.0091,3.23
ISIC_0058016.png,0.0094,0.0092,0.8718,99.4208
ISIC_0058021.png,0.0075,0.0059,0.8736,68.8336
ISIC_0058022.png,0.5265,0.4869,0.201,17.7026
ISIC_0058024.png,0.2287,0.2929,0.4277,40.282
ISIC_0058033.png,0.5519,0.6906,0.2528,15.8169
ISIC_0058035.png,0.2384,0.2292,0.5151,54.0301
ISIC_0058040.png,0.1306,0.1486,0.652,39.8276
ISIC_0058046.png,0.6764,0.9285,0.105,8.023
ISIC_0058047.png,0.294,0.5731,0.1188,33.2808
ISIC_0058054.png,0.1217,0.1967,0.5646,30.5094
ISIC_0058063.png,0.4772,0.5978,0.2772,16.7336
ISIC_0058071.png,0.2972,0.2165,0.383,28.4051
ISIC_0058079.png,0.0588,0.0642,0.6527,66.8045
ISIC_0058098.png,0.0934,0.0619,0.8031,62.3668
ISIC_0058125.png,1.8487,1.8184,0.0142,2.5985
ISIC_0058132.png,0.5034,0.1586,0.3539,5.4788
ISIC_0058138.png,0.2763,0.3491,0.5191,14.5354
ISIC_0058149.png,1.5108,0.7557,0.0118,2.4705
ISIC_0058151.png,0.3608,0.5208,0.4834,21.8729
ISIC_0058158.png,1.7436,1.8554,0.0229,3.3367
ISIC_0058164.png,0.0062,0.0069,0.8702,68.3835
ISIC_0058174.png,0.4416,0.4138,0.4404,9.5603
ISIC_0058177.png,0.3285,0.2088,0.3288,41.3192
ISIC_0058186.png,0.1323,0.1612,0.7002,41.6335
ISIC_0058198.png,0.2785,0.2619,0.4906,38.0722
ISIC_0058199.png,1.9623,1.822,0.0214,3.6635
ISIC_0058206.png,0.5095,0.548,0.3078,17.7481
ISIC_0058224.png,1.7566,1.8832,0.0088,2.5268
ISIC_0058255.png,0.4351,0.1557,0.2192,2.7643
ISIC_0058303.png,0.2246,0.2257,0.6169,55.1473
ISIC_0058315.png,0.5856,0.4346,0.3384,25.0132
ISIC_0058331.png,0.2036,0.1344,0.5321,45.4186
ISIC_0058346.png,0.4534,0.2844,0.4912,18.5242
ISIC_0058376.png,0.0375,0.0325,0.5877,83.1229
ISIC_0058408.png,0.0751,0.0694,0.6657,55.0153
ISIC_0058418.png,0.5888,0.4361,0.1997,23.2652
ISIC_0058428.png,0.025,0.0164,0.8529,98.8101
ISIC_0058432.png,0.1946,0.2097,0.594,19.7926
ISIC_0058496.png,0.2546,0.2772,0.5506,31.4571
ISIC_0058501.png,1.9405,1.0631,0.0228,2.3372
ISIC_0058508.png,0.2982,0.1734,0.4856,28.8671
ISIC_0058513.png,0.0626,0.0663,0.6921,85.444
ISIC_0058529.png,0.2477,0.3276,0.6036,20.5225
ISIC_0058580.png,0.2147,0.4804,0.3994,34.6542
ISIC_0058585.png,0.2233,0.3465,0.6103,27.2555
ISIC_0058594.png,0.1185,0.0923,0.6456,60.687
ISIC_0058607.png,0.3407,0.2357,0.3893,25.1988
ISIC_0058617.png,0.2538,0.2549,0.5141,27.2906
ISIC_0058625.png,0.1765,0.2041,0.5625,44.8621
ISIC_0058647.png,0.0134,0.0128,0.8675,98.1242
ISIC_0058649.png,1.3637,1.5871,0.0207,4.4098
ISIC_0058658.png,0.3373,0.2103,0.3523,44.2456
ISIC_0058661.png,0.0736,0.0813,0.6786,68.2251
ISIC_0058666.png,0.7326,0.8287,0.0997,11.9158
ISIC_0058676.png,0.4032,0.4093,0.2633,34.0588
ISIC_0058716.png,1.3863,1.9066,0.0103,3.7033
ISIC_0058723.png,0.4883,0.3317,0.3816,33.586
ISIC_0058730.png,0.1428,0.14,0.6298,38.3911
ISIC_0058753.png,0.7283,0.3976,0.3481,13.9666
ISIC_0058768.png,0.634,0.6127,0.2463,13.2202
ISIC_0058781.png,0.3139,0.1787,0.2442,17.2425
ISIC_0058823.png,0.0918,0.1324,0.6581,40.5835
ISIC_0058828.png,0.1398,0.1668,0.6875,42.0053
ISIC_0058836.png,1.0176,0.1434,0.1267,2.7389
ISIC_0058837.png,0.0081,0.0088,0.874,96.6248
ISIC_0058851.png,0.7272,0.2984,0.4669,13.0926
ISIC_0058858.png,0.7067,0.1937,0.1404,2.6627
ISIC_0058863.png,0.3281,0.4382,0.4312,19.7541
ISIC_0058877.png,0.0975,0.1016,0.7137,44.2621
ISIC_0058891.png,0.0919,0.0686,0.6693,47.0153
ISIC_0058906.png,0.088,0.0419,0.7816,29.075
ISIC_0058909.png,0.698,0.5058,0.2243,8.9664
ISIC_0058926.png,0.8979,0.97,0.2838,8.0232
ISIC_0058946.png,0.9961,0.2089,0.2879,28.3122
ISIC_0058950.png,1.6396,1.4978,0.0231,2.9317
ISIC_0058954.png,0.1089,0.1886,0.7709,9.3889
ISIC_0058998.png,0.7065,0.7444,0.1757,12.108
ISIC_0059005.png,0.1054,0.086,0.7781,48.2299
ISIC_0059037.png,0.2706,0.1987,0.4551,53.23
ISIC_0059041.png,0.1298,0.13,0.6354,31.4365
ISIC_0059052.png,0.012,0.0094,0.8719,97.0501
ISIC_0059065.png,0.2738,0.2487,0.3231,39.6628
ISIC_0059066.png,0.0064,0.0036,0.871,91.2757
ISIC_0059082.png,0.0384,0.0417,0.8116,89.7992
ISIC_0059093.png,0.3366,0.3709,0.5882,33.16
ISIC_0059170.png,0.9979,0.1884,0.1138,2.718
ISIC_0059181.png,0.2723,0.2684,0.323,34.4714
ISIC_0059216.png,0.5435,0.167,0.1809,2.6506
ISIC_0059219.png,0.2008,0.2633,0.6338,35.0756
ISIC_0059248.png,0.5966,0.4177,0.2287,22.2606
ISIC_0059257.png,0.0968,0.1016,0.764,72.9844
ISIC_0059264.png,0.2694,0.2956,0.3521,44.8743
ISIC_0059273.png,0.1453,0.2036,0.5185,49.7101
ISIC_0059294.png,0.6845,0.1726,0.162,2.7522
ISIC_0059303.png,0.5263,0.3835,0.4302,26.994
ISIC_0059314.png,0.4518,0.4918,0.1209,12.1681
ISIC_0059330.png,1.0433,1.7626,0.0701,10.8737
ISIC_0059336.png,0.549,0.4882,0.3156,24.8494
ISIC_0059341.png,0.1327,0.1456,0.6391,47.4709
ISIC_0059349.png,1.3776,0.4262,0.1069,2.7305
ISIC_0059350.png,0.0055,0.0051,0.871,90.1818
ISIC_0059353.png,0.8031,0.8237,0.0715,18.2774
ISIC_0059357.png,0.5351,0.2163,0.514,6.3524
ISIC_0059368.png,0.2313,0.2498,0.4629,26.4406
ISIC_0059390.png,0.127,0.2695,0.6603,55.8666
ISIC_0059411.png,0.2835,0.3543,0.2356,36.0965
ISIC_0059412.png,0.6351,0.5767,0.1529,20.2198
ISIC_0059421.png,0.1403,0.1495,0.616,34.5337
ISIC_0059423.png,0.0084,0.006,0.8718,69.9139
ISIC_0059427.png,0.5615,0.3809,0.1934,20.1212
ISIC_0059432.png,0.2155,0.1859,0.4972,35.4373
ISIC_0059435.png,0.1424,0.2107,0.5248,56.5792
ISIC_0059440.png,0.642,0.6191,0.0845,16.7044
ISIC_0059485.png,0.1445,0.1414,0.6949,48.4372
ISIC_0059501.png,0.0778,0.1411,0.6592,42.2876
ISIC_0059506.png,0.3904,0.2728,0.2941,14.8622
ISIC_0059512.png,1.5738,1.3425,0.0088,2.9581
ISIC_0059547.png,1.2036,0.3208,0.1186,2.6856
ISIC_0059551.png,0.7849,0.2634,0.1423,2.7034
ISIC_0059569.png,0.1683,0.2284,0.6652,31.4039
ISIC_0059571.png,0.2725,0.246,0.3739,8.5175
ISIC_0059593.png,0.1308,0.1688,0.6664,21.8097
ISIC_0059597.png,0.0102,0.0067,0.8678,68.2752
ISIC_0059601.png,0.2918,0.1974,0.2145,2.6192
ISIC_0059609.png,0.0241,0.0245,0.8556,70.7265
ISIC_0059625.png,0.3696,0.209,0.6518,14.7788
ISIC_0059626.png,0.2461,0.1559,0.6356,24.7913
ISIC_0059632.png,0.3949,0.2619,0.4904,22.5872
ISIC_0059671.png,1.0704,1.3746,0.1098,6.3833
ISIC_0059686.png,0.1788,0.1344,0.7,71.1086
ISIC_0059707.png,0.4313,0.3682,0.5725,8.2819
ISIC_0059722.png,0.151,0.1947,0.7834,41.8118
ISIC_0059733.png,0.005,0.0072,0.8718,71.4361
ISIC_0059768.png,1.7325,1.7918,0.0094,2.9754
ISIC_0059769.png,0.1542,0.1041,0.7067,30.4114
ISIC_0059773.png,0.1579,0.297,0.6903,33.5074
ISIC_0059786.png,0.1786,0.2268,0.5827,25.293
ISIC_0059808.png,0.2488,0.4311,0.3507,20.4749
ISIC_0059836.png,0.627,0.1379,0.17,2.7466
ISIC_0059840.png,0.3276,0.2166,0.389,36.7441
ISIC_0059846.png,0.169,0.0616,0.7236,56.179
ISIC_0059855.png,1.3949,1.0217,0.0278,4.3721
ISIC_0059864.png,0.1238,0.1364,0.638,31.9672
ISIC_0059866.png,0.5272,0.4643,0.1544,24.4023
ISIC_0059884.png,0.0152,0.0134,0.8672,88.8618
ISIC_0059891.png,0.5485,1.0514,0.1113,12.1929
ISIC_0059892.png,0.2073,0.2221,0.4879,35.4715
ISIC_0059897.png,0.0321,0.0976,0.6981,57.5231
ISIC_0059904.png,1.574,1.7896,0.0117,4.006
ISIC_0059905.png,0.0123,0.0101,0.8525,93.4355
ISIC_0059925.png,0.6504,0.7433,0.0617,10.8138
ISIC_0059929.png,1.2543,1.0788,0.0602,5.1607
ISIC_0059943.png,0.6939,0.3346,0.4347,13.4849
ISIC_0059948.png,1.7124,1.8004,0.0097,2.5158
ISIC_0059959.png,0.1397,0.1675,0.6148,35.6634
ISIC_0059976.png,0.2074,0.2193,0.7989,9.042
ISIC_0059983.png,0.2525,0.2185,0.3784,27.8454
ISIC_0059987.png,0.1165,0.278,0.5959,51.2633
ISIC_0060032.png,0.0425,0.0347,0.8268,63.6245
ISIC_0060033.png,1.9573,1.8835,0.0149,2.8436
ISIC_0060050.png,0.1731,0.1027,0.7434,28.7576
ISIC_0060089.png,0.1745,0.168,0.8574,8.9652
ISIC_0060091.png,0.4114,0.3179,0.3562,18.5621
ISIC_0060096.png,0.0049,0.0058,0.8698,98.3395
ISIC_0060148.png,0.0106,0.0126,0.854,68.151
ISIC_0060153.png,0.0136,0.0124,0.8623,83.9528
ISIC_0060154.png,0.0132,0.0102,0.8703,90.3062
ISIC_0060158.png,0.4925,0.5005,0.2053,19.9355
ISIC_0060219.png,0.6865,0.4073,0.2994,26.6716
ISIC_0060222.png,0.85,0.5505,0.3183,10.3419
ISIC_0060233.png,0.0154,0.0135,0.8703,92.6465
ISIC_0060266.png,1.393,1.4304,0.0213,3.9082
ISIC_0060297.png,1.6061,1.6195,0.0209,2.4202
ISIC_0060308.png,0.2125,0.2549,0.5027,18.1064
ISIC_0060321.png,0.0786,0.1582,0.6107,62.0334
ISIC_0060326.png,0.1429,0.186,0.3924,45.8795
ISIC_0060341.png,0.4031,0.1395,0.2027,2.6855
ISIC_0060342.png,0.3172,0.2944,0.6697,7.2657
ISIC_0060351.png,0.2493,0.1675,0.4432,45.2397
ISIC_0060355.png,0.2192,0.2024,0.6667,27.5234
ISIC_0060380.png,0.1898,0.1927,0.4355,60.6311
ISIC_0060386.png,0.2837,0.3321,0.3353,22.6381
ISIC_0060390.png,0.054,0.0624,0.7175,90.4553
ISIC_0060397.png,0.4911,0.3998,0.2193,25.9969
ISIC_0060403.png,0.1454,0.1475,0.7212,29.4028
ISIC_0060446.png,1.1567,0.6232,0.3297,10.2661
ISIC_0060452.png,0.1552,0.1109,0.649,34.8079
ISIC_0060481.png,0.1437,0.2496,0.587,11.4396
ISIC_0060486.png,0.0926,0.076,0.7367,65.489
ISIC_0060508.png,0.2603,0.31,0.6617,22.8982
ISIC_0060525.png,0.178,0.2716,0.5993,26.1743
ISIC_0060535.png,0.1117,0.1078,0.6172,49.0017
ISIC_0060558.png,0.6022,0.3736,0.2123,2.5753
ISIC_0060559.png,0.8815,0.8194,0.2945,35.1284
ISIC_0060585.png,0.3198,0.2698,0.547,30.4006
ISIC_0060586.png,0.316,0.4459,0.5464,32.4
ISIC_0060589.png,0.1176,0.1309,0.5424,55.0147
ISIC_0060621.png,0.6814,0.5138,0.373,14.5206
ISIC_0060626.png,0.1745,0.1677,0.6756,27.3501
ISIC_0060629.png,0.016,0.0146,0.857,90.4043
ISIC_0060656.png,0.5355,0.3998,0.2387,31.7633
ISIC_0060659.png,0.1447,0.1044,0.2758,54.3015
ISIC_0060660.png,0.1598,0.1824,0.7497,24.753
ISIC_0060679.png,0.1506,0.1506,0.7038,9.6071
ISIC_0060696.png,0.3672,0.3054,0.3931,48.7718
ISIC_0060700.png,0.1628,0.2712,0.621,24.2865
ISIC_0060705.png,0.2162,0.1235,0.7031,22.7135
ISIC_0060707.png,0.1517,0.2154,0.6289,37.2779
ISIC_0060716.png,0.2383,0.2298,0.5058,28.0595
ISIC_0060719.png,0.1084,0.1399,0.6805,57.1855
ISIC_0060741.png,0.1708,0.2998,0.6615,28.2955
ISIC_0060749.png,0.0134,0.0152,0.855,89.1754
ISIC_0060760.png,0.1336,0.2067,0.5866,38.8746
ISIC_0060773.png,1.64,1.8614,0.013,2.9064
ISIC_0060817.png,0.6311,1.8534,0.0217,4.6716
ISIC_0060827.png,0.2755,0.2609,0.532,39.8952
ISIC_0060829.png,1.0688,0.7757,0.2902,23.0593
ISIC_0060832.png,0.3482,0.3482,0.3111,20.1708
ISIC_0060848.png,0.2507,0.1367,0.622,62.7288
ISIC_0060860.png,0.1257,0.1399,0.6555,43.8614
ISIC_0060893.png,1.4063,0.3178,0.0996,2.6883
ISIC_0060897.png,0.2641,0.2454,0.5468,29.6949
ISIC_0060934.png,1.081,0.3174,0.1165,2.6951
ISIC_0060937.png,0.2739,0.1401,0.6855,8.0672
ISIC_0060946.png,0.0168,0.0155,0.8614,97.887
ISIC_0060955.png,0.2979,0.283,0.4118,21.6044
ISIC_0060962.png,0.0241,0.0181,0.8422,66.4506
ISIC_0060968.png,0.0054,0.0051,0.8737,82.6946
ISIC_0060972.png,0.2369,0.2456,0.3929,45.5404
ISIC_0060975.png,0.7496,0.6708,0.0521,15.6732
ISIC_0060978.png,0.0699,0.1087,0.7256,57.8941
ISIC_0060979.png,1.737,0.5726,0.0112,2.4784
ISIC_0060992.png,0.0927,0.1044,0.6748,34.0563
ISIC_0060999.png,0.1404,0.143,0.7695,73.3349
ISIC_0061011.png,0.815,0.18,0.3519,33.8679
ISIC_0061021.png,0.5797,0.2935,0.4079,21.4479
ISIC_0061029.png,0.7948,0.6434,0.1222,17.9057
ISIC_0061066.png,0.2093,0.179,0.5623,36.2976
ISIC_0061067.png,0.1015,0.1494,0.7067,28.7585
ISIC_0061077.png,0.3545,0.4479,0.3914,19.0696
ISIC_0061085.png,0.4529,0.2944,0.4222,26.8238
ISIC_0061092.png,0.1431,0.0866,0.6285,72.1317
ISIC_0061108.png,0.7992,0.7284,0.4376,29.8053
ISIC_0061141.png,0.0073,0.0056,0.8715,98.0452
ISIC_0061152.png,0.5192,1.1256,0.2419,11.4426
ISIC_0061158.png,0.0033,0.0038,0.869,92.7294
ISIC_0061164.png,0.3986,0.5429,0.3084,24.5122
ISIC_0061183.png,0.2128,0.1852,0.4947,23.2681
ISIC_0061184.png,0.0122,0.0139,0.8696,95.5506
ISIC_0061188.png,1.5656,1.5642,0.0048,2.9542
ISIC_0061199.png,0.6331,0.2173,0.1697,2.7376
ISIC_0061224.png,1.2021,0.5319,0.2271,2.3899
ISIC_0061231.png,0.4917,0.5049,0.2221,17.5766
ISIC_0061244.png,0.2718,0.3604,0.5071,7.1844
ISIC_0061252.png,0.0156,0.0105,0.8754,98.2399
ISIC_0061265.png,0.6991,0.1662,0.1494,2.6774
ISIC_0061293.png,1.1049,1.3931,0.2023,18.5407
ISIC_0061300.png,0.1971,0.1381,0.6536,30.4037
ISIC_0061315.png,0.1201,0.2758,0.6508,21.4217
ISIC_0061320.png,1.7578,1.8209,0.014,3.0609
ISIC_0061334.png,1.2076,1.0815,0.1144,18.0172
ISIC_0061336.png,0.0144,0.0191,0.8724,82.2189
ISIC_0061343.png,0.1286,0.1404,0.779,24.9099
ISIC_0061359.png,0.9684,0.3243,0.1137,2.6996
ISIC_0061371.png,0.6136,0.2682,0.5511,15.7277
ISIC_0061379.png,0.3316,0.291,0.3516,18.8593
ISIC_0061381.png,0.0763,0.1205,0.8235,47.045
ISIC_0061418.png,0.5104,0.5657,0.1968,30.2007
ISIC_0061441.png,0.2586,0.344,0.4414,29.7233
ISIC_0061454.png,0.4304,0.1468,0.2562,2.6365
ISIC_0061475.png,0.3133,0.4138,0.5491,20.6233
ISIC_0061479.png,1.2662,1.5004,0.1769,17.067
ISIC_0061491.png,0.0318,0.0281,0.8394,82.682
ISIC_0061509.png,0.0317,0.0308,0.5115,70.0893
ISIC_0061516.png,0.4451,0.4186,0.2483,36.6885
ISIC_0061531.png,0.3946,0.2136,0.3551,41.7122
ISIC_0061544.png,1.7268,1.6805,0.0058,3.0979
ISIC_0061558.png,0.0218,0.0075,0.8708,93.6093
ISIC_0061559.png,0.2734,0.523,0.5082,10.9767
ISIC_0061562.png,0.1155,0.061,0.7398,40.6732
ISIC_0061566.png,0.2656,0.3219,0.465,40.7995
ISIC_0061580.png,0.6923,0.1868,0.1477,2.7269
ISIC_0061581.png,1.6151,1.7961,0.0102,3.2645
ISIC_0061583.png,0.2616,0.2246,0.4869,30.1278
ISIC_0061606.png,1.7451,1.4665,0.0295,8.1002
ISIC_0061623.png,1.668,1.4793,0.008,2.9622
ISIC_0061624.png,1.9535,0.5232,0.0217,2.4706
ISIC_0061625.png,0.3592,0.2795,0.1849,42.9846
ISIC_0061627.png,1.6276,1.6604,0.0214,2.6006
ISIC_0061630.png,0.0376,0.0376,0.7707,86.2133
ISIC_0061643.png,0.0272,0.0256,0.8309,80.2217
ISIC_0061647.png,0.4314,0.3566,0.3754,18.4703
ISIC_0061685.png,0.3323,0.3248,0.4079,36.1066
ISIC_0061705.png,0.174,0.2056,0.5379,25.8815
ISIC_0061734.png,0.0968,0.1389,0.6802,52.0471
ISIC_0061735.png,0.1393,0.1525,0.7835,31.4634
ISIC_0061749.png,0.1111,0.0805,0.6844,56.7256
ISIC_0061751.png,1.3944,0.3915,0.1024,2.71
ISIC_0061803.png,0.2879,0.1769,0.7861,11.7925
ISIC_0061806.png,0.6306,0.4987,0.5285,21.3609
ISIC_0061825.png,0.0123,0.0187,0.8727,92.699
ISIC_0061829.png,0.4416,0.4228,0.3566,13.4814
ISIC_0061848.png,0.3322,0.3547,0.5658,41.9109
ISIC_0061870.png,1.1403,0.371,0.1158,2.6626
ISIC_0061880.png,0.1735,0.2669,0.4142,30.7003
ISIC_0061884.png,0.1444,0.1121,0.627,38.0218
ISIC_0061915.png,0.0092,0.0096,0.8677,89.1736
ISIC_0061918.png,0.3105,0.2601,0.3803,31.9239
ISIC_0061936.png,0.7104,0.2825,0.1551,2.7541
ISIC_0061941.png,0.6475,0.6792,0.3277,8.286
ISIC_0061972.png,1.1845,1.7296,0.0155,3.9993
ISIC_0062005.png,0.2679,0.2605,0.4853,26.7408
ISIC_0062025.png,1.2432,0.5642,0.1659,7.1972
ISIC_0062026.png,0.0176,0.0072,0.8684,92.9295
ISIC_0062031.png,0.1734,0.2034,0.5519,19.124
ISIC_0062048.png,1.932,1.9339,0.0425,2.4292
ISIC_0062058.png,0.671,0.4614,0.2575,21.3799
ISIC_0062077.png,0.3246,0.2072,0.4442,28.7959
ISIC_0062084.png,1.2626,1.5069,0.1165,9.3428
ISIC_0062087.png,0.6191,0.6034,0.2937,33.3811
ISIC_0062099.png,0.2567,0.2839,0.3053,30.1287
ISIC_0062111.png,0.6453,0.2474,0.4541,19.3513
ISIC_0062114.png,0.4033,0.4198,0.7392,3.5522
ISIC_0062133.png,0.4079,0.4704,0.2514,14.0422
ISIC_0062158.png,0.3942,0.1415,0.5094,35.1357
ISIC_0062160.png,0.3907,0.4002,0.2863,26.1231
ISIC_0062161.png,0.0047,0.0047,0.8702,97.4083
ISIC_0062162.png,0.0258,0.0172,0.8602,83.4505
ISIC_0062196.png,0.653,0.3874,0.19,22.5782
ISIC_0062204.png,0.4913,0.6235,0.3773,17.1226
ISIC_0062208.png,0.2276,0.3029,0.2513,34.8066
ISIC_0062223.png,0.2412,0.1615,0.4686,24.3452
ISIC_0062234.png,0.2811,0.2368,0.4287,25.4765
ISIC_0062235.png,0.2636,0.1545,0.2253,2.6001
ISIC_0062241.png,0.5102,0.5189,0.2805,23.0003
ISIC_0062286.png,1.2106,0.4008,0.1093,2.7183
ISIC_0062298.png,0.2936,0.269,0.2497,29.9421
ISIC_0062301.png,0.1921,0.2247,0.553,46.1185
ISIC_0062313.png,0.5259,0.4406,0.2476,22.5689
ISIC_0062318.png,1.8159,1.6004,0.0172,3.5458
ISIC_0062323.png,0.2718,0.3231,0.2014,32.9075
ISIC_0062325.png,0.0946,0.0763,0.6997,63.1853
ISIC_0062364.png,0.7039,0.4966,0.3083,14.2099
ISIC_0062367.png,0.3265,0.2608,0.4789,23.3629
ISIC_0062382.png,0.4429,0.4631,0.0998,17.9971
ISIC_0062389.png,0.1036,0.1695,0.7114,32.9987
ISIC_0062401.png,1.4386,1.2849,0.006,4.1911
ISIC_0062407.png,0.0042,0.0041,0.8714,93.3211
ISIC_0062440.png,0.2533,0.1832,0.533,58.021
ISIC_0062443.png,0.3779,0.3973,0.3706,10.7924
ISIC_0062456.png,0.2587,0.2356,0.6386,30.9898
ISIC_0062463.png,1.1651,0.6324,0.1639,14.9838
ISIC_0062468.png,0.1149,0.1032,0.6448,56.966
ISIC_0062471.png,0.3723,0.6149,0.1853,22.8359
ISIC_0062497.png,0.0149,0.0163,0.8706,84.4857
ISIC_0062505.png,0.2886,0.3704,0.3036,26.446
ISIC_0062517.png,0.1408,0.2016,0.5607,63.1532
ISIC_0062524.png,0.1037,0.1137,0.7506,43.4532
ISIC_0062525.png,0.0216,0.0217,0.831,85.0501
ISIC_0062530.png,0.1386,0.1111,0.4113,59.4123
ISIC_0062536.png,1.4322,0.3386,0.1134,2.7323
ISIC_0062537.png,0.1459,0.1363,0.6613,36.0944
ISIC_0062546.png,0.02,0.0273,0.3966,5.649
ISIC_0062547.png,1.9451,1.5452,0.0231,2.4826
ISIC_0062559.png,0.0072,0.0067,0.8666,85.2191
ISIC_0062575.png,0.0223,0.0152,0.8616,69.0238
ISIC_0062576.png,0.1614,0.1721,0.5839,53.7229
ISIC_0062639.png,1.3779,1.4732,0.2044,13.4272
ISIC_0062649.png,0.2248,0.1316,0.5945,21.1947
ISIC_0062684.png,0.1453,0.0684,0.4565,59.942
ISIC_0062686.png,0.0345,0.0129,0.8292,93.2154
ISIC_0062702.png,0.1,0.1133,0.7614,24.709
ISIC_0062709.png,1.0539,0.3982,0.1182,2.748
ISIC_0062712.png,0.0154,0.0193,0.8712,77.3528
ISIC_0062713.png,0.6971,0.0971,0.1594,2.7893
ISIC_0062734.png,0.4477,0.2927,0.5868,10.1267
ISIC_0062740.png,0.1566,0.1702,0.7322,32.3512
ISIC_0062762.png,0.6468,0.1878,0.1577,2.7084
ISIC_0062765.png,0.6969,0.6813,0.323,40.1392
ISIC_0062770.png,0.4922,0.2794,0.5439,12.2769
ISIC_0062812.png,0.0841,0.1697,0.6384,34.4867
ISIC_0062827.png,0.1843,0.2225,0.5662,46.1153
ISIC_0062864.png,0.0176,0.017,0.8469,88.3453
ISIC_0062869.png,0.0081,0.0065,0.8728,95.1718
ISIC_0062906.png,0.0235,0.0173,0.8696,80.9126
ISIC_0062914.png,0.4142,0.4517,0.1512,22.7732
ISIC_0062935.png,1.2429,1.0211,0.1225,12.1026
ISIC_0062978.png,0.4594,0.8342,0.1409,20.314
ISIC_0062980.png,0.0144,0.0104,0.8558,66.4652
ISIC_0062991.png,0.0051,0.0045,0.8699,86.6714
ISIC_0062997.png,0.8492,0.5077,0.3586,6.0038
ISIC_0063018.png,0.7751,0.3077,0.1571,2.7161
ISIC_0063026.png,0.7251,0.4285,0.3405,20.4504
ISIC_0063028.png,0.2297,0.2043,0.4392,38.2706
ISIC_0063046.png,0.1283,0.0947,0.377,50.9362
ISIC_0063053.png,0.1062,0.1474,0.7832,50.8048
ISIC_0063061.png,0.1267,0.1128,0.5426,55.335
ISIC_0063070.png,1.7778,1.7646,0.0118,2.5115
ISIC_0063081.png,0.1489,0.176,0.7662,20.3726
ISIC_0063151.png,0.116,0.0885,0.6343,76.234
ISIC_0063157.png,0.523,0.5066,0.4458,14.1852
ISIC_0063164.png,0.3902,0.7609,0.1953,18.8352
ISIC_0063168.png,0.2221,0.1299,0.6627,65.1751
ISIC_0063180.png,0.0046,0.0035,0.8718,82.7294
ISIC_0063181.png,0.4314,0.4859,0.5107,14.8355
ISIC_0063190.png,0.3796,0.1042,0.5812,34.8427
ISIC_0063191.png,0.1647,0.1556,0.5992,64.9222
ISIC_0063225.png,0.1413,0.3901,0.6276,35.8805
ISIC_0063234.png,0.19,0.3892,0.3646,31.5634
ISIC_0063241.png,0.461,0.1636,0.1929,2.6818
ISIC_0063243.png,0.2283,0.2402,0.5689,52.8679
ISIC_0063258.png,0.6194,0.4452,0.1998,14.6622
ISIC_0063268.png,0.8507,0.3333,0.1374,2.769
ISIC_0063289.png,1.4263,1.4373,0.0062,4.3046
ISIC_0063295.png,1.6226,0.5626,0.0904,2.6977
ISIC_0063300.png,0.5498,0.1932,0.1569,2.7115
ISIC_0063319.png,0.2544,0.4111,0.6468,22.1029
ISIC_0063369.png,0.9359,1.4763,0.1668,12.2679
ISIC_0063425.png,1.2545,1.2699,0.1927,9.3626
ISIC_0063445.png,0.2055,0.2102,0.6383,18.227
ISIC_0063447.png,0.2072,0.5986,0.4182,15.4744
ISIC_0063473.png,0.2577,0.2388,0.4375,26.0634
ISIC_0063492.png,0.9221,0.6914,0.2306,18.7098
ISIC_0063493.png,0.5139,0.4783,0.1378,9.3349
ISIC_0063496.png,0.1092,0.1044,0.6606,41.6071
ISIC_0063516.png,0.2042,0.1631,0.6893,52.7127
ISIC_0063521.png,0.0354,0.0344,0.6076,59.7146
ISIC_0063544.png,0.1759,0.3944,0.641,50.483
ISIC_0063551.png,0.177,0.1786,0.476,56.1359
ISIC_0063556.png,0.0812,0.1019,0.3967,64.6366
ISIC_0063568.png,0.542,0.4064,0.1598,23.3075
ISIC_0063601.png,0.0109,0.0076,0.8663,94.9743
ISIC_0063617.png,0.0817,0.0507,0.7876,59.1456
ISIC_0063642.png,0.1865,0.2657,0.5479,35.0927
ISIC_0063650.png,1.7983,1.6193,0.0095,3.0928
ISIC_0063655.png,0.0161,0.0086,0.8679,98.7177
ISIC_0063664.png,0.6119,0.4734,0.1932,15.0823
ISIC_0063672.png,0.1715,0.1221,0.6837,22.9425
ISIC_0063680.png,0.5052,0.316,0.3448,22.8705
ISIC_0063692.png,0.8456,0.8177,0.2547,22.1999
ISIC_0063715.png,0.5182,0.1574,0.2069,2.7446
ISIC_0063742.png,0.2966,0.172,0.6572,22.5175
ISIC_0063745.png,0.2437,0.2627,0.6102,41.0233
ISIC_0063748.png,0.2749,0.2409,0.5009,41.144
ISIC_0063753.png,0.3577,0.3669,0.134,29.8065
ISIC_0063824.png,0.0274,0.0256,0.7619,94.5099
ISIC_0063842.png,0.3724,0.4023,0.3753,20.2491
ISIC_0063845.png,0.9335,1.5629,0.0908,9.2128
ISIC_0063852.png,0.2605,0.272,0.5881,38.0772
ISIC_0063871.png,0.5913,0.6414,0.164,9.0182
ISIC_0063872.png,0.0202,0.0141,0.8642,87.8659
ISIC_0063899.png,0.2253,0.1186,0.5763,48.0722
ISIC_0063926.png,0.8066,1.4848,0.0256,7.2243
ISIC_0063930.png,0.006,0.0052,0.8708,87.8366
ISIC_0063950.png,0.0059,0.0044,0.8739,87.6841
ISIC_0063958.png,0.6391,0.3994,0.4121,26.6223
ISIC_0063961.png,0.0195,0.0164,0.8748,98.8737
ISIC_0063980.png,1.8011,1.8202,0.0487,9.0064
ISIC_0063981.png,0.0235,0.0126,0.8703,92.7762
ISIC_0063988.png,0.1431,0.149,0.5857,34.8093
ISIC_0064006.png,0.0206,0.0109,0.8682,94.0044
ISIC_0064010.png,0.4488,1.0164,0.2325,29.7939
ISIC_0064014.png,0.4122,0.3284,0.4794,32.3035
ISIC_0064023.png,1.7482,1.6254,0.0118,2.6929
ISIC_0064026.png,0.711,0.592,0.2799,12.8991
ISIC_0064033.png,0.2583,0.2169,0.0908,27.0407
ISIC_0064034.png,0.2512,0.1962,0.6362,39.3762
ISIC_0064044.png,0.1128,0.1112,0.6452,48.207
ISIC_0064060.png,0.1278,0.1713,0.7739,21.9542
ISIC_0064066.png,1.2389,1.6257,0.039,5.5066
ISIC_0064071.png,0.068,0.0689,0.7869,41.8839
ISIC_0064072.png,0.1964,0.2041,0.5268,51.1959
ISIC_0064073.png,0.2847,0.186,0.6322,17.4846
ISIC_0064080.png,0.2285,0.3449,0.4916,47.5245
ISIC_0064095.png,0.2071,0.124,0.6569,49.2131
ISIC_0064102.png,1.6466,1.2912,0.0116,2.4771
ISIC_0064107.png,1.7278,1.8138,0.0136,2.7927
ISIC_0064113.png,0.0336,0.0314,0.8298,69.784
ISIC_0064120.png,0.3648,0.2782,0.4063,54.2134
ISIC_0064124.png,0.1514,0.0661,0.7052,72.8882
ISIC_0064125.png,0.1327,0.1096,0.6773,50.312
ISIC_0064141.png,0.5231,0.6859,0.2381,31.7291
ISIC_0064180.png,0.1668,0.1269,0.7502,31.8833
ISIC_0064240.png,0.0089,0.0075,0.8722,95.322
ISIC_0064247.png,0.7494,1.2543,0.0258,11.058
ISIC_0064261.png,0.6867,0.736,0.3373,23.0288
ISIC_0064270.png,0.2114,0.2823,0.5676,49.3701
ISIC_0064279.png,1.8862,1.85,0.026,2.723
ISIC_0064284.png,0.2661,0.3474,0.4034,49.5304
ISIC_0064298.png,0.2541,0.2466,0.5763,71.5438
ISIC_0064307.png,0.2851,0.3028,0.4063,23.7538
ISIC_0064318.png,0.2019,0.5162,0.3492,19.2433
ISIC_0064337.png,0.7773,0.5925,0.1394,31.0836
ISIC_0064342.png,0.396,0.2866,0.2763,29.5417
ISIC_0064344.png,0.1142,0.0589,0.8092,48.0272
ISIC_0064376.png,0.3585,0.3342,0.4602,18.8281
ISIC_0064393.png,0.1651,0.2373,0.3748,43.1921
ISIC_0064406.png,0.101,0.0961,0.6346,54.0629
ISIC_0064427.png,0.1923,0.1845,0.6223,27.3107
ISIC_0064463.png,0.0153,0.0109,0.8654,92.4242
ISIC_0064471.png,0.1899,0.1657,0.6237,22.1717
ISIC_0064472.png,0.7258,0.3102,0.1479,2.7194
ISIC_0064478.png,0.2141,0.0809,0.7268,44.4698
ISIC_0064517.png,0.3594,0.1729,0.4236,26.8822
ISIC_0064534.png,1.523,0.9122,0.0404,2.3165
ISIC_0064557.png,0.0982,0.1617,0.6895,50.5654
ISIC_0064559.png,0.1247,0.2228,0.5152,43.4783
ISIC_0064563.png,0.9679,0.4099,0.2523,12.5661
ISIC_0064589.png,0.782,0.5465,0.1388,18.6491
ISIC_0064606.png,0.3361,0.3489,0.3594,27.6725
ISIC_0064623.png,0.2495,0.1804,0.3772,41.3213
ISIC_0064625.png,1.6246,0.5482,0.0854,2.6659
ISIC_0064633.png,0.3519,0.6567,0.2012,31.3176
ISIC_0064656.png,0.0802,0.0513,0.6689,41.5351
ISIC_0064660.png,1.1194,0.3439,0.1105,2.6299
ISIC_0064669.png,0.1465,0.1902,0.8192,12.7019
ISIC_0064683.png,0.2817,0.4475,0.2273,25.8857
ISIC_0064692.png,0.0227,0.0203,0.8705,70.1054
ISIC_0064694.png,0.0073,0.0057,0.871,89.8729
ISIC_0064738.png,0.0757,0.1052,0.7255,44.4218
ISIC_0064742.png,0.6455,0.2011,0.1786,2.6482
ISIC_0064761.png,0.5897,0.4718,0.2744,18.6379
ISIC_0064763.png,0.0827,0.0729,0.5528,69.3088
ISIC_0064784.png,0.2536,0.2531,0.296,38.7906
ISIC_0064785.png,0.4425,0.3763,0.4401,16.9215
ISIC_0064798.png,1.4569,1.1848,0.0187,2.8523
ISIC_0064821.png,0.7372,1.2048,0.2088,14.7126
ISIC_0064822.png,0.2984,0.2233,0.5984,27.4109
ISIC_0064823.png,0.236,0.4637,0.6773,18.9172
ISIC_0064836.png,0.2012,0.206,0.7244,28.2298
ISIC_0064860.png,0.2551,0.181,0.481,28.9339
ISIC_0064863.png,0.3101,0.3319,0.165,26.4357
ISIC_0064874.png,0.8016,0.251,0.1467,2.7598
ISIC_0064875.png,0.7573,0.4374,0.1229,18.5653
ISIC_0064877.png,0.6068,0.6023,0.2966,26.5574
ISIC_0064879.png,0.1062,0.0733,0.6475,34.579
ISIC_0064907.png,0.7677,0.5273,0.2733,6.3363
ISIC_0064925.png,0.0635,0.1207,0.6417,66.4128
ISIC_0064932.png,1.9502,1.5979,0.0118,3.0228
ISIC_0064936.png,0.0324,0.0337,0.7995,91.3855
ISIC_0064941.png,0.1096,0.0967,0.6492,67.5411
ISIC_0064943.png,0.9273,1.0287,0.207,16.318
ISIC_0064964.png,0.0896,0.1531,0.5808,54.829
ISIC_0064979.png,0.2106,0.2066,0.5055,37.3853
ISIC_0064982.png,0.0138,0.0092,0.8715,86.2502
ISIC_0064986.png,0.6105,0.1977,0.1646,2.8107
ISIC_0064997.png,0.0156,0.0122,0.8709,72.2211
ISIC_0065013.png,1.1957,0.4874,0.1345,2.6374
ISIC_0065022.png,0.8275,0.4544,0.26,28.4103
ISIC_0065039.png,0.4458,0.1922,0.2172,2.7106
ISIC_0065062.png,0.2394,0.3298,0.4991,59.378
ISIC_0065066.png,0.3664,0.1562,0.5176,5.0083
ISIC_0065121.png,0.2485,0.2478,0.4853,51.0355
ISIC_0065128.png,0.2607,0.2194,0.4794,16.8583
ISIC_0065133.png,0.0146,0.0152,0.8663,84.8207
ISIC_0065181.png,0.7546,0.7557,0.1213,17.16
ISIC_0065192.png,0.7271,0.7021,0.2097,19.1264
ISIC_0065200.png,1.8324,1.9459,0.0291,3.0912
ISIC_0065204.png,1.5463,1.6554,0.017,3.1865
ISIC_0065206.png,0.2394,0.1667,0.7686,28.0225
ISIC_0065219.png,0.1091,0.1237,0.526,38.7325
ISIC_0065233.png,0.206,0.2259,0.7272,15.0557
ISIC_0065235.png,0.8276,0.8236,0.3606,25.4057
ISIC_0065260.png,0.1249,0.1189,0.6945,20.6858
ISIC_0065264.png,0.2607,0.6938,0.4727,22.2434
ISIC_0065278.png,0.5502,0.1659,0.1574,2.7413
ISIC_0065283.png,0.2205,0.1352,0.7379,16.8623
ISIC_0065292.png,1.456,1.3919,0.2479,26.3925
ISIC_0065313.png,0.4276,0.1319,0.5647,14.606
ISIC_0065324.png,0.6966,0.6942,0.2499,12.8319
ISIC_0065341.png,0.3766,0.2225,0.2649,44.3509
ISIC_0065346.png,1.8248,1.5473,0.011,2.7709
ISIC_0065351.png,0.1722,0.1542,0.4512,31.9296
ISIC_0065360.png,0.15,0.1553,0.578,67.9231
ISIC_0065378.png,0.248,0.1517,0.6306,26.1621
ISIC_0065390.png,0.22,0.3589,0.6273,16.91
ISIC_0065394.png,0.2214,0.1944,0.6018,21.8837
ISIC_0065421.png,0.6031,0.2104,0.1567,2.7847
ISIC_0065449.png,0.548,0.5533,0.2962,27.8177
ISIC_0065463.png,0.7274,0.7852,0.2569,34.8306
ISIC_0065468.png,0.2293,0.2743,0.5063,33.3453
ISIC_0065469.png,0.1499,0.1458,0.5807,34.6123
ISIC_0065477.png,0.2364,0.2376,0.4705,27.3479
ISIC_0065480.png,0.1111,0.0998,0.6693,39.8377
ISIC_0065513.png,0.6226,0.8937,0.092,11.3907
ISIC_0065518.png,0.7908,0.736,0.376,8.544
ISIC_0065521.png,1.7441,1.7574,0.0108,2.7532
ISIC_0065525.png,0.5321,0.1798,0.1894,2.6838
ISIC_0065535.png,0.2193,0.2749,0.4034,25.7524
ISIC_0065537.png,0.5423,0.2277,0.6322,9.9186
ISIC_0065539.png,0.3404,0.312,0.4885,23.8726
ISIC_0065582.png,0.2443,0.3068,0.5528,29.6024
ISIC_0065590.png,0.3612,0.3885,0.2887,30.6207
ISIC_0065597.png,1.8329,1.6226,0.0156,2.6845
ISIC_0065622.png,0.6174,0.323,0.2927,16.6657
ISIC_0065658.png,0.216,0.2543,0.2916,43.814
ISIC_0065714.png,0.5595,0.2637,0.1699,2.7108
ISIC_0065727.png,0.1297,0.196,0.5984,60.3499
ISIC_0065728.png,0.8151,0.7344,0.3306,13.3337
ISIC_0065735.png,0.0524,0.047,0.7186,78.5336
ISIC_0065740.png,1.9608,1.7905,0.0125,2.6493
ISIC_0065746.png,0.3091,0.3223,0.3865,21.3463
ISIC_0065748.png,0.2868,0.1548,0.4423,54.9574
ISIC_0065766.png,0.0204,0.0243,0.8646,87.6019
ISIC_0065774.png,0.1695,0.1385,0.4857,67.0026
ISIC_0065775.png,0.2818,0.2261,0.3848,28.8966
ISIC_0065796.png,0.0697,0.1413,0.6421,44.5978
ISIC_0065807.png,0.5966,0.4824,0.2186,28.4563
ISIC_0065823.png,0.1929,0.2865,0.557,37.1385
ISIC_0065872.png,0.1525,0.1683,0.5884,41.089
ISIC_0065882.png,0.2213,0.2068,0.5395,55.4712
ISIC_0065883.png,0.0246,0.0186,0.8705,73.9225
ISIC_0065889.png,1.7597,1.7054,0.0637,2.5991
ISIC_0065918.png,0.1406,0.39,0.5345,46.3906
ISIC_0065943.png,0.049,0.0476,0.6037,83.6567
ISIC_0066001.png,0.1538,0.1286,0.627,25.768
ISIC_0066012.png,0.3522,0.3082,0.4689,34.3512
ISIC_0066033.png,0.1905,0.1477,0.5453,60.0318
ISIC_0066053.png,0.116,0.1032,0.6826,51.3205
ISIC_0066094.png,0.2889,0.402,0.3055,34.5263
ISIC_0066101.png,0.8962,0.5816,0.2239,15.9165
ISIC_0066105.png,0.262,0.1996,0.521,36.7419
ISIC_0066106.png,0.1884,0.2007,0.6852,31.7594
ISIC_0066109.png,0.7207,0.2153,0.1664,2.7108
ISIC_0066114.png,0.0149,0.0127,0.868,72.3743
ISIC_0066143.png,0.1764,0.345,0.4335,25.5848
ISIC_0066149.png,0.4212,0.5896,0.4625,8.0369
ISIC_0066150.png,0.8149,0.8206,0.2497,16.047
ISIC_0066200.png,1.3446,1.1951,0.085,8.789
ISIC_0066203.png,0.0947,0.115,0.7273,63.2429
ISIC_0066209.png,0.1827,0.2031,0.6808,16.3978
ISIC_0066213.png,0.1023,0.2872,0.5722,30.0524
ISIC_0066223.png,0.0819,0.1287,0.6546,61.1231
ISIC_0066240.png,1.8933,1.8707,0.0362,2.4547
ISIC_0066262.png,0.0091,0.0049,0.8541,88.5088
ISIC_0066289.png,1.4613,1.6222,0.0203,3.1841
ISIC_0066314.png,0.1591,0.0867,0.6797,48.54
ISIC_0066321.png,0.1282,0.1935,0.7331,52.5168
ISIC_0066328.png,1.5976,1.8806,0.0114,3.3268
ISIC_0066338.png,0.01,0.0111,0.8643,86.41
ISIC_0066354.png,0.018,0.015,0.8459,99.5833
ISIC_0066355.png,1.9163,1.9347,0.0099,2.5191
ISIC_0066358.png,1.735,1.7992,0.0385,3.0291
ISIC_0066366.png,0.0201,0.0215,0.8732,72.8255
ISIC_0066378.png,0.3324,0.2857,0.4814,35.0314
ISIC_0066379.png,0.0944,0.1711,0.6437,55.6212
ISIC_0066382.png,0.533,0.6048,0.4122,11.251
ISIC_0066399.png,1.1401,1.3998,0.0469,8.8998
ISIC_0066401.png,0.2247,0.3,0.2697,37.3103
ISIC_0066411.png,1.3691,0.5497,0.2479,5.2718
ISIC_0066412.png,0.1769,0.0985,0.7323,42.0329
ISIC_0066429.png,0.6914,0.4418,0.1846,18.3778
ISIC_0066430.png,0.4767,0.5731,0.2095,21.2685
ISIC_0066470.png,0.916,0.1491,0.131,2.7871
ISIC_0066476.png,0.0103,0.0175,0.8712,79.2201
ISIC_0066483.png,0.2824,0.1491,0.4308,50.1634
ISIC_0066492.png,0.5132,0.1434,0.1799,2.5567
ISIC_0066506.png,0.0051,0.0047,0.872,90.0298
ISIC_0066518.png,1.6495,1.7337,0.0278,2.471
ISIC_0066532.png,0.3903,0.5279,0.4905,35.3048
ISIC_0066564.png,0.3527,0.2947,0.1724,19.8313
ISIC_0066588.png,0.1753,0.1779,0.4886,35.1489
ISIC_0066626.png,0.0143,0.0106,0.8689,94.7799
ISIC_0066637.png,0.0728,0.0854,0.8113,20.5391
ISIC_0066659.png,0.0066,0.0075,0.8401,95.1078
ISIC_0066671.png,0.3472,0.2545,0.1471,33.8027
ISIC_0066674.png,0.2054,0.2633,0.6816,18.6657
ISIC_0066678.png,0.4006,0.2389,0.2958,26.2522
ISIC_0066733.png,0.3776,0.0839,0.3295,2.545
ISIC_0066739.png,0.1286,0.1272,0.4445,57.9784
ISIC_0066740.png,0.1056,0.0928,0.7159,53.4351
ISIC_0066749.png,0.0209,0.0176,0.8703,83.7346
ISIC_0066750.png,0.5493,0.5163,0.2657,13.8493
ISIC_0066783.png,0.1986,0.2251,0.582,32.4504
ISIC_0066784.png,0.3447,0.5544,0.3249,28.442
ISIC_0066798.png,0.1043,0.13,0.7009,27.2694
ISIC_0066854.png,0.0054,0.0055,0.8722,92.9089
ISIC_0066878.png,0.3454,0.4405,0.1667,17.9268
ISIC_0066882.png,0.2548,0.2527,0.3626,50.7924
ISIC_0066889.png,0.0696,0.0984,0.6493,63.7029
ISIC_0066935.png,0.4219,0.4277,0.1439,32.6702
ISIC_0066952.png,1.8306,1.8574,0.0175,2.7395
ISIC_0066992.png,1.2118,0.3409,0.1012,2.6588
ISIC_0067006.png,1.568,1.6511,0.0246,3.9629
ISIC_0067008.png,0.1029,0.1579,0.7409,39.4081
ISIC_0067012.png,0.2752,0.2221,0.5115,51.7402
ISIC_0067027.png,0.1727,0.0768,0.6698,35.6349
ISIC_0067054.png,0.2785,0.2909,0.2952,18.8829
ISIC_0067077.png,0.4817,0.8912,0.4581,11.9555
ISIC_0067094.png,0.2225,0.2774,0.4579,25.5778
ISIC_0067097.png,0.448,0.4287,0.0434,15.1879
ISIC_0067120.png,0.7831,0.4178,0.2915,7.749
ISIC_0067127.png,0.4434,0.4455,0.2417,17.7896
ISIC_0067156.png,0.1423,0.2075,0.7065,55.6836
ISIC_0067159.png,1.4779,1.1515,0.2258,8.108
ISIC_0067160.png,0.3295,0.151,0.7014,13.8707
ISIC_0067167.png,0.2378,0.1805,0.5577,23.8527
ISIC_0067170.png,0.2268,0.2413,0.4302,24.1608
ISIC_0067172.png,0.1811,0.1548,0.7161,30.263
ISIC_0067195.png,0.255,0.2023,0.7119,17.4964
ISIC_0067205.png,0.0222,0.0108,0.8638,87.0342
ISIC_0067206.png,0.1549,0.1871,0.5144,43.9092
ISIC_0067226.png,1.5966,1.5003,0.0133,3.6554
ISIC_0067227.png,0.1703,0.1678,0.6275,21.6536
ISIC_0067235.png,0.671,0.2194,0.174,2.7524
ISIC_0067253.png,1.2242,0.4753,0.1188,2.6959
ISIC_0067274.png,0.6567,0.1649,0.1558,2.6721
ISIC_0067296.png,0.0247,0.0175,0.8684,75.7878
ISIC_0067308.png,0.0098,0.0073,0.8673,71.6079
ISIC_0067318.png,0.0835,0.0935,0.8057,27.0213
ISIC_0067326.png,0.411,0.2537,0.3281,39.5875
ISIC_0067333.png,0.3434,0.3637,0.1756,38.0832
ISIC_0067338.png,0.1005,0.0893,0.6259,37.1688
ISIC_0067339.png,0.5403,0.3129,0.3994,18.4622
ISIC_0067390.png,0.1129,0.2334,0.6842,22.4734
ISIC_0067395.png,0.1856,0.1789,0.5744,52.5855
ISIC_0067397.png,0.101,0.1454,0.7607,24.4861
ISIC_0067412.png,0.1202,0.5768,0.5637,37.9082
ISIC_0067417.png,0.0205,0.0227,0.8715,70.6783
ISIC_0067418.png,0.0047,0.0042,0.8706,93.453
ISIC_0067427.png,0.1597,0.0851,0.7099,33.6983
ISIC_0067443.png,0.2319,0.2526,0.5827,44.7204
ISIC_0067458.png,0.4424,0.4381,0.1942,11.735
ISIC_0067467.png,0.0674,0.08,0.6319,55.2696
ISIC_0067476.png,0.1552,0.0901,0.7245,31.7242
ISIC_0067485.png,0.2536,0.2375,0.5048,17.9321
ISIC_0067511.png,1.9196,1.9714,0.0219,2.4063
ISIC_0067521.png,0.1149,0.0898,0.7335,57.917
ISIC_0067549.png,0.6222,0.146,0.1715,2.7399
ISIC_0067550.png,0.2639,0.2997,0.4389,37.2481
ISIC_0067562.png,0.2484,0.3005,0.4785,42.3146
ISIC_0067564.png,0.7161,0.9268,0.3036,16.6036
ISIC_0067565.png,0.5922,0.9369,0.1494,23.144
ISIC_0067577.png,1.1185,0.2547,0.1197,2.7416
ISIC_0067597.png,0.2104,0.1886,0.5605,37.2122
ISIC_0067601.png,0.3878,0.2517,0.6931,5.4803
ISIC_0067609.png,0.3972,0.4381,0.2716,24.6076
ISIC_0067614.png,0.9466,1.2296,0.1045,11.3476
ISIC_0067621.png,0.0121,0.0104,0.8629,91.1401
ISIC_0067653.png,1.7438,1.6853,0.0158,2.5458
ISIC_0067667.png,0.6033,0.7333,0.2917,13.5509
ISIC_0067695.png,0.5173,0.5546,0.2575,16.6013
ISIC_0067696.png,0.4964,0.4327,0.1981,17.3163
ISIC_0067697.png,1.8421,1.8694,0.0082,2.895
ISIC_0067719.png,1.7254,1.2805,0.0096,3.663
ISIC_0067723.png,0.2005,0.1853,0.552,44.0729
ISIC_0067727.png,0.1727,0.233,0.5335,29.5158
ISIC_0067733.png,0.0103,0.0096,0.8564,98.5328
ISIC_0067743.png,0.2967,0.3963,0.3611,47.699
ISIC_0067789.png,0.653,0.1812,0.1778,2.6774
ISIC_0067798.png,0.6094,0.8532,0.1902,9.5321
ISIC_0067801.png,0.4405,0.2826,0.4026,42.1022
ISIC_0067804.png,1.6449,1.7221,0.0088,2.5627
ISIC_0067805.png,0.3531,0.3766,0.5552,21.892
ISIC_0067808.png,0.804,0.226,0.1518,2.717
ISIC_0067830.png,0.4303,0.5454,0.103,14.4906
ISIC_0067840.png,0.2731,0.2174,0.5822,23.204
ISIC_0067857.png,0.1394,0.2029,0.7375,54.1933
ISIC_0067873.png,1.1332,0.2663,0.1227,2.6519
ISIC_0067891.png,0.1347,0.1657,0.6343,32.1738
ISIC_0067893.png,0.9484,0.7918,0.1248,15.6148
ISIC_0067905.png,0.1253,0.1863,0.676,20.4302
ISIC_0067933.png,0.0098,0.0155,0.8672,94.3668
ISIC_0067953.png,0.3906,0.5696,0.1857,36.8353
ISIC_0067969.png,0.3661,0.2004,0.4607,26.0571
ISIC_0067972.png,1.3508,0.4723,0.1024,2.6964
ISIC_0067979.png,0.3518,0.455,0.2127,19.7075
ISIC_0067985.png,0.0856,0.0762,0.7702,62.5094
ISIC_0068000.png,0.2036,0.1791,0.4977,36.4053
ISIC_0068012.png,0.6534,0.2395,0.4052,20.1872
ISIC_0068015.png,0.1355,0.1186,0.6925,31.4411
ISIC_0068048.png,0.3442,0.1674,0.6013,18.9744
ISIC_0068080.png,0.0577,0.0676,0.7973,67.2239
ISIC_0068100.png,0.122,0.22,0.7814,12.4322
ISIC_0068106.png,0.8235,0.2267,0.1521,2.7215
ISIC_0068107.png,0.5308,0.4381,0.3047,47.4648
ISIC_0068116.png,0.0171,0.0147,0.8672,100.3037
ISIC_0068126.png,0.2802,0.1742,0.5784,16.1277
ISIC_0068128.png,0.3654,0.2136,0.5893,18.1427
ISIC_0068144.png,0.1264,0.1402,0.6888,33.3991
ISIC_0068152.png,0.2487,0.3276,0.4534,25.5351
ISIC_0068153.png,0.0198,0.0115,0.8592,100.2103
ISIC_0068166.png,0.4542,0.5131,0.0725,22.8859
ISIC_0068168.png,0.2566,0.2475,0.5157,31.4368
ISIC_0068176.png,0.2709,0.5107,0.5152,18.6434
ISIC_0068184.png,0.1514,0.194,0.6167,21.1412
ISIC_0068215.png,0.1836,0.1243,0.5802,45.806
ISIC_0068217.png,0.0866,0.0729,0.6955,69.2953
ISIC_0068218.png,0.4701,0.6402,0.1925,16.5419
ISIC_0068223.png,0.2217,0.2111,0.6973,53.6773
ISIC_0068233.png,0.302,0.0745,0.7746,7.7145
ISIC_0068234.png,0.0142,0.0114,0.8693,85.0001
ISIC_0068239.png,0.2626,0.319,0.3911,46.2376
ISIC_0068246.png,0.1463,0.2086,0.5823,36.0957
ISIC_0068259.png,0.5039,0.1947,0.1589,2.6713
ISIC_0068299.png,0.0058,0.0062,0.8727,95.3686
ISIC_0068314.png,0.4865,0.2037,0.217,2.6929
ISIC_0068381.png,0.3005,0.3129,0.5145,37.7641
ISIC_0068382.png,0.1535,0.1141,0.6501,31.39
ISIC_0068407.png,0.9363,0.7823,0.2868,28.2218
ISIC_0068413.png,0.2164,0.2032,0.6128,16.5541
ISIC_0068427.png,0.1849,0.2054,0.4893,47.7589
ISIC_0068438.png,0.0248,0.0342,0.8397,84.6236
ISIC_0068447.png,0.094,0.1562,0.7843,36.982
ISIC_0068460.png,0.6844,0.4536,0.1046,12.2596
ISIC_0068477.png,0.2612,0.3473,0.3665,47.1511
ISIC_0068525.png,0.5397,0.4,0.295,2.5128
ISIC_0068528.png,0.0499,0.0573,0.769,64.6613
ISIC_0068530.png,0.1153,0.0463,0.8029,42.0378
ISIC_0068544.png,0.0674,0.0519,0.7982,48.8611
ISIC_0068560.png,0.8708,0.244,0.1285,2.742
ISIC_0068576.png,0.3193,0.3447,0.3328,28.6406
ISIC_0068580.png,1.2306,1.2746,0.1147,21.9055
ISIC_0068610.png,0.1936,0.1606,0.5542,51.7792
ISIC_0068616.png,0.0131,0.0129,0.854,97.442
ISIC_0068627.png,0.0284,0.0228,0.8692,69.7448
ISIC_0068628.png,0.1489,0.1436,0.7365,65.6797
ISIC_0068633.png,0.0262,0.0103,0.8723,72.4419
ISIC_0068677.png,0.0618,0.0586,0.879,15.9211
ISIC_0068696.png,0.3906,0.3812,0.4058,11.5136
ISIC_0068727.png,0.6839,1.2757,0.2099,9.943
ISIC_0068744.png,0.3968,0.7007,0.2287,30.0977
ISIC_0068776.png,0.0236,0.0171,0.8718,70.8506
ISIC_0068798.png,0.5123,0.8133,0.1789,15.295
ISIC_0068837.png,0.7532,0.5597,0.1025,10.7185
ISIC_0068847.png,0.2997,0.2728,0.3206,38.1641
ISIC_0068884.png,0.5062,0.2368,0.242,11.5502
ISIC_0068886.png,1.7654,1.6238,0.0114,2.7274
ISIC_0068895.png,0.662,0.6399,0.1271,22.4214
ISIC_0068897.png,0.7966,0.8209,0.1687,21.5462
ISIC_0068905.png,0.5302,0.2987,0.5436,6.9666
ISIC_0068924.png,0.4777,0.2954,0.2181,37.2196
ISIC_0068950.png,0.0092,0.0068,0.8694,93.0833
ISIC_0068961.png,0.0081,0.0077,0.872,68.9577
ISIC_0068966.png,0.2415,0.2512,0.6391,55.0337
ISIC_0068975.png,0.4486,0.323,0.5886,17.7693
ISIC_0068993.png,0.1471,0.2644,0.651,33.9275
ISIC_0069050.png,0.2159,0.1182,0.5719,46.9773
ISIC_0069056.png,0.1054,0.0731,0.6408,33.77
ISIC_0069058.png,0.9637,0.2743,0.1247,2.7221
ISIC_0069087.png,0.7268,0.6477,0.2184,16.5429
ISIC_0069093.png,0.1614,0.1433,0.4167,46.5796
ISIC_0069105.png,1.5521,1.9626,0.0137,3.3174
ISIC_0069121.png,0.2808,0.1672,0.4452,28.6857
ISIC_0069124.png,0.0914,0.1143,0.6732,50.7827
ISIC_0069150.png,0.0624,0.0714,0.602,42.7305
ISIC_0069167.png,0.7022,0.8801,0.1453,22.6256
ISIC_0069175.png,1.0569,0.4049,0.3697,6.0093
ISIC_0069183.png,1.9573,1.9226,0.0197,2.4502
ISIC_0069189.png,0.4365,0.4663,0.3808,33.5001
ISIC_0069192.png,0.2925,0.2809,0.5339,26.5235
ISIC_0069193.png,0.0222,0.0165,0.8543,96.4674
ISIC_0069204.png,0.0087,0.0063,0.8739,71.8178
ISIC_0069210.png,0.3427,0.3094,0.399,21.3438
ISIC_0069248.png,0.509,0.3934,0.4634,16.0952
ISIC_0069250.png,0.0274,0.0312,0.8218,66.6716
ISIC_0069257.png,0.4847,0.14,0.1887,2.7086
ISIC_0069260.png,0.0054,0.0091,0.873,68.7425
ISIC_0069264.png,0.6428,0.6196,0.1905,9.2076
ISIC_0069273.png,0.2605,0.4296,0.3393,21.53
ISIC_0069274.png,0.18,0.2338,0.5533,29.2092
ISIC_0069292.png,0.2365,0.1933,0.5185,27.0123
ISIC_0069330.png,0.1307,0.0873,0.6859,56.5583
ISIC_0069351.png,0.5185,0.3796,0.6323,6.3681
ISIC_0069361.png,0.1358,0.125,0.5844,47.2824
ISIC_0069370.png,0.4848,0.9116,0.1932,17.4515
ISIC_0069373.png,0.6251,0.605,0.1051,13.501
ISIC_0069379.png,1.9749,1.8327,0.0146,2.9994
ISIC_0069385.png,0.1992,0.1461,0.5917,32.3281
ISIC_0069395.png,0.8272,0.8027,0.3404,22.3125
ISIC_0069398.png,1.9735,1.9186,0.0137,2.6582
ISIC_0069411.png,1.4536,1.8271,0.0937,8.0653
ISIC_0069432.png,1.7193,1.8545,0.0186,2.6266
ISIC_0069475.png,0.7585,0.2968,0.2961,23.949
ISIC_0069481.png,1.4689,1.228,0.2363,7.7746
ISIC_0069486.png,0.1606,0.2077,0.6129,31.2663
ISIC_0069488.png,0.708,0.1652,0.1558,2.71
ISIC_0069492.png,0.1253,0.2185,0.7435,26.3131
ISIC_0069504.png,0.0046,0.0047,0.8714,95.1319
ISIC_0069505.png,0.313,0.392,0.539,25.7738
ISIC_0069515.png,0.3273,0.2967,0.6367,16.2618
ISIC_0069536.png,1.2039,0.8409,0.0737,7.1459
ISIC_0069556.png,0.1587,0.1575,0.5139,33.3204
ISIC_0069558.png,0.354,0.7416,0.2011,22.5543
ISIC_0069591.png,0.2103,0.3147,0.3722,52.888
ISIC_0069595.png,0.307,0.2725,0.4013,37.6283
ISIC_0069617.png,0.3064,0.7386,0.201,30.2221
ISIC_0069620.png,1.1608,1.6067,0.0972,12.2729
ISIC_0069633.png,0.1306,0.1041,0.7267,44.2097
ISIC_0069635.png,0.5072,0.3839,0.3071,51.5586
ISIC_0069638.png,0.0257,0.0328,0.8294,88.4567
ISIC_0069645.png,0.2374,0.2455,0.3858,46.4877
ISIC_0069667.png,0.5232,0.4721,0.1308,15.1962
ISIC_0069668.png,1.9505,1.6538,0.012,3.1441
ISIC_0069669.png,1.7157,1.8599,0.0082,2.6672
ISIC_0069698.png,0.2712,0.2354,0.3382,35.6642
ISIC_0069705.png,0.3828,0.4105,0.2084,21.2207
ISIC_0069743.png,0.0824,0.0847,0.6372,46.1283
ISIC_0069791.png,1.6649,1.8188,0.0146,2.8228
ISIC_0069830.png,0.0083,0.0066,0.8707,67.7529
ISIC_0069851.png,0.0096,0.0123,0.8601,66.293
ISIC_0069859.png,0.4294,0.1284,0.1871,2.661
ISIC_0069865.png,0.0115,0.0096,0.8587,97.2438
ISIC_0069891.png,0.1126,0.1188,0.6403,53.0146
ISIC_0069908.png,0.2873,0.4016,0.2542,35.9648
ISIC_0069918.png,0.1801,0.3172,0.5087,16.0078
ISIC_0069933.png,0.362,0.3355,0.648,6.0038
ISIC_0069944.png,0.1338,0.1347,0.6404,35.354
ISIC_0069946.png,0.009,0.009,0.8641,92.037
ISIC_0069952.png,0.0129,0.0091,0.873,87.4424
ISIC_0069967.png,0.075,0.1415,0.6373,41.153
ISIC_0069970.png,0.5759,0.5499,0.205,22.5641
ISIC_0069986.png,0.6227,0.3439,0.2172,15.2453
ISIC_0069995.png,0.4667,0.4043,0.4986,36.7293
ISIC_0069996.png,0.1059,0.1201,0.6163,64.8568
ISIC_0070003.png,0.0058,0.0051,0.8717,96.7821
ISIC_0070009.png,0.0087,0.0058,0.8721,70.7064
ISIC_0070012.png,1.0946,0.2019,0.1165,2.7596
ISIC_0070017.png,0.0075,0.0072,0.8712,88.4675
ISIC_0070032.png,0.0544,0.0275,0.7948,78.9902
ISIC_0070046.png,0.73,0.8856,0.1415,16.249
ISIC_0070048.png,0.3642,0.4131,0.6097,18.9025
ISIC_0070050.png,1.622,1.4596,0.0362,2.5357
ISIC_0070051.png,1.6847,1.7274,0.0089,2.6369
ISIC_0070061.png,0.1228,0.1301,0.5771,38.8106
ISIC_0070074.png,1.395,1.5432,0.0075,3.9295
ISIC_0070092.png,0.0839,0.1162,0.7012,43.6224
ISIC_0070110.png,0.5364,0.1533,0.2038,2.7357
ISIC_0070136.png,0.425,0.6125,0.3977,12.0673
ISIC_0070137.png,0.6849,0.6563,0.1187,21.3672
ISIC_0070160.png,1.9635,1.9663,0.0238,2.4974
ISIC_0070163.png,0.0238,0.0143,0.8722,85.0716
ISIC_0070170.png,1.073,0.4212,0.1149,2.7532
ISIC_0070210.png,0.2389,0.205,0.6413,34.5279
ISIC_0070215.png,0.4387,0.5257,0.4651,5.8905
ISIC_0070217.png,0.1518,0.1748,0.5893,42.3832
ISIC_0070244.png,0.1927,0.1491,0.627,44.3372
ISIC_0070246.png,0.0101,0.0155,0.8672,94.9985
ISIC_0070248.png,0.4272,0.2865,0.333,24.1632
ISIC_0070250.png,0.4896,0.2573,0.5298,41.7188
ISIC_0070253.png,0.4494,0.4244,0.2117,28.0812
ISIC_0070254.png,0.1796,0.1686,0.6059,18.5566
ISIC_0070285.png,1.4705,1.6237,0.0112,2.689
ISIC_0070308.png,0.2742,0.2177,0.6925,15.8246
ISIC_0070313.png,1.7234,1.6496,0.0193,2.8473
ISIC_0070342.png,0.8763,0.996,0.1592,10.1566
ISIC_0070351.png,0.1055,0.117,0.7445,29.5888
ISIC_0070352.png,0.7023,0.1672,0.1775,2.7152
ISIC_0070383.png,0.1631,0.1849,0.6984,11.7191
ISIC_0070387.png,0.0144,0.0179,0.8734,83.7754
ISIC_0070403.png,0.4983,0.3726,0.5588,9.4386
ISIC_0070412.png,0.9388,0.6395,0.1425,12.0751
ISIC_0070419.png,1.3333,0.7515,0.1344,2.4401
ISIC_0070422.png,0.0138,0.0089,0.8508,68.7621
ISIC_0070432.png,0.3934,0.3923,0.3267,16.7035
ISIC_0070435.png,0.6247,0.3844,0.267,26.9006
ISIC_0070447.png,0.1217,0.2383,0.3941,51.785
ISIC_0070463.png,0.5548,0.4649,0.3725,34.7398
ISIC_0070551.png,0.5147,0.519,0.45,22.8916
ISIC_0070566.png,0.0066,0.0076,0.8709,87.6154
ISIC_0070581.png,1.6504,1.4078,0.1607,20.17
ISIC_0070585.png,0.1242,0.3939,0.555,28.0443
ISIC_0070588.png,0.3908,0.4027,0.3061,44.2553
ISIC_0070593.png,0.1755,0.0666,0.7445,54.6779
ISIC_0070601.png,0.2089,0.2598,0.4939,32.5079
ISIC_0070651.png,0.4207,0.3864,0.254,32.4814
ISIC_0070666.png,0.1284,0.117,0.6853,53.3254
ISIC_0070679.png,0.1165,0.1126,0.7089,30.3285
ISIC_0070689.png,0.4941,0.5356,0.3037,18.8401
ISIC_0070709.png,0.2559,0.3185,0.2482,32.9408
ISIC_0070711.png,0.829,0.2332,0.1403,2.7379
ISIC_0070731.png,1.1484,0.5773,0.2224,7.3161
ISIC_0070747.png,1.9727,1.8951,0.0169,2.5018
ISIC_0070752.png,0.1174,0.0858,0.7301,49.7528
ISIC_0070782.png,0.1241,0.242,0.6752,32.039
ISIC_0070784.png,0.5626,0.3989,0.3714,30.9691
ISIC_0070805.png,0.129,0.12,0.5514,28.639
ISIC_0070814.png,0.1086,0.0921,0.7224,57.6208
ISIC_0070822.png,0.3083,0.4139,0.3561,36.0556
ISIC_0070852.png,0.0086,0.0099,0.8673,96.5939
ISIC_0070860.png,0.2988,0.2147,0.6878,25.888
ISIC_0070888.png,0.8885,0.4424,0.1701,2.5166
ISIC_0070927.png,1.7885,1.9167,0.0219,2.4844
ISIC_0070940.png,0.9847,0.9897,0.1113,8.6574
ISIC_0070948.png,0.1063,0.1243,0.6125,48.9235
ISIC_0070951.png,0.4908,0.354,0.2791,33.537
ISIC_0070961.png,0.1246,0.1641,0.5304,40.1461
ISIC_0070974.png,0.1255,0.16,0.4616,33.7875
ISIC_0070992.png,0.1618,0.1335,0.5887,31.3807
ISIC_0071012.png,0.3849,0.1811,0.1963,2.6852
ISIC_0071040.png,0.4248,0.4443,0.2919,13.5886
ISIC_0071043.png,1.9387,1.9361,0.0609,2.5537
ISIC_0071050.png,0.427,0.7102,0.2867,16.541
ISIC_0071069.png,0.7028,0.7016,0.2177,14.7169
ISIC_0071111.png,0.5002,0.4973,0.2182,19.3227
ISIC_0071118.png,0.1745,0.1824,0.5824,48.7022
ISIC_0071132.png,0.1358,0.1775,0.5864,44.2358
ISIC_0071133.png,0.4286,0.1429,0.181,2.7193
ISIC_0071135.png,1.0231,0.9422,0.2956,30.9042
ISIC_0071168.png,0.0851,0.1371,0.8126,25.7995
ISIC_0071169.png,0.6428,0.5239,0.3849,15.5775
ISIC_0071171.png,0.2085,0.1308,0.6166,38.2396
ISIC_0071180.png,0.0517,0.1058,0.72,72.2025
ISIC_0071196.png,0.4947,0.9456,0.383,35.237
ISIC_0071208.png,0.7574,0.8764,0.1871,22.8425
ISIC_0071245.png,0.0059,0.0049,0.8697,87.3597
ISIC_0071257.png,0.2643,0.4929,0.3803,31.8479
ISIC_0071289.png,0.2661,0.2009,0.2706,47.6981
ISIC_0071300.png,0.9729,0.7247,0.0861,4.5962
ISIC_0071303.png,0.4731,0.1546,0.228,2.5945
ISIC_0071335.png,1.1485,0.3057,0.1204,2.7743
ISIC_0071338.png,0.2251,0.2874,0.6117,23.76
ISIC_0071352.png,0.2484,0.1299,0.5676,31.6657
ISIC_0071367.png,0.6358,0.8918,0.2857,28.22
ISIC_0071388.png,0.3431,0.4777,0.2935,22.9183
ISIC_0071430.png,0.2986,0.7589,0.4134,23.5294
ISIC_0071434.png,0.0074,0.0105,0.8669,69.0298
ISIC_0071457.png,0.3473,0.2975,0.4948,17.7335
ISIC_0071458.png,0.1705,0.1621,0.5996,38.119
ISIC_0071471.png,0.6452,0.7376,0.1265,16.1648
ISIC_0071481.png,0.1611,0.2422,0.4729,42.2017
ISIC_0071492.png,0.9085,0.5421,0.2828,17.6793
ISIC_0071508.png,0.0965,0.2251,0.7253,19.8284
ISIC_0071532.png,0.7449,0.5382,0.1311,13.9848
ISIC_0071536.png,0.4385,0.2776,0.3764,48.325
ISIC_0071550.png,0.0056,0.0062,0.8732,68.701
ISIC_0071559.png,0.1033,0.2005,0.6648,40.5572
ISIC_0071568.png,0.2004,0.1791,0.6132,21.369
ISIC_0071576.png,1.0832,0.8576,0.1013,10.3211
ISIC_0071586.png,1.7322,1.6366,0.0684,2.6264
ISIC_0071594.png,0.4353,0.1047,0.275,2.6316
ISIC_0071647.png,0.1405,0.2121,0.6694,30.1192
ISIC_0071651.png,0.0248,0.0202,0.8498,76.5965
ISIC_0071678.png,0.3056,0.2458,0.4806,9.9017
ISIC_0071681.png,0.2292,0.1248,0.5964,53.2434
ISIC_0071693.png,0.0098,0.0099,0.854,85.2332
ISIC_0071707.png,0.0197,0.0234,0.8623,86.8694
ISIC_0071733.png,0.2341,0.1687,0.6623,30.4562
ISIC_0071735.png,0.2172,0.1824,0.5128,38.6121
ISIC_0071740.png,0.3238,0.2558,0.5486,17.3469
ISIC_0071754.png,0.1675,0.1365,0.7166,16.08
ISIC_0071768.png,0.3624,0.3168,0.4819,32.5386
ISIC_0071771.png,0.0968,0.1285,0.645,34.3615
ISIC_0071778.png,0.9027,0.2793,0.1341,2.7347
ISIC_0071783.png,0.1866,0.1751,0.5634,52.1582
ISIC_0071797.png,0.2324,0.2643,0.2131,28.867
ISIC_0071806.png,0.3618,0.1769,0.4815,43.9575
ISIC_0071809.png,0.2503,0.2045,0.5492,18.2304
ISIC_0071826.png,0.4993,0.5566,0.1685,9.8346
ISIC_0071834.png,0.3526,0.35,0.2501,30.6065
ISIC_0071857.png,0.0158,0.0114,0.8706,71.409
ISIC_0071869.png,0.5408,0.7584,0.2009,17.5722
ISIC_0071875.png,0.4321,0.294,0.3401,37.1568
ISIC_0071892.png,0.2488,0.2817,0.105,32.2599
ISIC_0071901.png,1.9277,1.582,0.0553,2.3507
ISIC_0071904.png,0.1724,0.3403,0.4403,36.0664
ISIC_0071906.png,0.1899,0.3443,0.459,45.3326
ISIC_0071913.png,0.1865,0.2045,0.3136,43.4882
ISIC_0071916.png,0.1677,0.2095,0.5208,34.3209
ISIC_0071931.png,0.3162,0.1765,0.1921,2.6915
ISIC_0071944.png,1.4167,1.5908,0.0389,5.2176
ISIC_0071947.png,0.2554,0.2455,0.6847,42.6611
ISIC_0071951.png,0.1651,0.2615,0.6144,6.2913
ISIC_0071957.png,0.0085,0.0053,0.8733,95.0643
ISIC_0071966.png,1.4824,1.3049,0.0225,2.8723
ISIC_0071972.png,0.0998,0.0645,0.7824,44.1566
ISIC_0071988.png,1.9571,1.9133,0.0175,2.619
ISIC_0071996.png,0.0194,0.008,0.8629,90.4378
ISIC_0072001.png,0.4314,0.2624,0.5119,7.1927
ISIC_0072004.png,0.2172,0.3328,0.6441,20.0645
ISIC_0072010.png,0.0056,0.0066,0.8748,95.741
ISIC_0072021.png,0.0116,0.0082,0.8726,69.8979
ISIC_0072030.png,0.585,0.5605,0.2011,15.7687
ISIC_0072041.png,0.0076,0.0079,0.8683,67.9217
ISIC_0072087.png,0.9873,1.0344,0.0489,3.8821
ISIC_0072101.png,0.3117,0.299,0.2346,33.521
ISIC_0072136.png,0.5679,0.1481,0.166,2.7238
ISIC_0072157.png,0.2671,0.1773,0.6013,25.6811
ISIC_0072171.png,0.1898,0.1059,0.4874,45.0294
ISIC_0072173.png,1.5995,1.7182,0.0103,2.7367
ISIC_0072174.png,0.5406,0.542,0.1598,13.3795
ISIC_0072175.png,0.0092,0.007,0.8724,99.195
ISIC_0072182.png,0.6168,0.4766,0.4474,25.7291
ISIC_0072195.png,1.2177,0.4798,0.1055,2.691
ISIC_0072215.png,0.2579,0.2685,0.5376,47.7798
ISIC_0072221.png,0.1408,0.1656,0.4801,48.5991
ISIC_0072252.png,0.2343,0.2061,0.4598,41.8494
ISIC_0072266.png,0.1188,0.1256,0.7072,45.0913
ISIC_0072271.png,0.1208,0.1212,0.8076,23.3293
ISIC_0072286.png,0.2587,0.271,0.3838,41.2577
ISIC_0072290.png,0.0886,0.1013,0.6709,61.5834
ISIC_0072292.png,0.0184,0.0132,0.825,84.2839
ISIC_0072294.png,1.1802,0.2481,0.1136,2.7114
ISIC_0072335.png,0.2829,0.1188,0.6031,14.4947
ISIC_0072353.png,0.644,0.5881,0.1056,21.2713
ISIC_0072371.png,0.88,0.2691,0.1286,2.7219
ISIC_0072375.png,0.2218,0.2165,0.5218,26.2124
ISIC_0072377.png,0.5993,0.1083,0.1894,2.7091
ISIC_0072382.png,0.3672,0.6545,0.2503,22.961
ISIC_0072393.png,0.839,0.6399,0.1677,18.6654
ISIC_0072412.png,0.2179,0.1939,0.3239,41.3144
ISIC_0072418.png,0.2162,0.2544,0.4592,25.9343
ISIC_0072422.png,1.8496,1.6364,0.0151,3.2052
ISIC_0072429.png,0.0143,0.0087,0.8733,91.4801
ISIC_0072441.png,0.1573,0.1532,0.6887,42.104
ISIC_0072473.png,0.337,0.4998,0.4017,19.0532
ISIC_0072496.png,0.8785,0.272,0.1294,2.7336
ISIC_0072507.png,0.2594,0.3172,0.2869,49.9076
ISIC_0072516.png,0.2272,0.2582,0.491,23.9635
ISIC_0072553.png,1.7017,1.7384,0.2015,5.0639
ISIC_0072559.png,1.7818,1.8746,0.0111,2.5443
ISIC_0072564.png,0.4541,0.3124,0.5396,7.073
ISIC_0072568.png,0.0053,0.0089,0.871,83.0592
ISIC_0072569.png,1.7997,1.8164,0.0131,2.6979
ISIC_0072576.png,0.1009,0.1179,0.7151,57.4244
ISIC_0072582.png,0.1365,0.1256,0.733,74.0652
ISIC_0072601.png,0.0186,0.0207,0.8523,97.9649
ISIC_0072604.png,0.0172,0.0177,0.8411,84.7902
ISIC_0072612.png,0.017,0.0183,0.8705,89.1737
ISIC_0072624.png,0.353,0.444,0.286,23.7577
ISIC_0072631.png,1.3934,0.645,0.0665,9.8659
ISIC_0072641.png,1.7451,1.7986,0.0107,2.6433
ISIC_0072642.png,0.0857,0.0758,0.649,53.1227
ISIC_0072691.png,0.0139,0.0177,0.8717,88.1841
ISIC_0072694.png,0.1628,0.3596,0.4378,29.7472
ISIC_0072703.png,0.2938,0.2211,0.6432,27.8498
ISIC_0072714.png,0.921,1.63,0.0296,9.4106
ISIC_0072730.png,0.3892,0.2823,0.4308,20.5069
ISIC_0072733.png,0.321,0.222,0.4845,25.6534
ISIC_0072748.png,1.6106,1.6329,0.0155,2.5682
ISIC_0072768.png,0.0133,0.0139,0.8539,93.5144
ISIC_0072773.png,0.0653,0.0667,0.8341,13.5997
ISIC_0072826.png,0.5789,0.6483,0.0923,22.9944
ISIC_0072828.png,0.0092,0.0071,0.8739,87.6994
ISIC_0072837.png,0.2517,0.1753,0.656,22.4588
ISIC_0072843.png,1.7626,1.7679,0.0115,2.5621
ISIC_0072865.png,0.2875,0.2359,0.5486,18.442
ISIC_0072876.png,0.8709,0.5792,0.1632,33.707
ISIC_0072893.png,0.0741,0.1564,0.6687,41.4621
ISIC_0072917.png,0.1944,0.2495,0.5445,41.8041
ISIC_0072943.png,0.0785,0.1066,0.6594,63.0835
ISIC_0072953.png,1.5773,1.5358,0.0152,6.7466
ISIC_0072976.png,0.7974,0.8574,0.1377,11.3064
ISIC_0072977.png,0.2342,0.3272,0.5945,14.8704
ISIC_0072990.png,1.024,0.3486,0.1114,2.6653
ISIC_0072991.png,0.1572,0.1819,0.5971,48.2733
ISIC_0072997.png,0.1255,0.1529,0.7336,40.9276
ISIC_0073015.png,0.5588,0.6127,0.13,13.9681
ISIC_0073032.png,0.0196,0.0222,0.8539,86.9726
ISIC_0073043.png,1.5948,1.706,0.0197,3.538
ISIC_0073044.png,0.7226,0.138,0.1427,2.7117
ISIC_0073075.png,0.0233,0.0108,0.8706,70.3753
ISIC_0073086.png,0.0145,0.0143,0.8756,68.0795
ISIC_0073102.png,0.1524,0.089,0.7321,25.5674
ISIC_0073115.png,0.0402,0.0432,0.793,89.6767
ISIC_0073119.png,0.6104,0.6116,0.6173,12.6362
ISIC_0073135.png,0.405,0.3522,0.4285,9.4122
ISIC_0073136.png,0.9628,0.846,0.2429,7.2378
ISIC_0073147.png,0.4427,0.1313,0.1572,2.6606
ISIC_0073156.png,0.0081,0.0043,0.8735,69.9346
ISIC_0073173.png,0.0411,0.0342,0.8116,94.106
ISIC_0073227.png,0.9776,1.3175,0.1132,25.8661
ISIC_0073238.png,0.3978,0.4673,0.2828,27.4795
ISIC_0074311.png,0.0996,0.1718,0.7882,26.718
ISIC_0076742.png,0.2801,0.2087,0.6112,14.7128
ISIC_0078703.png,0.1033,0.1247,0.6946,26.6562
ISIC_0080539.png,1.1809,0.3564,0.1221,2.5017
ISIC_0080817.png,0.2141,0.2229,0.6771,16.9381
ISIC_0081584.png,0.8024,0.5042,0.2762,14.8809
ISIC_0082348.png,0.206,0.2196,0.7235,22.26
ISIC_0082704.png,0.7437,0.6204,0.1661,2.4158
ISIC_0084086.png,1.7366,1.7808,0.0109,2.6922
ISIC_0097500.png,0.1862,0.256,0.6097,14.2979
ISIC_0098784.png,0.2258,0.2224,0.5776,25.2536
ISIC_0101540.png,0.2032,0.1704,0.69,17.5113
ISIC_0147869.png,0.2842,0.1626,0.7309,15.1212
ISIC_0148751.png,0.2252,0.1739,0.5252,19.9558
ISIC_0150363.png,0.3069,0.1794,0.6674,15.1063
ISIC_0156642.png,0.3836,0.1383,0.6802,18.203
ISIC_0160831.png,0.166,0.1244,0.6384,57.0866
ISIC_0162967.png,0.3064,0.3807,0.5358,17.2495
ISIC_0163812.png,0.1422,0.2252,0.6881,17.5838
ISIC_0169604.png,0.1757,0.115,0.6932,17.7543
ISIC_0170101.png,0.2018,0.1519,0.6791,24.3194
ISIC_0172020.png,0.264,0.2019,0.766,12.3091
ISIC_0174983.png,0.2209,0.359,0.5335,18.9535
ISIC_0175530.png,0.2348,0.1682,0.7095,23.285
ISIC_0176781.png,0.126,0.172,0.7502,24.011
ISIC_0177304.png,0.1577,0.3008,0.6114,20.0442
ISIC_0178370.png,0.1233,0.1051,0.6875,23.7844
ISIC_0182020.png,0.1434,0.163,0.7253,18.275
ISIC_0182730.png,0.1532,0.1487,0.7219,43.1485
ISIC_0183290.png,0.1057,0.0913,0.8054,30.4823
ISIC_0185547.png,0.345,0.34,0.5149,19.5929
ISIC_0185918.png,0.1053,0.2061,0.7595,21.5113
ISIC_0188432.png,0.1695,0.2269,0.3873,31.7981
ISIC_0189336.png,0.1573,0.1409,0.7791,16.713
ISIC_0189694.png,0.2269,0.2176,0.6518,41.2153
ISIC_0192490.png,0.1833,0.2924,0.6663,19.1537
ISIC_0192596.png,0.1346,0.2587,0.7007,20.3715
ISIC_0192893.png,0.1894,0.2212,0.6824,22.2601
ISIC_0193456.png,0.1373,0.1665,0.6684,21.3738
ISIC_0193907.png,0.1407,0.1928,0.5914,26.785
ISIC_0197584.png,0.0855,0.2539,0.7749,30.0169
ISIC_0197873.png,0.1208,0.1485,0.7067,22.5456
ISIC_0198331.png,0.2144,0.2528,0.7156,10.0905
ISIC_0199116.png,0.1557,0.1577,0.6824,14.5766
ISIC_0200153.png,0.0922,0.1154,0.7856,23.9481
ISIC_0201767.png,0.1434,0.1326,0.6416,21.9366
ISIC_0202119.png,0.2989,0.2687,0.6314,10.7065
ISIC_0202167.png,0.1424,0.1711,0.7112,21.6899
ISIC_0204355.png,0.0871,0.0933,0.7061,37.4623
ISIC_0205127.png,1.7481,1.1613,0.0716,2.351
ISIC_0206758.png,0.2878,0.1769,0.7921,8.1779
ISIC_0207268.png,0.1532,0.117,0.6814,39.5082
ISIC_0207349.png,0.2254,0.1883,0.6739,17.2683
ISIC_0210282.png,0.136,0.1632,0.7578,25.2568
ISIC_0210998.png,0.2011,0.2013,0.6583,40.8682
ISIC_0212774.png,0.2743,0.2297,0.6691,15.5525
ISIC_0214186.png,0.2853,0.2151,0.618,15.6573
ISIC_0217267.png,0.1485,0.1474,0.6756,40.6646
ISIC_0218072.png,0.0821,0.114,0.6253,49.1734
ISIC_0218575.png,0.1338,0.1493,0.7855,17.2769
ISIC_0222117.png,0.2148,0.1178,0.77,20.3886
ISIC_0222299.png,0.1389,0.1847,0.6397,23.6326
ISIC_0226072.png,0.1708,0.2599,0.6956,13.6027
ISIC_0228772.png,0.0915,0.132,0.6579,39.4576
ISIC_0231167.png,0.1117,0.1324,0.8287,11.065
ISIC_0231745.png,0.1667,0.1311,0.7108,19.1241
ISIC_0232101.png,0.431,0.3448,0.3399,2.2997
ISIC_0233487.png,0.1316,0.2303,0.5349,39.6634
ISIC_0234248.png,0.1639,0.2371,0.7905,27.1518
ISIC_0238570.png,0.1088,0.1839,0.6781,25.1613
ISIC_0238824.png,0.1894,0.1065,0.6284,25.7757
ISIC_0239178.png,0.4445,0.3866,0.5668,13.1044
ISIC_0239949.png,0.3242,0.3643,0.4264,24.3496
ISIC_0244240.png,0.2157,0.2381,0.546,13.9854
ISIC_0247197.png,0.1384,0.1215,0.7018,18.3283
ISIC_0247330.png,0.1651,0.1654,0.6033,52.5016
ISIC_0248628.png,0.3502,0.3558,0.5525,15.6448
ISIC_0250064.png,0.0681,0.0951,0.7843,44.7994
ISIC_0253516.png,1.7913,1.6726,0.0102,2.9865
ISIC_0254447.png,0.0774,0.0909,0.6637,21.0971
ISIC_0254517.png,0.3898,0.2871,0.6034,21.2343
ISIC_0255997.png,0.1568,0.1247,0.7121,19.4834
ISIC_0256715.png,1.6445,1.3405,0.0924,2.4041
ISIC_0256926.png,0.1817,0.1145,0.6938,28.8958
ISIC_0257447.png,1.0724,0.7431,0.0408,6.7952
ISIC_0259179.png,0.1737,0.2503,0.6135,22.2984
ISIC_0260290.png,0.238,0.3266,0.6604,15.6967
ISIC_0260316.png,0.1265,0.1807,0.6614,44.7015
ISIC_0261253.png,0.4431,0.4454,0.2356,23.6869
ISIC_0262770.png,0.3933,0.1277,0.5435,28.0607
ISIC_0263478.png,0.2504,0.1472,0.6504,20.542
ISIC_0268187.png,0.137,0.1704,0.7202,22.6115
ISIC_0268701.png,0.1789,0.2149,0.7357,14.6539
ISIC_0271408.png,0.3383,0.1981,0.7125,44.4588
ISIC_0272509.png,0.1153,0.1473,0.8079,30.424
ISIC_0273046.png,0.1153,0.1208,0.6302,41.2571
ISIC_0274382.png,0.6672,0.4859,0.3053,18.1495
ISIC_0277705.png,1.7407,1.4966,0.02,2.5403
ISIC_0280912.png,0.4131,0.2063,0.5022,12.3651
ISIC_0281179.png,0.1716,0.2156,0.5249,47.1708
ISIC_0281291.png,0.09,0.1421,0.8162,25.6362
ISIC_0283506.png,0.1427,0.1189,0.7648,14.4473
ISIC_0283541.png,0.115,0.2183,0.6633,38.5848
ISIC_0283957.png,1.3811,1.7115,0.0113,3.5742
ISIC_0289478.png,0.3542,0.3398,0.5523,23.9882
ISIC_0292775.png,0.1436,0.1359,0.733,27.2673
ISIC_0293086.png,0.1487,0.0992,0.7612,22.1236
ISIC_0294399.png,0.2248,0.2102,0.505,27.0937
ISIC_0294687.png,0.1369,0.1913,0.6889,19.7581
ISIC_0295323.png,0.3667,0.9343,0.2757,18.2323
ISIC_0296109.png,0.271,0.2144,0.6798,24.2725
ISIC_0296580.png,0.1573,0.1948,0.7436,19.5716
ISIC_0301568.png,0.2417,0.2793,0.5505,21.0364
ISIC_0302804.png,0.1488,0.1646,0.7515,14.8838
ISIC_0305800.png,0.1303,0.2998,0.7103,20.4941
ISIC_0305928.png,0.1613,0.2436,0.6567,26.9189
ISIC_0310134.png,0.0996,0.1465,0.6263,58.4769
ISIC_0313507.png,0.2673,0.2849,0.5529,13.5606
ISIC_0315631.png,0.2138,0.196,0.6805,25.15
ISIC_0316668.png,0.0969,0.1718,0.7284,16.8359
ISIC_0319928.png,0.1236,0.1958,0.744,12.8326
ISIC_0325771.png,0.1658,0.1619,0.7932,13.8315
ISIC_0327225.png,0.1806,0.1323,0.5805,21.1906
ISIC_0327406.png,0.0929,0.0797,0.7274,48.4487
ISIC_0331124.png,0.2282,0.1859,0.6083,21.3858
ISIC_0331389.png,0.1288,0.2881,0.5994,16.082
ISIC_0333091.png,0.214,0.2064,0.4484,30.3637
ISIC_0339930.png,1.9551,1.8081,0.0115,3.0541
ISIC_0340453.png,0.134,0.0642,0.7494,35.8037
ISIC_0345607.png,1.571,1.3136,0.0899,2.433
ISIC_0346815.png,0.6617,0.6168,0.178,2.5469
ISIC_0347984.png,0.4994,0.5556,0.421,16.6867
ISIC_0348633.png,0.1434,0.1639,0.7701,18.0694
ISIC_0350472.png,0.4147,0.2844,0.436,23.3331
ISIC_0351547.png,0.1437,0.2382,0.6114,23.5272
ISIC_0355177.png,0.0992,0.1133,0.8061,17.8781
ISIC_0356611.png,0.117,0.0842,0.7787,30.2672
ISIC_0356904.png,1.1387,0.9201,0.0747,2.4916
ISIC_0357043.png,0.5233,0.6248,0.2918,20.1014
ISIC_0359307.png,0.3105,0.5883,0.4876,40.0455
ISIC_0360367.png,0.1589,0.3189,0.7034,27.0677
ISIC_0360988.png,0.1294,0.0964,0.6212,31.1185
ISIC_0361149.png,0.2202,0.1884,0.7715,13.6674
ISIC_0363130.png,0.1291,0.149,0.8002,22.4301
ISIC_0367225.png,0.2553,0.2846,0.5348,29.574
ISIC_0370008.png,0.2228,0.1253,0.6284,32.0127
ISIC_0372902.png,0.0507,0.0497,0.8034,51.8543
ISIC_0374029.png,0.1347,0.1918,0.6894,36.6117
ISIC_0375034.png,0.2071,0.256,0.6025,29.7389
ISIC_0377965.png,0.2099,0.2855,0.6871,26.7923
ISIC_0378399.png,0.2783,0.3755,0.4332,20.7094
ISIC_0385633.png,0.1178,0.143,0.7809,16.9666
ISIC_0386664.png,0.1434,0.1789,0.6822,22.455
ISIC_0392105.png,0.1616,0.1528,0.6777,47.9192
ISIC_0394030.png,0.096,0.0971,0.7446,62.534
ISIC_0394140.png,0.1024,0.0744,0.7134,31.9678
ISIC_0394157.png,0.1793,0.1897,0.7181,14.6075
ISIC_0397464.png,0.3098,0.3337,0.3953,24.7969
ISIC_0399142.png,0.2082,0.1547,0.7098,13.8795
ISIC_0399220.png,1.5993,1.7077,0.0083,2.6919
ISIC_0403458.png,0.2421,0.1986,0.6285,31.5197
ISIC_0409276.png,0.1979,0.1449,0.6533,28.6165
ISIC_0411688.png,0.3363,0.1945,0.6357,37.4245
ISIC_0413154.png,0.1951,0.1808,0.5902,20.9345
ISIC_0413173.png,0.1944,0.1631,0.5598,17.4691
ISIC_0413563.png,0.3131,0.2987,0.4503,26.3725
ISIC_0413804.png,0.1677,0.143,0.6802,18.9393
ISIC_0418738.png,0.1506,0.1194,0.7579,24.1807
ISIC_0420249.png,0.1613,0.2525,0.6289,37.4012
ISIC_0420777.png,0.1311,0.1567,0.7053,23.8027
ISIC_0422299.png,0.12,0.2048,0.6405,25.1148
ISIC_0423483.png,0.2022,0.1947,0.6039,27.4858
ISIC_0428257.png,1.5822,1.4677,0.0102,3.5799
ISIC_0428383.png,0.092,0.1629,0.7854,18.3698
ISIC_0429825.png,0.31,0.3381,0.6938,21.4907
ISIC_0430356.png,0.1412,0.1757,0.5025,38.9862
ISIC_0430837.png,0.1079,0.1248,0.7417,62.7821
ISIC_0432236.png,1.6673,1.758,0.0144,2.642
ISIC_0437978.png,0.2843,0.3211,0.6373,18.9943
ISIC_0438136.png,0.2105,0.1385,0.7258,18.3141
ISIC_0439726.png,0.2072,0.1955,0.5906,18.6157
ISIC_0440582.png,0.2462,0.1333,0.7239,15.1664
ISIC_0440848.png,0.0809,0.2209,0.6749,15.8342
ISIC_0443835.png,0.1514,0.2074,0.5415,29.6977
ISIC_0448195.png,0.2142,0.2029,0.6758,18.2983
ISIC_0448485.png,0.2316,0.2146,0.7106,23.1128
ISIC_0450295.png,0.3077,0.3025,0.4991,13.3367
ISIC_0455743.png,0.279,0.2013,0.6238,26.6511
ISIC_0458561.png,0.1499,0.1691,0.8064,6.1192
ISIC_0463755.png,0.1986,0.2768,0.6065,24.7679
ISIC_0465385.png,0.1318,0.223,0.6502,47.8318
ISIC_0465476.png,0.1885,0.1522,0.6874,25.0486
ISIC_0469314.png,0.1733,0.0855,0.7869,14.3982
ISIC_0472513.png,1.5016,1.4103,0.0595,2.4786
ISIC_0473135.png,0.2552,0.4093,0.6799,17.1567
ISIC_0475506.png,1.0668,1.4341,0.021,6.7694
ISIC_0476606.png,0.1001,0.1014,0.7365,29.8127
ISIC_0479264.png,0.2088,0.2377,0.6116,18.6739
ISIC_0481702.png,1.3926,1.727,0.017,3.2134
ISIC_0482585.png,0.0868,0.1498,0.6973,49.6771
ISIC_0483289.png,0.2052,0.2147,0.6725,34.9641
ISIC_0484171.png,0.1106,0.1331,0.6859,33.019
ISIC_0485417.png,0.5623,0.8568,0.1351,11.8639
ISIC_0485529.png,0.2426,0.2445,0.5678,23.7099
ISIC_0485881.png,0.323,0.2435,0.5656,29.5326
ISIC_0485914.png,0.1893,0.1869,0.6834,16.3539
ISIC_0485996.png,0.1193,0.1202,0.7378,22.6353
ISIC_0489267.png,0.2287,0.2146,0.5915,56.6499
ISIC_0490442.png,0.1582,0.27,0.6427,14.7819
ISIC_0490714.png,0.1542,0.3454,0.7379,15.4091
ISIC_0497390.png,0.2017,0.3234,0.5056,51.2479
ISIC_0501108.png,0.2477,0.277,0.6411,16.676
ISIC_0501843.png,0.2248,0.1562,0.7241,17.5513
ISIC_0502582.png,1.4473,1.4716,0.0159,5.5656
ISIC_0504165.png,0.1335,0.1349,0.696,52.9879
ISIC_0504730.png,0.3243,0.2267,0.6462,31.0812
ISIC_0510617.png,0.1448,0.1217,0.7746,30.5924
ISIC_0510774.png,0.1646,0.2026,0.6023,22.327
ISIC_0511526.png,0.2805,0.513,0.5663,17.1764
ISIC_0519386.png,0.1394,0.2061,0.6797,34.0919
ISIC_0519705.png,0.1608,0.3186,0.6606,21.8238
ISIC_0519719.png,0.1507,0.1307,0.7928,27.0599
ISIC_0522926.png,0.1822,0.1816,0.7144,18.1866
ISIC_0523125.png,0.2632,0.2931,0.5785,17.8245
ISIC_0525687.png,0.2251,0.1915,0.74,12.218
ISIC_0527170.png,0.2481,0.212,0.5799,26.547
ISIC_0527350.png,0.17,0.2237,0.7353,17.746
ISIC_0528044.png,0.1938,0.2512,0.4799,32.3684
ISIC_0533122.png,0.2344,0.2405,0.7753,6.1447
ISIC_0533930.png,0.1074,0.1613,0.7401,22.2118
ISIC_0535416.png,0.1864,0.4216,0.4821,28.258
ISIC_0536321.png,0.1586,0.1347,0.7027,23.4776
ISIC_0536433.png,0.1478,0.2153,0.5994,48.2791
ISIC_0538042.png,0.5858,0.5013,0.2447,2.5156
ISIC_0541345.png,0.0705,0.0657,0.8372,36.8401
ISIC_0543351.png,0.2436,0.2295,0.5483,16.9468
ISIC_0546980.png,0.1481,0.1287,0.6619,20.3562
ISIC_0552911.png,0.1684,0.152,0.6968,22.7133
ISIC_0553565.png,0.1337,0.1592,0.7554,13.8514
ISIC_0553932.png,0.1559,0.0965,0.7465,21.1281
ISIC_0558485.png,0.0942,0.2408,0.7718,18.2225
ISIC_0561249.png,0.0919,0.1574,0.8274,12.6135
ISIC_0561634.png,0.386,0.2564,0.6283,30.2192
ISIC_0563516.png,0.2518,0.1833,0.7247,7.3591
ISIC_0563533.png,0.1849,0.1877,0.7103,15.2539
ISIC_0565743.png,0.0962,0.1076,0.6515,45.4379
ISIC_0567814.png,0.1218,0.2293,0.5644,21.3239
ISIC_0568867.png,0.1415,0.1843,0.7513,15.8101
ISIC_0572205.png,0.2031,0.1774,0.5149,40.6429
ISIC_0579047.png,0.1402,0.157,0.6314,34.0474
ISIC_0579562.png,0.1537,0.0784,0.709,53.667
ISIC_0580054.png,0.2397,0.1013,0.7916,17.2669
ISIC_0588322.png,0.1453,0.2225,0.6239,15.9744
ISIC_0588855.png,0.2538,0.1358,0.7508,13.99
ISIC_0591011.png,0.1396,0.1131,0.7699,24.5056
ISIC_0591226.png,0.1792,0.1643,0.6898,17.3628
ISIC_0592973.png,0.1141,0.1732,0.831,17.114
ISIC_0593591.png,0.1923,0.1257,0.7838,18.0297
ISIC_0594534.png,0.3575,0.2556,0.5478,9.9173
ISIC_0594695.png,0.1559,0.1389,0.7667,12.894
ISIC_0595080.png,0.1046,0.0647,0.8156,29.8365
ISIC_0597218.png,0.1072,0.1252,0.7923,24.8622
ISIC_0599047.png,0.1464,0.1681,0.7213,29.5983
ISIC_0602494.png,0.1829,0.161,0.6835,22.492
ISIC_0604532.png,0.2691,0.1179,0.6607,13.4253
ISIC_0609067.png,0.1996,0.2264,0.6052,23.7519
ISIC_0610477.png,0.1412,0.1542,0.6822,29.2534
ISIC_0610849.png,0.1391,0.0996,0.7127,33.6737
ISIC_0612080.png,0.0693,0.0741,0.7873,22.4824
ISIC_0613014.png,0.1389,0.1156,0.6448,18.998
ISIC_0616491.png,0.0914,0.1331,0.7816,12.9142
ISIC_0620587.png,0.0881,0.1013,0.7524,22.3759
ISIC_0623284.png,0.266,0.1592,0.6797,19.0997
ISIC_0624498.png,0.1435,0.1394,0.6283,43.778
ISIC_0624779.png,0.4378,0.5077,0.4718,5.8033
ISIC_0626501.png,0.166,0.2236,0.5739,49.6978
ISIC_0627979.png,0.234,0.2797,0.5564,23.1566
ISIC_0633835.png,0.1551,0.1718,0.7488,18.6852
ISIC_0634107.png,0.1459,0.1238,0.7567,21.6658
ISIC_0638857.png,0.0829,0.0968,0.772,24.2492
ISIC_0638889.png,0.1362,0.2084,0.7637,15.1403
ISIC_0640770.png,0.1561,0.2507,0.7365,15.8307
ISIC_0640806.png,0.0652,0.0746,0.8019,14.5376
ISIC_0641173.png,0.1356,0.1407,0.7442,22.5658
ISIC_0641480.png,0.1308,0.2256,0.7858,16.0308
ISIC_0644590.png,0.1584,0.1103,0.7738,38.0004
ISIC_0645116.png,0.1551,0.1776,0.7243,42.271
ISIC_0645454.png,0.3347,0.4996,0.3666,23.8959
ISIC_0645477.png,0.2092,0.1759,0.6516,21.6713
ISIC_0645834.png,0.1335,0.1192,0.6507,25.0746
ISIC_0647224.png,0.1107,0.1222,0.7685,39.8022
ISIC_0650126.png,0.1784,0.19,0.7101,19.0605
ISIC_0651114.png,0.1357,0.3001,0.6614,16.8311
ISIC_0651353.png,0.185,0.1215,0.6386,37.4348
ISIC_0653633.png,0.1275,0.1241,0.7179,18.0863
ISIC_0653706.png,0.0887,0.1252,0.7913,20.4859
ISIC_0654846.png,0.3009,0.2651,0.6766,14.0657
ISIC_0655635.png,0.2288,0.1167,0.7795,21.1473
ISIC_0656395.png,0.1659,0.2163,0.6074,26.1241
ISIC_0659400.png,0.093,0.1083,0.7672,34.8624
ISIC_0663588.png,0.2743,0.1894,0.7595,11.6979
ISIC_0663824.png,0.0856,0.0978,0.8164,15.0792
ISIC_0663941.png,0.2147,0.1307,0.6824,17.8399
ISIC_0667763.png,0.1697,0.1736,0.711,22.5848
ISIC_0668772.png,0.1486,0.1131,0.7464,19.1205
ISIC_0674746.png,0.1114,0.1304,0.7148,44.9969
ISIC_0678758.png,0.557,0.7723,0.0911,12.4488
ISIC_0679494.png,0.1011,0.0944,0.6871,44.7842
ISIC_0679553.png,0.2045,0.1403,0.6069,31.6501
ISIC_0679781.png,0.1377,0.1391,0.8142,13.633
ISIC_0682543.png,0.2099,0.1465,0.6327,40.3316
ISIC_0683389.png,0.0752,0.0911,0.7612,33.3575
ISIC_0687593.png,0.2522,0.2483,0.6379,21.3434
ISIC_0691454.png,0.0996,0.1209,0.7858,22.014
ISIC_0692990.png,0.1472,0.2312,0.7106,24.4627
ISIC_0693902.png,0.1487,0.1709,0.5197,26.962
ISIC_0694677.png,0.1842,0.1276,0.7367,24.7197
ISIC_0695029.png,0.2132,0.1939,0.5823,29.9374
ISIC_0696303.png,0.0945,0.1878,0.8008,25.5827
ISIC_0697953.png,0.1273,0.2133,0.5883,36.4372
ISIC_0698821.png,0.1933,0.1997,0.6713,36.6426
ISIC_0702876.png,0.126,0.2034,0.4743,54.8667
ISIC_0706692.png,0.106,0.2415,0.7725,21.5904
ISIC_0708542.png,0.4163,0.3183,0.5049,10.0839
ISIC_0708552.png,0.4499,0.435,0.3416,25.3547
ISIC_0710431.png,0.1122,0.1248,0.7508,32.0666
ISIC_0711360.png,0.206,0.1085,0.6241,17.8762
ISIC_0719631.png,0.0986,0.0818,0.7689,25.0871
ISIC_0726170.png,0.1146,0.2118,0.6829,18.8112
ISIC_0728350.png,0.1082,0.1535,0.6871,51.1742
ISIC_0732375.png,0.0871,0.1301,0.8363,14.3073
ISIC_0740449.png,0.1219,0.1323,0.6687,14.8177
ISIC_0741694.png,0.2782,0.1816,0.6931,19.8844
ISIC_0744870.png,0.2901,0.2114,0.6886,17.5992
ISIC_0746397.png,0.1729,0.1587,0.6542,51.3985
ISIC_0749263.png,0.0797,0.3232,0.78,17.2193
ISIC_0753112.png,0.2283,0.301,0.6116,30.1363
ISIC_0753491.png,0.1606,0.1588,0.6178,36.5155
ISIC_0757147.png,0.0763,0.0675,0.8054,43.535
ISIC_0758797.png,0.1109,0.1641,0.7527,38.7115
ISIC_0759561.png,0.201,0.1231,0.7218,43.0487
ISIC_0760740.png,0.1126,0.1301,0.724,29.2859
ISIC_0765584.png,0.0982,0.1953,0.7812,20.4571
ISIC_0765585.png,0.2432,0.1487,0.7844,11.834
ISIC_0765973.png,0.207,0.1936,0.6765,19.0348
ISIC_0766328.png,0.1951,0.1541,0.6399,23.885
ISIC_0770920.png,0.1748,0.2581,0.6215,34.1254
ISIC_0772836.png,0.1206,0.2519,0.7524,40.4379
ISIC_0773096.png,0.2104,0.1419,0.7012,50.2231
ISIC_0776189.png,1.7593,1.8841,0.0115,2.8284
ISIC_0778327.png,0.2342,0.2353,0.7453,28.5427
ISIC_0779920.png,0.9682,1.4763,0.033,6.0655
ISIC_0781315.png,0.1627,0.1007,0.7363,19.6059
ISIC_0781380.png,0.6622,0.4823,0.3835,8.8782
ISIC_0783513.png,0.1989,0.132,0.7594,19.5394
ISIC_0786233.png,0.1767,0.1328,0.7011,25.9811
ISIC_0787229.png,0.1139,0.1588,0.6525,16.4264
ISIC_0789732.png,0.0872,0.1234,0.7375,17.227
ISIC_0799535.png,0.1111,0.1939,0.7337,21.9286
ISIC_0801281.png,0.1226,0.2269,0.6124,37.4594
ISIC_0804420.png,0.1163,0.1057,0.628,22.8427
ISIC_0805941.png,0.1353,0.1707,0.6625,66.4445
ISIC_0806138.png,0.2033,0.1317,0.677,35.3317
ISIC_0806140.png,0.1096,0.1514,0.7087,20.286
ISIC_0806303.png,0.247,0.1233,0.6958,14.3087
ISIC_0808203.png,0.6451,0.6446,0.0254,11.6714
ISIC_0813342.png,0.206,0.1987,0.5369,34.5231
ISIC_0813423.png,0.1481,0.1552,0.4122,36.8927
ISIC_0817140.png,0.1271,0.1159,0.6624,40.9547
ISIC_0817654.png,0.127,0.1143,0.812,17.856
ISIC_0821520.png,0.191,0.2211,0.8166,11.1624
ISIC_0822116.png,0.2196,0.1313,0.6252,28.5488
ISIC_0822238.png,0.1733,0.1747,0.7558,25.3671
ISIC_0826998.png,0.1278,0.1138,0.7015,32.9563
ISIC_0830131.png,0.1285,0.2055,0.6451,30.8929
ISIC_0830217.png,0.1473,0.1178,0.6955,16.4615
ISIC_0830806.png,0.0833,0.1217,0.8047,19.6269
ISIC_0834745.png,0.0899,0.1252,0.7976,21.0752
ISIC_0839675.png,0.1395,0.1351,0.7428,28.2725
ISIC_0844312.png,1.1834,0.4913,0.3198,2.5149
ISIC_0845105.png,0.1044,0.1728,0.7069,25.6275
ISIC_0862350.png,0.8736,0.5704,0.1115,2.494
ISIC_0862745.png,1.0187,0.8522,0.1294,2.4701
ISIC_0865706.png,0.2286,0.2549,0.4948,23.908
ISIC_0867503.png,0.1356,0.1699,0.7451,35.4654
ISIC_0870751.png,0.1137,0.1504,0.7417,24.765
ISIC_0871853.png,0.1278,0.1086,0.7169,30.2122
ISIC_0872145.png,0.1929,0.2047,0.6388,18.3143
ISIC_0874261.png,0.3552,0.3164,0.553,31.8554
ISIC_0878793.png,0.2865,0.1138,0.6698,14.6834
ISIC_0879097.png,0.1247,0.1647,0.7129,23.2382
ISIC_0883408.png,0.1639,0.2556,0.5377,15.5313
ISIC_0884550.png,0.1351,0.0979,0.7957,27.0289
ISIC_0887530.png,0.1467,0.1642,0.7283,21.6323
ISIC_0887792.png,1.77,1.5752,0.0063,3.2512
ISIC_0890398.png,0.1798,0.1886,0.456,36.7682
ISIC_0894785.png,0.1123,0.1768,0.7125,20.2251
ISIC_0897248.png,0.204,0.3145,0.5371,34.3678
ISIC_0897526.png,0.2483,0.0873,0.7818,19.8137
ISIC_0897876.png,1.5903,1.7842,0.0202,2.6344
ISIC_0899961.png,0.1406,0.2544,0.5154,37.2719
ISIC_0900349.png,0.1691,0.1269,0.6749,26.6554
ISIC_0904712.png,0.1917,0.1904,0.6973,12.8185
ISIC_0905367.png,0.0865,0.1935,0.67,34.5565
ISIC_0906465.png,0.1692,0.1603,0.7063,11.0263
ISIC_0908367.png,0.2191,0.2666,0.5827,18.6362
ISIC_0911264.png,0.1711,0.0889,0.7876,43.1813
ISIC_0911448.png,0.2419,0.0991,0.7164,36.7553
ISIC_0912291.png,0.1184,0.0917,0.7365,50.7377
ISIC_0914168.png,0.5747,0.425,0.4254,14.7575
ISIC_0914251.png,0.2388,0.2937,0.5331,32.5535
ISIC_0918078.png,0.1815,0.1704,0.7656,23.2027
ISIC_0919467.png,0.1325,0.1117,0.7648,24.2128
ISIC_0922552.png,0.2108,0.307,0.4645,18.657
ISIC_0924902.png,0.349,0.3116,0.4749,28.5744
ISIC_0927854.png,0.1687,0.206,0.663,34.6553
ISIC_0929483.png,0.1155,0.2268,0.6032,18.0399
ISIC_0929517.png,0.3515,0.3131,0.5667,12.9602
ISIC_0937261.png,0.1971,0.207,0.6418,44.341
ISIC_0939648.png,0.1797,0.2622,0.4552,25.0916
ISIC_0941085.png,0.158,0.1292,0.6981,37.7071
ISIC_0941332.png,0.3194,0.6898,0.2874,20.7519
ISIC_0942056.png,1.8617,1.8951,0.0293,2.679
ISIC_0944273.png,0.2385,0.1116,0.5679,45.4949
ISIC_0945844.png,0.1571,0.1709,0.7209,25.8894
ISIC_0946787.png,0.1054,0.1003,0.8023,31.2936
ISIC_0946923.png,0.106,0.1151,0.72,33.1111
ISIC_0951519.png,0.1054,0.1519,0.7376,21.0912
ISIC_0952221.png,0.0988,0.1826,0.768,20.973
ISIC_0953317.png,0.2884,0.2927,0.5661,25.6589
ISIC_0953675.png,0.0989,0.1504,0.7975,23.4762
ISIC_0958701.png,0.1292,0.2119,0.7693,9.5076
ISIC_0959863.png,0.2138,0.2022,0.6865,35.8094
ISIC_0961235.png,0.5138,0.3241,0.1942,2.6133
ISIC_0962121.png,0.1933,0.1553,0.6068,24.2537
ISIC_0962787.png,0.1272,0.1064,0.7305,42.4167
ISIC_0963531.png,0.4198,0.3797,0.4573,18.4342
ISIC_0963536.png,0.18,0.1669,0.6242,21.4551
ISIC_0966527.png,0.2576,0.275,0.6396,23.0035
ISIC_0973194.png,0.1759,0.2005,0.7065,31.8225
ISIC_0974833.png,0.1973,0.1409,0.6731,14.637
ISIC_0975874.png,0.1045,0.1345,0.6243,34.7967
ISIC_0976232.png,0.2029,0.4248,0.597,16.2069
ISIC_0979974.png,0.1162,0.2584,0.576,28.5249
ISIC_0981639.png,0.1494,0.1685,0.7139,29.3032
ISIC_0982757.png,0.2021,0.2121,0.6757,15.8641
ISIC_0982855.png,0.2247,0.1355,0.6924,24.2368
ISIC_0990298.png,1.5991,1.7342,0.0339,2.4987
ISIC_0998962.png,0.3467,0.4636,0.4465,8.3958
ISIC_1002979.png,0.3986,0.1704,0.6816,19.3056
ISIC_1004416.png,0.1367,0.1793,0.6871,22.3329
ISIC_1008321.png,0.2097,0.3412,0.6973,16.8148
ISIC_1008609.png,0.108,0.111,0.7065,38.5666
ISIC_1009042.png,0.6431,0.236,0.1375,2.5068
ISIC_1014075.png,0.4128,0.1915,0.4841,37.8763
ISIC_1017377.png,1.2241,0.806,0.0938,2.4296
ISIC_1018265.png,1.7356,1.5311,0.0613,5.5751
ISIC_1020369.png,0.1737,0.1771,0.7163,25.7648
ISIC_1020968.png,0.1062,0.1047,0.7824,22.3215
ISIC_1023339.png,0.2231,0.2738,0.591,26.6262
ISIC_1023354.png,0.1835,0.1309,0.6219,24.7044
ISIC_1026382.png,1.3596,1.7107,0.0174,2.6501
ISIC_1027512.png,0.0849,0.0874,0.7357,28.9097
ISIC_1034397.png,0.256,0.4678,0.5845,25.5302
ISIC_1035480.png,0.1684,0.1676,0.6586,32.3943
ISIC_1037315.png,0.5579,0.6823,0.2491,25.0228
ISIC_1037945.png,0.3749,0.3695,0.2368,13.6449
ISIC_1039970.png,0.1118,0.1403,0.7534,28.3632
ISIC_1040340.png,0.0759,0.1269,0.7207,46.7961
ISIC_1042960.png,1.6094,1.4841,0.0136,3.8243
ISIC_1043267.png,0.1815,0.1544,0.6649,23.1422
ISIC_1046678.png,0.2054,0.4214,0.6167,35.4877
ISIC_1048077.png,0.2106,0.3014,0.387,20.6415
ISIC_1048913.png,0.1084,0.1701,0.7237,44.4007
ISIC_1050000.png,0.0927,0.0843,0.6797,58.2076
ISIC_1053427.png,0.0864,0.2198,0.7569,59.9186
ISIC_1054090.png,0.1674,0.1529,0.8019,13.7265
ISIC_1057521.png,0.2219,0.2515,0.6379,24.4568
ISIC_1059525.png,0.1161,0.1385,0.8045,13.3203
ISIC_1067390.png,0.2184,0.2286,0.6071,21.5305
ISIC_1067985.png,0.1504,0.1245,0.5824,34.9782
ISIC_1068686.png,0.9167,0.9158,0.232,29.7228
ISIC_1069587.png,0.3251,0.2276,0.5527,35.8258
ISIC_1071355.png,0.5292,0.5525,0.1799,2.508
ISIC_1072321.png,0.0746,0.1021,0.7354,17.527
ISIC_1074939.png,0.0833,0.1498,0.6939,35.3521
ISIC_1075605.png,0.0988,0.1186,0.7491,17.8199
ISIC_1076091.png,0.5695,0.3574,0.4235,12.1345
ISIC_1076474.png,0.1611,0.1862,0.7007,17.1733
ISIC_1077375.png,0.2216,0.3974,0.5914,18.0885
ISIC_1078854.png,0.1455,0.1785,0.771,24.6348
ISIC_1080647.png,0.2488,0.319,0.5632,24.445
ISIC_1081051.png,0.0961,0.1832,0.6555,43.5944
ISIC_1081430.png,0.3078,0.2271,0.3817,40.4952
ISIC_1083681.png,0.2172,0.1476,0.7657,15.5409
ISIC_1089617.png,0.1667,0.1871,0.5976,22.839
ISIC_1091626.png,0.1491,0.1882,0.6861,18.8278
ISIC_1092432.png,0.334,0.3032,0.4862,39.4411
ISIC_1097830.png,0.1033,0.406,0.6531,32.5654
ISIC_1102075.png,0.145,0.1711,0.6972,20.1911
ISIC_1102391.png,0.1338,0.1446,0.7878,19.0444
ISIC_1104374.png,0.0952,0.0715,0.619,36.1679
ISIC_1105263.png,0.0816,0.1499,0.7397,42.3367
ISIC_1108178.png,0.1655,0.1962,0.7712,20.9214
ISIC_1108204.png,0.1264,0.2379,0.6709,35.3317
ISIC_1109641.png,0.1946,0.1491,0.7023,25.5447
ISIC_1110583.png,0.0875,0.1045,0.7605,23.6785
ISIC_1113265.png,0.1077,0.1199,0.6927,46.5161
ISIC_1113629.png,0.7017,0.863,0.0923,14.9105
ISIC_1114966.png,0.1362,0.1413,0.6343,49.1806
ISIC_1115013.png,0.1105,0.1073,0.7033,43.1826
ISIC_1115160.png,0.1323,0.0885,0.7275,57.2156
ISIC_1117369.png,0.2275,0.3062,0.5255,46.4711
ISIC_1118894.png,0.2614,0.3407,0.4055,41.4056
ISIC_1120654.png,0.2048,0.2159,0.6993,27.4128
ISIC_1122023.png,0.1142,0.1149,0.7173,44.1481
ISIC_1124434.png,1.404,1.2873,0.1346,2.4306
ISIC_1131588.png,0.1286,0.2504,0.7446,22.8202
ISIC_1132496.png,0.236,0.2301,0.6628,15.6002
ISIC_1132788.png,0.1885,0.2371,0.6325,41.1591
ISIC_1132966.png,0.1112,0.1994,0.7264,18.659
ISIC_1135213.png,0.1185,0.1467,0.6954,31.4935
ISIC_1137915.png,0.2162,0.1805,0.6335,35.8515
ISIC_1140410.png,0.2693,0.4743,0.3958,22.8594
ISIC_1142933.png,0.2498,0.4178,0.385,18.7408
ISIC_1142962.png,0.1524,0.2006,0.7208,18.665
ISIC_1144024.png,0.1328,0.1505,0.6167,24.9529
ISIC_1146341.png,0.1643,0.1655,0.5883,21.806
ISIC_1149693.png,0.0986,0.1235,0.7988,36.3052
ISIC_1150482.png,0.3046,0.2783,0.6898,18.0347
ISIC_1152559.png,0.1243,0.1463,0.6641,19.4183
ISIC_1154109.png,0.1496,0.1396,0.7782,24.2136
ISIC_1155782.png,0.1204,0.1105,0.6825,13.0312
ISIC_1159891.png,0.171,0.258,0.4718,41.7196
ISIC_1161370.png,0.1919,0.1764,0.621,26.5608
ISIC_1165548.png,0.1673,0.1479,0.4749,43.8848
ISIC_1166522.png,0.2726,0.1871,0.5102,16.5401
ISIC_1166678.png,0.174,0.1169,0.6799,35.6742
ISIC_1166740.png,0.2669,0.2456,0.6293,25.9968
ISIC_1169724.png,1.4976,1.6286,0.0133,4.8151
ISIC_1175170.png,0.2405,0.2856,0.6167,19.0291
ISIC_1175291.png,0.1881,0.1841,0.5323,54.3108
ISIC_1175776.png,0.1025,0.1374,0.753,19.7187
ISIC_1177153.png,0.1263,0.2011,0.7698,12.962
ISIC_1177505.png,1.457,1.129,0.1181,2.4385
ISIC_1178518.png,0.126,0.1612,0.7501,37.0852
ISIC_1185006.png,0.1499,0.1634,0.5175,43.0021
ISIC_1189461.png,0.2057,0.1574,0.6875,40.6498
ISIC_1192835.png,0.2524,0.1602,0.7151,11.4245
ISIC_1193108.png,0.3907,0.3995,0.4861,31.9447
ISIC_1194944.png,1.7972,1.966,0.0275,2.573
ISIC_1195689.png,0.1037,0.2004,0.7781,13.7269
ISIC_1197584.png,0.701,0.6213,0.0938,17.5457
ISIC_1200192.png,0.2602,0.2458,0.722,6.6838
ISIC_1200689.png,0.1326,0.211,0.5941,19.8461
ISIC_1202785.png,0.0931,0.1024,0.7323,50.3642
ISIC_1202976.png,0.1654,0.0854,0.6631,20.9587
ISIC_1205826.png,0.161,0.1203,0.7297,29.2345
ISIC_1208705.png,0.1597,0.1437,0.7747,23.9754
ISIC_1210011.png,0.4451,0.3323,0.2607,2.3644
ISIC_1210565.png,0.1451,0.1237,0.6849,32.9692
ISIC_1211506.png,0.2643,0.1821,0.6812,15.3559
ISIC_1216139.png,0.1057,0.1523,0.7123,36.9477
ISIC_1216201.png,0.1433,0.1466,0.6789,24.0045
ISIC_1216698.png,0.1573,0.1703,0.6416,25.1613
ISIC_1217314.png,0.2178,0.179,0.7132,22.3481
ISIC_1220154.png,0.2028,0.1984,0.7797,23.6625
ISIC_1223648.png,0.2766,0.2032,0.6806,30.3463
ISIC_1223849.png,0.1669,0.2038,0.6624,24.3972
ISIC_1224329.png,0.0822,0.0831,0.7214,47.8001
ISIC_1225511.png,0.1618,0.101,0.7842,34.818
ISIC_1226440.png,0.1369,0.1548,0.6544,34.4598
ISIC_1226882.png,1.9392,1.9629,0.0332,2.3139
ISIC_1228845.png,0.1553,0.1194,0.6953,62.5575
ISIC_1231419.png,0.1457,0.1556,0.6836,32.2422
ISIC_1231722.png,0.1934,0.1307,0.7394,18.8519
ISIC_1233104.png,0.385,0.216,0.3761,2.3048
ISIC_1234463.png,0.2133,0.2416,0.5397,20.9796
ISIC_1241817.png,0.5749,0.2408,0.2424,2.5946
ISIC_1247683.png,0.458,0.4431,0.4674,38.737
ISIC_1251639.png,0.2109,0.0985,0.6995,54.5758
ISIC_1251811.png,0.1047,0.1014,0.7623,55.3933
ISIC_1253960.png,0.1193,0.1164,0.7323,19.6423
ISIC_1254469.png,0.1514,0.1632,0.7778,18.6174
ISIC_1258763.png,0.1768,0.1129,0.6777,32.8921
ISIC_1258986.png,0.3629,0.1158,0.3052,2.2852
ISIC_1260545.png,0.175,0.1904,0.4369,24.9412
ISIC_1264576.png,0.2462,0.2534,0.6356,10.3489
ISIC_1264725.png,0.377,0.4696,0.3788,24.471
ISIC_1264950.png,0.1152,0.2015,0.7042,19.7703
ISIC_1265382.png,0.4785,0.4143,0.5344,13.4102
ISIC_1265755.png,0.3265,0.191,0.5003,40.1727
ISIC_1269461.png,0.0934,0.1209,0.7163,17.3077
ISIC_1280780.png,0.1429,0.1412,0.704,30.2438
ISIC_1285870.png,0.2339,0.1639,0.6276,19.8277
ISIC_1287370.png,0.9541,0.511,0.1727,20.7775
ISIC_1290821.png,0.1289,0.1494,0.7591,14.744
ISIC_1292607.png,0.1225,0.1298,0.6124,49.4678
ISIC_1293403.png,0.1211,0.139,0.7392,63.4566
ISIC_1293743.png,0.144,0.272,0.5318,2.0828
ISIC_1294049.png,1.7621,1.7016,0.0086,3.1329
ISIC_1296490.png,0.1309,0.1038,0.7547,42.5262
ISIC_1300967.png,0.1238,0.1322,0.8055,18.8837
ISIC_1305537.png,0.1566,0.1409,0.7261,37.977
ISIC_1306020.png,0.1749,0.1171,0.6793,21.9152
ISIC_1306790.png,1.7361,1.4303,0.1167,10.1256
ISIC_1308081.png,0.1715,0.1468,0.6314,23.9739
ISIC_1308649.png,0.2383,0.2507,0.5583,25.7335
ISIC_1312827.png,0.209,0.2102,0.5395,38.7559
ISIC_1314502.png,0.2454,0.251,0.6509,20.6992
ISIC_1315123.png,0.1509,0.1611,0.7378,18.9675
ISIC_1323048.png,0.3026,0.2499,0.5855,17.8213
ISIC_1323743.png,0.0793,0.1329,0.7599,24.2635
ISIC_1327515.png,0.1813,0.2272,0.6753,16.5472
ISIC_1328488.png,0.0884,0.112,0.6511,23.0949
ISIC_1328804.png,0.1227,0.2766,0.6311,21.5058
ISIC_1330008.png,0.0881,0.0754,0.7472,28.1398
ISIC_1331993.png,0.1075,0.184,0.726,46.7154
ISIC_1332766.png,0.1469,0.1443,0.7635,16.5534
ISIC_1334038.png,0.4682,0.1769,0.6175,27.7534
ISIC_1334438.png,0.1857,0.147,0.6612,34.1171
ISIC_1336351.png,0.2525,0.2247,0.6412,13.0427
ISIC_1337726.png,0.2781,0.1413,0.7606,12.5436
ISIC_1342117.png,0.1893,0.1206,0.6657,17.3393
ISIC_1343302.png,0.2054,0.3786,0.5945,10.0657
ISIC_1343433.png,0.0643,0.0538,0.6791,43.1209
ISIC_1344537.png,0.3715,0.1968,0.4821,24.4299
ISIC_1348538.png,0.0902,0.1089,0.7543,21.2731
ISIC_1348843.png,0.216,0.0995,0.6112,36.0845
ISIC_1350519.png,0.1073,0.1135,0.714,24.8375
ISIC_1351604.png,0.1635,0.3384,0.6274,31.9766
ISIC_1352841.png,0.2831,0.26,0.4894,19.7172
ISIC_1353668.png,0.1397,0.2085,0.6716,20.4935
ISIC_1356715.png,1.845,1.8744,0.0129,2.7338
ISIC_1358527.png,0.1898,0.1427,0.6883,33.1783
ISIC_1359533.png,0.2255,0.2233,0.6364,31.9425
ISIC_1366765.png,0.1476,0.1653,0.7386,23.9418
ISIC_1367610.png,0.2382,0.2766,0.6436,14.5684
ISIC_1368336.png,0.121,0.1262,0.7361,30.5078
ISIC_1369273.png,0.3223,0.393,0.3265,27.2742
ISIC_1369967.png,0.2621,0.1563,0.6432,29.0619
ISIC_1370142.png,0.4062,0.4446,0.3532,22.7526
ISIC_1372928.png,0.6257,0.4645,0.1721,2.4851
ISIC_1373468.png,0.0996,0.1333,0.5563,42.1261
ISIC_1375476.png,0.1278,0.1502,0.6598,57.5464
ISIC_1377409.png,0.2632,0.1617,0.721,18.368
ISIC_1379405.png,0.1128,0.1352,0.7856,11.3549
ISIC_1379601.png,0.1479,0.15,0.6714,36.3316
ISIC_1380069.png,0.1285,0.132,0.6784,46.0639
ISIC_1382271.png,0.0633,0.0804,0.7229,61.8898
ISIC_1382677.png,0.2695,0.2559,0.6004,19.6267
ISIC_1383822.png,0.0997,0.2002,0.7832,17.4603
ISIC_1384527.png,0.1709,0.2002,0.6223,11.6895
ISIC_1387456.png,0.168,0.1707,0.8064,35.2736
ISIC_1388297.png,0.2841,0.2683,0.5344,22.3223
ISIC_1389141.png,0.2638,0.27,0.6453,20.5752
ISIC_1389563.png,0.0743,0.2123,0.7442,24.3481
ISIC_1390308.png,0.0856,0.1122,0.7869,27.7536
ISIC_1394786.png,0.1924,0.0897,0.7234,23.3544
ISIC_1396573.png,0.0954,0.1381,0.7135,40.5389
ISIC_1396767.png,0.2573,0.1518,0.7057,34.8752
ISIC_1398618.png,0.1779,0.2088,0.7422,18.13
ISIC_1399572.png,0.1504,0.2337,0.7046,15.8628
ISIC_1402840.png,0.1539,0.1655,0.6134,21.1569
ISIC_1403974.png,0.1218,0.0962,0.7284,25.4509
ISIC_1410408.png,0.2223,0.2558,0.6375,20.3797
ISIC_1412843.png,0.2802,0.1189,0.7242,28.5859
ISIC_1413120.png,0.3561,0.3579,0.458,30.0817
ISIC_1413242.png,0.115,0.1514,0.7818,10.8694
ISIC_1414751.png,0.1776,0.1426,0.6428,65.3617
ISIC_1418304.png,0.2059,0.1056,0.6797,29.4727
ISIC_1423737.png,1.9193,1.8873,0.0214,2.5548
ISIC_1426331.png,0.0905,0.1348,0.7192,33.6575
ISIC_1431777.png,0.152,0.2271,0.5537,27.7977
ISIC_1432058.png,0.481,0.451,0.4749,19.6416
ISIC_1434141.png,0.1978,0.4465,0.6074,27.8203
ISIC_1436929.png,0.1427,0.1522,0.7808,13.3227
ISIC_1438269.png,0.1066,0.1483,0.758,17.3009
ISIC_1440063.png,1.6755,0.8106,0.0323,2.4931
ISIC_1440377.png,0.2131,0.2172,0.6162,18.1168
ISIC_1441260.png,0.156,0.2623,0.6833,18.9508
ISIC_1444154.png,0.1973,0.4778,0.6857,13.5301
ISIC_1445277.png,0.16,0.3022,0.7116,26.6433
ISIC_1450548.png,0.0779,0.1517,0.7951,26.6997
ISIC_1452314.png,0.0548,0.0901,0.8242,30.7278
ISIC_1452549.png,0.0787,0.2032,0.7201,29.1603
ISIC_1453146.png,1.4188,1.7128,0.0517,2.4718
ISIC_1453671.png,0.2101,0.2907,0.7179,16.1017
ISIC_1453899.png,0.2393,0.1438,0.7604,24.1814
ISIC_1457687.png,0.1684,0.1743,0.5736,29.3102
ISIC_1460249.png,0.1457,0.1623,0.6329,23.6462
ISIC_1460932.png,0.0965,0.1521,0.7117,16.904
ISIC_1461068.png,0.1997,0.1526,0.6207,13.515
ISIC_1461507.png,0.1407,0.1722,0.6339,34.5141
ISIC_1470245.png,0.1552,0.1188,0.717,37.017
ISIC_1470250.png,0.2132,0.2252,0.6267,29.2837
ISIC_1470934.png,0.4079,0.3386,0.4069,22.1805
ISIC_1471329.png,0.1914,0.2355,0.4758,35.3234
ISIC_1472731.png,0.2027,0.1218,0.755,29.3412
ISIC_1472777.png,0.1647,0.2716,0.6369,28.0709
ISIC_1473511.png,0.0938,0.1044,0.7588,16.9491
ISIC_1473522.png,0.1815,0.1319,0.7556,54.0736
ISIC_1475598.png,0.1904,0.204,0.6778,18.3975
ISIC_1476361.png,0.1059,0.1807,0.7554,18.1455
ISIC_1477056.png,0.2178,0.2285,0.7171,14.4109
ISIC_1477990.png,0.2026,0.165,0.7027,16.6746
ISIC_1479949.png,0.1049,0.1314,0.7776,18.3688
ISIC_1484525.png,0.1219,0.1137,0.6979,29.5253
ISIC_1484659.png,0.2056,0.221,0.3655,44.3805
ISIC_1488727.png,1.6201,1.5775,0.01,2.8855
ISIC_1490986.png,0.095,0.0944,0.6871,18.6999
ISIC_1492055.png,0.1354,0.1863,0.6417,34.9731
ISIC_1495182.png,0.1609,0.1014,0.7883,16.212
ISIC_1495793.png,0.2724,0.3668,0.4763,41.2425
ISIC_1496194.png,0.1809,0.3124,0.6787,11.8087
ISIC_1497525.png,0.2011,0.1921,0.7254,14.9313
ISIC_1497800.png,0.1816,0.1125,0.7866,13.2511
ISIC_1499915.png,0.3025,0.2937,0.431,32.843
ISIC_1501483.png,0.2833,0.2491,0.5478,32.4309
ISIC_1504257.png,0.1272,0.1136,0.708,20.9209
ISIC_1507583.png,0.1576,0.1467,0.6249,17.4333
ISIC_1508215.png,0.1537,0.2224,0.663,28.8624
ISIC_1509635.png,0.1827,0.2331,0.7103,20.3051
ISIC_1513720.png,0.1083,0.2444,0.5717,57.1068
ISIC_1514401.png,0.1251,0.1045,0.655,36.3334
ISIC_1515947.png,0.0963,0.0767,0.7255,70.7755
ISIC_1519891.png,0.146,0.1026,0.7766,16.5114
ISIC_1520897.png,0.2911,0.4929,0.3171,23.7899
ISIC_1522266.png,0.0944,0.226,0.7371,25.3454
ISIC_1525284.png,0.0884,0.0951,0.6943,39.1473
ISIC_1530981.png,0.1511,0.1774,0.7183,22.0052
ISIC_1531204.png,0.201,0.1584,0.7517,17.973
ISIC_1532403.png,0.2024,0.1934,0.6428,30.6987
ISIC_1532684.png,0.1304,0.1047,0.6467,38.188
ISIC_1533305.png,0.2331,0.4035,0.6308,17.4989
ISIC_1534391.png,0.1221,0.0754,0.7964,16.5812
ISIC_1543544.png,0.1295,0.1089,0.7026,33.7018
ISIC_1543770.png,0.168,0.1874,0.7664,12.0417
ISIC_1545544.png,0.137,0.1204,0.6196,50.0418
ISIC_1550721.png,0.1219,0.0808,0.7732,32.0376
ISIC_1552232.png,0.1325,0.1357,0.6506,52.4632
ISIC_1554992.png,0.1674,0.136,0.6267,17.0514
ISIC_1558504.png,0.7416,0.4591,0.1557,2.5762
ISIC_1560272.png,0.1664,0.1752,0.546,29.8886
ISIC_1560455.png,0.242,0.1926,0.5914,18.0865
ISIC_1565767.png,0.2139,0.3049,0.7066,17.4327
ISIC_1566215.png,0.3775,0.3735,0.4351,21.9045
ISIC_1566428.png,0.8104,0.7911,0.1918,12.8701
ISIC_1566931.png,0.209,0.2044,0.5374,39.7225
ISIC_1568268.png,0.1476,0.1555,0.6474,52.4055
ISIC_1569775.png,0.1237,0.1351,0.7371,31.517
ISIC_1570390.png,0.2038,0.3466,0.5573,17.6362
ISIC_1576437.png,0.2175,0.275,0.6596,27.919
ISIC_1578253.png,0.0819,0.1211,0.6637,25.077
ISIC_1578399.png,0.1743,0.1415,0.7912,12.4682
ISIC_1579745.png,0.3925,0.3178,0.6186,2.0575
ISIC_1580034.png,0.167,0.2103,0.7216,22.6881
ISIC_1584535.png,1.386,1.1159,0.0301,6.8208
ISIC_1585370.png,0.4561,0.174,0.6776,15.5488
ISIC_1585511.png,0.1791,0.1217,0.5431,43.7934
ISIC_1589997.png,0.8902,1.1433,0.0825,12.4457
ISIC_1590725.png,0.1054,0.1178,0.7776,23.3995
ISIC_1590829.png,0.088,0.156,0.7313,26.0794
ISIC_1595103.png,0.1355,0.1379,0.6915,13.1598
ISIC_1595325.png,0.1757,0.1619,0.6902,18.4904
ISIC_1595658.png,0.3379,0.3028,0.612,18.7584
ISIC_1597566.png,1.6588,1.6626,0.0244,3.5632
ISIC_1598039.png,0.0689,0.1006,0.853,13.1794
ISIC_1601532.png,0.6506,0.6065,0.1542,27.8481
ISIC_1601784.png,0.2782,0.1402,0.6996,14.3665
ISIC_1603834.png,0.3282,0.2595,0.5986,27.3275
ISIC_1604845.png,0.1492,0.1641,0.7234,14.5136
ISIC_1605629.png,0.1479,0.135,0.257,2.3193
ISIC_1605945.png,0.8277,0.2889,0.3417,20.5398
ISIC_1607865.png,0.14,0.3459,0.6174,19.581
ISIC_1608524.png,0.3356,0.2053,0.4488,32.8261
ISIC_1608727.png,0.1194,0.1511,0.8126,13.7802
ISIC_1611503.png,0.139,0.139,0.733,14.1731
ISIC_1612350.png,0.2075,0.2282,0.632,26.3966
ISIC_1615485.png,0.1376,0.2382,0.7645,10.6648
ISIC_1615996.png,0.1976,0.1853,0.7246,31.312
ISIC_1616031.png,0.0649,0.0714,0.828,48.0483
ISIC_1619470.png,0.2583,0.138,0.6965,22.2524
ISIC_1619814.png,0.2049,0.347,0.5084,23.6621
ISIC_1620401.png,0.9355,0.3802,0.1505,2.4814
ISIC_1628539.png,0.1297,0.3278,0.6705,45.8349
ISIC_1630301.png,0.4732,0.4606,0.272,2.3884
ISIC_1632313.png,0.1911,0.2963,0.5696,31.7422
ISIC_1632696.png,0.2043,0.2524,0.5881,45.6042
ISIC_1637536.png,1.7721,1.6559,0.0099,2.9233
ISIC_1637588.png,0.3033,0.129,0.7697,14.5821
ISIC_1638357.png,0.1973,0.1932,0.607,20.4652
ISIC_1638436.png,0.114,0.0832,0.7298,68.4492
ISIC_1640823.png,0.2115,0.1882,0.6837,22.6909
ISIC_1641823.png,0.2041,0.1844,0.6032,27.5391
ISIC_1644520.png,0.0646,0.1104,0.7891,16.3388
ISIC_1650523.png,0.2924,0.1404,0.6079,35.5184
ISIC_1654318.png,0.1202,0.1279,0.757,22.1953
ISIC_1654342.png,0.1059,0.1594,0.6516,44.8895
ISIC_1655513.png,0.0913,0.1127,0.75,18.6779
ISIC_1658623.png,0.1669,0.0992,0.7116,19.5661
ISIC_1661837.png,0.1365,0.2751,0.7343,21.0322
ISIC_1663144.png,0.1678,0.143,0.8171,17.2335
ISIC_1668831.png,0.1886,0.1467,0.7129,42.9011
ISIC_1670165.png,0.0952,0.0664,0.7756,30.355
ISIC_1672821.png,0.3605,0.276,0.6002,18.7288
ISIC_1674754.png,0.3104,0.299,0.5451,22.1672
ISIC_1676261.png,0.2536,0.1426,0.7106,21.8195
ISIC_1681964.png,0.4642,0.3697,0.5695,17.943
ISIC_1684127.png,0.1463,0.1056,0.7161,67.5357
ISIC_1684829.png,0.1408,0.2357,0.729,17.1148
ISIC_1685962.png,0.2688,0.3434,0.5012,19.9451
ISIC_1686556.png,0.1866,0.1959,0.7936,10.2545
ISIC_1687004.png,0.0905,0.0817,0.7183,39.9182
ISIC_1689678.png,0.1544,0.3065,0.5996,26.4047
ISIC_1690909.png,0.1649,0.1279,0.7408,25.6337
ISIC_1693458.png,0.1572,0.1518,0.6465,17.3043
ISIC_1693572.png,0.5894,0.8698,0.3603,22.1511
ISIC_1694817.png,0.5449,0.8102,0.1266,24.2764
ISIC_1695424.png,0.0847,0.0999,0.7755,19.1481
ISIC_1696516.png,0.079,0.0717,0.7734,47.4223
ISIC_1696845.png,0.1972,0.1243,0.585,40.0724
ISIC_1698119.png,0.0855,0.1391,0.7821,12.8739
ISIC_1700051.png,0.2419,0.1954,0.7133,12.2846
ISIC_1706912.png,0.0761,0.1329,0.7204,56.0397
ISIC_1708591.png,0.4781,0.247,0.195,2.6025
ISIC_1711134.png,0.1548,0.1596,0.6441,54.5529
ISIC_1711185.png,0.2443,0.2566,0.7647,12.3439
ISIC_1711973.png,0.123,0.142,0.6773,47.2283
ISIC_1714941.png,1.7617,1.583,0.0895,2.2728
ISIC_1718403.png,0.2882,0.2105,0.6847,14.3958
ISIC_1720840.png,1.7566,1.624,0.0215,2.5825
ISIC_1720856.png,0.0805,0.1559,0.782,16.9279
ISIC_1722909.png,0.103,0.1529,0.7957,20.9042
ISIC_1727826.png,0.1563,0.1072,0.7122,29.0755
ISIC_1729223.png,0.1626,0.093,0.801,16.9037
ISIC_1729351.png,0.1217,0.1087,0.6574,22.1236
ISIC_1731109.png,0.1486,0.2269,0.6737,38.736
ISIC_1732527.png,0.2789,0.314,0.5008,20.2057
ISIC_1733794.png,1.9431,1.9506,0.0242,2.6882
ISIC_1735204.png,0.2149,0.3106,0.6954,17.8416
ISIC_1736735.png,0.133,0.1603,0.7525,20.7118
ISIC_1737600.png,0.082,0.0742,0.7036,30.9733
ISIC_1738738.png,0.2461,0.1622,0.5844,31.0584
ISIC_1739667.png,0.316,0.2994,0.785,8.4555
ISIC_1740912.png,0.1252,0.1585,0.7541,20.2224
ISIC_1744817.png,0.3524,0.2107,0.4472,17.4754
ISIC_1745182.png,0.1363,0.108,0.7607,23.1771
ISIC_1745731.png,0.1956,0.2054,0.5658,30.6407
ISIC_1752943.png,0.4429,0.2279,0.4412,25.7543
ISIC_1753877.png,0.1629,0.1397,0.738,35.1494
ISIC_1757941.png,0.1589,0.1618,0.6636,26.9879
ISIC_1758558.png,0.1427,0.1457,0.6659,28.8821
ISIC_1761083.png,0.2152,0.1546,0.622,34.4431
ISIC_1761799.png,0.2322,0.1735,0.6448,30.9622
ISIC_1763577.png,0.7772,0.8375,0.0867,7.7835
ISIC_1768733.png,0.1092,0.383,0.6496,15.8155
ISIC_1772828.png,0.2345,0.24,0.6698,13.742
ISIC_1774797.png,0.1268,0.1329,0.7179,14.7649
ISIC_1776777.png,0.2702,0.1462,0.6331,24.4923
ISIC_1777398.png,0.1123,0.1727,0.7064,23.7197
ISIC_1781273.png,0.1093,0.0987,0.5973,54.9214
ISIC_1782545.png,0.1291,0.1974,0.7141,14.4981
ISIC_1782911.png,0.2629,0.2797,0.5055,48.3393
ISIC_1783062.png,0.318,0.1624,0.4422,33.6844
ISIC_1784255.png,0.1159,0.174,0.7375,21.982
ISIC_1784613.png,1.6778,1.9045,0.0097,3.0863
ISIC_1785627.png,1.7846,1.7363,0.1528,9.144
ISIC_1788979.png,0.1494,0.1497,0.6874,28.2434
ISIC_1790808.png,0.1464,0.1624,0.6328,41.4691
ISIC_1793624.png,0.1235,0.121,0.5597,31.3604
ISIC_1793821.png,0.2719,0.1823,0.7168,28.5574
ISIC_1794249.png,0.124,0.1177,0.7753,19.6355
ISIC_1795529.png,0.1463,0.143,0.5669,54.966
ISIC_1797795.png,0.1854,0.2558,0.5558,16.1173
ISIC_1798471.png,0.2265,0.1912,0.5926,14.9462
ISIC_1802502.png,0.1633,0.1273,0.7477,24.8153
ISIC_1805163.png,0.211,0.1901,0.7282,22.8775
ISIC_1805602.png,0.226,0.2142,0.5994,36.9794
ISIC_1805921.png,0.3002,0.1739,0.7502,20.2981
ISIC_1806179.png,0.1817,0.1765,0.6526,37.8415
ISIC_1807276.png,0.145,0.1793,0.5636,30.2911
ISIC_1809444.png,0.0894,0.2246,0.7503,28.3442
ISIC_1814941.png,0.1477,0.1714,0.4099,54.5241
ISIC_1818238.png,0.2629,0.1926,0.5633,19.3475
ISIC_1819071.png,1.8971,1.7829,0.033,2.5426
ISIC_1819358.png,0.1163,0.1231,0.7432,32.0338
ISIC_1831600.png,0.1448,0.1027,0.6925,35.741
ISIC_1834920.png,0.1452,0.1285,0.6375,48.1295
ISIC_1835041.png,0.1643,0.2226,0.5971,25.6283
ISIC_1838876.png,0.1883,0.2112,0.5993,25.4109
ISIC_1838888.png,0.1509,0.0851,0.7408,18.795
ISIC_1843053.png,0.2106,0.3121,0.6926,31.0843
ISIC_1847556.png,0.155,0.1469,0.6385,48.1025
ISIC_1848300.png,0.1627,0.1701,0.6754,29.4559
ISIC_1850196.png,0.1665,0.1576,0.5927,39.1949
ISIC_1850388.png,0.2321,0.3158,0.5213,47.0407
ISIC_1850674.png,0.5868,0.3719,0.1865,2.4907
ISIC_1851112.png,0.4659,0.7301,0.4104,15.2232
ISIC_1851605.png,0.1848,0.1652,0.6702,22.9055
ISIC_1856556.png,0.1602,0.1363,0.7859,15.6447
ISIC_1858237.png,0.0842,0.0892,0.7689,20.7969
ISIC_1858989.png,0.0902,0.0737,0.7664,29.7537
ISIC_1859923.png,0.1399,0.1725,0.6336,19.061
ISIC_1860707.png,0.1632,0.251,0.6879,17.5752
ISIC_1862691.png,0.3554,0.2665,0.2537,36.3833
ISIC_1863917.png,0.3862,0.1684,0.6155,21.9655
ISIC_1868816.png,0.1005,0.1117,0.7007,35.1751
ISIC_1869829.png,0.0836,0.0883,0.7471,25.4638
ISIC_1870309.png,0.1764,0.1796,0.7898,21.6045
ISIC_1870415.png,0.1729,0.1184,0.7143,15.3392
ISIC_1871890.png,0.1541,0.1056,0.803,19.2696
ISIC_1872823.png,0.183,0.1496,0.7634,15.2775
ISIC_1874480.png,0.9625,0.8449,0.2106,15.176
ISIC_1877535.png,0.1683,0.1464,0.6778,25.1166
ISIC_1881133.png,0.3875,0.4532,0.3478,21.276
ISIC_1883330.png,0.1442,0.1948,0.6595,22.2037
ISIC_1884256.png,0.1303,0.1037,0.6961,30.6129
ISIC_1885174.png,0.1399,0.1279,0.6314,40.3591
ISIC_1886756.png,0.1656,0.1155,0.7081,47.0877
ISIC_1888865.png,0.1336,0.1728,0.6083,21.7676
ISIC_1894133.png,0.1629,0.1422,0.7659,24.0826
ISIC_1897507.png,1.8263,1.7946,0.0081,2.7475
ISIC_1899683.png,0.1482,0.2917,0.6928,16.5617
ISIC_1906141.png,0.1086,0.1152,0.7623,47.5767
ISIC_1910158.png,0.2659,0.2613,0.7736,12.5621
ISIC_1911193.png,0.1883,0.1816,0.749,16.6114
ISIC_1912589.png,1.6928,1.7601,0.031,3.0042
ISIC_1915890.png,0.3825,0.1751,0.7322,12.1065
ISIC_1919324.png,0.1403,0.1671,0.6816,20.8804
ISIC_1920685.png,0.2004,0.2152,0.68,9.9129
ISIC_1922084.png,0.2779,0.3576,0.4483,20.2996
ISIC_1923467.png,0.2849,0.2263,0.6503,14.5759
ISIC_1924949.png,0.0955,0.0838,0.7772,24.1999
ISIC_1925590.png,0.2998,0.242,0.6274,18.564
ISIC_1925623.png,0.2345,0.4194,0.5667,18.6159
ISIC_1925632.png,0.182,0.0876,0.5963,59.375
ISIC_1926656.png,0.183,0.174,0.7213,24.6212
ISIC_1927858.png,1.6567,1.7175,0.0143,2.8523
ISIC_1929937.png,0.1067,0.1141,0.7041,25.5169
ISIC_1930598.png,0.0884,0.1099,0.6637,40.3841
ISIC_1932064.png,1.8128,1.9575,0.0301,2.4529
ISIC_1937197.png,0.1297,0.2109,0.7281,22.1225
ISIC_1937955.png,0.2842,0.2804,0.5119,24.0838
ISIC_1939413.png,0.2075,0.1687,0.4621,43.7855
ISIC_1944650.png,0.11,0.1936,0.7797,11.8416
ISIC_1945381.png,0.227,0.2458,0.6703,10.4428
ISIC_1947833.png,0.1691,0.1844,0.6765,23.8452
ISIC_1948545.png,0.8216,0.6425,0.198,14.0414
ISIC_1949126.png,0.1615,0.2262,0.7428,20.4496
ISIC_1952599.png,0.1367,0.125,0.7972,13.7159
ISIC_1952749.png,0.2228,0.2689,0.4722,39.2762
ISIC_1955991.png,0.2183,0.3857,0.5466,34.8873
ISIC_1956354.png,0.1603,0.1364,0.7067,11.2486
ISIC_1956504.png,0.5987,0.2038,0.2737,2.3958
ISIC_1957685.png,0.316,0.3239,0.5336,19.9678
ISIC_1960468.png,0.212,0.0948,0.7633,27.8113
ISIC_1961064.png,0.1482,0.1369,0.718,31.6378
ISIC_1962844.png,0.1683,0.3038,0.6327,16.4971
ISIC_1962845.png,0.171,0.1881,0.6575,23.283
ISIC_1964243.png,0.2784,0.3356,0.5853,23.6619
ISIC_1968421.png,0.0639,0.0984,0.6942,48.4894
ISIC_1971254.png,0.1518,0.2036,0.7665,19.9106
ISIC_1974152.png,0.0821,0.1459,0.7319,32.5552
ISIC_1974281.png,0.1232,0.1028,0.7582,27.0646
ISIC_1975042.png,0.5345,0.3866,0.4746,7.1408
ISIC_1976571.png,0.1956,0.1594,0.6938,26.9562
ISIC_1977265.png,0.108,0.11,0.6807,54.8089
ISIC_1977315.png,0.1381,0.1518,0.663,24.0054
ISIC_1978947.png,0.2023,0.2064,0.6299,21.6533
ISIC_1979534.png,0.5653,0.5653,0.0863,2.4349
ISIC_1983754.png,0.2594,0.327,0.6553,22.9472
ISIC_1985436.png,0.1832,0.1039,0.7091,20.9077
ISIC_1985569.png,0.2049,0.1671,0.6777,44.8825
ISIC_1985763.png,0.1456,0.1816,0.6646,25.1883
ISIC_1988058.png,0.1472,0.1586,0.685,14.9676
ISIC_1988080.png,0.1531,0.0991,0.6632,50.2187
ISIC_1988335.png,0.1271,0.1163,0.6504,18.379
ISIC_1996356.png,0.383,0.2139,0.6052,37.117
ISIC_2000319.png,0.2117,0.2277,0.7724,23.6514
ISIC_2000959.png,0.1364,0.2528,0.6961,35.6763
ISIC_2002605.png,0.0797,0.1835,0.8063,24.9819
ISIC_2006783.png,0.2156,0.2666,0.7279,15.0037
ISIC_2007034.png,0.2383,0.2303,0.3943,21.5261
ISIC_2007396.png,1.0406,0.2998,0.1811,2.6658
ISIC_2008230.png,0.0674,0.0791,0.7303,22.9392
ISIC_2011145.png,0.1417,0.1028,0.7142,41.6975
ISIC_2011408.png,0.3581,0.1953,0.7227,29.2278
ISIC_2015441.png,0.1969,0.134,0.7398,47.5553
ISIC_2021175.png,0.1856,0.1799,0.7339,33.6052
ISIC_2021321.png,0.2083,0.3109,0.6727,24.9362
ISIC_2023592.png,1.7015,1.8336,0.0061,2.7038
ISIC_2027392.png,0.1851,0.1172,0.7295,23.9609
ISIC_2029418.png,0.1667,0.1468,0.7287,13.858
ISIC_2030997.png,0.2261,0.1552,0.7929,12.4444
ISIC_2031626.png,0.2354,0.2384,0.5073,14.4645
ISIC_2033237.png,0.4792,0.9375,0.2594,20.9603
ISIC_2034687.png,0.2395,0.203,0.5567,21.5807
ISIC_2038024.png,0.1466,0.2084,0.7172,32.2471
ISIC_2039579.png,0.2361,0.1172,0.6259,40.4647
ISIC_2046891.png,0.131,0.2536,0.652,28.7518
ISIC_2050512.png,0.1723,0.3438,0.5816,34.9797
ISIC_2050638.png,0.1196,0.1728,0.598,38.5282
ISIC_2051278.png,0.1171,0.1447,0.6734,33.8482
ISIC_2051564.png,0.0825,0.072,0.7803,12.6472
ISIC_2054066.png,0.1114,0.1544,0.6966,29.6409
ISIC_2054180.png,0.1563,0.1626,0.4847,45.6717
ISIC_2056104.png,0.1015,0.1128,0.7372,41.971
ISIC_2057184.png,0.1981,0.2288,0.5825,13.469
ISIC_2058516.png,0.2888,0.2619,0.574,18.5732
ISIC_2059085.png,0.1587,0.1841,0.2356,2.2184
ISIC_2064934.png,0.1216,0.1852,0.7239,22.7059
ISIC_2067576.png,0.1359,0.1817,0.6669,38.4968
ISIC_2070595.png,0.1448,0.1348,0.7639,18.807
ISIC_2071966.png,1.7517,1.7855,0.0089,2.4943
ISIC_2072219.png,0.8236,0.7711,0.0917,11.1275
ISIC_2074764.png,0.2622,0.2849,0.6477,17.0965
ISIC_2075121.png,0.2119,0.2034,0.7283,16.2397
ISIC_2075372.png,0.2357,0.1573,0.7746,15.9369
ISIC_2075546.png,0.3245,0.1771,0.4572,33.8386
ISIC_2076902.png,0.1215,0.1837,0.4312,39.8407
ISIC_2077116.png,0.7355,0.314,0.19,2.5033
ISIC_2078053.png,0.198,0.1831,0.6456,25.7605
ISIC_2085855.png,0.21,0.2566,0.6709,17.6958
ISIC_2086540.png,0.0877,0.0892,0.7629,51.7067
ISIC_2087913.png,1.5557,1.7208,0.007,3.5759
ISIC_2089231.png,0.1025,0.0749,0.6849,46.2147
ISIC_2092911.png,0.1314,0.1624,0.6864,17.1703
ISIC_2094429.png,0.1868,0.1669,0.627,30.9477
ISIC_2095347.png,0.1771,0.1735,0.7628,16.1379
ISIC_2096695.png,0.2493,0.1597,0.6525,31.0704
ISIC_2100640.png,0.1369,0.1215,0.6388,30.538
ISIC_2105563.png,1.2621,0.8738,0.1637,2.6102
ISIC_2106823.png,0.3226,0.3358,0.6093,16.5099
ISIC_2108849.png,0.4863,0.3765,0.1892,2.5769
ISIC_2119925.png,0.1474,0.1082,0.7628,24.5578
ISIC_2122488.png,0.1796,0.2095,0.7297,24.4092
ISIC_2123159.png,0.1056,0.1574,0.8242,13.6624
ISIC_2124148.png,0.2077,0.2144,0.6802,9.6869
ISIC_2124213.png,1.4507,1.6962,0.0262,2.7068
ISIC_2126035.png,0.2015,0.1192,0.6342,32.3756
ISIC_2126084.png,0.2425,0.2016,0.6927,15.3461
ISIC_2126575.png,0.3855,0.2393,0.4996,17.3585
ISIC_2129020.png,0.1776,0.1856,0.6771,17.8083
ISIC_2131707.png,0.1693,0.1465,0.7468,27.395
ISIC_2131962.png,0.3372,0.2062,0.6162,23.2858
ISIC_2133938.png,0.2386,0.1958,0.7581,10.4048
ISIC_2134975.png,0.0979,0.1509,0.7154,54.8019
ISIC_2136533.png,0.2432,0.3212,0.6106,12.5001
ISIC_2139752.png,0.1918,0.1793,0.6226,47.0381
ISIC_2141003.png,0.2644,0.2178,0.555,30.4832
ISIC_2142639.png,0.098,0.1068,0.7136,30.5962
ISIC_2143002.png,0.0983,0.1141,0.6933,49.7065
ISIC_2146346.png,0.0696,0.1002,0.7467,48.6146
ISIC_2147549.png,0.166,0.1244,0.6708,26.3965
ISIC_2151178.png,0.2678,0.3121,0.6446,11.5664
ISIC_2151727.png,0.1305,0.1475,0.6942,19.494
ISIC_2151846.png,0.1348,0.1377,0.6089,52.9413
ISIC_2151856.png,0.1452,0.3359,0.6606,11.5608
ISIC_2152875.png,0.1169,0.1781,0.6272,39.7833
ISIC_2153301.png,0.2495,0.2461,0.616,16.7825
ISIC_2153401.png,0.3526,0.3596,0.4896,17.4915
ISIC_2153686.png,0.419,0.4506,0.3142,2.3023
ISIC_2159510.png,0.2054,0.225,0.6642,34.2099
ISIC_2160913.png,0.3423,0.2981,0.6591,11.3067
ISIC_2161819.png,0.3503,0.389,0.4974,13.7832
ISIC_2161864.png,0.1262,0.1761,0.7023,52.2443
ISIC_2162728.png,0.0597,0.0616,0.7793,36.4603
ISIC_2163734.png,0.1753,0.236,0.6521,59.7776
ISIC_2166661.png,1.7178,1.5483,0.0103,2.6687
ISIC_2166957.png,1.3705,1.1475,0.1379,2.3783
ISIC_2167209.png,1.5747,1.7114,0.019,2.6347
ISIC_2171940.png,0.3037,0.25,0.634,23.5237
ISIC_2173158.png,0.2259,0.183,0.6872,18.5492
ISIC_2175855.png,0.3187,0.2143,0.6309,23.0657
ISIC_2177748.png,1.9536,1.8289,0.0161,2.7619
ISIC_2178032.png,0.2143,0.2604,0.4792,21.971
ISIC_2178689.png,0.1725,0.1491,0.6707,32.3959
ISIC_2183722.png,0.1149,0.1014,0.7035,26.4727
ISIC_2192973.png,0.2723,0.1722,0.6202,23.818
ISIC_2193761.png,0.1104,0.2079,0.6612,14.6204
ISIC_2196127.png,0.1565,0.1468,0.6619,18.9937
ISIC_2197722.png,0.2025,0.2364,0.3807,39.5826
ISIC_2198823.png,1.5241,0.4639,0.1422,2.5311
ISIC_2200197.png,0.8001,0.5514,0.3308,20.0763
ISIC_2200924.png,0.2218,0.2518,0.6861,23.1555
ISIC_2202486.png,0.1016,0.1021,0.715,35.35
ISIC_2203239.png,0.2533,0.3537,0.4357,28.2545
ISIC_2203247.png,0.1361,0.104,0.7853,33.7395
ISIC_2206284.png,1.1933,0.8764,0.1184,2.601
ISIC_2208006.png,0.2402,0.1639,0.6539,28.2892
ISIC_2209697.png,0.1481,0.098,0.7299,23.7568
ISIC_2211136.png,0.1877,0.19,0.821,10.4238
ISIC_2212473.png,0.5074,0.3053,0.4812,17.135
ISIC_2214766.png,0.0488,0.0966,0.737,40.0732
ISIC_2215276.png,0.1335,0.0989,0.6266,52.1358
ISIC_2219050.png,0.1468,0.131,0.6376,26.5729
ISIC_2221217.png,0.7324,0.4482,0.363,21.2161
ISIC_2222091.png,0.1688,0.1844,0.7104,14.5099
ISIC_2222879.png,0.227,0.223,0.7233,21.1389
ISIC_2225927.png,0.1077,0.1519,0.7297,45.083
ISIC_2226940.png,1.82,1.8946,0.0149,2.5923
ISIC_2228511.png,0.3649,0.3882,0.3142,27.1402
ISIC_2231191.png,0.2776,0.3339,0.5278,16.4217
ISIC_2232442.png,0.3176,0.3462,0.4741,52.4687
ISIC_2232883.png,0.1194,0.0875,0.7374,42.9315
ISIC_2234076.png,0.1319,0.1286,0.7166,24.6231
ISIC_2238901.png,0.1935,0.2413,0.5665,19.9608
ISIC_2241388.png,0.2735,0.2103,0.4461,38.6356
ISIC_2241755.png,0.1502,0.2122,0.6875,22.4825
ISIC_2244564.png,0.2803,0.2871,0.5,20.8779
ISIC_2245069.png,0.1714,0.2306,0.6992,35.3829
ISIC_2245325.png,0.066,0.1187,0.7722,31.7838
ISIC_2245709.png,0.0986,0.1191,0.7469,19.0199
ISIC_2246150.png,0.2848,0.1396,0.6775,32.6975
ISIC_2252958.png,0.1973,0.2251,0.6912,19.4945
ISIC_2253931.png,0.162,0.1804,0.6581,26.4026
ISIC_2255411.png,0.1962,0.2263,0.7013,32.2624
ISIC_2256461.png,0.1187,0.1158,0.6974,19.2424
ISIC_2259190.png,0.1731,0.1181,0.7871,21.4307
ISIC_2259861.png,0.374,0.3489,0.5006,21.6318
ISIC_2260249.png,0.1005,0.0791,0.769,42.8436
ISIC_2266011.png,0.584,0.2283,0.5353,26.1031
ISIC_2266312.png,0.1718,0.2148,0.6031,32.4448
ISIC_2266715.png,0.1525,0.337,0.6769,20.5785
ISIC_2266857.png,0.3748,0.2942,0.3913,39.0461
ISIC_2268341.png,0.4549,0.3742,0.2049,12.3961
ISIC_2271767.png,1.3836,1.1803,0.1334,2.3255
ISIC_2272218.png,0.1043,0.2058,0.7574,33.063
ISIC_2275181.png,0.1729,0.1545,0.7275,15.2679
ISIC_2276141.png,0.1131,0.104,0.7897,24.9945
ISIC_2279679.png,0.1413,0.1224,0.8074,28.5425
ISIC_2283509.png,0.1029,0.0889,0.5163,62.0134
ISIC_2283628.png,0.1644,0.2674,0.374,33.7072
ISIC_2286175.png,0.103,0.1191,0.7271,17.9854
ISIC_2287083.png,0.1494,0.2115,0.6452,22.3369
ISIC_2287151.png,0.299,0.2359,0.6007,7.7546
ISIC_2291059.png,0.1898,0.3073,0.5539,28.8887
ISIC_2293230.png,0.106,0.0892,0.7943,23.4244
ISIC_2294790.png,0.0856,0.1642,0.737,41.0935
ISIC_2298440.png,0.4516,0.2233,0.588,31.8007
ISIC_2299749.png,0.1248,0.1012,0.7159,30.5274
ISIC_2299862.png,0.1439,0.119,0.8056,14.4982
ISIC_2304753.png,0.1106,0.0756,0.6716,44.7199
ISIC_2307760.png,0.1956,0.2381,0.518,26.664
ISIC_2309744.png,0.1445,0.143,0.5752,21.8081
ISIC_2310935.png,0.4375,0.4447,0.4977,12.1515
ISIC_2311665.png,0.182,0.3005,0.4946,44.7237
ISIC_2312766.png,0.1055,0.1071,0.6795,45.3196
ISIC_2316159.png,0.3434,0.3967,0.5922,9.3547
ISIC_2320481.png,0.2948,0.3177,0.4706,44.8393
ISIC_2321671.png,0.2211,0.1916,0.6877,30.9805
ISIC_2323082.png,0.178,0.1433,0.6551,31.6469
ISIC_2324728.png,0.1325,0.1134,0.7717,16.6093
ISIC_2328829.png,0.0788,0.1159,0.714,29.9874
ISIC_2331656.png,1.3991,1.3202,0.0808,2.4012
ISIC_2332127.png,0.1346,0.1981,0.7569,29.4549
ISIC_2333274.png,0.4,0.3324,0.6363,15.917
ISIC_2337650.png,0.1874,0.1759,0.6731,31.8769
ISIC_2337786.png,0.1234,0.1327,0.7469,42.5823
ISIC_2341100.png,1.5767,1.5682,0.0165,2.5152
ISIC_2341875.png,0.8116,0.5778,0.2606,15.0226
ISIC_2345504.png,0.0892,0.0803,0.7221,37.2079
ISIC_2349743.png,0.1332,0.1572,0.6528,23.5015
ISIC_2349994.png,0.1702,0.2549,0.6763,20.3733
ISIC_2354070.png,0.1952,0.2563,0.701,24.1097
ISIC_2355374.png,0.1681,0.2688,0.6923,28.617
ISIC_2355513.png,0.2013,0.2017,0.526,21.5888
ISIC_2364150.png,0.1718,0.1963,0.23,2.2436
ISIC_2365588.png,0.1355,0.0579,0.7492,22.9661
ISIC_2366172.png,0.1021,0.1598,0.8168,12.326
ISIC_2366652.png,0.3626,0.245,0.6023,20.1255
ISIC_2366727.png,0.2943,0.1588,0.5839,25.0628
ISIC_2371495.png,0.2209,0.2818,0.6363,24.5815
ISIC_2372468.png,0.2399,0.2591,0.5392,21.1373
ISIC_2375394.png,0.192,0.3513,0.6608,19.4485
ISIC_2376016.png,0.1718,0.1996,0.6589,11.7547
ISIC_2376758.png,0.1248,0.0932,0.6718,43.7435
ISIC_2377039.png,0.2243,0.2405,0.657,28.9533
ISIC_2378211.png,0.1635,0.1758,0.6165,16.7452
ISIC_2378428.png,0.1423,0.1757,0.8063,7.6074
ISIC_2379024.png,0.1363,0.1971,0.5562,25.3074
ISIC_2379379.png,0.1367,0.1184,0.7453,29.4507
ISIC_2379908.png,0.1489,0.2891,0.6239,13.662
ISIC_2380341.png,0.3399,0.1457,0.7006,17.8418
ISIC_2383335.png,0.4664,0.3619,0.5508,20.1395
ISIC_2384274.png,0.1171,0.1213,0.7294,20.7803
ISIC_2386961.png,0.083,0.1987,0.6551,49.1644
ISIC_2391053.png,0.0921,0.1869,0.7044,10.7643
ISIC_2394181.png,0.3454,0.2666,0.5717,18.8929
ISIC_2394780.png,0.3201,0.1398,0.6654,39.367
ISIC_2395624.png,0.2379,0.1766,0.5943,20.3445
ISIC_2396791.png,0.3921,0.1887,0.5984,29.086
ISIC_2398511.png,0.1364,0.2056,0.5703,43.0036
ISIC_2399613.png,0.3454,0.2574,0.526,12.345
ISIC_2400177.png,0.2022,0.2527,0.5498,19.7394
ISIC_2406492.png,0.1095,0.1299,0.7948,40.2437
ISIC_2410240.png,0.1067,0.08,0.6358,72.4205
ISIC_2410736.png,0.095,0.1474,0.7674,41.3663
ISIC_2412113.png,0.2719,0.2245,0.6475,35.8123
ISIC_2412888.png,0.2253,0.1548,0.6719,31.8142
ISIC_2415803.png,0.1375,0.1403,0.7961,18.6933
ISIC_2418276.png,0.3918,0.3592,0.2035,2.6187
ISIC_2421696.png,0.093,0.1471,0.7939,19.6003
ISIC_2424673.png,0.1821,0.2706,0.5798,17.4036
ISIC_2426937.png,0.0871,0.105,0.7904,18.1133
ISIC_2430137.png,0.348,0.2789,0.433,24.7132
ISIC_2430937.png,0.1389,0.1395,0.6998,38.0993
ISIC_2431690.png,0.1535,0.136,0.8939,7.8304
ISIC_2432848.png,0.4103,0.3153,0.4637,13.6666
ISIC_2433965.png,0.1278,0.2018,0.7573,22.3858
ISIC_2436560.png,0.6296,0.2778,0.2106,2.4854
ISIC_2438917.png,0.1517,0.1184,0.775,16.7675
ISIC_2440407.png,0.1978,0.1141,0.7403,19.2844
ISIC_2445475.png,0.1,0.159,0.7105,18.8552
ISIC_2445765.png,0.2466,0.1028,0.7146,41.7372
ISIC_2447578.png,0.2237,0.2547,0.6614,17.0616
ISIC_2449919.png,0.1394,0.1625,0.7113,25.972
ISIC_2454898.png,0.1829,0.2444,0.758,19.2763
ISIC_2456538.png,0.2227,0.3507,0.6584,9.3459
ISIC_2457024.png,0.0902,0.112,0.7066,39.6608
ISIC_2457132.png,0.3504,0.2321,0.5432,21.2374
ISIC_2457859.png,0.2503,0.3346,0.5352,15.2811
ISIC_2458253.png,0.2326,0.2322,0.536,37.6219
ISIC_2458609.png,0.1147,0.2977,0.6311,37.8395
ISIC_2461360.png,0.2381,0.3172,0.3518,34.2229
ISIC_2463014.png,0.1979,0.1425,0.7608,20.6986
ISIC_2465895.png,0.1661,0.1635,0.6736,26.7893
ISIC_2466892.png,0.9045,0.242,0.4479,2.1402
ISIC_2467623.png,0.1429,0.2114,0.6231,29.3686
ISIC_2468509.png,0.0889,0.0917,0.7603,33.6411
ISIC_2470790.png,0.13,0.1835,0.7784,23.2423
ISIC_2470795.png,0.2064,0.4187,0.5232,18.853
ISIC_2476624.png,0.1188,0.1072,0.6345,39.7488
ISIC_2479134.png,0.1651,0.1167,0.7272,40.0428
ISIC_2479512.png,0.1505,0.2025,0.6617,24.2512
ISIC_2481044.png,0.4867,0.4881,0.3121,25.6807
ISIC_2482061.png,0.1799,0.1689,0.5944,38.103
ISIC_2482653.png,0.0882,0.1189,0.7582,57.9973
ISIC_2483825.png,0.1278,0.1219,0.6642,27.8272
ISIC_2486088.png,0.1652,0.3082,0.5537,13.8723
ISIC_2487188.png,0.1418,0.1388,0.7554,19.6475
ISIC_2489146.png,0.121,0.1574,0.7096,35.7294
ISIC_2489504.png,0.2067,0.2116,0.579,19.3222
ISIC_2490481.png,0.1073,0.1848,0.7863,12.7454
ISIC_2494956.png,1.2401,1.059,0.0486,9.9579
ISIC_2498064.png,0.1736,0.2572,0.6897,17.2916
ISIC_2498215.png,0.0902,0.1064,0.677,24.5088
ISIC_2500254.png,0.2864,0.2084,0.6821,16.7247
ISIC_2502558.png,0.2004,0.1605,0.7473,13.5971
ISIC_2506200.png,0.1719,0.1719,0.72,14.5177
ISIC_2507845.png,0.0747,0.0884,0.8415,23.1264
ISIC_2508901.png,0.2623,0.5562,0.4229,15.8798
ISIC_2509304.png,0.0897,0.0959,0.6857,35.4761
ISIC_2513018.png,0.4151,0.5206,0.3352,25.1822
ISIC_2513481.png,0.0717,0.0814,0.6907,40.648
ISIC_2513933.png,0.2412,0.2307,0.652,19.7145
ISIC_2514994.png,0.1034,0.1725,0.6977,21.8002
ISIC_2517072.png,0.2352,0.1881,0.6838,19.929
ISIC_2518672.png,0.2566,0.2273,0.5181,38.9693
ISIC_2518896.png,0.3178,0.1534,0.5676,12.619
ISIC_2519121.png,0.1149,0.1058,0.7337,29.3439
ISIC_2520840.png,0.2311,0.1466,0.684,23.8027
ISIC_2521424.png,0.2196,0.1676,0.713,20.8766
ISIC_2523776.png,0.1663,0.11,0.6499,19.8001
ISIC_2524005.png,0.2518,0.2842,0.5883,35.0169
ISIC_2526170.png,0.2875,0.2283,0.5894,25.1953
ISIC_2528656.png,0.1724,0.1459,0.7039,36.0782
ISIC_2532039.png,0.0866,0.1584,0.788,14.0195
ISIC_2532544.png,0.1519,0.1054,0.749,12.1901
ISIC_2535382.png,0.1224,0.1641,0.7617,20.81
ISIC_2535541.png,0.3846,0.1523,0.5127,27.5232
ISIC_2536779.png,0.2231,0.158,0.7194,15.912
ISIC_2545299.png,0.0839,0.0651,0.7562,55.7795
ISIC_2546644.png,0.1422,0.3407,0.7182,17.2056
ISIC_2547431.png,0.0883,0.1851,0.775,21.6633
ISIC_2554114.png,0.1655,0.1124,0.6989,68.9998
ISIC_2555494.png,0.2559,0.303,0.664,23.8291
ISIC_2558816.png,0.1919,0.1589,0.7092,53.9008
ISIC_2559074.png,0.1361,0.108,0.7684,15.377
ISIC_2560463.png,0.2152,0.2207,0.7371,14.4898
ISIC_2562668.png,0.9144,0.8964,0.198,15.0793
ISIC_2563374.png,0.1295,0.1503,0.7493,26.2003
ISIC_2563568.png,0.4426,0.3529,0.6105,12.7092
ISIC_2563948.png,1.3189,1.1808,0.0785,3.0488
ISIC_2565154.png,0.1277,0.0762,0.8662,16.1343
ISIC_2565206.png,1.5138,1.3018,0.1993,12.4223
ISIC_2565986.png,0.2195,0.2041,0.7004,16.349
ISIC_2569851.png,0.1812,0.1646,0.7023,27.4547
ISIC_2577938.png,0.2516,0.1453,0.6729,15.1383
ISIC_2583592.png,0.2114,0.2325,0.6643,23.2741
ISIC_2585066.png,0.0885,0.1105,0.8191,26.6475
ISIC_2587955.png,0.1483,0.1413,0.7167,28.3576
ISIC_2596574.png,0.1848,0.178,0.7077,32.1684
ISIC_2597678.png,0.1856,0.1871,0.6007,10.9557
ISIC_2598575.png,0.3168,0.2676,0.5552,19.7467
ISIC_2603420.png,0.1635,0.179,0.6288,48.951
ISIC_2605120.png,0.1503,0.0755,0.6207,17.1403
ISIC_2612661.png,0.1471,0.1192,0.5167,38.158
ISIC_2614347.png,0.1941,0.1344,0.7216,35.1428
ISIC_2616327.png,0.1945,0.1187,0.7518,19.5479
ISIC_2616719.png,0.2006,0.278,0.7398,23.196
ISIC_2619533.png,0.1559,0.1933,0.6484,25.7087
ISIC_2620357.png,0.1274,0.1301,0.7697,28.6596
ISIC_2621288.png,0.1525,0.2346,0.7625,15.2387
ISIC_2622189.png,0.3606,0.1399,0.7154,17.6768
ISIC_2625894.png,0.1734,0.2543,0.8222,6.5162
ISIC_2631789.png,0.1044,0.1352,0.7687,24.53
ISIC_2633745.png,0.0909,0.1217,0.8009,16.0611
ISIC_2634356.png,0.1274,0.1312,0.6609,23.2799
ISIC_2635051.png,0.1551,0.1477,0.5897,22.8698
ISIC_2638895.png,0.2482,0.0674,0.7863,24.127
ISIC_2639144.png,0.2305,0.2337,0.4991,33.8486
ISIC_2642742.png,0.2614,0.3906,0.5759,26.8536
ISIC_2642873.png,0.1402,0.1766,0.7535,24.6545
ISIC_2644988.png,0.1785,0.1625,0.6866,19.3584
ISIC_2647198.png,0.1242,0.1926,0.6734,16.4698
ISIC_2647453.png,0.143,0.1718,0.6259,34.6965
ISIC_2647643.png,0.1874,0.242,0.6497,28.3924
ISIC_2652721.png,0.0763,0.1334,0.7184,20.9365
ISIC_2658858.png,0.1999,0.3554,0.5726,40.0396
ISIC_2660216.png,0.1036,0.0867,0.7365,23.2872
ISIC_2661598.png,0.2437,0.384,0.4193,19.0221
ISIC_2663597.png,0.1442,0.1884,0.6992,18.0026
ISIC_2664946.png,1.6867,1.5328,0.0087,2.5174
ISIC_2668481.png,0.2812,0.2616,0.48,28.8009
ISIC_2670475.png,0.1854,0.2854,0.6428,18.7931
ISIC_2670619.png,0.1354,0.2197,0.5968,58.7417
ISIC_2673511.png,0.1005,0.1684,0.7627,38.729
ISIC_2679689.png,0.2619,0.3059,0.6147,53.8485
ISIC_2680588.png,0.2121,0.1698,0.688,17.1092
ISIC_2680640.png,0.1803,0.1605,0.7732,19.4491
ISIC_2681497.png,0.2462,0.1901,0.6503,22.6044
ISIC_2682861.png,0.235,0.1436,0.5975,27.3016
ISIC_2685523.png,0.1776,0.2103,0.5576,19.6655
ISIC_2687641.png,0.0975,0.1269,0.7842,38.9179
ISIC_2690597.png,0.1536,0.1285,0.7499,17.5225
ISIC_2693412.png,0.1454,0.128,0.5879,25.2425
ISIC_2698722.png,0.2124,0.2679,0.6493,10.6959
ISIC_2700320.png,0.1416,0.1536,0.6482,45.9075
ISIC_2702929.png,0.1803,0.2264,0.6684,29.2222
ISIC_2703002.png,0.4494,0.3098,0.5277,22.9577
ISIC_2704046.png,0.0878,0.1216,0.7468,45.8714
ISIC_2707664.png,0.2505,0.1621,0.7755,14.8068
ISIC_2714572.png,0.0514,0.0744,0.7694,37.9678
ISIC_2714907.png,0.0558,0.0775,0.6597,42.627
ISIC_2717192.png,0.2945,0.1869,0.7885,6.7818
ISIC_2720426.png,0.9079,1.0368,0.0472,10.0274
ISIC_2720971.png,0.4367,0.4164,0.4447,24.6885
ISIC_2721699.png,0.1013,0.0906,0.7161,34.9421
ISIC_2724278.png,1.0059,0.7397,0.1376,2.1279
ISIC_2724529.png,0.0816,0.1285,0.8003,45.8591
ISIC_2727016.png,0.2967,0.3063,0.4807,17.2233
ISIC_2728024.png,0.2261,0.1589,0.6518,14.9929
ISIC_2729109.png,0.2098,0.1244,0.6252,34.4196
ISIC_2731621.png,0.1012,0.0921,0.7441,33.8951
ISIC_2732573.png,0.0804,0.101,0.7775,15.6705
ISIC_2733043.png,0.1022,0.0901,0.7854,25.4816
ISIC_2733056.png,0.1661,0.2352,0.723,18.0278
ISIC_2736880.png,0.1299,0.2308,0.7766,20.3505
ISIC_2739449.png,0.3034,0.3511,0.3434,35.5959
ISIC_2739547.png,0.2908,0.1878,0.4707,22.1475
ISIC_2740756.png,0.2217,0.1712,0.6259,32.8428
ISIC_2741583.png,0.1761,0.1662,0.7402,20.5428
ISIC_2741857.png,0.214,0.1879,0.6338,31.965
ISIC_2742786.png,0.2212,0.3498,0.7153,29.8937
ISIC_2743014.png,0.2246,0.1152,0.6771,17.076
ISIC_2746860.png,0.1058,0.1068,0.6472,31.491
ISIC_2748736.png,0.1294,0.1526,0.722,27.0301
ISIC_2748873.png,0.3139,0.2603,0.4507,23.9295
ISIC_2750230.png,0.3767,0.3403,0.5193,15.0047
ISIC_2752919.png,0.1395,0.1705,0.6463,21.0191
ISIC_2753279.png,0.1963,0.1548,0.6831,16.5946
ISIC_2757355.png,0.4183,0.1958,0.3875,21.8439
ISIC_2757370.png,1.2178,0.6832,0.2017,2.338
ISIC_2758999.png,0.0813,0.129,0.7511,22.082
ISIC_2768150.png,0.0845,0.1048,0.7863,37.1485
ISIC_2768787.png,0.3558,0.4551,0.567,23.9701
ISIC_2769292.png,0.0968,0.1247,0.6783,36.5444
ISIC_2771979.png,0.1591,0.2192,0.6051,17.6747
ISIC_2772066.png,0.3577,0.7223,0.1726,28.021
ISIC_2772217.png,0.1964,0.2026,0.7191,17.0136
ISIC_2772581.png,0.1028,0.1168,0.7215,28.6712
ISIC_2772616.png,0.1339,0.1449,0.7535,12.9467
ISIC_2776906.png,0.4003,0.4933,0.5566,25.7952
ISIC_2778131.png,0.2025,0.193,0.6466,14.4801
ISIC_2779787.png,0.825,0.6485,0.2894,11.2747
ISIC_2783450.png,0.1869,0.1786,0.6929,13.3861
ISIC_2784664.png,0.3032,0.2212,0.7133,35.6237
ISIC_2784686.png,0.2235,0.2218,0.7472,20.2683
ISIC_2784965.png,0.1269,0.0784,0.7722,19.534
ISIC_2795397.png,0.1021,0.1022,0.636,46.8718
ISIC_2797576.png,0.2213,0.1347,0.7331,17.8317
ISIC_2798803.png,0.2462,0.2875,0.6588,22.7568
ISIC_2799447.png,0.1495,0.1907,0.7828,13.2679
ISIC_2800198.png,0.1833,0.1498,0.5186,40.882
ISIC_2801008.png,0.2038,0.2406,0.6563,28.1046
ISIC_2804864.png,0.0927,0.1419,0.7569,19.9505
ISIC_2805573.png,0.1372,0.1402,0.7645,30.7511
ISIC_2805634.png,0.1817,0.1003,0.7265,34.5305
ISIC_2807121.png,0.2483,0.2362,0.4431,41.3309
ISIC_2808323.png,0.1643,0.1836,0.8108,14.3812
ISIC_2808622.png,0.1054,0.0907,0.7666,25.2056
ISIC_2809019.png,0.251,0.3354,0.6876,15.726
ISIC_2818530.png,0.3428,0.2586,0.5863,20.78
ISIC_2819721.png,0.1409,0.2015,0.6808,28.6345
ISIC_2819798.png,0.1233,0.2441,0.6856,28.3175
ISIC_2822622.png,0.1536,0.1672,0.6654,40.5069
ISIC_2822718.png,0.1936,0.2092,0.6488,17.6015
ISIC_2823287.png,0.8497,0.9136,0.0235,10.7639
ISIC_2826618.png,0.1759,0.2048,0.696,17.2938
ISIC_2826766.png,0.0869,0.0814,0.7177,58.9314
ISIC_2829088.png,0.322,0.1721,0.4609,16.5403
ISIC_2833213.png,0.1034,0.1443,0.7029,17.5918
ISIC_2839431.png,0.108,0.0891,0.8142,17.5069
ISIC_2841488.png,0.1096,0.114,0.8278,15.2576
ISIC_2843245.png,0.1118,0.2085,0.7441,27.9818
ISIC_2843983.png,0.2964,0.3158,0.331,13.1772
ISIC_2844085.png,0.0966,0.1319,0.7394,43.9418
ISIC_2844539.png,1.765,1.5033,0.0534,2.5619
ISIC_2847555.png,0.2404,0.11,0.7691,28.8137
ISIC_2849353.png,0.1049,0.1546,0.6151,35.5475
ISIC_2850215.png,0.8163,0.6807,0.1794,17.0856
ISIC_2851852.png,0.1168,0.1718,0.6769,31.9956
ISIC_2852805.png,0.1645,0.3278,0.6625,26.8386
ISIC_2853290.png,0.3397,0.2656,0.6967,13.2836
ISIC_2854303.png,0.1741,0.1238,0.6874,23.3709
ISIC_2854610.png,1.2065,0.6645,0.1397,2.4224
ISIC_2856521.png,0.1603,0.1364,0.5914,38.3906
ISIC_2858419.png,0.2071,0.1581,0.6298,29.6983
ISIC_2860618.png,0.2603,0.4087,0.5074,21.5436
ISIC_2861793.png,0.1577,0.1959,0.7208,15.2897
ISIC_2863397.png,0.2439,0.1547,0.7567,23.1343
ISIC_2864893.png,0.1435,0.2238,0.609,24.8362
ISIC_2867416.png,0.3376,0.2363,0.2105,2.6048
ISIC_2868199.png,0.2198,0.1646,0.6566,31.9745
ISIC_2872107.png,0.1728,0.2411,0.6564,15.232
ISIC_2874218.png,0.2122,0.1696,0.6557,30.7011
ISIC_2876073.png,0.2616,0.3191,0.6471,12.7494
ISIC_2876105.png,0.2307,0.2307,0.7081,12.082
ISIC_2879267.png,0.1408,0.1969,0.785,17.6815
ISIC_2882237.png,0.0532,0.0749,0.8042,41.0004
ISIC_2882945.png,0.1638,0.1515,0.6822,13.7355
ISIC_2884038.png,1.4354,1.3589,0.103,2.397
ISIC_2885086.png,0.1377,0.1094,0.7196,21.2693
ISIC_2887355.png,0.0884,0.1871,0.7356,24.3272
ISIC_2893340.png,0.0974,0.1652,0.8029,17.0402
ISIC_2894223.png,0.4082,0.2548,0.5756,20.8542
ISIC_2902328.png,0.1425,0.188,0.6584,24.6335
ISIC_2904067.png,0.3882,0.3203,0.5188,19.8139
ISIC_2904474.png,0.1223,0.1591,0.7682,22.2677
ISIC_2908315.png,0.2224,0.1405,0.7547,13.0534
ISIC_2909153.png,0.2573,0.2606,0.4343,31.7641
ISIC_2910705.png,1.4955,1.8512,0.0107,2.7195
ISIC_2911251.png,0.0811,0.1568,0.7477,27.0299
ISIC_2914160.png,0.2916,0.2923,0.5538,15.6893
ISIC_2915747.png,0.1989,0.2235,0.7695,17.3379
ISIC_2916677.png,0.1104,0.1192,0.5928,38.9074
ISIC_2916754.png,0.7415,0.78,0.2686,10.1217
ISIC_2918117.png,0.1338,0.2509,0.6963,54.9882
ISIC_2918128.png,1.8419,1.9112,0.0135,2.5543
ISIC_2922104.png,0.1139,0.1396,0.7813,14.3685
ISIC_2924968.png,0.3423,0.4098,0.3225,24.751
ISIC_2927587.png,0.1317,0.0985,0.7934,21.8278
ISIC_2927673.png,0.0876,0.081,0.7881,25.1275
ISIC_2928274.png,0.2077,0.2378,0.6066,14.3093
ISIC_2930792.png,0.1567,0.1638,0.5895,69.3203
ISIC_2935987.png,0.1614,0.1299,0.7585,12.1727
ISIC_2936321.png,0.2715,0.2155,0.5815,30.4257
ISIC_2937407.png,0.2052,0.231,0.6796,19.6307
ISIC_2937642.png,0.1361,0.13,0.7704,19.8307
ISIC_2940684.png,0.2715,0.33,0.5615,20.3037
ISIC_2945324.png,0.2272,0.1468,0.686,23.2765
ISIC_2945891.png,0.094,0.104,0.7733,26.5156
ISIC_2946577.png,0.1779,0.3345,0.6705,13.7741
ISIC_2948811.png,0.1703,0.1317,0.7504,31.0483
ISIC_2948896.png,0.1477,0.1413,0.7161,28.4099
ISIC_2953279.png,0.1709,0.2895,0.7177,25.396
ISIC_2954564.png,0.3856,0.3703,0.5346,16.8022
ISIC_2957732.png,0.1216,0.0789,0.8159,29.8789
ISIC_2964397.png,0.1869,0.1803,0.6256,21.0765
ISIC_2967024.png,0.2516,0.1537,0.6785,25.2508
ISIC_2969968.png,0.2416,0.1761,0.6575,26.7586
ISIC_2970409.png,0.3808,0.4018,0.5397,26.6073
ISIC_2974214.png,0.3123,0.2913,0.6241,16.3426
ISIC_2975167.png,0.6717,0.3737,0.1118,2.4466
ISIC_2975580.png,1.7053,1.8123,0.0136,3.0911
ISIC_2977718.png,0.2035,0.1749,0.6989,27.7714
ISIC_2979268.png,0.1034,0.1076,0.7346,28.7035
ISIC_2980578.png,0.1848,0.2963,0.4187,26.0867
ISIC_2987579.png,0.1656,0.2384,0.6469,42.2047
ISIC_2987613.png,0.1004,0.2305,0.6354,58.7572
ISIC_2987630.png,0.2214,0.2708,0.6552,16.5798
ISIC_2987677.png,0.2331,0.3079,0.5511,22.4286
ISIC_2991354.png,0.8479,0.5831,0.1656,19.0406
ISIC_2993032.png,0.1224,0.1879,0.6041,37.1905
ISIC_2993517.png,0.084,0.1987,0.7627,23.4542
ISIC_2997601.png,0.2381,0.2082,0.6024,20.0423
ISIC_2998367.png,0.152,0.1838,0.6943,29.9517
ISIC_2999018.png,0.1736,0.1694,0.6271,24.6604
ISIC_3000569.png,0.2141,0.1749,0.7404,23.6664
ISIC_3002956.png,0.3623,0.3956,0.4036,26.5554
ISIC_3006279.png,0.2627,0.2516,0.6482,24.2158
ISIC_3009493.png,0.1397,0.1698,0.6026,54.2123
ISIC_3009564.png,1.8013,1.8166,0.0102,2.5273
ISIC_3009877.png,0.1499,0.2833,0.7066,39.4942
ISIC_3012778.png,1.8421,1.6053,0.0734,2.4536
ISIC_3013468.png,0.0764,0.1106,0.7186,50.3617
ISIC_3013569.png,0.104,0.2733,0.5179,44.4104
ISIC_3016754.png,0.2621,0.3191,0.5639,19.864
ISIC_3018550.png,0.4106,0.4185,0.5144,27.5118
ISIC_3019509.png,0.5168,0.5183,0.3694,29.1169
ISIC_3021188.png,0.1839,0.185,0.7292,19.6275
ISIC_3025889.png,0.2694,0.2289,0.2391,33.7173
ISIC_3026660.png,0.1431,0.4475,0.5469,34.9735
ISIC_3028754.png,0.0651,0.1043,0.7279,59.5157
ISIC_3031102.png,0.2448,0.2748,0.6935,13.0473
ISIC_3031937.png,0.11,0.1348,0.7558,35.1446
ISIC_3039880.png,0.2565,0.2385,0.7087,19.4667
ISIC_3043219.png,0.0873,0.1266,0.7263,55.5392
ISIC_3043475.png,0.1569,0.138,0.6074,18.1739
ISIC_3045939.png,1.6233,1.9243,0.0156,3.1492
ISIC_3046905.png,0.1888,0.1589,0.5748,25.2672
ISIC_3049506.png,0.26,0.2303,0.5672,30.5336
ISIC_3058627.png,0.1362,0.1403,0.7099,16.5008
ISIC_3058800.png,0.2655,0.2674,0.483,18.1106
ISIC_3059367.png,0.1199,0.1086,0.6634,22.1828
ISIC_3060145.png,0.1744,0.093,0.6505,23.1674
ISIC_3060248.png,0.1339,0.1893,0.7268,38.3668
ISIC_3063260.png,0.1207,0.148,0.7236,25.5725
ISIC_3064807.png,0.13,0.1587,0.7824,38.8823
ISIC_3065032.png,0.1517,0.262,0.6221,24.0475
ISIC_3065253.png,0.1724,0.136,0.6003,26.9771
ISIC_3067522.png,0.1892,0.2643,0.7859,15.3763
ISIC_3067885.png,0.1046,0.2862,0.6169,36.7992
ISIC_3069695.png,1.293,0.4248,0.1573,2.6572
ISIC_3070206.png,0.102,0.1287,0.7632,18.8429
ISIC_3072311.png,0.2172,0.1128,0.6727,24.692
ISIC_3072382.png,0.1747,0.1483,0.6985,42.7967
ISIC_3073339.png,0.1045,0.2056,0.7202,24.1768
ISIC_3073634.png,0.1491,0.1182,0.7676,24.2944
ISIC_3074949.png,0.2023,0.2067,0.3178,54.936
ISIC_3077674.png,0.1689,0.1214,0.713,24.6977
ISIC_3084213.png,0.3048,0.2958,0.5322,23.4739
ISIC_3084322.png,0.1091,0.1831,0.7362,35.4454
ISIC_3086579.png,0.1601,0.1148,0.7404,24.9665
ISIC_3087402.png,0.2807,0.3703,0.4723,26.3626
ISIC_3093026.png,0.2393,0.147,0.5439,30.0991
ISIC_3094758.png,0.1751,0.3389,0.7055,11.1781
ISIC_3096949.png,0.1537,0.4304,0.4617,50.8638
ISIC_3098750.png,0.2441,0.2988,0.4963,22.205
ISIC_3105136.png,0.3225,0.212,0.6824,22.9012
ISIC_3105924.png,0.0995,0.1126,0.7756,28.9074
ISIC_3106058.png,0.0983,0.171,0.7781,35.0115
ISIC_3110909.png,0.2364,0.2333,0.6614,14.1745
ISIC_3114020.png,0.1353,0.1135,0.7296,21.1623
ISIC_3116288.png,0.124,0.124,0.7667,26.0993
ISIC_3123377.png,0.4208,0.2061,0.4245,25.2755
ISIC_3123711.png,0.2001,0.1362,0.8023,19.6563
ISIC_3124612.png,0.1111,0.1064,0.7758,25.8446
ISIC_3133127.png,0.2446,0.1821,0.5916,21.1168
ISIC_3136228.png,0.1965,0.1432,0.6963,30.8273
ISIC_3147084.png,0.889,0.5052,0.2009,22.1999
ISIC_3148533.png,0.1928,0.1574,0.7265,14.2546
ISIC_3148886.png,0.6188,0.4933,0.1323,2.4563
ISIC_3151260.png,0.0808,0.0828,0.8246,27.4975
ISIC_3152541.png,0.6038,0.3372,0.4506,27.5785
ISIC_3157046.png,1.9258,1.8222,0.0213,2.4392
ISIC_3159924.png,0.1333,0.1138,0.5953,51.5733
ISIC_3161477.png,0.2533,0.2807,0.624,29.6646
ISIC_3163773.png,0.1403,0.1689,0.6905,28.4217
ISIC_3166276.png,0.2242,0.2172,0.462,29.4152
ISIC_3166535.png,0.1257,0.2319,0.6848,43.9318
ISIC_3169133.png,0.0941,0.0732,0.7428,30.2551
ISIC_3170155.png,1.0002,1.1589,0.0187,5.9094
ISIC_3171104.png,0.2136,0.2969,0.564,39.7784
ISIC_3179296.png,0.5143,0.3429,0.4801,2.0869
ISIC_3180213.png,0.3105,0.2539,0.5521,21.7088
ISIC_3181358.png,0.4682,0.207,0.5922,16.8355
ISIC_3181394.png,0.2125,0.2157,0.5544,27.2211
ISIC_3183782.png,0.21,0.146,0.6805,21.5607
ISIC_3188062.png,0.2782,0.3249,0.5195,20.1439
ISIC_3190566.png,0.1082,0.1801,0.6351,26.4876
ISIC_3193774.png,0.3053,0.2725,0.561,31.0729
ISIC_3195720.png,0.1701,0.1495,0.522,41.2428
ISIC_3198111.png,0.1505,0.1477,0.7547,31.5453
ISIC_3198731.png,0.1066,0.1217,0.741,28.8326
ISIC_3203344.png,0.0802,0.1096,0.7499,34.9359
ISIC_3205354.png,0.1222,0.1286,0.6434,35.1842
ISIC_3207651.png,0.5987,0.4274,0.3632,34.9081
ISIC_3209501.png,1.9125,1.653,0.0226,2.5278
ISIC_3211915.png,0.3937,0.1425,0.6236,16.5864
ISIC_3212050.png,0.2039,0.2112,0.6039,27.5073
ISIC_3212781.png,0.1697,0.2018,0.6063,22.3705
ISIC_3213469.png,0.2215,0.0835,0.7207,30.0184
ISIC_3218227.png,0.2323,0.2021,0.7252,11.836
ISIC_3222447.png,0.1714,0.1905,0.6693,9.2298
ISIC_3225754.png,1.9359,1.8752,0.0147,3.5801
ISIC_3230874.png,0.099,0.1047,0.6874,27.4498
ISIC_3232329.png,0.1675,0.1648,0.5544,35.23
ISIC_3234816.png,0.1872,0.1787,0.6468,28.1544
ISIC_3234899.png,1.645,1.8205,0.0073,2.6362
ISIC_3234908.png,0.3288,0.304,0.5084,16.9186
ISIC_3236964.png,0.1825,0.4961,0.4922,28.2096
ISIC_3238687.png,0.2251,0.1402,0.6238,17.407
ISIC_3239813.png,0.2011,0.2067,0.8094,9.3713
ISIC_3246746.png,0.1307,0.2264,0.5516,21.2704
ISIC_3249704.png,0.2862,0.6388,0.4293,14.0254
ISIC_3249783.png,0.1169,0.1358,0.6488,19.0135
ISIC_3251486.png,0.1595,0.2681,0.6071,10.5358
ISIC_3251773.png,0.3228,0.3078,0.6142,30.6505
ISIC_3253098.png,0.1419,0.2047,0.5721,24.9808
ISIC_3254309.png,0.1266,0.1633,0.7484,30.4612
ISIC_3256116.png,0.1852,0.1776,0.6686,28.3181
ISIC_3256887.png,0.2285,0.2305,0.4357,39.6247
ISIC_3260571.png,0.1742,0.139,0.7918,17.7165
ISIC_3267196.png,0.1386,0.2777,0.7118,14.9858
ISIC_3269018.png,0.2776,0.3403,0.5249,21.9828
ISIC_3272999.png,0.2141,0.1775,0.7248,28.9508
ISIC_3273370.png,0.1642,0.2134,0.7247,18.6682
ISIC_3274493.png,0.1562,0.1553,0.7644,24.2451
ISIC_3277722.png,0.3258,0.2308,0.551,15.032
ISIC_3278303.png,0.2403,0.2183,0.6329,19.3979
ISIC_3281565.png,0.2912,0.3164,0.6868,17.9406
ISIC_3283317.png,0.2158,0.198,0.5513,18.0938
ISIC_3286956.png,0.3349,0.2536,0.5854,50.2529
ISIC_3288342.png,0.1386,0.0913,0.7763,21.4571
ISIC_3289098.png,0.0819,0.0672,0.8274,31.7908
ISIC_3289574.png,1.7961,1.6355,0.0107,3.8958
ISIC_3289651.png,0.1817,0.2366,0.5775,31.0524
ISIC_3291765.png,1.5717,1.8335,0.0123,3.1202
ISIC_3292151.png,0.2875,0.2639,0.5566,14.7889
ISIC_3295750.png,0.1617,0.3853,0.6483,14.7911
ISIC_3296136.png,0.1198,0.1215,0.6897,47.8262
ISIC_3298596.png,0.09,0.0969,0.8476,22.2809
ISIC_3300710.png,0.1147,0.2867,0.6409,31.8068
ISIC_3301933.png,0.1327,0.1042,0.5953,41.6862
ISIC_3303825.png,0.0752,0.0945,0.7605,55.5596
ISIC_3304982.png,0.1342,0.1308,0.6341,43.3881
ISIC_3305055.png,0.2634,0.3086,0.5167,21.8797
ISIC_3305153.png,1.6035,1.7514,0.0072,2.9412
ISIC_3306135.png,0.1515,0.1484,0.6196,31.3718
ISIC_3310364.png,0.1603,0.2384,0.7375,21.621
ISIC_3310625.png,0.1915,0.145,0.7609,21.5523
ISIC_3312201.png,0.143,0.2369,0.5608,33.2336
ISIC_3313317.png,0.2612,0.2357,0.6923,14.7631
ISIC_3313701.png,0.1354,0.1388,0.6697,25.0189
ISIC_3314555.png,0.1094,0.1792,0.688,31.714
ISIC_3315146.png,0.1034,0.1373,0.7234,41.373
ISIC_3319229.png,0.1882,0.2272,0.649,44.3572
ISIC_3323866.png,1.1434,0.5028,0.1554,2.3627
ISIC_3327201.png,0.1994,0.1802,0.7192,36.6423
ISIC_3328295.png,0.1329,0.1041,0.8044,19.7846
ISIC_3329255.png,0.1281,0.1447,0.6019,34.9418
ISIC_3335505.png,0.1111,0.1204,0.5529,58.6765
ISIC_3336353.png,0.1516,0.1105,0.7052,20.4545
ISIC_3338629.png,1.1661,1.1411,0.1725,10.1655
ISIC_3342474.png,0.2518,0.0871,0.6887,17.6209
ISIC_3343475.png,0.2196,0.1581,0.3232,42.704
ISIC_3346045.png,0.1677,0.1681,0.6973,22.0949
ISIC_3349562.png,0.0864,0.1081,0.7773,15.6149
ISIC_3351880.png,0.1434,0.1126,0.6818,19.9742
ISIC_3352799.png,0.3245,0.5012,0.3423,18.1172
ISIC_3352962.png,0.1267,0.1483,0.6829,23.0903
ISIC_3356355.png,0.1721,0.1922,0.6697,13.5841
ISIC_3356776.png,0.1232,0.0895,0.7057,14.3811
ISIC_3361955.png,0.1729,0.1626,0.6732,20.6116
ISIC_3365692.png,0.0906,0.126,0.7682,29.1893
ISIC_3368468.png,0.1605,0.1616,0.7279,14.2667
ISIC_3370062.png,0.2287,0.3046,0.7111,10.5594
ISIC_3372067.png,1.0244,1.1308,0.1564,2.1514
ISIC_3372750.png,0.0581,0.0585,0.8479,27.832
ISIC_3374533.png,0.0565,0.0662,0.6791,45.5547
ISIC_3376976.png,0.1172,0.1121,0.7592,19.2422
ISIC_3377082.png,0.1275,0.2996,0.7054,11.5405
ISIC_3378691.png,0.2431,0.2796,0.6605,17.4007
ISIC_3380212.png,0.147,0.265,0.6775,33.8343
ISIC_3382231.png,0.1537,0.2386,0.575,48.993
ISIC_3384884.png,0.1482,0.2094,0.7817,15.9133
ISIC_3386656.png,0.1453,0.1764,0.6936,40.4615
ISIC_3386753.png,0.3563,0.3075,0.55,22.9728
ISIC_3389695.png,1.5035,0.4688,0.0787,2.4785
ISIC_3389704.png,0.1674,0.3765,0.5984,23.9706
ISIC_3390057.png,0.1152,0.2007,0.7203,34.4095
ISIC_3391254.png,0.1175,0.1085,0.7978,21.0669
ISIC_3391427.png,0.4071,0.4602,0.5812,20.8902
ISIC_3392433.png,0.2299,0.1949,0.7198,16.9216
ISIC_3392451.png,0.135,0.1402,0.6545,33.2561
ISIC_3394080.png,0.0817,0.1234,0.7751,21.2696
ISIC_3395488.png,0.1368,0.2104,0.6569,35.949
ISIC_3397174.png,0.1129,0.1276,0.7436,14.7824
ISIC_3397377.png,0.2368,0.134,0.7266,11.9602
ISIC_3399603.png,0.1282,0.1217,0.7238,43.5101
ISIC_3401631.png,0.2116,0.2669,0.6439,53.6134
ISIC_3401777.png,0.2061,0.2657,0.5731,22.3933
ISIC_3409824.png,0.2116,0.2509,0.6511,30.0566
ISIC_3410193.png,0.1111,0.289,0.7421,19.7724
ISIC_3413138.png,0.3121,0.2182,0.6375,25.6532
ISIC_3416107.png,0.4315,0.4936,0.3527,19.0864
ISIC_3416324.png,0.1471,0.1888,0.7433,21.9878
ISIC_3418245.png,0.3566,0.4519,0.5078,17.9683
ISIC_3418978.png,0.2715,0.2205,0.6413,35.2253
ISIC_3424207.png,1.7269,1.6549,0.0598,2.5563
ISIC_3425388.png,0.1451,0.1947,0.6071,59.0296
ISIC_3428523.png,0.1276,0.102,0.786,32.559
ISIC_3429835.png,0.0884,0.163,0.7952,24.2163
ISIC_3430311.png,0.1625,0.1056,0.6513,39.4622
ISIC_3430447.png,0.3735,0.3779,0.534,21.3276
ISIC_3430953.png,0.2005,0.2931,0.4087,22.8525
ISIC_3431915.png,0.1506,0.1814,0.6946,40.4262
ISIC_3432650.png,0.1216,0.1395,0.5626,25.2347
ISIC_3433060.png,0.1415,0.1726,0.6628,42.2045
ISIC_3435596.png,1.5015,1.6294,0.0244,2.9285
ISIC_3436033.png,0.4275,0.6054,0.4401,8.283
ISIC_3436139.png,0.3886,0.2555,0.6101,22.278
ISIC_3439215.png,0.1467,0.0934,0.6348,25.5971
ISIC_3440004.png,0.2273,0.2045,0.6543,15.7723
ISIC_3440813.png,0.4823,0.4621,0.1613,2.5686
ISIC_3444719.png,0.2159,0.1913,0.6582,23.106
ISIC_3445468.png,1.8972,1.3917,0.0236,2.594
ISIC_3446357.png,0.3679,0.6945,0.3808,22.9105
ISIC_3447311.png,0.1189,0.1784,0.698,56.8622
ISIC_3447331.png,0.307,0.3366,0.4465,36.7084
ISIC_3448546.png,0.0999,0.0962,0.6637,29.2134
ISIC_3448630.png,0.4873,0.6763,0.2691,14.1531
ISIC_3449290.png,0.0913,0.097,0.6666,40.2943
ISIC_3452564.png,0.1702,0.3926,0.646,34.4411
ISIC_3453832.png,0.1255,0.0908,0.7931,19.5963
ISIC_3459981.png,0.1747,0.1137,0.7043,19.6919
ISIC_3460125.png,0.121,0.0896,0.7856,23.745
ISIC_3463156.png,0.1701,0.2729,0.6917,38.1439
ISIC_3464344.png,0.4277,0.312,0.4679,16.814
ISIC_3466769.png,0.3699,0.2532,0.4747,20.6934
ISIC_3471815.png,0.0915,0.1878,0.8633,10.5949
ISIC_3474472.png,0.1914,0.4011,0.6446,17.9693
ISIC_3474609.png,0.1714,0.1995,0.6122,16.8566
ISIC_3474681.png,0.1889,0.1918,0.7149,23.4797
ISIC_3475142.png,0.1284,0.1132,0.7284,34.7894
ISIC_3475660.png,0.3603,0.5439,0.4337,41.5629
ISIC_3475932.png,0.0694,0.1093,0.7585,29.6932
ISIC_3478437.png,0.4234,0.3297,0.53,19.5361
ISIC_3478473.png,0.2727,0.1946,0.6759,27.1551
ISIC_3481133.png,0.1186,0.1465,0.5797,38.901
ISIC_3485482.png,0.3037,0.2102,0.5777,14.8267
ISIC_3485583.png,0.2581,0.2581,0.5791,20.0793
ISIC_3487151.png,0.1056,0.094,0.7636,47.4993
ISIC_3492490.png,0.2153,0.1295,0.6835,46.965
ISIC_3493866.png,0.1668,0.1673,0.6937,21.2873
ISIC_3494219.png,0.0784,0.1478,0.803,13.3544
ISIC_3495113.png,0.238,0.281,0.7228,13.2617
ISIC_3495799.png,0.1164,0.0962,0.7476,21.2014
ISIC_3496800.png,1.8216,1.4855,0.0148,3.4573
ISIC_3501997.png,0.1628,0.0856,0.7775,18.9773
ISIC_3503213.png,0.1452,0.1977,0.7752,26.0383
ISIC_3503302.png,0.0577,0.071,0.808,59.4121
ISIC_3505339.png,0.2392,0.1856,0.7425,17.4767
ISIC_3506204.png,0.1853,0.1966,0.7256,14.7828
ISIC_3509838.png,0.3119,0.4349,0.2392,14.0442
ISIC_3513288.png,0.2165,0.2438,0.6587,19.1665
ISIC_3513367.png,0.1378,0.1058,0.7775,40.6383
ISIC_3518299.png,0.2305,0.2843,0.6539,15.3967
ISIC_3519679.png,1.5487,1.1924,0.11,2.5102
ISIC_3520591.png,0.2007,0.1779,0.6204,26.1278
ISIC_3520709.png,1.2998,1.6678,0.0186,2.4819
ISIC_3520750.png,0.3672,0.2611,0.7151,13.9091
ISIC_3521671.png,0.3081,0.1611,0.6054,19.21
ISIC_3529778.png,0.1882,0.1798,0.6623,19.8001
ISIC_3530422.png,0.1143,0.0813,0.7801,32.1232
ISIC_3541663.png,0.1399,0.1722,0.7048,25.4427
ISIC_3544821.png,0.1735,0.09,0.7362,19.322
ISIC_3545622.png,0.2606,0.2814,0.4412,32.5876
ISIC_3549225.png,0.1589,0.1951,0.7039,11.9832
ISIC_3552245.png,1.0212,1.1888,0.1322,19.3325
ISIC_3552318.png,0.2064,0.1963,0.683,16.5384
ISIC_3556039.png,0.1774,0.1849,0.6727,22.443
ISIC_3556980.png,0.1512,0.12,0.8075,15.5168
ISIC_3558747.png,0.1144,0.0863,0.7149,49.6815
ISIC_3559222.png,0.1539,0.0795,0.7796,25.4857
ISIC_3560519.png,0.1755,0.2149,0.7223,23.7032
ISIC_3561065.png,1.0494,1.0864,0.2464,2.3199
ISIC_3564136.png,0.0823,0.1121,0.7461,34.0308
ISIC_3564461.png,0.1161,0.1215,0.8074,21.5625
ISIC_3565564.png,0.4381,0.3924,0.3109,30.3244
ISIC_3566243.png,0.0824,0.1209,0.7478,23.8836
ISIC_3568218.png,0.1509,0.1619,0.6998,39.3167
ISIC_3568801.png,0.1669,0.2369,0.8001,12.2854
ISIC_3571523.png,1.0807,1.5413,0.0143,5.8024
ISIC_3573969.png,0.2283,0.1973,0.5847,29.3701
ISIC_3575862.png,0.1286,0.1967,0.7638,25.0587
ISIC_3576000.png,0.1736,0.1401,0.7438,27.5528
ISIC_3576066.png,0.3132,0.2954,0.5737,14.8213
ISIC_3578186.png,0.0893,0.0915,0.771,27.7666
ISIC_3582787.png,0.2898,0.1475,0.6687,45.2088
ISIC_3585381.png,0.1068,0.25,0.6897,26.7603
ISIC_3586669.png,0.7192,0.5714,0.2074,2.3705
ISIC_3586824.png,0.2394,0.2862,0.5668,17.4655
ISIC_3590167.png,1.5991,1.2073,0.1604,2.1493
ISIC_3590814.png,0.2112,0.2718,0.6698,35.9945
ISIC_3590997.png,0.1698,0.1565,0.7606,25.4277
ISIC_3591332.png,0.1911,0.1823,0.5106,50.9281
ISIC_3593161.png,0.2849,0.1169,0.7572,15.809
ISIC_3596877.png,0.1924,0.1382,0.7338,19.9119
ISIC_3596927.png,0.1418,0.2285,0.5699,24.4564
ISIC_3597812.png,0.0987,0.0991,0.8252,25.3276
ISIC_3598244.png,0.3694,0.3517,0.5972,15.1744
ISIC_3601224.png,0.0854,0.171,0.7919,23.3617
ISIC_3608788.png,0.1163,0.2088,0.6107,31.6504
ISIC_3609379.png,0.2032,0.153,0.7348,20.6987
ISIC_3610783.png,0.5604,0.2817,0.5572,7.3443
ISIC_3613012.png,0.1724,0.1871,0.7103,34.6518
ISIC_3613392.png,0.1673,0.2846,0.6643,16.2777
ISIC_3617159.png,0.2782,0.1554,0.7644,13.5797
ISIC_3623368.png,0.2482,0.131,0.7452,24.3339
ISIC_3624318.png,0.1595,0.1857,0.5933,28.8362
ISIC_3632419.png,0.1608,0.1069,0.7529,31.264
ISIC_3633306.png,0.0893,0.0947,0.7558,39.2388
ISIC_3635014.png,0.3732,0.203,0.5289,27.0579
ISIC_3637551.png,0.1647,0.2238,0.7443,18.1254
ISIC_3642043.png,0.2707,0.1771,0.6602,24.0537
ISIC_3646670.png,0.1428,0.2557,0.6132,28.5657
ISIC_3649113.png,0.088,0.0965,0.7016,26.3203
ISIC_3649632.png,0.3264,0.2952,0.4409,12.347
ISIC_3649766.png,0.5481,0.2156,0.4535,13.3909
ISIC_3650533.png,0.0888,0.1077,0.6494,17.2358
ISIC_3651451.png,0.2084,0.1397,0.7458,19.7908
ISIC_3652847.png,0.2135,0.275,0.6202,17.9627
ISIC_3652884.png,0.3001,0.4268,0.5036,16.7642
ISIC_3653492.png,0.5646,0.7071,0.2379,26.8547
ISIC_3654454.png,0.1911,0.247,0.6976,27.315
ISIC_3655327.png,0.1437,0.1006,0.7626,33.3353
ISIC_3663705.png,0.2214,0.2183,0.5784,38.9734
ISIC_3664380.png,0.1812,0.14,0.6786,50.0939
ISIC_3666094.png,0.1374,0.0993,0.6874,33.8469
ISIC_3666219.png,0.0682,0.1634,0.6515,45.6294
ISIC_3671963.png,0.2817,0.4497,0.4091,29.9918
ISIC_3673080.png,0.2881,0.2908,0.5617,40.5857
ISIC_3673517.png,0.2295,0.2674,0.677,33.6094
ISIC_3676643.png,0.0943,0.0983,0.7001,32.186
ISIC_3677945.png,0.2017,0.2476,0.3993,23.4677
ISIC_3679789.png,0.1041,0.1746,0.7715,17.7844
ISIC_3684488.png,0.8832,0.9203,0.1131,16.7728
ISIC_3685448.png,0.1314,0.1058,0.7731,31.0362
ISIC_3685955.png,0.3939,0.3309,0.5024,16.3163
ISIC_3686179.png,0.1512,0.1533,0.6155,62.6548
ISIC_3686329.png,0.1347,0.1793,0.7337,24.9426
ISIC_3687259.png,0.18,0.3998,0.4524,29.0909
ISIC_3688362.png,0.2677,0.3302,0.1676,17.3737
ISIC_3688407.png,0.1202,0.1085,0.688,28.54
ISIC_3689759.png,0.1671,0.1472,0.6889,21.5192
ISIC_3690890.png,0.5022,0.404,0.1921,27.7161
ISIC_3691320.png,0.1426,0.1589,0.6813,16.4552
ISIC_3696488.png,0.2599,0.5444,0.5368,9.9616
ISIC_3696726.png,0.1988,0.1559,0.5201,35.8673
ISIC_3700351.png,0.237,0.1287,0.6659,23.0181
ISIC_3701563.png,0.2268,0.1717,0.6652,13.3483
ISIC_3702669.png,0.1165,0.396,0.6284,24.2736
ISIC_3704157.png,0.2571,0.2903,0.5095,28.5906
ISIC_3706743.png,0.1382,0.1114,0.6415,40.839
ISIC_3708739.png,0.2786,0.2588,0.634,22.3547
ISIC_3716504.png,0.1127,0.1448,0.6288,44.7664
ISIC_3716686.png,0.4626,0.3118,0.5228,11.9319
ISIC_3717983.png,0.1375,0.0947,0.788,19.6006
ISIC_3727059.png,0.19,0.1408,0.7253,33.3224
ISIC_3728352.png,0.4117,0.1843,0.4553,21.6777
ISIC_3729849.png,0.082,0.2472,0.699,23.1348
ISIC_3730327.png,0.2486,0.2361,0.6362,14.7994
ISIC_3734674.png,0.0811,0.0749,0.7329,30.5444
ISIC_3736075.png,0.2791,0.4328,0.6226,21.3293
ISIC_3737487.png,0.1345,0.1188,0.7149,30.5196
ISIC_3737739.png,0.2234,0.2054,0.6505,22.3004
ISIC_3738751.png,0.6425,0.9597,0.2989,9.5597
ISIC_3743283.png,0.1754,0.1808,0.8325,13.7972
ISIC_3744940.png,0.132,0.1389,0.7109,23.4797
ISIC_3746471.png,0.143,0.1452,0.6524,27.0047
ISIC_3747979.png,1.8372,1.6732,0.0139,2.539
ISIC_3750329.png,0.6774,0.3978,0.1332,2.6057
ISIC_3751090.png,0.1375,0.2269,0.6516,18.4263
ISIC_3751172.png,0.0681,0.0832,0.7501,34.5831
ISIC_3757004.png,1.7393,1.5407,0.0675,2.4243
ISIC_3760796.png,0.3018,0.3033,0.6142,19.2892
ISIC_3761253.png,0.3389,0.3623,0.4975,25.555
ISIC_3762459.png,0.1575,0.3632,0.6992,14.8103
ISIC_3763984.png,1.6795,1.8292,0.0473,2.4668
ISIC_3764173.png,0.2505,0.2976,0.6266,24.8007
ISIC_3767325.png,0.2326,0.218,0.6669,21.4075
ISIC_3770380.png,0.2952,0.2345,0.7188,10.9364
ISIC_3771332.png,0.2805,0.1555,0.6596,20.5154
ISIC_3775417.png,0.1431,0.1499,0.788,31.2803
ISIC_3777798.png,0.1851,0.1287,0.6336,31.3153
ISIC_3779093.png,0.2562,0.137,0.7139,31.587
ISIC_3779424.png,0.1392,0.1179,0.8298,13.4203
ISIC_3784812.png,0.1444,0.0881,0.7351,43.8216
ISIC_3786075.png,0.1666,0.1944,0.7083,22.2047
ISIC_3786438.png,0.1244,0.1426,0.8107,12.8286
ISIC_3787339.png,0.2506,0.6957,0.4919,26.0493
ISIC_3787504.png,0.2018,0.2018,0.7436,12.2283
ISIC_3789239.png,0.2013,0.2883,0.6356,17.9477
ISIC_3791309.png,0.3886,0.4494,0.4175,16.2464
ISIC_3792196.png,0.375,0.1662,0.6532,18.3833
ISIC_3797095.png,0.2728,0.1065,0.6726,18.2863
ISIC_3799267.png,1.8449,1.572,0.0144,3.2482
ISIC_3800541.png,0.3895,0.3528,0.5552,14.6695
ISIC_3800974.png,0.1244,0.2575,0.7591,22.9674
ISIC_3805025.png,0.16,0.1468,0.7222,15.9501
ISIC_3809998.png,0.1274,0.1036,0.7685,48.8479
ISIC_3810274.png,1.8754,1.9123,0.017,2.8948
ISIC_3812485.png,0.2569,0.2001,0.6619,16.7857
ISIC_3814807.png,0.124,0.1347,0.6742,23.9393
ISIC_3816833.png,0.2792,0.2804,0.6786,19.0116
ISIC_3817292.png,0.2229,0.2432,0.6466,19.3909
ISIC_3819893.png,0.2264,0.2576,0.6081,16.3187
ISIC_3820669.png,0.2105,0.2679,0.5737,14.923
ISIC_3824206.png,0.1876,0.0958,0.7597,63.793
ISIC_3825641.png,0.1586,0.1237,0.5969,31.9087
ISIC_3826001.png,0.1545,0.2427,0.7645,18.0506
ISIC_3826102.png,0.2689,0.2571,0.5692,14.9731
ISIC_3833013.png,0.1689,0.1872,0.5182,31.346
ISIC_3836576.png,0.1858,0.2306,0.6608,16.5731
ISIC_3837132.png,0.3663,0.3943,0.251,25.3352
ISIC_3842916.png,0.3137,0.3508,0.604,11.8335
ISIC_3844404.png,0.0886,0.1328,0.6866,30.2463
ISIC_3850432.png,0.1595,0.2617,0.6742,32.1026
ISIC_3856233.png,0.2609,0.3167,0.6472,26.6085
ISIC_3856662.png,0.1923,0.2129,0.6628,26.7599
ISIC_3857463.png,0.1636,0.2545,0.8868,3.7379
ISIC_3868662.png,0.1069,0.0923,0.6967,15.3537
ISIC_3869533.png,0.1739,0.2834,0.6076,23.2253
ISIC_3871225.png,1.2135,0.9062,0.1212,16.9999
ISIC_3877643.png,0.2226,0.1074,0.7426,20.725
ISIC_3878174.png,0.2216,0.214,0.2402,41.5033
ISIC_3880324.png,0.3164,0.2119,0.5262,20.7012
ISIC_3882374.png,0.3013,0.3077,0.5869,21.4072
ISIC_3884221.png,1.7274,1.5762,0.0612,2.6019
ISIC_3885041.png,1.9157,1.788,0.0103,2.5015
ISIC_3885808.png,0.2216,0.1482,0.6792,35.5751
ISIC_3886458.png,0.1036,0.1036,0.7898,26.1222
ISIC_3888713.png,0.2394,0.2902,0.4029,18.1026
ISIC_3892947.png,0.0757,0.0618,0.7941,33.1337
ISIC_3893354.png,0.1394,0.11,0.7138,18.423
ISIC_3897960.png,1.521,1.4051,0.1797,6.6799
ISIC_3898738.png,0.1439,0.1405,0.679,54.7326
ISIC_3899323.png,0.1869,0.1661,0.6741,19.042
ISIC_3900049.png,0.1134,0.1253,0.6978,39.0069
ISIC_3901421.png,0.1692,0.0833,0.766,25.8303
ISIC_3902917.png,0.2869,0.2434,0.6652,30.2811
ISIC_3909039.png,0.1323,0.1745,0.715,37.7485
ISIC_3909443.png,0.1493,0.0768,0.7354,19.8726
ISIC_3912838.png,0.1832,0.2191,0.7536,18.5991
ISIC_3913709.png,0.1026,0.1997,0.6937,17.5601
ISIC_3914140.png,0.1677,0.2297,0.6689,14.3834
ISIC_3916064.png,0.1336,0.1523,0.8171,14.7144
ISIC_3919752.png,0.1665,0.1597,0.6546,27.5933
ISIC_3920274.png,0.0997,0.1023,0.7529,31.9643
ISIC_3922580.png,0.1135,0.2794,0.7605,23.2096
ISIC_3922602.png,0.2051,0.197,0.5388,36.8363
ISIC_3923443.png,0.1941,0.1255,0.7302,25.8767
ISIC_3926019.png,0.093,0.1121,0.7765,29.5028
ISIC_3926305.png,0.1075,0.0957,0.8604,21.2925
ISIC_3926397.png,0.2974,0.393,0.552,32.7426
ISIC_3928910.png,0.2528,0.2668,0.6078,15.0727
ISIC_3932879.png,1.7775,1.872,0.0182,2.6633
ISIC_3933658.png,0.4105,0.2382,0.7144,12.1083
ISIC_3934537.png,0.1573,0.2147,0.7633,15.8474
ISIC_3936223.png,0.3779,0.3231,0.4129,16.6669
ISIC_3941123.png,0.9784,1.2668,0.1095,20.1712
ISIC_3941147.png,0.2296,0.1449,0.7141,13.395
ISIC_3942075.png,0.2547,0.3246,0.7044,24.5933
ISIC_3944634.png,0.324,0.217,0.4475,21.9646
ISIC_3945116.png,0.1842,0.1584,0.5721,23.5651
ISIC_3945916.png,0.1458,0.1601,0.5307,26.4543
ISIC_3947143.png,0.1483,0.1036,0.7235,40.1397
ISIC_3947876.png,0.2816,0.3944,0.3576,37.3616
ISIC_3948754.png,0.1851,0.2227,0.5853,28.4535
ISIC_3950753.png,0.1172,0.0867,0.8141,25.2095
ISIC_3952030.png,0.0888,0.3022,0.7108,25.3027
ISIC_3952694.png,0.1075,0.1064,0.7784,15.3305
ISIC_3959570.png,0.162,0.1818,0.5839,26.3214
ISIC_3961101.png,0.1185,0.1946,0.7053,19.2972
ISIC_3961647.png,0.1071,0.1373,0.7662,61.7565
ISIC_3963183.png,1.0601,0.929,0.3379,1.9781
ISIC_3965087.png,0.2597,0.5743,0.37,34.0114
ISIC_3965872.png,0.1249,0.1929,0.744,34.1958
ISIC_3966064.png,0.1075,0.1218,0.7395,26.7235
ISIC_3967213.png,0.1127,0.2743,0.7779,22.2307
ISIC_3971712.png,0.0848,0.1195,0.8335,22.3899
ISIC_3973431.png,0.112,0.1669,0.7303,37.6425
ISIC_3975133.png,0.1803,0.2112,0.6922,22.4629
ISIC_3975743.png,0.1431,0.1716,0.7506,42.9876
ISIC_3978280.png,0.175,0.127,0.5938,42.822
ISIC_3979323.png,0.0834,0.0852,0.6706,37.0038
ISIC_3979826.png,0.5187,0.3405,0.3489,11.5934
ISIC_3981101.png,0.1796,0.1891,0.7427,13.0129
ISIC_3981425.png,0.2336,0.1577,0.6783,34.5492
ISIC_3984167.png,0.3023,0.1795,0.5358,21.3814
ISIC_3985031.png,0.0623,0.088,0.7565,74.5944
ISIC_3985782.png,0.0917,0.2334,0.6953,40.0025
ISIC_3989526.png,0.1314,0.1435,0.7341,25.316
ISIC_3992223.png,0.2092,0.1759,0.7161,25.2703
ISIC_3993510.png,0.1778,0.2548,0.5308,38.6187
ISIC_3993924.png,1.1885,0.3627,0.178,2.6132
ISIC_3994250.png,0.1557,0.1409,0.8066,9.9745
ISIC_3994656.png,0.1354,0.2427,0.5665,26.7498
ISIC_3996796.png,0.1667,0.5548,0.5224,43.8589
ISIC_4000087.png,0.1566,0.0892,0.7573,20.153
ISIC_4001990.png,0.0983,0.1086,0.8199,19.2665
ISIC_4007322.png,0.1463,0.1997,0.6418,49.9862
ISIC_4009870.png,0.2148,0.2672,0.6954,11.3883
ISIC_4011169.png,0.084,0.1644,0.7311,25.7547
ISIC_4013189.png,0.1357,0.1522,0.739,22.4334
ISIC_4014307.png,0.1294,0.1162,0.7954,14.9429
ISIC_4015508.png,0.1891,0.2007,0.7255,36.406
ISIC_4018813.png,0.2625,0.3554,0.5222,17.0751
ISIC_4019724.png,0.0932,0.1062,0.8479,31.7068
ISIC_4022621.png,0.2819,0.4035,0.5681,19.0555
ISIC_4023381.png,0.1544,0.1425,0.837,19.895
ISIC_4024062.png,0.1682,0.1803,0.6215,35.0924
ISIC_4026019.png,0.1881,0.0967,0.7154,34.4741
ISIC_4026540.png,0.5999,0.318,0.5234,35.3775
ISIC_4026569.png,0.1154,0.1016,0.8083,23.7909
ISIC_4026808.png,0.205,0.2336,0.6696,20.9308
ISIC_4032636.png,1.8567,1.8868,0.0138,3.1472
ISIC_4033676.png,0.1151,0.1544,0.6895,38.696
ISIC_4034244.png,0.1569,0.2815,0.5697,44.1594
ISIC_4034644.png,0.1058,0.1212,0.6333,38.5587
ISIC_4035599.png,0.0896,0.1615,0.8077,17.71
ISIC_4038618.png,0.0782,0.073,0.7081,19.6258
ISIC_4042619.png,0.2951,0.3081,0.5292,18.4889
ISIC_4043580.png,0.2412,0.2406,0.7082,19.0582
ISIC_4044751.png,0.3272,0.3848,0.5456,14.9033
ISIC_4045323.png,0.2115,0.1233,0.7365,15.9192
ISIC_4045781.png,0.1853,0.1504,0.6856,13.9262
ISIC_4049598.png,0.3438,0.3235,0.5244,27.4063
ISIC_4052597.png,1.8603,1.5036,0.0111,2.5377
ISIC_4055288.png,0.1522,0.2325,0.6896,47.4954
ISIC_4055361.png,0.3476,0.4112,0.3932,21.2266
ISIC_4055833.png,0.187,0.188,0.7745,15.8476
ISIC_4062017.png,0.1382,0.2019,0.5666,28.824
ISIC_4064936.png,0.0854,0.176,0.7675,35.2365
ISIC_4066094.png,0.2445,0.284,0.596,22.8491
ISIC_4066726.png,0.2077,0.2252,0.7183,22.4105
ISIC_4067693.png,0.3467,0.2359,0.6342,25.9486
ISIC_4069690.png,0.2198,0.2993,0.637,17.9254
ISIC_4069836.png,0.2677,0.2256,0.4211,35.5318
ISIC_4070687.png,0.1498,0.1761,0.7747,22.8781
ISIC_4071825.png,0.0995,0.114,0.7904,20.9957
ISIC_4074537.png,0.1661,0.12,0.6584,19.803
ISIC_4076162.png,0.108,0.1163,0.809,15.5999
ISIC_4079108.png,0.2898,0.1522,0.7096,20.0868
ISIC_4081632.png,0.2473,0.1901,0.6969,41.3136
ISIC_4084359.png,0.217,0.2624,0.6283,18.6619
ISIC_4086323.png,0.1307,0.1181,0.6155,38.2966
ISIC_4087267.png,0.3563,0.3373,0.6004,38.5446
ISIC_4088444.png,0.4373,0.4326,0.3134,19.3158
ISIC_4088647.png,0.3417,0.234,0.6675,17.7103
ISIC_4093484.png,0.1045,0.2689,0.7051,15.1395
ISIC_4097868.png,0.1608,0.1895,0.426,52.0602
ISIC_4099058.png,0.1064,0.158,0.7103,34.3005
ISIC_4099428.png,1.7188,1.6238,0.0115,2.5619
ISIC_4102922.png,0.1957,0.1004,0.7143,35.8227
ISIC_4103653.png,0.1102,0.1519,0.7307,20.2206
ISIC_4105234.png,0.3341,0.1962,0.63,22.1399
ISIC_4107250.png,0.1058,0.0942,0.7909,23.0098
ISIC_4107717.png,1.289,1.4866,0.0098,3.7959
ISIC_4108397.png,0.0613,0.0736,0.7807,33.9355
ISIC_4114269.png,0.2462,0.1411,0.7597,22.3243
ISIC_4116224.png,0.1067,0.2172,0.7101,24.2639
ISIC_4116770.png,0.2195,0.1666,0.6556,22.0875
ISIC_4118762.png,0.1443,0.1304,0.8031,17.4657
ISIC_4119029.png,0.452,0.5114,0.201,30.2257
ISIC_4120174.png,0.4374,0.556,0.3165,15.7132
ISIC_4123109.png,0.1504,0.185,0.6819,27.5528
ISIC_4128129.png,0.1802,0.2677,0.5603,15.4913
ISIC_4128342.png,0.2017,0.1538,0.8204,8.4995
ISIC_4129321.png,0.1343,0.2157,0.7043,44.6021
ISIC_4129376.png,1.669,1.587,0.0795,2.7705
ISIC_4130167.png,0.2365,0.1392,0.6611,25.2464
ISIC_4130478.png,0.3451,0.7845,0.3899,16.5574
ISIC_4131353.png,0.2212,0.151,0.6601,52.1365
ISIC_4131697.png,0.1883,0.2804,0.655,27.7152
ISIC_4132082.png,0.1439,0.1344,0.7148,22.145
ISIC_4136351.png,0.135,0.1695,0.7241,18.9423
ISIC_4136591.png,0.173,0.1995,0.7173,36.6218
ISIC_4136663.png,0.1752,0.5205,0.6012,17.8915
ISIC_4136832.png,0.411,0.3491,0.573,23.05
ISIC_4137545.png,0.0898,0.2369,0.7147,25.367
ISIC_4138377.png,0.2301,0.1914,0.6793,15.2764
ISIC_4139260.png,0.2965,0.1218,0.7479,18.9994
ISIC_4141315.png,0.2383,0.3511,0.7102,13.1291
ISIC_4141898.png,0.137,0.1258,0.7976,22.1048
ISIC_4142019.png,0.1985,0.2403,0.6855,29.2117
ISIC_4148086.png,0.1876,0.1984,0.6523,23.3417
ISIC_4151356.png,0.2904,0.1958,0.6823,14.32
ISIC_4153234.png,0.1463,0.0778,0.7522,26.3573
ISIC_4153542.png,0.1096,0.1437,0.7972,19.8137
ISIC_4153687.png,0.1059,0.1053,0.7473,20.3536
ISIC_4154293.png,0.1407,0.2027,0.6364,21.5499
ISIC_4156010.png,0.1177,0.1776,0.7796,22.5241
ISIC_4161113.png,0.1425,0.1837,0.7056,15.7859
ISIC_4163686.png,0.1102,0.1399,0.7973,14.9561
ISIC_4163843.png,0.1567,0.0752,0.7089,31.0095
ISIC_4164882.png,0.0893,0.0946,0.6564,47.3413
ISIC_4166490.png,0.2136,0.1327,0.6067,23.5663
ISIC_4168757.png,0.1411,0.1333,0.7472,18.9222
ISIC_4170698.png,0.3798,0.5787,0.3329,18.1745
ISIC_4172470.png,0.218,0.2158,0.7528,18.1322
ISIC_4174592.png,0.7702,0.5598,0.3252,12.6433
ISIC_4174983.png,0.3051,0.1878,0.629,23.5103
ISIC_4175400.png,0.9413,1.2557,0.0189,5.7663
ISIC_4177043.png,0.1499,0.309,0.5355,42.6317
ISIC_4177450.png,0.5724,0.2207,0.1674,2.5862
ISIC_4182801.png,0.1467,0.2492,0.6746,45.6508
ISIC_4183816.png,0.1928,0.314,0.6364,18.3847
ISIC_4184050.png,0.176,0.1996,0.6854,30.9006
ISIC_4184101.png,0.1766,0.1591,0.5587,31.2593
ISIC_4185719.png,0.4045,0.3785,0.4539,22.272
ISIC_4187485.png,0.49,0.4366,0.2045,23.8458
ISIC_4187627.png,0.1809,0.2843,0.739,16.7765
ISIC_4189981.png,0.2145,0.1486,0.7526,16.3875
ISIC_4190900.png,0.0989,0.0697,0.7567,40.5239
ISIC_4191202.png,0.108,0.115,0.7628,21.791
ISIC_4193253.png,0.3948,0.3348,0.6294,21.7017
ISIC_4197990.png,0.2578,0.4995,0.5866,17.6374
ISIC_4201891.png,1.5556,1.4298,0.048,2.4386
ISIC_4208361.png,0.1465,0.1033,0.7365,40.191
ISIC_4212044.png,0.314,0.3375,0.5607,11.4777
ISIC_4216750.png,0.3157,0.1973,0.705,15.7877
ISIC_4219589.png,0.2122,0.2725,0.5366,20.7956
ISIC_4220010.png,0.3833,0.323,0.3373,16.3943
ISIC_4220326.png,0.3773,0.2782,0.5775,21.3918
ISIC_4222275.png,0.2378,0.1858,0.7712,19.0917
ISIC_4223155.png,0.0494,0.1235,0.8095,22.6284
ISIC_4223734.png,0.147,0.1423,0.8103,14.6912
ISIC_4224064.png,1.7814,1.6786,0.0219,2.6225
ISIC_4226395.png,0.1411,0.2112,0.6504,17.9713
ISIC_4226975.png,0.1277,0.1309,0.7788,15.1407
ISIC_4229473.png,1.1745,0.8218,0.1633,2.4327
ISIC_4231346.png,0.1477,0.1748,0.7089,25.1044
ISIC_4232756.png,0.3144,0.3095,0.6801,16.1288
ISIC_4232761.png,0.0912,0.1006,0.7565,47.2769
ISIC_4236274.png,1.6548,1.6652,0.0059,2.7375
ISIC_4237064.png,0.0844,0.2006,0.748,23.2065
ISIC_4240225.png,1.5704,1.7801,0.0855,2.5998
ISIC_4241907.png,0.2255,0.2315,0.6906,11.9039
ISIC_4243283.png,0.766,1.3122,0.1407,12.813
ISIC_4246086.png,0.0889,0.1644,0.7029,18.8657
ISIC_4247149.png,0.3259,0.3634,0.5808,15.7862
ISIC_4248013.png,0.1735,0.2261,0.5393,28.3848
ISIC_4249893.png,0.1973,0.1614,0.6396,31.4502
ISIC_4252268.png,0.107,0.1798,0.731,47.7196
ISIC_4252285.png,0.1786,0.2259,0.675,16.4305
ISIC_4252887.png,0.1727,0.21,0.5941,29.9111
ISIC_4253346.png,0.095,0.0479,0.7373,30.4791
ISIC_4255013.png,0.228,0.1043,0.7599,15.7213
ISIC_4257634.png,0.2472,0.1616,0.6251,30.7998
ISIC_4259290.png,0.1849,0.1696,0.629,40.7863
ISIC_4263521.png,0.0909,0.0946,0.7282,65.1784
ISIC_4264600.png,0.0991,0.1171,0.8107,32.1207
ISIC_4266157.png,0.1233,0.1944,0.6833,26.4748
ISIC_4266533.png,0.5549,0.5039,0.4698,19.8269
ISIC_4269227.png,0.1002,0.119,0.6788,23.9976
ISIC_4271108.png,0.1042,0.098,0.7619,38.9355
ISIC_4272317.png,0.221,0.206,0.5736,16.1076
ISIC_4274519.png,0.1385,0.1121,0.8115,19.3127
ISIC_4277207.png,0.2147,0.2005,0.7219,14.7855
ISIC_4280835.png,0.1166,0.2766,0.7743,15.8795
ISIC_4286715.png,0.0871,0.0829,0.7951,27.544
ISIC_4288307.png,0.1614,0.1782,0.8007,15.3803
ISIC_4288845.png,0.1121,0.1542,0.7728,10.8549
ISIC_4289906.png,0.0624,0.1287,0.7324,40.5629
ISIC_4292708.png,0.2276,0.2001,0.6584,40.6885
ISIC_4292879.png,0.0622,0.2477,0.7469,40.0098
ISIC_4293419.png,0.2023,0.2046,0.6719,16.3492
ISIC_4294705.png,0.0933,0.1987,0.7335,28.6848
ISIC_4296456.png,0.2042,0.1736,0.6647,25.6744
ISIC_4298624.png,0.3582,0.3743,0.7159,17.8012
ISIC_4298761.png,0.2074,0.2074,0.6466,16.6766
ISIC_4303228.png,0.2648,0.323,0.596,25.8158
ISIC_4307205.png,1.8866,1.9715,0.0113,2.5322
ISIC_4307626.png,0.1178,0.1089,0.6551,16.5516
ISIC_4308751.png,0.9035,0.5054,0.155,2.6344
ISIC_4311777.png,0.1045,0.1687,0.7548,17.4979
ISIC_4312841.png,0.1659,0.125,0.7012,48.163
ISIC_4314089.png,0.1873,0.1861,0.7767,20.3481
ISIC_4320200.png,0.1652,0.1307,0.8592,10.3274
ISIC_4322723.png,0.1209,0.1152,0.6858,22.8377
ISIC_4322954.png,0.1234,0.1724,0.6725,49.7772
ISIC_4323070.png,0.0844,0.1059,0.6839,42.0752
ISIC_4325452.png,0.161,0.1731,0.7161,31.4022
ISIC_4326917.png,0.2224,0.3814,0.4906,19.5007
ISIC_4328662.png,0.2912,0.2255,0.6464,15.5249
ISIC_4329176.png,0.0838,0.0923,0.8192,10.8607
ISIC_4331481.png,0.3341,0.2792,0.6285,39.6742
ISIC_4332846.png,0.1445,0.1485,0.7096,21.2177
ISIC_4332885.png,0.1597,0.1626,0.4115,31.3889
ISIC_4341261.png,0.1696,0.2434,0.739,17.81
ISIC_4343552.png,0.1159,0.1036,0.7812,13.2859
ISIC_4343836.png,0.1278,0.2987,0.6983,16.4625
ISIC_4344870.png,0.1639,0.1747,0.7042,27.1526
ISIC_4345000.png,0.1849,0.2327,0.6291,19.0921
ISIC_4347535.png,0.6416,0.7472,0.1119,23.69
ISIC_4348579.png,0.3284,0.234,0.5877,22.1453
ISIC_4348994.png,0.4169,0.3477,0.6272,16.329
ISIC_4350093.png,0.3307,0.1293,0.6846,29.1653
ISIC_4352700.png,0.2855,0.3117,0.4773,22.7218
ISIC_4354896.png,0.1343,0.2105,0.7172,21.8077
ISIC_4357596.png,0.2031,0.1454,0.6989,26.1296
ISIC_4358550.png,0.2075,0.2196,0.6008,26.2511
ISIC_4359258.png,0.1813,0.2782,0.6424,32.8667
ISIC_4362713.png,0.0774,0.1263,0.7083,39.9224
ISIC_4363398.png,0.1931,0.1502,0.6989,29.4785
ISIC_4363603.png,0.2979,0.3306,0.602,21.4284
ISIC_4368650.png,0.2652,0.1337,0.7339,14.3844
ISIC_4369035.png,0.1877,0.1104,0.7413,30.9353
ISIC_4371210.png,0.2081,0.1642,0.6319,21.3981
ISIC_4372519.png,0.2034,0.2689,0.6657,25.8381
ISIC_4374554.png,0.1271,0.163,0.7182,24.8679
ISIC_4374944.png,0.2086,0.1645,0.681,16.9613
ISIC_4375524.png,0.115,0.0901,0.7346,29.6886
ISIC_4377208.png,0.2692,0.178,0.6627,24.9921
ISIC_4378189.png,1.2459,1.8866,0.0195,5.5339
ISIC_4382115.png,0.107,0.0954,0.7915,25.3154
ISIC_4383671.png,0.3303,0.2438,0.607,21.3405
ISIC_4384341.png,0.1075,0.0884,0.7182,26.3706
ISIC_4384861.png,0.3416,0.3483,0.3753,23.9804
ISIC_4391909.png,0.2188,0.3403,0.7075,15.6564
ISIC_4393521.png,0.1138,0.2168,0.5633,41.5752
ISIC_4393704.png,1.766,1.7677,0.0104,2.604
ISIC_4394524.png,0.1893,0.2963,0.6908,18.6318
ISIC_4396553.png,0.3351,0.3093,0.5071,7.6703
ISIC_4397068.png,0.2712,0.2009,0.4175,27.8259
ISIC_4398011.png,0.7284,0.6695,0.2377,23.5135
ISIC_4401524.png,0.1114,0.1287,0.777,35.0644
ISIC_4404772.png,0.3209,0.3421,0.3694,13.0851
ISIC_4407580.png,0.2397,0.2082,0.6654,10.7867
ISIC_4408559.png,0.5552,0.4128,0.5476,4.7191
ISIC_4411889.png,0.1985,0.1382,0.5766,52.7242
ISIC_4412555.png,0.3159,0.2107,0.6363,18.9039
ISIC_4414811.png,1.5068,0.8391,0.0737,2.5751
ISIC_4417495.png,0.0823,0.0623,0.757,54.3363
ISIC_4418545.png,0.1958,0.2533,0.5965,20.179
ISIC_4419686.png,0.1108,0.1157,0.6835,21.8881
ISIC_4425604.png,0.2868,0.356,0.4989,16.5707
ISIC_4425657.png,0.2055,0.2066,0.7787,25.5073
ISIC_4425766.png,0.2849,0.1751,0.6167,22.8965
ISIC_4427755.png,0.2425,0.1371,0.7115,21.5798
ISIC_4428769.png,0.1192,0.1632,0.6997,33.182
ISIC_4432898.png,0.4127,0.1587,0.537,2.1031
ISIC_4433832.png,0.2926,0.4814,0.4665,12.2864
ISIC_4434803.png,0.2508,0.3228,0.5009,16.6777
ISIC_4436342.png,0.1942,0.2872,0.5843,15.1603
ISIC_4438786.png,1.8658,1.9169,0.0265,2.8755
ISIC_4442490.png,0.096,0.0684,0.7578,15.1583
ISIC_4443373.png,0.3401,0.1973,0.7175,24.3377
ISIC_4445729.png,0.0848,0.0867,0.7657,39.9418
ISIC_4446385.png,0.0865,0.0984,0.7126,54.5991
ISIC_4448959.png,0.2092,0.2111,0.7176,31.0945
ISIC_4451735.png,0.8557,0.9475,0.0866,8.2899
ISIC_4453506.png,0.2907,0.2969,0.5521,37.9966
ISIC_4459125.png,0.1666,0.1113,0.7478,23.5131
ISIC_4459528.png,0.4805,0.4394,0.1883,2.5145
ISIC_4460849.png,0.3244,0.2719,0.5752,30.2351
ISIC_4462476.png,0.1916,0.2099,0.6341,41.1054
ISIC_4462773.png,0.3107,0.2222,0.47,30.3338
ISIC_4463086.png,0.1858,0.1844,0.6882,12.4953
ISIC_4468129.png,0.1424,0.1272,0.6511,45.2449
ISIC_4468148.png,0.112,0.1249,0.7222,40.1036
ISIC_4468549.png,1.6288,1.5751,0.1121,2.493
ISIC_4470206.png,0.1506,0.3051,0.6634,27.1785
ISIC_4471367.png,0.1297,0.2312,0.7928,18.4535
ISIC_4472903.png,0.0789,0.1149,0.6918,23.7541
ISIC_4474170.png,0.156,0.1156,0.6526,30.271
ISIC_4474352.png,0.1431,0.2067,0.6984,15.639
ISIC_4475268.png,0.3877,0.4598,0.3454,14.9039
ISIC_4475657.png,0.2504,0.2774,0.6502,16.3636
ISIC_4477599.png,0.125,0.142,0.8035,17.5632
ISIC_4481362.png,0.1035,0.1171,0.7198,22.5722
ISIC_4482610.png,0.1437,0.1424,0.7256,40.4278
ISIC_4494516.png,0.1148,0.1262,0.7098,38.9865
ISIC_4495099.png,0.2771,0.1935,0.7061,12.9931
ISIC_4502605.png,0.2174,0.2111,0.6255,15.7584
ISIC_4505178.png,1.7913,1.715,0.0127,2.8307
ISIC_4507700.png,0.1265,0.1373,0.7074,40.636
ISIC_4508511.png,0.1923,0.3907,0.6188,17.7165
ISIC_4508878.png,1.0332,1.4538,0.0178,4.8661
ISIC_4509525.png,0.5729,0.3084,0.4386,11.2716
ISIC_4509925.png,0.271,0.1482,0.6683,19.9412
ISIC_4517738.png,0.1469,0.3151,0.5318,25.0417
ISIC_4518384.png,0.1926,0.1279,0.6721,39.7323
ISIC_4519298.png,0.1201,0.112,0.6656,32.0907
ISIC_4521222.png,0.1868,0.1452,0.6482,46.8024
ISIC_4523382.png,0.285,0.2569,0.3606,31.9362
ISIC_4523565.png,0.2804,0.2369,0.5226,30.164
ISIC_4524488.png,0.2439,0.1365,0.661,26.9294
ISIC_4525317.png,0.4318,0.4642,0.4946,28.8208
ISIC_4526581.png,0.2152,0.2725,0.6529,15.2639
ISIC_4527661.png,0.0885,0.1579,0.7593,16.4685
ISIC_4529092.png,0.1987,0.11,0.703,33.9834
ISIC_4529363.png,0.0846,0.172,0.6325,23.2561
ISIC_4530249.png,0.1817,0.1777,0.5492,42.4321
ISIC_4532303.png,0.9144,0.2805,0.174,2.5446
ISIC_4533833.png,0.15,0.114,0.7993,21.538
ISIC_4534608.png,0.223,0.1207,0.6914,42.6014
ISIC_4535099.png,1.6352,1.6484,0.0252,3.8648
ISIC_4536407.png,0.1917,0.1181,0.8159,14.4535
ISIC_4536709.png,0.133,0.1312,0.7302,28.07
ISIC_4538207.png,0.202,0.1363,0.6562,22.3368
ISIC_4538489.png,0.1315,0.1506,0.813,11.9749
ISIC_4538661.png,0.1608,0.1582,0.6839,15.6038
ISIC_4539674.png,0.0531,0.0647,0.8611,21.5673
ISIC_4540332.png,0.13,0.1686,0.6641,35.87
ISIC_4541530.png,0.2172,0.2278,0.6676,17.7082
ISIC_4544879.png,0.1149,0.1094,0.7368,15.8144
ISIC_4548632.png,0.1363,0.1246,0.6667,26.3245
ISIC_4548995.png,0.2823,0.447,0.5315,28.0722
ISIC_4552230.png,0.255,0.3245,0.7332,14.3309
ISIC_4553633.png,0.1969,0.1692,0.6383,38.752
ISIC_4554381.png,0.2936,0.2215,0.66,20.5307
ISIC_4554863.png,0.241,0.1925,0.7002,17.0528
ISIC_4559115.png,0.1501,0.1105,0.797,39.7907
ISIC_4563766.png,0.0802,0.0935,0.7674,55.2482
ISIC_4564163.png,0.1786,0.2406,0.721,25.9415
ISIC_4564960.png,0.173,0.2203,0.724,19.3914
ISIC_4566439.png,0.1797,0.1139,0.7312,35.0688
ISIC_4568084.png,0.134,0.12,0.7017,35.4793
ISIC_4568425.png,1.2475,0.4848,0.1215,2.5681
ISIC_4569077.png,0.1111,0.1013,0.6995,37.1933
ISIC_4570724.png,0.2019,0.1899,0.7092,24.7438
ISIC_4573624.png,0.3133,0.299,0.6418,18.7213
ISIC_4574865.png,0.171,0.2074,0.7105,20.9178
ISIC_4579262.png,0.1229,0.0884,0.7644,26.4715
ISIC_4580926.png,0.235,0.1328,0.7674,15.0143
ISIC_4582670.png,0.2444,0.2558,0.4975,36.458
ISIC_4587506.png,0.1387,0.1219,0.7642,22.8694
ISIC_4589609.png,0.33,0.291,0.5877,36.489
ISIC_4590810.png,0.1142,0.1548,0.8252,9.9512
ISIC_4591316.png,0.1088,0.1949,0.7582,25.7725
ISIC_4595741.png,0.2431,0.2256,0.5435,41.4976
ISIC_4596803.png,0.1249,0.0924,0.6292,40.6962
ISIC_4597707.png,0.2886,0.2749,0.6291,12.4611
ISIC_4601527.png,0.2395,0.2123,0.6322,19.7986
ISIC_4602691.png,0.1233,0.1272,0.8617,11.6256
ISIC_4603706.png,0.2189,0.348,0.6079,20.0702
ISIC_4604654.png,0.1921,0.2001,0.7869,17.5003
ISIC_4606646.png,0.1733,0.2655,0.7279,14.308
ISIC_4607215.png,0.0785,0.1321,0.7557,46.9897
ISIC_4610600.png,0.1229,0.1269,0.7927,31.8431
ISIC_4613437.png,0.1901,0.1338,0.7205,23.2211
ISIC_4614129.png,0.1748,0.1511,0.6969,26.1259
ISIC_4614604.png,0.1816,0.1727,0.7065,19.8573
ISIC_4619789.png,0.4119,0.3274,0.3488,18.7801
ISIC_4619903.png,0.3758,0.3005,0.5995,46.4827
ISIC_4620053.png,0.0977,0.0939,0.6975,23.6696
ISIC_4620425.png,0.1625,0.1222,0.7049,18.9549
ISIC_4623351.png,0.0776,0.1575,0.7891,39.3995
ISIC_4624973.png,0.0861,0.0778,0.77,44.747
ISIC_4629662.png,0.1464,0.1529,0.7076,10.0383
ISIC_4631711.png,0.0668,0.1818,0.7839,24.3758
ISIC_4632020.png,0.2082,0.2507,0.4159,38.1277
ISIC_4634128.png,0.2109,0.1132,0.7697,20.3142
ISIC_4640181.png,0.1074,0.1535,0.7458,17.2116
ISIC_4640293.png,0.1768,0.3146,0.6228,24.6831
ISIC_4641968.png,0.1909,0.102,0.7394,25.5016
ISIC_4642190.png,0.1935,0.1448,0.7962,13.0784
ISIC_4642695.png,0.0908,0.1098,0.6919,80.2082
ISIC_4643298.png,0.105,0.1237,0.6403,44.569
ISIC_4644299.png,0.2276,0.2136,0.3566,43.7616
ISIC_4645995.png,0.1246,0.1794,0.5855,15.7497
ISIC_4646228.png,0.0759,0.1092,0.8018,17.2817
ISIC_4646815.png,0.191,0.1442,0.6073,48.3785
ISIC_4648593.png,0.1666,0.1121,0.7752,26.6962
ISIC_4649440.png,0.0801,0.124,0.8067,34.7179
ISIC_4652186.png,0.1538,0.1755,0.6983,14.4596
ISIC_4653167.png,0.2824,0.2125,0.4572,46.5245
ISIC_4653503.png,0.0793,0.087,0.5084,59.5635
ISIC_4654443.png,0.2024,0.1302,0.7522,23.783
ISIC_4654965.png,1.0219,1.5007,0.0405,7.9866
ISIC_4658487.png,0.1937,0.3724,0.5672,24.9035
ISIC_4659355.png,0.6055,0.3779,0.3536,15.4867
ISIC_4663883.png,0.1612,0.1338,0.764,30.34
ISIC_4666619.png,0.1129,0.124,0.7075,29.046
ISIC_4672131.png,0.2772,0.2023,0.5648,35.9217
ISIC_4673648.png,0.1057,0.1199,0.692,46.548
ISIC_4678416.png,0.286,0.2868,0.6753,16.7303
ISIC_4679971.png,0.1509,0.0808,0.8023,17.4785
ISIC_4680417.png,0.2002,0.2435,0.5164,31.2381
ISIC_4684860.png,0.2451,0.2683,0.5395,37.737
ISIC_4686317.png,0.1766,0.1277,0.582,45.647
ISIC_4691689.png,0.2744,0.1158,0.6451,29.4206
ISIC_4691943.png,0.2994,0.2434,0.5822,26.0047
ISIC_4692454.png,0.1773,0.1169,0.7814,13.6896
ISIC_4692567.png,0.0943,0.1668,0.7884,27.0736
ISIC_4695051.png,0.1797,0.1567,0.6417,34.392
ISIC_4695396.png,0.2014,0.1294,0.7146,23.9025
ISIC_4697037.png,0.2081,0.1193,0.5887,24.2511
ISIC_4699066.png,0.157,0.1672,0.7085,35.3296
ISIC_4699989.png,0.1681,0.1375,0.6821,20.7382
ISIC_4701063.png,0.1196,0.1306,0.6844,24.4903
ISIC_4701900.png,0.1839,0.179,0.724,51.5824
ISIC_4702522.png,0.1317,0.2356,0.5366,46.2755
ISIC_4705662.png,0.1672,0.1139,0.7507,19.5272
ISIC_4707475.png,0.0961,0.0892,0.7322,25.7181
ISIC_4708642.png,0.1591,0.14,0.7461,18.7791
ISIC_4713698.png,0.1477,0.1192,0.7384,37.0257
ISIC_4715386.png,0.1623,0.4629,0.5332,26.142
ISIC_4718237.png,0.0896,0.1515,0.7127,27.7738
ISIC_4718313.png,0.0723,0.08,0.8226,23.1277
ISIC_4720306.png,0.1306,0.1315,0.7525,16.1112
ISIC_4721599.png,0.3971,0.3109,0.3337,23.2384
ISIC_4723378.png,0.1369,0.0941,0.6575,42.4955
ISIC_4724660.png,0.1837,0.281,0.6906,13.6435
ISIC_4728167.png,0.2095,0.3325,0.5299,14.2195
ISIC_4728200.png,0.0724,0.0729,0.7721,38.2608
ISIC_4728589.png,1.8039,1.6511,0.0106,2.9737
ISIC_4728968.png,0.1509,0.1379,0.655,48.9794
ISIC_4730066.png,1.3165,1.6441,0.0715,2.4806
ISIC_4730433.png,0.1664,0.144,0.6632,42.3945
ISIC_4731791.png,0.4824,0.3802,0.2499,20.2247
ISIC_4732241.png,0.1738,0.2538,0.5642,19.2081
ISIC_4732684.png,0.1983,0.18,0.6357,32.0506
ISIC_4734111.png,0.2347,0.1821,0.5947,23.0016
ISIC_4734950.png,0.1888,0.0849,0.7332,45.922
ISIC_4735959.png,0.1354,0.1157,0.6882,46.2695
ISIC_4738636.png,0.164,0.175,0.7457,14.4695
ISIC_4745475.png,0.1333,0.0931,0.7878,21.9799
ISIC_4746361.png,0.1276,0.2701,0.6966,7.9548
ISIC_4748605.png,1.4485,1.3504,0.0171,2.5116
ISIC_4750271.png,0.6364,0.6234,0.1567,2.5672
ISIC_4752144.png,0.2346,0.2391,0.7262,27.5147
ISIC_4756167.png,0.0991,0.1155,0.6973,20.5765
ISIC_4756979.png,0.0959,0.135,0.8433,13.8741
ISIC_4762702.png,0.2176,0.1459,0.6296,29.3063
ISIC_4764568.png,0.1759,0.1855,0.5955,18.5522
ISIC_4765919.png,1.7063,1.5848,0.1651,2.0391
ISIC_4768512.png,0.1669,0.1733,0.628,19.155
ISIC_4770073.png,0.4408,0.2172,0.5946,16.5255
ISIC_4771769.png,0.285,0.2852,0.4033,28.4557
ISIC_4777536.png,0.2053,0.1598,0.6178,43.2087
ISIC_4780541.png,0.2061,0.2723,0.7008,10.0062
ISIC_4780727.png,1.3497,1.7744,0.1285,3.7153
ISIC_4781169.png,0.0769,0.1017,0.7441,24.1261
ISIC_4781223.png,1.8734,1.7737,0.0128,2.5707
ISIC_4782878.png,0.1208,0.1265,0.6985,47.3347
ISIC_4786412.png,0.1587,0.1871,0.7406,22.8216
ISIC_4787403.png,0.1785,0.123,0.6802,31.0245
ISIC_4789377.png,0.2133,0.1679,0.566,15.7133
ISIC_4789784.png,0.0918,0.1369,0.7965,28.6118
ISIC_4791589.png,0.064,0.0796,0.6809,46.2716
ISIC_4793961.png,0.0954,0.1003,0.7508,49.4274
ISIC_4794052.png,0.2483,0.3001,0.5338,26.4539
ISIC_4796100.png,0.1536,0.1216,0.7436,16.325
ISIC_4798962.png,0.3548,0.2989,0.3555,23.3566
ISIC_4801737.png,0.1436,0.156,0.6979,22.1747
ISIC_4803943.png,0.2106,0.1156,0.6931,16.7558
ISIC_4804158.png,1.7559,1.5592,0.0109,3.8095
ISIC_4806829.png,0.1953,0.1745,0.5275,23.3937
ISIC_4808298.png,0.1169,0.1583,0.8167,24.8253
ISIC_4810142.png,1.2592,0.9676,0.1368,8.5328
ISIC_4810485.png,0.7288,0.5491,0.1553,2.5118
ISIC_4810500.png,0.1407,0.2563,0.7173,12.1838
ISIC_4811165.png,0.2365,0.2809,0.4877,43.1013
ISIC_4811593.png,0.1191,0.1752,0.7425,14.86
ISIC_4814912.png,0.1271,0.1065,0.6406,57.9481
ISIC_4819371.png,0.1192,0.0888,0.7348,38.3998
ISIC_4821309.png,0.2422,0.1496,0.6845,45.3926
ISIC_4826037.png,0.0992,0.1105,0.6877,34.663
ISIC_4826449.png,0.1785,0.2236,0.7499,32.7994
ISIC_4829706.png,0.1757,0.1245,0.6455,20.7814
ISIC_4834687.png,0.1648,0.1605,0.6353,42.8078
ISIC_4836699.png,0.2469,0.2632,0.5856,38.0344
ISIC_4837536.png,0.3446,0.1438,0.6937,17.0412
ISIC_4838916.png,0.1988,0.1256,0.6487,17.4731
ISIC_4842269.png,0.2816,0.3772,0.5852,30.6492
ISIC_4843102.png,0.1068,0.061,0.6731,31.2858
ISIC_4846741.png,0.1482,0.289,0.691,16.0813
ISIC_4847584.png,0.1858,0.2968,0.6555,33.6183
ISIC_4848047.png,0.1884,0.1093,0.7916,12.3938
ISIC_4850678.png,0.224,0.1445,0.6805,18.5263
ISIC_4851652.png,0.2241,0.314,0.5607,26.6621
ISIC_4853597.png,0.0826,0.2293,0.7755,31.3983
ISIC_4856536.png,0.1221,0.0904,0.7051,52.4051
ISIC_4863784.png,0.0776,0.094,0.7303,30.7616
ISIC_4864523.png,0.1929,0.3249,0.5291,13.7022
ISIC_4867043.png,0.2162,0.0888,0.7089,20.9892
ISIC_4868926.png,0.2106,0.2572,0.6983,10.6953
ISIC_4870676.png,0.1924,0.1638,0.6936,27.7023
ISIC_4871616.png,0.2568,0.2958,0.4799,23.1857
ISIC_4873045.png,0.122,0.1839,0.7526,27.0284
ISIC_4874581.png,0.2129,0.1308,0.53,25.5883
ISIC_4875370.png,0.2881,0.4482,0.36,30.0202
ISIC_4876193.png,0.1975,0.2826,0.6921,15.5498
ISIC_4876378.png,0.1388,0.1899,0.7466,25.2033
ISIC_4879187.png,0.2898,0.116,0.7203,35.9387
ISIC_4882123.png,0.2848,0.1942,0.7222,14.6201
ISIC_4882389.png,0.2163,0.1804,0.6045,33.4565
ISIC_4884394.png,0.1123,0.1391,0.7679,16.8927
ISIC_4884803.png,0.1455,0.1279,0.6335,36.2604
ISIC_4885444.png,0.3224,0.1595,0.6108,19.2963
ISIC_4887874.png,0.1876,0.3048,0.643,50.5207
ISIC_4887995.png,0.2367,0.2511,0.6509,15.3931
ISIC_4890201.png,0.0876,0.2718,0.674,22.202
ISIC_4894802.png,0.1729,0.2014,0.6872,12.7584
ISIC_4894929.png,0.4044,0.1232,0.6268,18.6251
ISIC_4897852.png,0.3342,0.2639,0.5709,12.1313
ISIC_4898865.png,0.1111,0.1109,0.5248,55.9889
ISIC_4899386.png,0.1443,0.2274,0.7271,16.0484
ISIC_4900077.png,0.2673,0.2996,0.5669,37.9556
ISIC_4903988.png,0.165,0.1476,0.7677,21.2835
ISIC_4906385.png,0.1398,0.1388,0.5401,30.0663
ISIC_4907595.png,0.2462,0.2731,0.657,10.223
ISIC_4911407.png,0.0883,0.142,0.7286,42.0862
ISIC_4912684.png,0.1684,0.1507,0.7054,22.0436
ISIC_4915897.png,0.2231,0.2412,0.6132,26.8546
ISIC_4916704.png,1.3641,1.3198,0.1555,2.3795
ISIC_4918571.png,0.1062,0.1181,0.7509,28.8918
ISIC_4921413.png,0.1629,0.1768,0.3768,46.1419
ISIC_4923095.png,0.3085,0.4432,0.3872,20.3023
ISIC_4924690.png,0.1788,0.2485,0.5663,40.0288
ISIC_4926448.png,0.1257,0.1429,0.7404,26.4491
ISIC_4926788.png,0.1386,0.1145,0.8327,20.2328
ISIC_4927943.png,0.1346,0.1199,0.7977,14.7225
ISIC_4930632.png,0.1271,0.0975,0.7809,22.631
ISIC_4933735.png,0.6726,0.8646,0.1871,9.9438
ISIC_4936610.png,0.151,0.1288,0.6876,44.0857
ISIC_4936662.png,0.1854,0.1851,0.6844,27.4272
ISIC_4938638.png,0.2738,0.1893,0.6279,26.19
ISIC_4938791.png,0.131,0.1655,0.7549,18.6238
ISIC_4938994.png,0.256,0.2117,0.6434,23.8197
ISIC_4943797.png,0.148,0.1097,0.7023,30.0698
ISIC_4945233.png,0.1681,0.255,0.7457,13.3999
ISIC_4949672.png,0.4042,0.3267,0.5214,19.7419
ISIC_4950467.png,0.1675,0.096,0.67,43.892
ISIC_4951035.png,0.1426,0.1369,0.8118,13.3193
ISIC_4951213.png,0.2718,0.2848,0.7374,10.2112
ISIC_4955457.png,0.3319,0.1831,0.5324,12.3507
ISIC_4956965.png,0.201,0.1586,0.737,14.4736
ISIC_4957216.png,0.2281,0.149,0.6238,25.6148
ISIC_4957315.png,0.1319,0.1191,0.6902,44.4835
ISIC_4958006.png,0.1952,0.1597,0.6474,16.1302
ISIC_4958578.png,0.2597,0.3172,0.6202,24.7823
ISIC_4960406.png,0.1017,0.094,0.7322,53.1864
ISIC_4960784.png,0.1882,0.3213,0.6075,14.8275
ISIC_4961708.png,0.1565,0.1392,0.7036,21.9792
ISIC_4964478.png,0.2567,0.2549,0.7276,30.3337
ISIC_4965832.png,0.1594,0.1873,0.7282,20.5717
ISIC_4966148.png,0.1242,0.2549,0.5925,24.8575
ISIC_4966865.png,0.2132,0.1933,0.4911,14.0532
ISIC_4967639.png,0.1202,0.1016,0.6813,44.5859
ISIC_4969996.png,0.0941,0.0898,0.7594,36.8193
ISIC_4973549.png,0.2712,0.2444,0.6687,14.1522
ISIC_4973666.png,0.1178,0.2307,0.7714,11.0149
ISIC_4974868.png,0.0718,0.2428,0.7402,35.3837
ISIC_4976189.png,0.2051,0.3632,0.6404,22.6812
ISIC_4978039.png,0.183,0.2177,0.7412,18.5775
ISIC_4978697.png,0.1465,0.1771,0.6503,18.1814
ISIC_4980079.png,0.3794,0.2689,0.5746,15.4842
ISIC_4980328.png,0.2945,0.2434,0.6211,24.8291
ISIC_4980656.png,0.7641,0.5983,0.0665,17.4303
ISIC_4981135.png,0.23,0.1714,0.7236,22.1259
ISIC_4984668.png,0.2005,0.1815,0.6693,35.2155
ISIC_4985027.png,1.7121,1.7894,0.007,2.7533
ISIC_4998826.png,0.2804,0.2239,0.6832,18.4912
ISIC_5005253.png,0.1864,0.2169,0.6141,20.8046
ISIC_5005869.png,0.1899,0.206,0.634,40.2213
ISIC_5005961.png,0.1643,0.1859,0.5905,24.6312
ISIC_5008399.png,0.2234,0.147,0.7697,18.82
ISIC_5010212.png,0.2188,0.168,0.5525,29.0234
ISIC_5011583.png,0.1061,0.1007,0.7623,26.6119
ISIC_5015378.png,0.0846,0.0904,0.7309,25.8184
ISIC_5017874.png,0.4523,0.3224,0.3435,26.0981
ISIC_5021861.png,0.1364,0.1378,0.7218,38.9391
ISIC_5022895.png,0.132,0.2335,0.3825,2.2579
ISIC_5026709.png,0.156,0.5329,0.5093,33.0056
ISIC_5028203.png,0.0955,0.1025,0.7552,31.8266
ISIC_5029636.png,0.4087,0.3736,0.4948,14.9178
ISIC_5031549.png,0.1399,0.1379,0.7423,18.2521
ISIC_5037784.png,0.2095,0.1499,0.6531,50.7668
ISIC_5039396.png,0.1694,0.179,0.6748,24.3448
ISIC_5039895.png,0.089,0.1059,0.7235,24.2496
ISIC_5041679.png,0.1688,0.1081,0.7946,23.4226
ISIC_5044438.png,0.1193,0.0719,0.772,42.3362
ISIC_5046082.png,0.0888,0.1525,0.7176,75.7357
ISIC_5046340.png,0.1566,0.1242,0.7453,40.7473
ISIC_5048124.png,0.1072,0.1069,0.6531,49.3181
ISIC_5048571.png,0.1506,0.2087,0.6639,23.0733
ISIC_5049165.png,0.1438,0.1601,0.7592,9.2266
ISIC_5049365.png,0.1123,0.1881,0.7478,28.8862
ISIC_5055871.png,0.1861,0.1914,0.692,28.6484
ISIC_5059476.png,0.1665,0.2308,0.7083,17.3312
ISIC_5063476.png,0.5595,0.1642,0.1719,2.662
ISIC_5065245.png,0.1015,0.0993,0.7682,36.2945
ISIC_5065360.png,0.2574,0.1978,0.6065,27.6748
ISIC_5067317.png,0.1588,0.2766,0.7077,27.2746
ISIC_5071555.png,0.2046,0.1612,0.6996,13.1755
ISIC_5073160.png,0.0962,0.1029,0.7008,45.1996
ISIC_5081382.png,0.1793,0.1665,0.7112,33.3979
ISIC_5082596.png,0.3676,0.7168,0.3003,9.736
ISIC_5087951.png,0.1493,0.1563,0.7377,13.9468
ISIC_5091996.png,0.1586,0.1586,0.8238,6.9321
ISIC_5092834.png,0.1401,0.1279,0.7768,27.1211
ISIC_5097947.png,0.1168,0.0945,0.7233,36.1812
ISIC_5098778.png,0.1025,0.0992,0.6012,46.323
ISIC_5099569.png,0.0888,0.1662,0.7275,25.614
ISIC_5100319.png,0.3768,0.214,0.6281,21.8315
ISIC_5101111.png,0.1056,0.1099,0.8048,20.1047
ISIC_5102688.png,0.0963,0.1002,0.7153,27.5389
ISIC_5104731.png,0.1406,0.129,0.7321,28.0551
ISIC_5108076.png,0.1184,0.1534,0.755,14.5722
ISIC_5110133.png,0.2428,0.1417,0.7306,22.7748
ISIC_5110505.png,0.0877,0.0952,0.7669,32.6576
ISIC_5111521.png,0.1187,0.2091,0.7011,55.3313
ISIC_5116614.png,0.089,0.1224,0.8139,18.0355
ISIC_5122042.png,0.0748,0.1014,0.7421,18.3769
ISIC_5122220.png,0.0984,0.1215,0.7521,38.4201
ISIC_5123817.png,0.1692,0.1763,0.6507,9.1506
ISIC_5126638.png,0.2959,0.3397,0.4768,17.5561
ISIC_5127759.png,0.0983,0.1691,0.7067,20.1737
ISIC_5132214.png,0.2355,0.2177,0.5234,26.5541
ISIC_5140952.png,0.0848,0.1115,0.8682,15.2112
ISIC_5141844.png,0.1996,0.2056,0.6425,19.9291
ISIC_5147292.png,0.0845,0.106,0.7591,34.4698
ISIC_5148474.png,0.2077,0.2544,0.6627,23.5526
ISIC_5149162.png,0.1475,0.1353,0.6197,35.3634
ISIC_5150200.png,0.1687,0.1282,0.667,31.1633
ISIC_5150938.png,0.1124,0.1546,0.6576,17.6045
ISIC_5152000.png,0.2149,0.2858,0.7586,15.7442
ISIC_5152859.png,0.3398,0.3455,0.3292,16.3544
ISIC_5153848.png,0.1507,0.225,0.6477,19.6788
ISIC_5156491.png,0.333,0.379,0.3873,28.8485
ISIC_5157775.png,0.1791,0.1699,0.7807,15.4171
ISIC_5157799.png,0.1617,0.1483,0.6793,44.3071
ISIC_5164416.png,0.0873,0.1426,0.6424,43.4356
ISIC_5166636.png,0.0926,0.0719,0.7191,38.1438
ISIC_5167209.png,0.0782,0.0808,0.8129,26.2315
ISIC_5170766.png,0.2138,0.123,0.7438,15.0257
ISIC_5174685.png,0.09,0.101,0.7478,47.2837
ISIC_5176419.png,0.1031,0.0972,0.7261,35.1422
ISIC_5178031.png,0.1296,0.1414,0.7712,18.5968
ISIC_5179503.png,0.1507,0.1423,0.6178,23.4252
ISIC_5179620.png,0.2398,0.1827,0.6606,21.2308
ISIC_5179884.png,0.1502,0.0976,0.7562,24.4615
ISIC_5181177.png,0.1728,0.0938,0.7196,24.5099
ISIC_5182148.png,0.1598,0.1029,0.675,20.1517
ISIC_5190484.png,0.1335,0.3432,0.5968,26.9495
ISIC_5190920.png,0.1994,0.2378,0.6675,22.3463
ISIC_5191344.png,0.3217,0.4703,0.4873,34.2675
ISIC_5194331.png,0.0876,0.1118,0.7558,59.5847
ISIC_5194705.png,0.2085,0.2388,0.6734,27.1623
ISIC_5198780.png,0.1841,0.0993,0.7385,56.2413
ISIC_5202231.png,0.1826,0.188,0.5855,34.6309
ISIC_5203791.png,0.144,0.1419,0.6563,35.7916
ISIC_5204408.png,0.3309,0.2688,0.5814,22.6767
ISIC_5204796.png,0.2404,0.1551,0.4088,49.2515
ISIC_5206218.png,0.3504,0.2589,0.5649,18.317
ISIC_5207050.png,0.1552,0.2361,0.5955,25.4315
ISIC_5213829.png,0.1762,0.2821,0.6889,13.5863
ISIC_5216586.png,0.5611,0.3855,0.2983,34.6992
ISIC_5218530.png,0.1079,0.1255,0.7109,39.199
ISIC_5218773.png,0.1348,0.108,0.6107,46.0562
ISIC_5219334.png,0.085,0.0748,0.6934,47.2877
ISIC_5220698.png,1.2765,0.9352,0.2835,2.3557
ISIC_5221917.png,0.1326,0.1722,0.811,16.1159
ISIC_5223096.png,0.9731,0.8397,0.1322,14.3936
ISIC_5223280.png,0.2155,0.1458,0.6862,35.9072
ISIC_5226353.png,0.1502,0.128,0.704,16.8867
ISIC_5226371.png,0.156,0.2687,0.5669,11.5852
ISIC_5229861.png,0.1862,0.208,0.7072,34.5199
ISIC_5230371.png,0.1852,0.1855,0.631,24.1677
ISIC_5231145.png,0.187,0.1792,0.6037,36.1555
ISIC_5233226.png,0.191,0.1833,0.7462,23.3373
ISIC_5233769.png,0.1978,0.149,0.6928,14.0624
ISIC_5234605.png,0.1451,0.1526,0.7144,36.3204
ISIC_5237059.png,0.341,0.1637,0.6905,24.2242
ISIC_5238111.png,0.1812,0.2397,0.6472,20.0652
ISIC_5238649.png,0.0796,0.0966,0.6654,28.4789
ISIC_5239607.png,0.1188,0.0955,0.6551,35.4363
ISIC_5239856.png,0.1306,0.1949,0.7156,45.1899
ISIC_5240387.png,0.3076,0.1974,0.5812,33.6956
ISIC_5240648.png,0.1456,0.1054,0.7691,36.188
ISIC_5242216.png,0.1866,0.1428,0.7231,18.3853
ISIC_5247383.png,0.2324,0.1664,0.7604,25.976
ISIC_5247508.png,0.1489,0.2801,0.6345,47.8031
ISIC_5247560.png,0.3636,0.3037,0.2614,21.8053
ISIC_5248948.png,0.1254,0.1677,0.7609,21.9368
ISIC_5258657.png,0.374,0.2966,0.2857,28.2387
ISIC_5261146.png,0.5571,0.354,0.3397,13.0623
ISIC_5267208.png,0.474,0.4882,0.2808,18.0036
ISIC_5272345.png,0.2408,0.2213,0.7116,23.8262
ISIC_5272837.png,0.0997,0.1543,0.6979,23.2122
ISIC_5273029.png,0.2144,0.2181,0.4468,37.6513
ISIC_5275138.png,0.23,0.2155,0.5304,21.1179
ISIC_5278307.png,0.1227,0.3819,0.6486,20.9764
ISIC_5281485.png,0.2705,0.2784,0.6184,46.0213
ISIC_5281576.png,0.3238,0.2416,0.6445,19.8249
ISIC_5281762.png,0.1506,0.1061,0.6844,24.1194
ISIC_5281908.png,0.1056,0.1063,0.6561,49.1055
ISIC_5282642.png,0.1281,0.147,0.5841,35.6475
ISIC_5284935.png,0.1076,0.3066,0.705,27.6333
ISIC_5287679.png,0.159,0.1624,0.7267,14.1341
ISIC_5287748.png,0.0757,0.0866,0.7124,26.7076
ISIC_5288404.png,0.2071,0.1995,0.788,11.2949
ISIC_5290521.png,0.483,0.1963,0.4147,26.5779
ISIC_5294540.png,0.105,0.0773,0.5926,63.7209
ISIC_5296963.png,1.126,0.5017,0.1098,2.5397
ISIC_5297660.png,0.3858,0.4367,0.3729,13.3464
ISIC_5298216.png,0.0784,0.1067,0.7298,60.838
ISIC_5298608.png,0.455,0.5419,0.3193,38.1565
ISIC_5300774.png,0.2119,0.1564,0.4869,26.4047
ISIC_5301938.png,0.1148,0.1638,0.6681,59.7449
ISIC_5305288.png,0.135,0.1587,0.7476,22.1903
ISIC_5306427.png,0.2217,0.2386,0.6231,24.2526
ISIC_5307086.png,0.1545,0.1725,0.6466,32.5778
ISIC_5307210.png,0.1776,0.2058,0.6923,15.0791
ISIC_5308066.png,0.1994,0.3112,0.6558,26.0525
ISIC_5309572.png,0.1085,0.3163,0.6196,21.0749
ISIC_5309814.png,0.1554,0.226,0.7384,22.9146
ISIC_5312584.png,0.1397,0.1244,0.7841,20.0036
ISIC_5312710.png,0.0572,0.0549,0.8078,53.4867
ISIC_5313574.png,0.1464,0.2677,0.598,40.8766
ISIC_5315062.png,0.5614,0.2955,0.3565,22.0725
ISIC_5315125.png,0.113,0.1188,0.8125,19.8445
ISIC_5315486.png,0.0949,0.3094,0.6537,19.1992
ISIC_5316803.png,0.1564,0.247,0.5602,50.7695
ISIC_5318217.png,0.1154,0.1524,0.6871,28.06
ISIC_5320483.png,0.1753,0.1555,0.7102,16.701
ISIC_5323725.png,0.1605,0.165,0.5538,27.1987
ISIC_5324623.png,0.2694,0.2269,0.5771,25.4952
ISIC_5324987.png,0.1456,0.1639,0.7025,18.5884
ISIC_5325805.png,0.243,0.3703,0.3815,32.556
ISIC_5327271.png,0.2735,0.1989,0.4897,34.4385
ISIC_5330187.png,0.3277,0.3638,0.3932,14.7756
ISIC_5333058.png,0.146,0.1471,0.718,32.2996
ISIC_5335139.png,0.2778,0.1944,0.476,2.132
ISIC_5336007.png,0.0728,0.3112,0.6912,22.4159
ISIC_5336548.png,0.3977,0.1789,0.6119,17.7932
ISIC_5338721.png,0.0585,0.1262,0.7736,45.5606
ISIC_5343231.png,0.1276,0.1095,0.781,18.6909
ISIC_5347727.png,0.2205,0.2587,0.6335,29.0245
ISIC_5347806.png,0.2074,0.1329,0.7866,44.9484
ISIC_5352684.png,0.1712,0.1702,0.7578,26.2853
ISIC_5353986.png,0.9388,0.3629,0.3476,13.2265
ISIC_5354202.png,1.9005,1.2749,0.0337,2.3053
ISIC_5354827.png,0.2375,0.4456,0.4816,28.5253
ISIC_5355302.png,1.4449,0.7833,0.1406,2.2087
ISIC_5356775.png,0.0844,0.1314,0.8106,24.0052
ISIC_5357288.png,0.1943,0.1833,0.6445,37.6045
ISIC_5358548.png,0.117,0.132,0.7085,21.3569
ISIC_5358568.png,0.6582,0.2278,0.1608,2.647
ISIC_5359416.png,0.1498,0.121,0.7487,22.2088
ISIC_5360921.png,0.0834,0.1085,0.7527,39.3634
ISIC_5361404.png,0.1838,0.1744,0.7574,23.0779
ISIC_5362038.png,0.1183,0.1164,0.8099,19.9609
ISIC_5362869.png,0.0599,0.1057,0.7081,23.8897
ISIC_5363229.png,0.1257,0.1141,0.6838,40.0689
ISIC_5364330.png,0.1529,0.1471,0.7499,58.7193
ISIC_5366657.png,0.3313,0.2309,0.694,19.2858
ISIC_5367118.png,0.1699,0.3345,0.6321,9.5762
ISIC_5369000.png,0.1432,0.2633,0.7471,4.8368
ISIC_5370803.png,0.5496,0.4501,0.584,21.1625
ISIC_5376036.png,0.1803,0.1545,0.6387,26.8874
ISIC_5377237.png,0.0877,0.1911,0.7268,28.2722
ISIC_5377693.png,0.1296,0.1746,0.6695,15.3252
ISIC_5377977.png,0.1507,0.1679,0.6655,30.4209
ISIC_5381712.png,0.1536,0.1616,0.6666,18.3751
ISIC_5382189.png,0.0665,0.1241,0.8245,29.216
ISIC_5383064.png,0.2767,0.1882,0.5176,33.6391
ISIC_5385528.png,0.0569,0.0667,0.8224,27.5934
ISIC_5386244.png,0.158,0.1445,0.7763,15.2167
ISIC_5388485.png,0.1972,0.3448,0.666,17.3245
ISIC_5388493.png,0.1556,0.1229,0.4846,53.8158
ISIC_5390932.png,0.216,0.1155,0.7741,16.7261
ISIC_5391190.png,0.2164,0.2282,0.6006,14.2873
ISIC_5391758.png,0.1912,0.3353,0.6442,37.2404
ISIC_5392118.png,0.107,0.1175,0.7792,16.6572
ISIC_5393367.png,0.1147,0.1001,0.6858,13.6975
ISIC_5396394.png,0.3314,0.3008,0.5495,42.1375
ISIC_5397483.png,0.1985,0.1591,0.7705,28.8778
ISIC_5397818.png,0.0629,0.1311,0.7856,23.0678
ISIC_5400609.png,0.2751,0.3727,0.6657,22.4313
ISIC_5403296.png,0.1666,0.1821,0.5176,16.6872
ISIC_5404908.png,0.4323,0.4493,0.4219,22.0533
ISIC_5405889.png,0.1658,0.1867,0.6421,16.9175
ISIC_5406677.png,0.3297,0.1132,0.6286,33.5142
ISIC_5409902.png,0.1955,0.234,0.5601,27.9073
ISIC_5410481.png,0.3513,0.3124,0.2654,30.6683
ISIC_5413788.png,0.1305,0.0901,0.8392,17.0309
ISIC_5414609.png,0.1854,0.1802,0.7663,19.2039
ISIC_5415749.png,1.4086,1.5636,0.0149,6.0688
ISIC_5415761.png,0.149,0.1032,0.523,66.9457
ISIC_5416978.png,0.2308,0.3081,0.6867,16.4214
ISIC_5420979.png,0.0984,0.1118,0.7104,22.9929
ISIC_5422432.png,0.1137,0.1473,0.7543,35.3456
ISIC_5422940.png,1.2122,1.3004,0.0169,5.2783
ISIC_5423896.png,0.2115,0.1902,0.7707,23.0434
ISIC_5425721.png,0.3095,0.1429,0.5047,2.3839
ISIC_5426854.png,0.3282,0.1958,0.6022,15.1343
ISIC_5433087.png,0.4556,0.2403,0.603,15.1201
ISIC_5434055.png,0.0972,0.0795,0.7585,31.5256
ISIC_5434229.png,0.2623,0.4623,0.3776,20.8608
ISIC_5437785.png,0.162,0.1091,0.6035,35.9963
ISIC_5438156.png,0.0725,0.1185,0.7328,36.8372
ISIC_5439597.png,1.6684,1.8066,0.0065,2.6644
ISIC_5441247.png,0.286,0.3368,0.4931,15.2932
ISIC_5442578.png,0.1147,0.1729,0.7482,34.1125
ISIC_5442834.png,0.3747,0.189,0.6671,40.1522
ISIC_5443837.png,0.3048,0.1506,0.6187,20.2562
ISIC_5449076.png,1.1741,0.535,0.1667,2.5181
ISIC_5454766.png,0.1965,0.2348,0.6651,39.4197
ISIC_5457229.png,0.5304,0.3565,0.2178,2.6217
ISIC_5457889.png,0.0891,0.1419,0.8034,16.6892
ISIC_5458290.png,0.2231,0.1633,0.7447,22.899
ISIC_5458933.png,0.0817,0.1881,0.686,28.8902
ISIC_5459256.png,1.9392,1.8778,0.0371,4.4309
ISIC_5468164.png,0.1203,0.1871,0.7428,15.7273
ISIC_5476277.png,0.1845,0.2055,0.6751,31.9211
ISIC_5476463.png,0.091,0.0955,0.7312,36.6153
ISIC_5476770.png,1.5083,1.5287,0.0198,3.3787
ISIC_5481211.png,0.1952,0.2256,0.5811,37.5581
ISIC_5482426.png,1.2567,1.1357,0.0138,6.3683
ISIC_5482805.png,0.3519,0.3469,0.5097,13.6387
ISIC_5483119.png,0.3118,0.4151,0.5996,20.5675
ISIC_5484086.png,0.1514,0.1307,0.6623,20.7078
ISIC_5484776.png,0.0989,0.1029,0.7327,24.0137
ISIC_5485661.png,0.239,0.1924,0.6478,29.5189
ISIC_5485674.png,0.0824,0.2539,0.7695,20.6143
ISIC_5486460.png,0.1152,0.1705,0.6374,23.5599
ISIC_5486725.png,0.5601,0.7227,0.219,16.0693
ISIC_5490257.png,0.2771,0.298,0.5671,20.1331
ISIC_5490352.png,0.1105,0.1028,0.7948,31.0538
ISIC_5491641.png,0.2276,0.3493,0.5944,17.3689
ISIC_5495413.png,0.1283,0.1646,0.7844,22.6219
ISIC_5498202.png,1.6404,1.7329,0.0138,3.8928
ISIC_5498651.png,0.104,0.1856,0.6762,37.2063
ISIC_5499139.png,0.1563,0.1297,0.6695,26.6393
ISIC_5501183.png,0.1866,0.1532,0.6372,31.8077
ISIC_5501795.png,0.159,0.1604,0.6212,37.2164
ISIC_5502342.png,0.3163,0.1419,0.666,17.5585
ISIC_5503634.png,0.1851,0.1822,0.6781,48.6848
ISIC_5504286.png,0.261,0.2682,0.6466,16.6352
ISIC_5504560.png,0.1519,0.1752,0.7447,21.4346
ISIC_5507066.png,0.3554,0.2484,0.6421,23.5199
ISIC_5508076.png,0.2748,0.2756,0.5803,51.0031
ISIC_5509212.png,0.3819,0.3477,0.6632,13.1674
ISIC_5509946.png,0.095,0.1901,0.704,14.0147
ISIC_5510604.png,0.0974,0.1116,0.6802,30.0404
ISIC_5514594.png,0.2017,0.2162,0.6304,28.1808
ISIC_5518557.png,0.1122,0.1611,0.6598,19.3193
ISIC_5518595.png,0.1635,0.0572,0.7236,50.4104
ISIC_5519357.png,0.1322,0.1702,0.7539,16.2448
ISIC_5520533.png,0.1554,0.1741,0.7681,24.3055
ISIC_5525765.png,0.1174,0.16,0.7543,11.8808
ISIC_5526879.png,0.2127,0.1911,0.7399,14.9395
ISIC_5527224.png,0.4128,0.3807,0.4451,24.9045
ISIC_5527447.png,0.1778,0.1544,0.7449,44.7738
ISIC_5529924.png,0.0777,0.0696,0.8157,26.3749
ISIC_5530598.png,0.2185,0.2226,0.7567,15.2335
ISIC_5536710.png,0.2229,0.207,0.7324,16.0225
ISIC_5537876.png,1.896,1.8758,0.0314,2.971
ISIC_5538169.png,0.1138,0.2064,0.7429,7.5919
ISIC_5539001.png,0.2792,0.3373,0.4398,25.7628
ISIC_5545874.png,0.1651,0.222,0.6689,38.7861
ISIC_5546488.png,0.1871,0.2077,0.6944,22.9548
ISIC_5546806.png,0.0839,0.0746,0.692,58.5073
ISIC_5547318.png,0.1971,0.3351,0.6544,13.9492
ISIC_5548914.png,0.1943,0.0769,0.679,24.6882
ISIC_5550263.png,0.1602,0.1593,0.5532,43.5709
ISIC_5552066.png,0.2186,0.1938,0.6599,33.8531
ISIC_5552381.png,0.1882,0.1629,0.6983,35.7027
ISIC_5555140.png,0.0998,0.13,0.6913,52.3333
ISIC_5555700.png,0.1657,0.1566,0.7498,22.7611
ISIC_5557025.png,0.291,0.1211,0.7036,14.9183
ISIC_5557806.png,0.3035,0.2796,0.5439,28.0941
ISIC_5559165.png,0.1401,0.1195,0.7412,37.6558
ISIC_5559730.png,0.094,0.1416,0.76,20.6711
ISIC_5563553.png,0.2239,0.242,0.6257,39.4215
ISIC_5564757.png,0.1675,0.1355,0.6767,26.3737
ISIC_5565517.png,0.0929,0.1245,0.6965,40.0838
ISIC_5566396.png,0.1077,0.2433,0.8073,11.5427
ISIC_5568525.png,0.1468,0.1582,0.7032,15.1198
ISIC_5568834.png,0.1929,0.136,0.7426,35.2173
ISIC_5569091.png,0.113,0.2582,0.7139,18.1665
ISIC_5569568.png,0.4975,0.2599,0.4831,16.048
ISIC_5573566.png,0.1403,0.2265,0.6325,23.8952
ISIC_5576250.png,0.1308,0.1229,0.6703,19.927
ISIC_5576354.png,0.1866,0.3713,0.523,48.5494
ISIC_5578239.png,0.316,0.1597,0.7524,11.5267
ISIC_5578611.png,0.1792,0.1901,0.7315,18.2706
ISIC_5580000.png,0.1365,0.2808,0.7033,36.1465
ISIC_5581297.png,0.1182,0.1481,0.6558,35.1345
ISIC_5581931.png,0.301,0.3722,0.2228,28.6121
ISIC_5581936.png,0.1478,0.1031,0.7734,26.9413
ISIC_5583159.png,0.1397,0.2588,0.7896,11.4006
ISIC_5584185.png,0.2422,0.137,0.755,13.8014
ISIC_5585279.png,0.3072,0.237,0.5767,30.9587
ISIC_5586765.png,0.2299,0.2178,0.6967,13.2836
ISIC_5588968.png,0.2157,0.1136,0.6894,25.2928
ISIC_5591622.png,0.0963,0.1586,0.6728,29.6943
ISIC_5595054.png,0.0563,0.117,0.8091,34.6158
ISIC_5599298.png,0.2253,0.183,0.7564,16.3202
ISIC_5602724.png,0.1568,0.1231,0.7245,12.2938
ISIC_5602826.png,0.3721,0.6133,0.3711,20.9839
ISIC_5607452.png,0.1674,0.145,0.7022,17.6806
ISIC_5607702.png,0.1182,0.1054,0.7095,26.6735
ISIC_5608998.png,0.2197,0.2275,0.6924,17.3608
ISIC_5610222.png,0.2616,0.5083,0.5539,17.1482
ISIC_5611010.png,0.0993,0.115,0.6941,35.4696
ISIC_5611104.png,0.1612,0.2086,0.7307,14.9604
ISIC_5611515.png,0.2137,0.1427,0.7109,35.8095
ISIC_5614300.png,0.3207,0.3325,0.3723,24.1967
ISIC_5614446.png,0.2566,0.1783,0.5882,50.9449
ISIC_5615694.png,0.1187,0.0871,0.7159,27.1663
ISIC_5616806.png,0.1021,0.1307,0.7198,29.2104
ISIC_5619654.png,0.3605,0.277,0.1831,2.5849
ISIC_5620802.png,1.1614,0.9285,0.1463,2.4488
ISIC_5622348.png,0.1386,0.1959,0.7591,13.249
ISIC_5623844.png,0.2631,0.2719,0.5172,26.0723
ISIC_5623973.png,0.3093,0.1387,0.6053,48.5938
ISIC_5624273.png,0.1659,0.1547,0.6966,29.0371
ISIC_5625747.png,0.0696,0.1046,0.8024,25.8024
ISIC_5628615.png,0.1928,0.1996,0.6908,21.9248
ISIC_5629390.png,0.333,0.1423,0.7141,17.631
ISIC_5634573.png,0.2179,0.2613,0.754,9.769
ISIC_5641619.png,0.5062,0.3363,0.1794,2.6447
ISIC_5642824.png,0.4571,0.6477,0.2006,15.0345
ISIC_5644242.png,0.1925,0.138,0.7242,18.8367
ISIC_5646706.png,0.113,0.1106,0.8015,22.8028
ISIC_5647554.png,0.3126,0.2291,0.6732,17.1824
ISIC_5647697.png,0.1046,0.0761,0.8401,14.7741
ISIC_5648111.png,0.1504,0.1092,0.7469,17.4305
ISIC_5650816.png,0.5761,0.3825,0.3674,24.7707
ISIC_5651106.png,0.1345,0.1437,0.6933,12.7449
ISIC_5652135.png,0.1213,0.2686,0.6877,19.009
ISIC_5656921.png,0.1351,0.2074,0.7188,23.1041
ISIC_5658900.png,0.1371,0.1877,0.5483,25.7654
ISIC_5659295.png,0.0961,0.1652,0.6805,45.8067
ISIC_5662381.png,0.2378,0.1705,0.6478,35.1665
ISIC_5666345.png,0.2202,0.197,0.6339,23.1921
ISIC_5671175.png,0.1827,0.1631,0.575,41.4428
ISIC_5673859.png,0.092,0.2271,0.7286,33.3455
ISIC_5673994.png,0.1541,0.13,0.6386,61.019
ISIC_5674396.png,0.1811,0.1934,0.6528,20.2759
ISIC_5675703.png,0.1625,0.2774,0.5452,40.4058
ISIC_5679004.png,0.1805,0.2999,0.6691,18.8115
ISIC_5679942.png,0.3516,0.3119,0.6606,12.1695
ISIC_5682259.png,0.2152,0.1626,0.6891,22.0485
ISIC_5688950.png,0.1582,0.183,0.7121,14.5566
ISIC_5697228.png,0.1356,0.1191,0.711,34.3031
ISIC_5699175.png,0.098,0.1068,0.7559,24.7943
ISIC_5702591.png,1.3213,0.473,0.1177,2.5083
ISIC_5703909.png,1.9412,1.7266,0.0246,2.5738
ISIC_5705973.png,0.1715,0.1524,0.6407,22.6554
ISIC_5706192.png,0.2148,0.1072,0.5744,27.1223
ISIC_5706908.png,0.0906,0.1853,0.7543,26.6198
ISIC_5706956.png,0.2857,0.2743,0.8056,4.4902
ISIC_5707761.png,0.115,0.1507,0.6247,19.9367
ISIC_5709247.png,0.3168,0.1399,0.7429,14.6315
ISIC_5709878.png,0.1574,0.1619,0.6287,27.2744
ISIC_5714285.png,0.2311,0.1963,0.7042,14.5826
ISIC_5714411.png,0.3781,1.0145,0.3704,41.3642
ISIC_5716385.png,0.2078,0.234,0.6255,20.4189
ISIC_5717433.png,0.1391,0.1738,0.6936,17.4355
ISIC_5718805.png,0.1687,0.2487,0.6773,20.5933
ISIC_5721110.png,0.1194,0.1565,0.7669,26.9221
ISIC_5721677.png,0.2943,0.2287,0.6383,18.5686
ISIC_5722914.png,0.1067,0.104,0.7337,20.7392
ISIC_5729818.png,0.2057,0.2071,0.7455,12.9079
ISIC_5732201.png,0.1049,0.1813,0.7495,34.4257
ISIC_5732374.png,0.1052,0.1002,0.7767,25.0126
ISIC_5732487.png,0.097,0.1461,0.7686,25.7998
ISIC_5736292.png,0.3428,0.2496,0.6214,13.8968
ISIC_5736624.png,0.1259,0.1563,0.8094,12.8085
ISIC_5736979.png,0.2476,0.281,0.6077,21.0592
ISIC_5737704.png,0.1958,0.2019,0.4602,34.3526
ISIC_5738369.png,0.163,0.125,0.7066,33.5756
ISIC_5744196.png,0.2622,0.2354,0.6514,12.8205
ISIC_5746904.png,0.4062,0.1941,0.6554,22.0304
ISIC_5747486.png,0.2637,0.2574,0.4939,39.5805
ISIC_5747942.png,0.5152,0.2424,0.1826,2.5743
ISIC_5751956.png,0.1017,0.2953,0.7539,12.8555
ISIC_5754023.png,0.1298,0.197,0.6377,26.8115
ISIC_5754070.png,0.195,0.1092,0.6642,50.2058
ISIC_5754233.png,0.1639,0.1201,0.5368,29.054
ISIC_5755836.png,0.1682,0.1085,0.7589,20.5832
ISIC_5758316.png,0.0878,0.1172,0.769,25.9092
ISIC_5762714.png,0.301,0.2711,0.6366,17.2575
ISIC_5765854.png,0.2045,0.2565,0.7056,18.3802
ISIC_5768032.png,0.2175,0.1581,0.7506,18.5782
ISIC_5768602.png,0.1848,0.1727,0.584,36.4259
ISIC_5768749.png,0.1771,0.2548,0.5345,31.1222
ISIC_5769654.png,0.4337,0.4105,0.5779,33.1194
ISIC_5771106.png,0.263,0.2519,0.6543,29.4167
ISIC_5772144.png,0.1379,0.1798,0.758,21.3841
ISIC_5772938.png,0.1173,0.1321,0.7283,44.8955
ISIC_5776158.png,0.1872,0.12,0.7268,14.5059
ISIC_5777181.png,1.6922,1.7619,0.0101,2.751
ISIC_5777697.png,0.0979,0.0903,0.7921,37.323
ISIC_5778927.png,0.1983,0.1971,0.7159,13.6506
ISIC_5783440.png,0.2858,0.0722,0.7137,26.8783
ISIC_5785408.png,0.0813,0.0493,0.666,77.5497
ISIC_5787312.png,0.3351,0.253,0.6423,14.3303
ISIC_5787517.png,0.2604,0.2582,0.4648,50.1811
ISIC_5789052.png,1.6432,1.8144,0.0126,5.1403
ISIC_5789263.png,0.2131,0.2619,0.6746,12.7023
ISIC_5789994.png,0.2034,0.2406,0.6116,15.7982
ISIC_5790319.png,0.1927,0.2213,0.4903,52.6116
ISIC_5791954.png,0.1627,0.2368,0.6593,17.9818
ISIC_5793600.png,0.0954,0.1054,0.8705,8.9058
ISIC_5795486.png,0.2744,0.1905,0.672,11.6224
ISIC_5796736.png,0.1254,0.1777,0.7765,11.2685
ISIC_5797404.png,0.2134,0.1829,0.7057,38.5708
ISIC_5797942.png,0.2526,0.508,0.5315,20.4346
ISIC_5798015.png,0.1143,0.1475,0.7652,18.5353
ISIC_5798331.png,0.193,0.1422,0.546,30.2727
ISIC_5805349.png,0.1873,0.1388,0.6913,25.1583
ISIC_5807112.png,0.1133,0.1156,0.7128,32.8475
ISIC_5807608.png,0.178,0.2294,0.7112,16.4548
ISIC_5808758.png,0.1257,0.1733,0.6986,22.8717
ISIC_5810196.png,0.1669,0.1327,0.7311,12.0202
ISIC_5810696.png,0.0922,0.1406,0.8293,10.481
ISIC_5813642.png,0.2099,0.3096,0.7291,17.6922
ISIC_5816399.png,0.3109,0.3337,0.6042,19.0529
ISIC_5820693.png,0.2609,0.2665,0.7356,14.2392
ISIC_5821131.png,0.1123,0.1232,0.734,37.0934
ISIC_5821293.png,0.0845,0.138,0.7125,28.3664
ISIC_5822017.png,0.1766,0.1108,0.7882,19.0168
ISIC_5823292.png,0.1414,0.1414,0.7481,12.5433
ISIC_5823859.png,0.2149,0.1387,0.6949,11.829
ISIC_5826878.png,0.14,0.1339,0.6953,44.933
ISIC_5830274.png,0.2004,0.2366,0.6568,19.9995
ISIC_5831880.png,0.1365,0.0987,0.7484,28.1673
ISIC_5832901.png,0.1939,0.1188,0.803,15.4379
ISIC_5833015.png,0.0983,0.1031,0.7018,38.7417
ISIC_5833422.png,0.2742,0.1593,0.7443,20.385
ISIC_5835414.png,0.291,0.253,0.734,17.4762
ISIC_5835765.png,0.2617,0.2124,0.6832,36.1484
ISIC_5837098.png,0.3121,0.2077,0.3844,26.7381
ISIC_5839679.png,0.2038,0.1288,0.7132,42.7293
ISIC_5840341.png,0.0739,0.1318,0.7495,41.7143
ISIC_5843614.png,1.6037,1.2807,0.153,2.3653
ISIC_5848892.png,0.3107,0.2874,0.7056,12.1846
ISIC_5849178.png,1.4393,1.7162,0.0134,3.2349
ISIC_5850699.png,0.1324,0.2028,0.6342,22.5703
ISIC_5852396.png,0.1896,0.1366,0.5508,26.9393
ISIC_5854552.png,0.131,0.1441,0.721,31.1618
ISIC_5857303.png,0.2345,0.2757,0.7114,19.1105
ISIC_5859812.png,0.114,0.116,0.7318,36.0429
ISIC_5866419.png,0.1261,0.1127,0.7185,33.8524
ISIC_5867911.png,1.124,0.531,0.2831,11.5044
ISIC_5868291.png,0.2518,0.1729,0.5512,61.961
ISIC_5874357.png,0.3903,0.2775,0.5442,8.6183
ISIC_5877211.png,0.2479,0.2679,0.6479,22.671
ISIC_5877410.png,0.2044,0.1262,0.6249,43.3476
ISIC_5879418.png,0.2154,0.3723,0.6428,10.8769
ISIC_5879789.png,0.1265,0.0911,0.6305,32.3539
ISIC_5881453.png,0.3315,0.1973,0.5838,41.7749
ISIC_5883331.png,0.129,0.1296,0.6684,27.9304
ISIC_5884700.png,0.1798,0.203,0.6868,15.4299
ISIC_5885403.png,0.1394,0.207,0.715,33.7567
ISIC_5888212.png,0.1624,0.1209,0.7121,28.3014
ISIC_5895384.png,0.282,0.3476,0.6558,11.4852
ISIC_5897134.png,0.1914,0.1939,0.5158,42.2216
ISIC_5897799.png,0.1522,0.1925,0.7505,16.2777
ISIC_5900778.png,0.2528,0.4041,0.5445,20.5725
ISIC_5903193.png,0.1751,0.1779,0.7374,15.771
ISIC_5904116.png,0.6835,0.6076,0.4623,2.1912
ISIC_5907931.png,0.3171,0.2519,0.4077,18.7069
ISIC_5908780.png,0.1397,0.1721,0.6191,29.5992
ISIC_5909403.png,0.146,0.2498,0.7467,11.8705
ISIC_5909451.png,0.247,0.1974,0.7669,16.9718
ISIC_5910595.png,0.265,0.2292,0.5598,19.7366
ISIC_5910975.png,0.1695,0.2092,0.5568,33.8068
ISIC_5913155.png,0.2015,0.182,0.6361,23.2516
ISIC_5916208.png,0.5127,0.5295,0.2048,16.173
ISIC_5919355.png,0.1916,0.1593,0.7374,15.7018
ISIC_5920470.png,0.1996,0.1917,0.5941,16.7975
ISIC_5921777.png,0.1762,0.1824,0.5702,48.3242
ISIC_5922588.png,0.4942,0.4292,0.4077,18.7408
ISIC_5922931.png,0.1631,0.1718,0.4844,31.5558
ISIC_5923430.png,0.148,0.1809,0.5411,17.4831
ISIC_5926550.png,0.1749,0.2457,0.6811,14.212
ISIC_5929687.png,0.2781,0.2674,0.7041,12.7441
ISIC_5931552.png,0.162,0.2841,0.7231,16.0767
ISIC_5932383.png,0.1913,0.2049,0.5489,32.1918
ISIC_5933341.png,0.1141,0.1288,0.7481,55.6942
ISIC_5934239.png,0.1745,0.1172,0.6749,43.2771
ISIC_5934948.png,0.2018,0.1658,0.692,17.6074
ISIC_5935362.png,0.1783,0.1863,0.7954,14.6448
ISIC_5938680.png,0.1061,0.1696,0.7866,17.7552
ISIC_5941314.png,0.2213,0.1905,0.605,24.8009
ISIC_5942564.png,0.1665,0.3196,0.7524,13.4807
ISIC_5948805.png,0.2221,0.1949,0.5502,39.2303
ISIC_5948901.png,0.169,0.1934,0.7363,17.5721
ISIC_5951430.png,0.176,0.2504,0.6098,24.1166
ISIC_5952650.png,0.1363,0.1449,0.7292,60.9751
ISIC_5955057.png,0.992,0.848,0.183,2.5026
ISIC_5959795.png,0.125,0.157,0.6614,33.1224
ISIC_5960641.png,0.1615,0.0901,0.6429,18.3208
ISIC_5960765.png,0.1626,0.128,0.7172,39.4548
ISIC_5961092.png,0.1113,0.1908,0.6663,28.3554
ISIC_5961333.png,0.2737,0.3158,0.6537,2.0272
ISIC_5961619.png,0.5174,0.3666,0.4213,14.3958
ISIC_5964173.png,0.3079,0.2135,0.6674,11.8668
ISIC_5964676.png,0.2486,0.375,0.6321,17.2585
ISIC_5966190.png,1.3821,1.4709,0.0066,4.1162
ISIC_5971574.png,0.2207,0.139,0.7197,15.6507
ISIC_5971591.png,0.309,0.2685,0.5459,42.1173
ISIC_5974838.png,0.115,0.1884,0.798,28.7215
ISIC_5979783.png,0.1604,0.1281,0.7759,20.633
ISIC_5979807.png,0.0732,0.1027,0.82,18.091
ISIC_5980439.png,0.1363,0.152,0.6838,26.9242
ISIC_5982769.png,0.2066,0.302,0.2317,19.9832
ISIC_5983500.png,0.1507,0.1104,0.6872,46.9457
ISIC_5988539.png,0.2278,0.1887,0.6236,35.5123
ISIC_5992534.png,0.1261,0.1098,0.7194,29.0092
ISIC_5992826.png,0.223,0.2552,0.7266,16.755
ISIC_5993356.png,0.2083,0.375,0.6126,1.9686
ISIC_5993530.png,0.1532,0.2023,0.7021,19.5708
ISIC_5994007.png,0.1561,0.0845,0.7067,20.673
ISIC_5994286.png,0.1975,0.1498,0.6894,42.8929
ISIC_5994645.png,0.2213,0.21,0.6156,37.4472
ISIC_5998926.png,0.2682,0.5284,0.5626,15.6987
ISIC_5999002.png,0.1643,0.1091,0.7607,20.2985
ISIC_6000407.png,0.0904,0.1059,0.7998,43.2803
ISIC_6001716.png,0.1428,0.1528,0.6327,28.2023
ISIC_6001936.png,0.26,0.2663,0.5611,33.4526
ISIC_6002694.png,0.1186,0.1585,0.7082,22.475
ISIC_6003500.png,0.0975,0.1071,0.7418,26.8766
ISIC_6004197.png,0.2351,0.2832,0.414,22.1188
ISIC_6006795.png,0.0958,0.0836,0.7633,29.361
ISIC_6008974.png,0.1993,0.1224,0.7773,25.9723
ISIC_6013764.png,0.1216,0.1265,0.7473,47.0371
ISIC_6017148.png,0.0991,0.0583,0.8148,38.6926
ISIC_6017985.png,0.0806,0.1024,0.7486,47.7309
ISIC_6019374.png,0.1597,0.1284,0.6431,60.7895
ISIC_6020636.png,0.926,0.3588,0.1219,2.5747
ISIC_6023504.png,0.131,0.2541,0.787,20.8394
ISIC_6023518.png,0.1405,0.165,0.7092,45.5833
ISIC_6024335.png,0.9121,0.6622,0.2306,17.554
ISIC_6025721.png,0.2734,0.2369,0.4489,25.9736
ISIC_6026759.png,0.2406,0.1355,0.6027,30.6729
ISIC_6027459.png,0.1603,0.1872,0.7268,15.8183
ISIC_6028082.png,0.1115,0.1667,0.6464,36.496
ISIC_6032520.png,0.1788,0.2276,0.5778,22.2757
ISIC_6033222.png,0.1156,0.2498,0.761,19.2106
ISIC_6036959.png,0.31,0.2536,0.5412,33.7091
ISIC_6037869.png,0.1953,0.1953,0.6722,17.4843
ISIC_6038355.png,0.2046,0.1444,0.6389,25.7591
ISIC_6038490.png,0.1611,0.1653,0.6974,45.1334
ISIC_6052437.png,0.1525,0.2433,0.6705,38.8302
ISIC_6052702.png,0.1625,0.1786,0.7926,11.6651
ISIC_6052860.png,0.1854,0.1524,0.727,19.4121
ISIC_6054977.png,0.2338,0.2833,0.3597,35.4346
ISIC_6056121.png,0.2583,0.279,0.5914,34.29
ISIC_6056692.png,0.1047,0.0975,0.7217,35.7447
ISIC_6062536.png,0.1361,0.2716,0.649,29.4934
ISIC_6062657.png,0.1671,0.1319,0.7248,32.3515
ISIC_6065301.png,0.22,0.1553,0.6828,22.0639
ISIC_6066292.png,0.1576,0.1467,0.7287,25.47
ISIC_6067430.png,0.2104,0.2199,0.7802,17.5057
ISIC_6069236.png,0.2569,0.3489,0.5653,17.9178
ISIC_6072777.png,0.1817,0.2683,0.6406,35.2323
ISIC_6088194.png,0.2026,0.1984,0.671,21.2552
ISIC_6089318.png,1.55,1.6864,0.0153,5.1411
ISIC_6090057.png,0.1323,0.126,0.6613,31.5628
ISIC_6093728.png,0.0451,0.0688,0.8224,66.8404
ISIC_6098768.png,0.1975,0.2138,0.7825,13.8556
ISIC_6099476.png,0.0542,0.229,0.7339,47.1395
ISIC_6101007.png,0.3666,0.3339,0.3721,29.4097
ISIC_6105084.png,0.1746,0.1937,0.6536,33.0629
ISIC_6108795.png,1.5268,1.4054,0.0093,3.0053
ISIC_6111078.png,0.1123,0.1053,0.7461,24.4373
ISIC_6113524.png,0.1857,0.1175,0.6765,31.9737
ISIC_6114646.png,0.2326,0.3942,0.5135,15.0912
ISIC_6118204.png,0.1011,0.1021,0.7307,32.5363
ISIC_6118824.png,0.2208,0.2883,0.4139,27.3992
ISIC_6119202.png,1.8363,1.6285,0.0069,2.5726
ISIC_6119208.png,0.1605,0.1635,0.7194,25.8978
ISIC_6119830.png,0.0793,0.1482,0.7374,24.8086
ISIC_6124481.png,0.1305,0.1813,0.7124,34.396
ISIC_6125358.png,0.1811,0.2198,0.6311,20.5264
ISIC_6125652.png,0.3829,0.4262,0.4387,21.8613
ISIC_6126554.png,0.3631,0.2512,0.6192,9.2528
ISIC_6126620.png,0.1255,0.1362,0.6395,35.4104
ISIC_6127074.png,0.2909,0.261,0.4785,47.3001
ISIC_6128108.png,0.1356,0.121,0.7235,36.3853
ISIC_6131393.png,0.0974,0.1482,0.7163,16.8607
ISIC_6132976.png,0.1928,0.2495,0.671,33.2199
ISIC_6145261.png,0.1426,0.1944,0.7967,12.6663
ISIC_6148533.png,0.4235,0.4214,0.4251,31.7974
ISIC_6155782.png,0.1599,0.1466,0.7068,29.4749
ISIC_6155981.png,0.2025,0.1779,0.7149,15.93
ISIC_6157226.png,0.2856,0.2993,0.4685,46.4908
ISIC_6159783.png,0.0817,0.0987,0.7623,48.8173
ISIC_6162308.png,0.0926,0.1294,0.6257,47.7694
ISIC_6162545.png,0.1194,0.09,0.7711,36.9535
ISIC_6166247.png,0.0945,0.2103,0.7591,25.2213
ISIC_6168754.png,0.1681,0.2966,0.6623,20.425
ISIC_6171084.png,0.0719,0.1205,0.8147,21.8079
ISIC_6174156.png,0.1044,0.1693,0.6675,17.5179
ISIC_6176182.png,0.1781,0.3077,0.6009,24.2264
ISIC_6178088.png,0.2535,0.2615,0.7585,15.2609
ISIC_6178099.png,1.8155,1.8671,0.0184,2.5868
ISIC_6180870.png,0.1686,0.3019,0.6895,26.5534
ISIC_6184891.png,0.8303,0.297,0.1432,2.5428
ISIC_6188469.png,0.1536,0.1371,0.6185,23.427
ISIC_6188574.png,0.2565,0.2093,0.743,18.0927
ISIC_6192289.png,0.5995,0.6304,0.023,9.6567
ISIC_6199335.png,0.1795,0.2167,0.7117,22.2869
ISIC_6201199.png,0.0998,0.1482,0.7351,55.9287
ISIC_6201338.png,0.2082,0.2526,0.7602,22.7788
ISIC_6201695.png,0.1905,0.3575,0.6522,17.3923
ISIC_6207688.png,0.1326,0.146,0.7937,22.7595
ISIC_6207818.png,0.1807,0.2538,0.6517,13.7752
ISIC_6208107.png,0.3277,0.1364,0.5317,28.0292
ISIC_6208222.png,1.9305,1.6423,0.0169,2.7117
ISIC_6208508.png,0.1955,0.2327,0.6674,33.8264
ISIC_6208708.png,0.4608,0.3192,0.3557,21.0468
ISIC_6208762.png,0.1631,0.1507,0.645,23.1855
ISIC_6209119.png,1.6238,1.4557,0.0169,2.722
ISIC_6210962.png,0.4861,0.3535,0.2603,29.5133
ISIC_6215631.png,0.4034,0.2479,0.4078,24.6699
ISIC_6220625.png,0.1634,0.0845,0.2322,2.3366
ISIC_6220953.png,0.1348,0.0837,0.6905,25.0813
ISIC_6225409.png,0.2792,0.248,0.586,36.7226
ISIC_6227397.png,0.246,0.1636,0.578,41.6154
ISIC_6227920.png,0.2246,0.1294,0.6689,33.5191
ISIC_6228471.png,0.2171,0.1483,0.7965,16.3019
ISIC_6228963.png,0.1641,0.2392,0.697,9.5139
ISIC_6231450.png,0.1111,0.1266,0.6957,38.5983
ISIC_6234702.png,0.1127,0.1166,0.673,24.5376
ISIC_6239663.png,0.1239,0.1016,0.77,22.9991
ISIC_6247668.png,0.0664,0.0917,0.7829,66.0319
ISIC_6250970.png,0.1305,0.1473,0.7463,26.9487
ISIC_6253295.png,0.1098,0.1026,0.8027,21.213
ISIC_6254731.png,0.1211,0.106,0.5681,32.9582
ISIC_6255113.png,1.125,1.1641,0.1758,2.4553
ISIC_6255494.png,0.1509,0.1274,0.7159,18.2009
ISIC_6256797.png,0.1244,0.1455,0.655,30.3073
ISIC_6258744.png,0.1087,0.1184,0.6986,40.0677
ISIC_6260086.png,0.1733,0.1106,0.7763,26.194
ISIC_6260969.png,0.2942,0.1662,0.7367,26.7717
ISIC_6265473.png,0.272,0.2924,0.5834,29.1867
ISIC_6268546.png,0.2055,0.1593,0.7537,14.8852
ISIC_6269414.png,0.1653,0.1964,0.3791,34.627
ISIC_6269543.png,0.1431,0.1117,0.6583,43.9381
ISIC_6271218.png,0.0977,0.0995,0.6963,32.3699
ISIC_6271913.png,0.1294,0.1319,0.7215,25.2831
ISIC_6272501.png,0.1278,0.1059,0.7708,21.2322
ISIC_6274085.png,0.2372,0.2335,0.5785,31.282
ISIC_6278273.png,0.3757,0.3579,0.3364,45.7002
ISIC_6280523.png,0.5739,0.3565,0.1519,2.4757
ISIC_6284012.png,0.3184,0.288,0.4917,25.2325
ISIC_6284312.png,0.2917,0.3227,0.5285,23.5399
ISIC_6285076.png,0.2076,0.2253,0.4821,24.2761
ISIC_6285925.png,0.2906,0.2003,0.6217,14.4332
ISIC_6289346.png,0.1324,0.1263,0.6186,29.1896
ISIC_6292348.png,0.1113,0.2033,0.6457,26.7205
ISIC_6293107.png,0.1265,0.1103,0.6518,35.5666
ISIC_6297317.png,0.404,0.2563,0.5119,43.793
ISIC_6298228.png,0.3681,0.2262,0.5136,41.0891
ISIC_6298726.png,0.07,0.0887,0.7883,76.1
ISIC_6299036.png,0.2795,0.446,0.6786,7.1586
ISIC_6310591.png,0.0652,0.1053,0.7379,49.0656
ISIC_6313487.png,0.3384,0.2559,0.4873,32.6364
ISIC_6317162.png,0.4739,0.2575,0.4231,19.8313
ISIC_6320497.png,0.185,0.3747,0.6419,23.851
ISIC_6323420.png,0.257,0.345,0.4682,39.0127
ISIC_6324832.png,0.1493,0.1338,0.7675,15.6926
ISIC_6326803.png,0.1255,0.1213,0.7608,23.7142
ISIC_6330529.png,0.2341,0.2177,0.658,21.2254
ISIC_6334958.png,0.2449,0.2275,0.5435,18.1985
ISIC_6336926.png,0.059,0.1501,0.7269,47.3652
ISIC_6339509.png,1.7601,1.5087,0.0126,2.5562
ISIC_6340564.png,0.2189,0.2048,0.6387,34.6385
ISIC_6340792.png,0.308,0.1456,0.799,12.4195
ISIC_6342224.png,0.1711,0.1152,0.6389,34.1768
ISIC_6344073.png,0.1075,0.145,0.8281,14.2908
ISIC_6345354.png,1.9508,1.9028,0.0297,2.5015
ISIC_6348638.png,0.4478,0.3881,0.5036,2.1092
ISIC_6352565.png,0.3698,0.5008,0.4851,30.5016
ISIC_6352730.png,0.0956,0.1032,0.7387,22.7394
ISIC_6356149.png,0.2396,0.2296,0.4235,17.408
ISIC_6356522.png,0.4748,0.2033,0.4708,39.414
ISIC_6356803.png,0.3002,0.2895,0.6815,18.3219
ISIC_6357263.png,0.2873,0.1798,0.6686,18.2937
ISIC_6358752.png,0.233,0.1642,0.5884,30.6694
ISIC_6362735.png,0.1721,0.1102,0.6267,35.6885
ISIC_6366417.png,0.4437,0.273,0.1684,2.6016
ISIC_6366631.png,0.2181,0.2322,0.6366,19.0979
ISIC_6370597.png,0.1095,0.1031,0.7713,34.1138
ISIC_6370748.png,0.127,0.2863,0.6661,19.6264
ISIC_6370977.png,0.2165,0.1612,0.7515,20.8819
ISIC_6373500.png,0.1013,0.0944,0.8017,37.6732
ISIC_6373689.png,0.23,0.2312,0.6445,22.8188
ISIC_6375439.png,0.1467,0.2064,0.5575,36.3837
ISIC_6377613.png,0.5963,0.4467,0.1798,27.2812
ISIC_6377622.png,0.0643,0.109,0.6096,46.9393
ISIC_6377883.png,0.2161,0.2185,0.4543,25.6854
ISIC_6378169.png,0.1444,0.1011,0.7406,22.3971
ISIC_6380209.png,0.4357,0.2311,0.5486,30.5388
ISIC_6381197.png,0.0921,0.0723,0.7419,60.4939
ISIC_6381785.png,0.1752,0.4125,0.5936,22.5381
ISIC_6381852.png,0.1197,0.1239,0.7461,28.9713
ISIC_6381981.png,0.3122,0.2856,0.5328,30.2573
ISIC_6382207.png,0.1618,0.1718,0.6382,56.5245
ISIC_6383486.png,0.3442,0.3349,0.5202,15.6238
ISIC_6384906.png,0.1228,0.147,0.7467,58.8532
ISIC_6384927.png,0.3637,0.2723,0.5193,33.6717
ISIC_6384997.png,0.1736,0.2893,0.6714,21.6068
ISIC_6385074.png,0.2747,0.2669,0.595,27.1878
ISIC_6385296.png,0.2419,0.2615,0.5974,22.8905
ISIC_6385627.png,0.1234,0.3402,0.5694,34.7004
ISIC_6390738.png,0.9614,1.1159,0.0158,5.805
ISIC_6392089.png,0.1876,0.1293,0.599,23.5555
ISIC_6392461.png,0.554,0.6705,0.1147,9.6761
ISIC_6392478.png,0.2363,0.2319,0.6131,13.1519
ISIC_6393611.png,0.0742,0.0889,0.6619,41.0541
ISIC_6398283.png,0.9972,0.338,0.1339,2.5473
ISIC_6398669.png,0.2219,0.2832,0.6738,26.8261
ISIC_6400232.png,0.1919,0.1907,0.7738,35.5568
ISIC_6400714.png,0.5102,0.2253,0.6011,14.0453
ISIC_6401657.png,0.2067,0.2482,0.6063,27.0321
ISIC_6404049.png,0.2649,0.2466,0.598,26.5625
ISIC_6406517.png,0.2072,0.2121,0.7239,19.1246
ISIC_6410859.png,0.867,0.835,0.2125,17.4668
ISIC_6413346.png,0.1466,0.1249,0.7675,20.7837
ISIC_6414435.png,0.1723,0.2371,0.6919,16.167
ISIC_6416533.png,0.1622,0.1404,0.742,28.6988
ISIC_6423860.png,1.5428,1.5028,0.0197,2.7973
ISIC_6423964.png,0.1224,0.1209,0.6999,23.9278
ISIC_6425888.png,0.2613,0.2948,0.5222,18.6711
ISIC_6427157.png,0.1185,0.1148,0.7663,17.9555
ISIC_6428021.png,0.1623,0.1674,0.7462,17.8399
ISIC_6430210.png,0.2362,0.1291,0.6934,26.798
ISIC_6434210.png,0.3009,0.2172,0.668,14.2065
ISIC_6435644.png,0.4615,0.4103,0.4772,2.2133
ISIC_6440229.png,0.2038,0.427,0.5367,28.1812
ISIC_6441128.png,0.2515,0.2689,0.6364,18.1438
ISIC_6442221.png,0.1475,0.1765,0.6746,13.133
ISIC_6443700.png,0.1193,0.1728,0.735,34.3296
ISIC_6443984.png,0.4331,0.1634,0.6539,16.9778
ISIC_6444989.png,0.1099,0.1313,0.8319,21.1519
ISIC_6445453.png,0.1618,0.1675,0.6414,34.4467
ISIC_6446753.png,0.3375,0.3982,0.4767,35.5872
ISIC_6446779.png,0.1779,0.1433,0.7368,12.8084
ISIC_6447663.png,0.3887,0.1813,0.5518,51.8827
ISIC_6447681.png,0.0948,0.093,0.7926,35.354
ISIC_6448312.png,0.1897,0.1706,0.797,12.9337
ISIC_6448654.png,0.1305,0.2286,0.6811,53.0873
ISIC_6449065.png,0.1832,0.1816,0.5429,31.3476
ISIC_6450034.png,0.1619,0.1696,0.6125,28.7126
ISIC_6451703.png,0.1612,0.1377,0.7287,24.9078
ISIC_6452498.png,0.2363,0.3147,0.4305,26.9064
ISIC_6455702.png,0.1988,0.1737,0.6031,16.5999
ISIC_6458982.png,0.4433,0.5785,0.0615,16.2523
ISIC_6460137.png,0.0711,0.1362,0.7403,15.1139
ISIC_6463417.png,0.9643,0.7908,0.1108,2.4266
ISIC_6464772.png,0.2286,0.1712,0.6413,18.1506
ISIC_6469202.png,0.0835,0.1544,0.7879,23.5037
ISIC_6471212.png,0.0937,0.1358,0.7849,28.5177
ISIC_6475049.png,0.1957,0.2115,0.5676,22.9764
ISIC_6478506.png,0.1257,0.2738,0.696,19.8035
ISIC_6483504.png,0.0966,0.0951,0.7979,54.5445
ISIC_6486856.png,0.1665,0.2719,0.5742,29.1626
ISIC_6487069.png,0.6017,0.2588,0.1606,2.5542
ISIC_6487809.png,1.0261,0.7153,0.0403,8.8244
ISIC_6488658.png,0.2523,0.1318,0.658,27.3108
ISIC_6489993.png,0.1041,0.0935,0.7164,25.2417
ISIC_6496370.png,1.5154,1.4537,0.2041,2.5054
ISIC_6496765.png,0.1525,0.1529,0.6788,23.6832
ISIC_6497135.png,0.2269,0.4616,0.5733,27.6792
ISIC_6498634.png,0.2783,0.1542,0.7407,21.356
ISIC_6507412.png,0.1169,0.0731,0.6947,32.8159
ISIC_6507492.png,0.2644,0.3573,0.6727,20.9811
ISIC_6507640.png,0.1331,0.1575,0.6992,19.8232
ISIC_6507792.png,0.1345,0.1917,0.5523,28.8273
ISIC_6511689.png,0.1631,0.0879,0.7873,12.297
ISIC_6512653.png,0.2922,0.2348,0.5178,21.9299
ISIC_6515546.png,1.1266,1.4881,0.0145,5.5114
ISIC_6517082.png,0.355,0.3115,0.4735,33.137
ISIC_6517663.png,0.1559,0.1612,0.5644,20.6104
ISIC_6517852.png,0.1459,0.3051,0.6487,21.0187
ISIC_6520237.png,0.1094,0.1252,0.6967,31.2967
ISIC_6523459.png,0.1717,0.3569,0.6309,11.9307
ISIC_6523645.png,0.7425,0.495,0.1583,2.5394
ISIC_6526489.png,0.2575,0.2899,0.6755,16.2928
ISIC_6529073.png,0.1453,0.1025,0.7866,34.9148
ISIC_6529819.png,0.1993,0.2282,0.6908,18.0567
ISIC_6531118.png,0.2315,0.192,0.6079,47.8296
ISIC_6532137.png,0.273,0.159,0.626,18.0523
ISIC_6533176.png,0.21,0.2018,0.7161,30.5179
ISIC_6535558.png,0.1729,0.1008,0.7603,52.3901
ISIC_6536232.png,0.1821,0.2424,0.6972,17.5761
ISIC_6539127.png,0.1853,0.3379,0.7187,22.5239
ISIC_6541615.png,1.0059,0.6824,0.1769,2.4644
ISIC_6544382.png,0.9045,0.3694,0.3904,1.9746
ISIC_6546903.png,0.0916,0.1087,0.7987,11.9575
ISIC_6546981.png,0.1866,0.1977,0.4196,23.0431
ISIC_6547707.png,0.1195,0.1789,0.705,36.006
ISIC_6548307.png,0.121,0.1673,0.7138,16.3654
ISIC_6548734.png,0.14,0.12,0.7235,38.7685
ISIC_6550761.png,0.318,0.1854,0.5574,24.0779
ISIC_6552552.png,0.1954,0.4283,0.5236,31.4847
ISIC_6553389.png,0.2954,0.3271,0.678,30.7962
ISIC_6553579.png,0.1802,0.1943,0.6832,42.4407
ISIC_6556622.png,0.4807,0.3301,0.4769,35.2548
ISIC_6557194.png,0.2822,0.1775,0.61,19.8372
ISIC_6557642.png,0.4297,0.4014,0.4734,18.8247
ISIC_6558697.png,0.2004,0.1681,0.5876,23.2285
ISIC_6559840.png,0.1961,0.2317,0.5851,42.2961
ISIC_6561111.png,1.034,1.0219,0.1422,12.9171
ISIC_6562871.png,0.1801,0.1813,0.7147,34.4981
ISIC_6566042.png,0.2723,0.2872,0.719,15.9408
ISIC_6569060.png,0.7342,0.6677,0.1189,9.6131
ISIC_6570611.png,1.6002,1.8839,0.036,4.3348
ISIC_6571597.png,0.1743,0.2917,0.6917,16.9868
ISIC_6576397.png,0.1668,0.5481,0.3946,17.9389
ISIC_6577632.png,0.178,0.1335,0.7249,46.2525
ISIC_6577767.png,0.5804,0.7885,0.2038,18.3779
ISIC_6581765.png,0.1165,0.1559,0.7262,32.7492
ISIC_6588853.png,0.0731,0.1281,0.7487,27.3354
ISIC_6588982.png,0.1457,0.0947,0.7941,20.1767
ISIC_6590303.png,0.1058,0.1584,0.7487,22.1144
ISIC_6592334.png,0.1938,0.2095,0.6858,28.8494
ISIC_6595186.png,0.2585,0.1707,0.6399,23.8128
ISIC_6604862.png,1.3225,0.7397,0.1069,2.3926
ISIC_6605122.png,0.1836,0.1227,0.6564,46.5483
ISIC_6606131.png,0.1134,0.1629,0.6761,35.6735
ISIC_6606767.png,0.1053,0.1017,0.6098,34.6916
ISIC_6609379.png,0.2764,0.2282,0.6497,15.968
ISIC_6609484.png,0.2145,0.2051,0.6254,26.9438
ISIC_6613079.png,0.1341,0.1106,0.6906,22.8913
ISIC_6613150.png,0.7488,0.7162,0.2223,24.7755
ISIC_6616542.png,0.257,0.2387,0.5831,28.4568
ISIC_6617618.png,0.2192,0.1989,0.6686,18.9485
ISIC_6617840.png,0.07,0.0995,0.7662,35.6944
ISIC_6618652.png,0.2316,0.1782,0.6446,20.6123
ISIC_6618851.png,0.1514,0.1679,0.7538,27.7859
ISIC_6618943.png,0.153,0.186,0.7,23.0401
ISIC_6620377.png,0.076,0.1344,0.7712,33.2102
ISIC_6620748.png,0.2785,0.1038,0.7485,37.8388
ISIC_6625102.png,1.7004,1.6247,0.0719,2.4179
ISIC_6626544.png,0.312,0.2073,0.6116,25.0381
ISIC_6628544.png,0.2553,0.1726,0.7224,15.3377
ISIC_6633906.png,0.0897,0.1747,0.6505,47.9229
ISIC_6634951.png,0.2519,0.1862,0.5622,37.0202
ISIC_6635590.png,0.0979,0.1238,0.8119,21.8776
ISIC_6635699.png,0.2202,0.1295,0.7021,18.221
ISIC_6637542.png,1.2879,1.3932,0.1234,2.3038
ISIC_6639094.png,0.2409,0.2305,0.5347,30.569
ISIC_6640227.png,0.1604,0.1088,0.7802,17.4631
ISIC_6640686.png,0.1083,0.2102,0.7257,23.1932
ISIC_6640753.png,0.1466,0.2632,0.7889,8.6687
ISIC_6642608.png,0.1236,0.2209,0.7394,14.6108
ISIC_6644659.png,0.1784,0.1483,0.6762,14.667
ISIC_6644834.png,0.1448,0.1596,0.7454,16.7534
ISIC_6646939.png,0.2042,0.1623,0.6401,32.2544
ISIC_6647306.png,0.1974,0.168,0.7679,15.0306
ISIC_6652978.png,0.1731,0.1405,0.6524,29.6223
ISIC_6653311.png,0.6635,0.4064,0.3308,5.5081
ISIC_6654619.png,0.1088,0.1524,0.6999,16.0651
ISIC_6657600.png,0.1534,0.1335,0.7231,43.7673
ISIC_6661691.png,0.1508,0.1687,0.7216,21.8433
ISIC_6661904.png,0.1314,0.2189,0.5218,36.1817
ISIC_6663112.png,0.1065,0.1217,0.7059,32.6359
ISIC_6666329.png,0.2775,0.3373,0.6004,14.6318
ISIC_6668093.png,0.3605,0.3055,0.4747,36.56
ISIC_6668197.png,0.1376,0.2705,0.5996,17.3761
ISIC_6670242.png,0.3104,0.1507,0.6408,38.9236
ISIC_6672654.png,0.1588,0.1519,0.5569,34.2795
ISIC_6673506.png,0.3327,0.3163,0.621,25.7908
ISIC_6673956.png,0.3117,0.3247,0.4234,16.823
ISIC_6674653.png,0.2667,0.2731,0.5408,29.5732
ISIC_6674797.png,1.2749,0.3893,0.142,2.5513
ISIC_6676647.png,0.096,0.0851,0.7294,38.9986
ISIC_6676776.png,0.1792,0.226,0.6905,12.9497
ISIC_6678508.png,0.1999,0.2051,0.7198,11.335
ISIC_6681802.png,0.1555,0.1163,0.6686,31.4038
ISIC_6683370.png,0.1211,0.162,0.7889,15.4564
ISIC_6684042.png,0.1835,0.1582,0.5857,41.4005
ISIC_6685513.png,0.1218,0.2175,0.7,62.0279
ISIC_6685532.png,0.2894,0.161,0.7266,10.9336
ISIC_6687927.png,0.1637,0.2073,0.7056,17.7822
ISIC_6688311.png,0.1735,0.1924,0.717,16.7857
ISIC_6688417.png,0.7176,0.341,0.2303,2.4779
ISIC_6691962.png,0.0782,0.1222,0.8421,16.1419
ISIC_6692344.png,0.2291,0.2153,0.7372,20.4125
ISIC_6694724.png,0.1683,0.1838,0.6882,27.6698
ISIC_6697013.png,0.2344,0.2181,0.6208,24.1523
ISIC_6697332.png,1.3781,1.1131,0.0344,8.7752
ISIC_6699854.png,0.1826,0.1456,0.7947,16.3298
ISIC_6701139.png,0.1875,0.1434,0.7039,21.9747
ISIC_6703027.png,0.1295,0.1714,0.6784,23.7017
ISIC_6704623.png,0.1441,0.3242,0.7981,14.5591
ISIC_6705966.png,0.1268,0.2088,0.6678,19.1021
ISIC_6707990.png,0.1166,0.1295,0.7908,19.9666
ISIC_6709052.png,0.3429,0.3231,0.5897,12.1063
ISIC_6710082.png,0.1938,0.1204,0.7332,15.4497
ISIC_6710411.png,0.1419,0.1758,0.6942,24.6441
ISIC_6712342.png,0.0888,0.0658,0.7122,57.2326
ISIC_6714082.png,0.1657,0.1577,0.7228,29.7829
ISIC_6714923.png,0.5662,0.3136,0.1934,2.5562
ISIC_6715897.png,0.1918,0.1764,0.6736,17.671
ISIC_6717322.png,0.0853,0.0693,0.7639,22.1414
ISIC_6717452.png,0.2456,0.109,0.8207,11.6874
ISIC_6717727.png,0.1602,0.155,0.6767,23.022
ISIC_6718969.png,0.0631,0.1165,0.7348,52.4467
ISIC_6721869.png,0.1949,0.1866,0.654,19.8556
ISIC_6722934.png,0.2815,0.3383,0.3743,34.1674
ISIC_6723937.png,0.2179,0.1359,0.6658,37.7163
ISIC_6731470.png,0.2512,0.262,0.5294,19.126
ISIC_6732560.png,0.2504,0.2479,0.6475,17.9321
ISIC_6733338.png,0.1448,0.1298,0.6857,40.0851
ISIC_6734679.png,0.0912,0.155,0.6656,22.9026
ISIC_6735970.png,0.1277,0.2141,0.6256,43.2321
ISIC_6737771.png,0.319,0.284,0.672,11.6224
ISIC_6739241.png,0.1059,0.1396,0.7636,33.8297
ISIC_6741865.png,0.8764,0.4899,0.202,2.4684
ISIC_6745554.png,1.559,1.3639,0.0128,2.714
ISIC_6752060.png,0.1615,0.224,0.5862,36.5194
ISIC_6754835.png,0.2125,0.2469,0.6184,34.6271
ISIC_6755132.png,1.1697,1.6607,0.0133,4.9615
ISIC_6756517.png,0.0734,0.0855,0.7864,39.6789
ISIC_6758042.png,0.1861,0.1364,0.7014,27.0035
ISIC_6759173.png,0.3853,0.1959,0.6437,37.2414
ISIC_6761269.png,0.2589,0.2448,0.5535,29.1072
ISIC_6763221.png,0.0811,0.0752,0.7485,57.0645
ISIC_6766153.png,0.135,0.1122,0.7679,40.017
ISIC_6767038.png,0.2203,0.2957,0.735,11.3349
ISIC_6767569.png,0.4724,0.5124,0.4437,12.2501
ISIC_6768006.png,0.1656,0.1092,0.721,34.6565
ISIC_6771810.png,0.0733,0.0706,0.7441,33.9365
ISIC_6773367.png,0.1596,0.3629,0.6892,27.1734
ISIC_6774326.png,0.1185,0.1249,0.6977,22.5441
ISIC_6777714.png,0.1349,0.1656,0.676,15.229
ISIC_6778515.png,0.1648,0.2274,0.7588,17.773
ISIC_6779421.png,0.1276,0.1254,0.7722,18.0005
ISIC_6780471.png,0.2734,0.1558,0.6517,20.6181
ISIC_6780662.png,1.489,1.6861,0.0083,2.7139
ISIC_6780901.png,0.0929,0.1216,0.7567,28.9075
ISIC_6784593.png,0.6,0.3059,0.163,2.7789
ISIC_6785041.png,1.108,0.5645,0.2693,2.2633
ISIC_6785249.png,0.1321,0.1109,0.7898,12.6383
ISIC_6785680.png,0.2934,0.289,0.4467,36.404
ISIC_6790780.png,0.1481,0.2274,0.7614,41.4476
ISIC_6792899.png,0.1668,0.2464,0.6296,27.0207
ISIC_6793603.png,0.1353,0.0988,0.7308,10.7902
ISIC_6793830.png,0.1725,0.2162,0.7424,16.8691
ISIC_6793983.png,0.1938,0.2262,0.6726,29.5152
ISIC_6800044.png,0.1844,0.1516,0.7306,18.0425
ISIC_6801680.png,0.165,0.1758,0.7978,26.3482
ISIC_6801988.png,0.2382,0.0996,0.7466,9.6675
ISIC_6803432.png,0.286,0.2219,0.579,25.4598
ISIC_6805527.png,0.2189,0.2799,0.5228,24.7275
ISIC_6806124.png,0.0972,0.1032,0.7427,24.9261
ISIC_6806545.png,0.1267,0.1682,0.6607,37.4981
ISIC_6808543.png,0.1582,0.156,0.6604,37.6489
ISIC_6809191.png,0.1859,0.2117,0.7696,13.5726
ISIC_6809586.png,0.49,0.4902,0.2708,21.7659
ISIC_6811363.png,0.0763,0.1139,0.7308,28.2756
ISIC_6813359.png,0.2023,0.2005,0.692,10.8644
ISIC_6814221.png,0.1345,0.0902,0.8318,23.5832
ISIC_6815524.png,0.1203,0.1842,0.618,15.6745
ISIC_6821316.png,0.1402,0.2353,0.5812,47.8085
ISIC_6822870.png,0.1336,0.2228,0.6717,17.2124
ISIC_6824842.png,0.1792,0.2533,0.5972,14.0135
ISIC_6828587.png,0.0685,0.0756,0.7636,49.4448
ISIC_6828892.png,0.1213,0.1291,0.7041,39.5777
ISIC_6829008.png,0.3154,0.3627,0.5689,49.9053
ISIC_6831108.png,0.1265,0.3315,0.6307,20.6609
ISIC_6831482.png,0.2415,0.1659,0.6263,19.4491
ISIC_6839272.png,0.1307,0.1272,0.6335,30.1207
ISIC_6844752.png,0.1113,0.1053,0.788,28.5271
ISIC_6854940.png,0.0939,0.1528,0.7158,19.9444
ISIC_6855540.png,0.1889,0.3314,0.6623,14.1596
ISIC_6856140.png,0.1241,0.1492,0.6726,38.1957
ISIC_6860222.png,0.3558,0.3513,0.5729,22.6924
ISIC_6868089.png,0.1796,0.2207,0.6545,11.926
ISIC_6870208.png,1.8629,1.7559,0.027,2.4929
ISIC_6875745.png,0.8498,0.3578,0.1535,2.5695
ISIC_6876281.png,0.2475,0.2427,0.7899,10.019
ISIC_6877295.png,0.3449,0.2866,0.5452,33.754
ISIC_6878417.png,0.2238,0.2142,0.7354,14.654
ISIC_6882080.png,0.1441,0.1993,0.7254,54.5843
ISIC_6882582.png,0.1683,0.1572,0.6654,39.2587
ISIC_6882733.png,0.1862,0.1684,0.6932,14.3132
ISIC_6888402.png,0.1555,0.1436,0.7874,24.9166
ISIC_6891226.png,0.2228,0.1599,0.7301,14.6647
ISIC_6892286.png,0.2335,0.2823,0.5894,23.0899
ISIC_6892561.png,0.2207,0.1353,0.6967,19.1806
ISIC_6895016.png,0.241,0.2135,0.6585,19.7134
ISIC_6899527.png,0.2654,0.2842,0.3734,39.6366
ISIC_6901969.png,0.1671,0.1366,0.693,25.3084
ISIC_6905623.png,0.1831,0.1077,0.6466,27.8737
ISIC_6906476.png,0.4304,0.2795,0.6597,31.9861
ISIC_6907218.png,0.2312,0.1604,0.6858,21.8378
ISIC_6908183.png,0.2441,0.2568,0.3583,26.2807
ISIC_6909624.png,0.2596,0.2076,0.4911,27.2427
ISIC_6912233.png,0.2926,0.2456,0.6672,24.0984
ISIC_6912979.png,0.1874,0.3734,0.6343,16.5883
ISIC_6913045.png,0.1402,0.1265,0.6771,22.5999
ISIC_6913272.png,0.129,0.168,0.684,46.4671
ISIC_6914698.png,0.0963,0.1707,0.7827,17.6074
ISIC_6915759.png,0.1224,0.112,0.739,40.4361
ISIC_6916213.png,0.1064,0.1314,0.8558,7.866
ISIC_6916924.png,0.0888,0.1726,0.8468,16.1313
ISIC_6917681.png,0.2122,0.1747,0.4853,32.0978
ISIC_6918995.png,0.2469,0.114,0.6288,35.2167
ISIC_6919856.png,0.1684,0.1675,0.6582,26.1942
ISIC_6920867.png,0.3199,0.2576,0.5583,21.5325
ISIC_6926118.png,0.1416,0.1171,0.8144,42.141
ISIC_6927363.png,0.1766,0.2777,0.5275,23.7859
ISIC_6931712.png,0.205,0.163,0.754,23.4469
ISIC_6937199.png,0.2316,0.2838,0.7455,8.3046
ISIC_6937905.png,0.1252,0.1334,0.7218,23.372
ISIC_6938608.png,0.1871,0.2974,0.5238,35.5865
ISIC_6942437.png,0.1208,0.1414,0.6734,25.1782
ISIC_6945634.png,0.2083,0.2446,0.7528,19.3566
ISIC_6945921.png,0.1564,0.1363,0.6325,18.7456
ISIC_6946260.png,0.1458,0.1893,0.5073,30.7012
ISIC_6948604.png,0.2197,0.2464,0.6208,38.7399
ISIC_6951506.png,0.0877,0.0634,0.8093,34.6889
ISIC_6952773.png,0.274,0.2035,0.6271,13.5556
ISIC_6954782.png,0.1797,0.1998,0.7821,17.0053
ISIC_6959281.png,0.2814,0.2505,0.574,26.8582
ISIC_6960446.png,0.17,0.1675,0.6697,24.1865
ISIC_6961503.png,0.1557,0.1654,0.6995,24.1525
ISIC_6963954.png,0.252,0.3044,0.6748,10.1023
ISIC_6964131.png,0.1089,0.1378,0.7141,19.61
ISIC_6966001.png,0.0653,0.068,0.8206,66.2961
ISIC_6966230.png,0.1403,0.0919,0.7161,27.9997
ISIC_6967143.png,0.1346,0.1362,0.7563,20.8067
ISIC_6968422.png,0.2071,0.1069,0.7161,30.0722
ISIC_6970607.png,0.1255,0.1285,0.6823,20.5713
ISIC_6971606.png,0.2979,0.317,0.598,42.6064
ISIC_6973257.png,0.1349,0.1265,0.6692,51.91
ISIC_6974830.png,0.3407,0.3466,0.5007,39.4447
ISIC_6976570.png,0.135,0.1499,0.5658,39.1865
ISIC_6978997.png,0.2713,0.2612,0.6623,10.972
ISIC_6981061.png,0.3856,0.4069,0.3785,8.3544
ISIC_6982386.png,0.2084,0.185,0.6446,37.8409
ISIC_6983970.png,1.7742,1.9284,0.0128,2.745
ISIC_6985114.png,0.1383,0.1402,0.6838,25.9409
ISIC_6985859.png,0.184,0.4266,0.6279,18.8399
ISIC_6988514.png,0.4246,0.1767,0.4519,39.0907
ISIC_6990973.png,0.3565,0.3417,0.672,14.0487
ISIC_6991849.png,0.2492,0.2074,0.5776,41.6817
ISIC_6993129.png,0.1568,0.1733,0.7062,25.101
ISIC_6995731.png,0.1144,0.0904,0.7751,28.4849
ISIC_6996553.png,0.0941,0.115,0.7269,16.7466
ISIC_6997433.png,0.1096,0.259,0.6532,19.6968
ISIC_7004652.png,0.1245,0.153,0.4053,47.5633
ISIC_7008335.png,0.1,0.2101,0.6497,22.9885
ISIC_7008969.png,0.1425,0.1194,0.7421,33.8999
ISIC_7010552.png,0.1865,0.1557,0.677,34.8773
ISIC_7011122.png,0.1027,0.1557,0.7334,22.4716
ISIC_7012881.png,0.1385,0.1486,0.788,25.6148
ISIC_7013005.png,0.1986,0.1395,0.7782,25.9851
ISIC_7016261.png,0.307,0.2091,0.4596,43.0908
ISIC_7017387.png,0.1164,0.095,0.6265,17.8666
ISIC_7017547.png,0.1873,0.1563,0.7509,36.8218
ISIC_7022381.png,0.3774,0.2919,0.5087,10.8659
ISIC_7024807.png,0.0571,0.0817,0.7817,35.8968
ISIC_7025208.png,0.1673,0.1951,0.7283,25.5809
ISIC_7025487.png,0.2635,0.2363,0.4778,18.3672
ISIC_7030404.png,0.1865,0.1066,0.7998,12.8883
ISIC_7030488.png,0.194,0.0975,0.7271,27.7121
ISIC_7032028.png,0.466,0.2342,0.5906,21.2066
ISIC_7034769.png,0.1576,0.1552,0.5969,30.6254
ISIC_7035246.png,0.141,0.1738,0.6411,66.6737
ISIC_7035368.png,0.1116,0.2455,0.7603,21.3737
ISIC_7039203.png,0.1611,0.3585,0.5589,30.3964
ISIC_7043369.png,0.4255,0.3064,0.2102,2.6111
ISIC_7044184.png,0.1085,0.0797,0.6676,44.483
ISIC_7045042.png,0.156,0.2393,0.6439,42.6434
ISIC_7047780.png,1.6528,1.295,0.0166,5.2006
ISIC_7050122.png,0.1059,0.1326,0.7942,36.5618
ISIC_7051167.png,0.2299,0.1509,0.6651,22.2786
ISIC_7052658.png,0.0671,0.0759,0.8224,25.3054
ISIC_7053271.png,0.1571,0.2456,0.7138,16.2744
ISIC_7057495.png,0.8983,0.4294,0.1294,2.4863
ISIC_7059794.png,0.1779,0.1788,0.7102,15.3311
ISIC_7062293.png,0.2153,0.3164,0.6381,13.6735
ISIC_7066723.png,0.1463,0.2291,0.7133,19.3077
ISIC_7068674.png,0.1727,0.1851,0.6816,17.069
ISIC_7070020.png,0.2025,0.2235,0.4742,45.4613
ISIC_7071944.png,0.2455,0.2469,0.5589,19.7213
ISIC_7074321.png,0.4475,0.5234,0.4859,17.8878
ISIC_7075474.png,0.6977,0.1912,0.2401,2.5223
ISIC_7077047.png,0.1898,0.1201,0.6791,55.6924
ISIC_7079349.png,0.3837,0.5389,0.4056,15.3235
ISIC_7080584.png,0.2198,0.2046,0.5937,31.9255
ISIC_7084553.png,0.1316,0.1508,0.6291,26.034
ISIC_7090336.png,0.0943,0.0891,0.8056,23.1874
ISIC_7095615.png,0.0969,0.0995,0.7626,51.5224
ISIC_7096389.png,0.4287,0.2488,0.5451,22.851
ISIC_7096885.png,1.0084,0.4706,0.1203,2.4084
ISIC_7097665.png,0.1423,0.08,0.7698,12.9245
ISIC_7097931.png,1.7349,1.0382,0.0842,2.5977
ISIC_7098141.png,0.179,0.218,0.3808,23.8874
ISIC_7100755.png,0.5147,0.383,0.2722,23.7583
ISIC_7100813.png,0.195,0.2714,0.5206,30.563
ISIC_7101810.png,0.1577,0.1608,0.6326,21.2622
ISIC_7102028.png,0.1063,0.1006,0.7368,32.4867
ISIC_7104307.png,0.1947,0.1659,0.7138,15.4223
ISIC_7107030.png,0.1175,0.1687,0.7429,26.5256
ISIC_7108282.png,0.3309,0.1901,0.6835,17.8419
ISIC_7109582.png,0.2569,0.138,0.6404,35.8939
ISIC_7110531.png,0.1183,0.1278,0.716,15.2601
ISIC_7110699.png,0.1741,0.3094,0.7557,14.9174
ISIC_7114660.png,0.938,1.1822,0.0565,8.932
ISIC_7124160.png,0.1026,0.1009,0.7963,34.208
ISIC_7125023.png,0.1794,0.205,0.6069,16.9062
ISIC_7127760.png,0.1608,0.2275,0.699,16.9151
ISIC_7128007.png,1.7039,1.9666,0.0127,2.8329
ISIC_7128811.png,0.1266,0.2276,0.7817,14.0781
ISIC_7129085.png,0.1686,0.1958,0.6659,27.1564
ISIC_7129901.png,0.129,0.1202,0.7756,34.6032
ISIC_7130929.png,1.252,0.5293,0.1479,2.5191
ISIC_7131359.png,0.1445,0.2493,0.5833,25.4817
ISIC_7131689.png,0.2237,0.2184,0.6127,24.9905
ISIC_7131973.png,0.1314,0.32,0.6758,38.107
ISIC_7132685.png,0.1047,0.1333,0.7121,29.7029
ISIC_7134821.png,0.2266,0.2714,0.6005,22.2493
ISIC_7136995.png,0.115,0.1685,0.6719,31.1978
ISIC_7137773.png,0.1653,0.1919,0.5249,17.6724
ISIC_7137995.png,0.1801,0.193,0.7714,21.6685
ISIC_7138875.png,0.3025,0.3797,0.554,20.3751
ISIC_7139908.png,0.2044,0.1631,0.6599,28.4782
ISIC_7140778.png,0.1792,0.1325,0.6596,32.3337
ISIC_7141153.png,0.1596,0.1499,0.5976,22.329
ISIC_7141361.png,0.083,0.0969,0.6816,18.2836
ISIC_7144739.png,0.1124,0.1178,0.7191,24.9956
ISIC_7145788.png,0.2329,0.2039,0.6457,20.3625
ISIC_7147713.png,0.0875,0.0769,0.7716,25.616
ISIC_7147898.png,0.3102,0.3189,0.5932,57.0459
ISIC_7152347.png,0.1608,0.1352,0.7896,28.8589
ISIC_7161002.png,0.2046,0.1728,0.4888,45.8157
ISIC_7161069.png,0.1132,0.1347,0.7877,29.9984
ISIC_7161651.png,0.2008,0.1859,0.5917,31.7385
ISIC_7162343.png,0.1282,0.1104,0.6659,32.8921
ISIC_7162711.png,0.1603,0.1262,0.5759,37.1906
ISIC_7164403.png,0.2325,0.2421,0.2591,28.7141
ISIC_7167479.png,0.1848,0.3285,0.6639,17.5658
ISIC_7167811.png,0.3284,0.1674,0.5982,19.7897
ISIC_7168122.png,0.1969,0.1491,0.5779,45.9314
ISIC_7169653.png,0.073,0.0991,0.7389,28.4196
ISIC_7171090.png,0.132,0.1498,0.7017,35.5769
ISIC_7172145.png,0.1474,0.1208,0.6271,30.0606
ISIC_7175697.png,0.0891,0.0981,0.7673,22.5868
ISIC_7176034.png,0.2206,0.1812,0.5813,27.9442
ISIC_7180096.png,1.7405,1.6941,0.0143,2.9251
ISIC_7180418.png,0.0902,0.116,0.8085,18.9902
ISIC_7180438.png,0.054,0.114,0.8837,11.6408
ISIC_7181296.png,1.5904,1.3028,0.176,2.3087
ISIC_7183212.png,0.4548,0.8859,0.2208,10.5389
ISIC_7184722.png,0.199,0.237,0.7457,16.3557
ISIC_7185036.png,0.2593,0.0795,0.776,25.0927
ISIC_7185913.png,0.1183,0.1416,0.7177,33.2307
ISIC_7186677.png,0.1074,0.1819,0.5974,30.9239
ISIC_7189490.png,0.1413,0.1545,0.685,24.5262
ISIC_7190243.png,0.2214,0.3099,0.6715,42.3237
ISIC_7196249.png,0.1414,0.1534,0.6119,34.4265
ISIC_7198887.png,0.1644,0.0865,0.8167,21.7857
ISIC_7203184.png,0.1779,0.1371,0.628,32.1432
ISIC_7205745.png,0.1178,0.2008,0.7795,11.1007
ISIC_7206167.png,0.0875,0.0598,0.7824,34.8652
ISIC_7208412.png,0.2378,0.2583,0.7151,12.67
ISIC_7210119.png,0.1309,0.1254,0.6993,20.958
ISIC_7210296.png,0.1407,0.1741,0.7288,19.3359
ISIC_7212271.png,0.2125,0.1316,0.6075,34.455
ISIC_7215208.png,0.1381,0.1184,0.6756,23.1629
ISIC_7215375.png,0.158,0.1483,0.7943,23.1903
ISIC_7216266.png,0.1842,0.2011,0.6529,18.3558
ISIC_7218890.png,0.2043,0.174,0.4804,49.6598
ISIC_7223327.png,0.4761,0.7267,0.0937,15.0342
ISIC_7225978.png,0.1315,0.1631,0.7838,14.3807
ISIC_7226381.png,0.2373,0.2404,0.6004,18.9321
ISIC_7227223.png,0.1203,0.1229,0.7395,16.0593
ISIC_7231192.png,0.0628,0.0926,0.794,23.2651
ISIC_7233368.png,0.2899,0.3323,0.5892,54.0561
ISIC_7235128.png,0.4767,0.1347,0.2547,2.6
ISIC_7235371.png,0.1976,0.1904,0.5222,43.6276
ISIC_7236365.png,0.2833,0.2752,0.3996,27.4832
ISIC_7236842.png,0.6133,0.5214,0.2966,20.0252
ISIC_7240424.png,0.2345,0.2253,0.4732,31.3343
ISIC_7242312.png,0.2729,0.5348,0.4118,31.2021
ISIC_7242542.png,0.0769,0.1287,0.7789,62.3557
ISIC_7244604.png,0.5597,0.2265,0.6571,13.3846
ISIC_7246852.png,0.1274,0.1825,0.7811,24.8045
ISIC_7249063.png,0.4167,0.3055,0.4796,11.7803
ISIC_7251402.png,0.1154,0.1061,0.6964,35.3364
ISIC_7253401.png,0.1642,0.1245,0.7792,36.3748
ISIC_7254359.png,0.7582,1.025,0.3426,17.4622
ISIC_7254389.png,0.3611,0.4815,0.5187,17.728
ISIC_7260013.png,0.1741,0.229,0.6697,35.5361
ISIC_7260492.png,0.2025,0.2763,0.6475,18.2317
ISIC_7260977.png,0.3925,0.4605,0.3645,17.6001
ISIC_7262685.png,0.1186,0.1186,0.8082,12.0546
ISIC_7264251.png,0.2312,0.1221,0.7853,15.2951
ISIC_7266462.png,0.2189,0.1514,0.6571,21.6281
ISIC_7266604.png,0.2013,0.1799,0.6896,29.9845
ISIC_7268123.png,0.0624,0.1299,0.8098,11.0011
ISIC_7268804.png,0.1405,0.1536,0.6688,19.1056
ISIC_7271718.png,1.3647,1.518,0.0166,4.2065
ISIC_7271745.png,1.8035,1.6323,0.026,2.4431
ISIC_7276156.png,0.6359,0.2998,0.1674,2.6344
ISIC_7277310.png,0.2756,0.3072,0.6604,18.5768
ISIC_7278885.png,0.2279,0.2532,0.5539,20.5842
ISIC_7282415.png,0.2775,0.2136,0.5212,38.9714
ISIC_7283084.png,0.2405,0.1771,0.6843,20.6604
ISIC_7284399.png,0.0467,0.0472,0.8382,47.7534
ISIC_7287303.png,0.1816,0.284,0.5639,36.4769
ISIC_7287540.png,0.3572,0.156,0.6918,16.6828
ISIC_7288818.png,0.274,0.2373,0.613,17.3443
ISIC_7292983.png,0.1275,0.1341,0.6848,47.4848
ISIC_7293518.png,0.4077,0.2991,0.6284,30.6687
ISIC_7293697.png,0.13,0.1527,0.5991,25.5445
ISIC_7295035.png,0.062,0.0775,0.7462,56.2552
ISIC_7296201.png,0.111,0.1398,0.6522,47.7963
ISIC_7296463.png,0.1125,0.1326,0.8011,43.9565
ISIC_7297078.png,0.1282,0.1293,0.7738,39.8512
ISIC_7298784.png,0.282,0.2878,0.606,22.0891
ISIC_7299025.png,0.3117,0.3167,0.5351,44.6362
ISIC_7299650.png,0.8061,0.371,0.1324,2.5469
ISIC_7300631.png,0.1484,0.1111,0.7536,16.4057
ISIC_7301963.png,0.0885,0.088,0.7604,21.8943
ISIC_7302456.png,0.1152,0.122,0.6776,33.6117
ISIC_7303761.png,0.0948,0.1506,0.7472,19.7845
ISIC_7306131.png,1.4938,0.9844,0.0762,2.5053
ISIC_7306535.png,0.1256,0.1014,0.7314,50.4953
ISIC_7312551.png,0.1385,0.3492,0.7358,24.427
ISIC_7312977.png,0.1446,0.1559,0.6834,44.7238
ISIC_7313348.png,0.126,0.1294,0.7884,14.8568
ISIC_7319169.png,1.8919,1.2914,0.0287,2.5243
ISIC_7319686.png,0.1806,0.1494,0.6345,23.4019
ISIC_7320371.png,0.3764,0.4971,0.4015,23.7338
ISIC_7323761.png,0.2596,0.2292,0.6504,26.1497
ISIC_7327423.png,0.3798,0.5816,0.4482,8.275
ISIC_7329395.png,0.2429,0.1652,0.6061,20.5075
ISIC_7330564.png,0.2021,0.197,0.7501,13.3827
ISIC_7331345.png,0.1407,0.4789,0.4781,51.4104
ISIC_7333928.png,0.1649,0.1736,0.7213,13.3407
ISIC_7334117.png,0.0708,0.1139,0.8062,38.1769
ISIC_7335659.png,0.1327,0.1119,0.7528,21.7852
ISIC_7336383.png,0.4288,0.4609,0.4831,16.458
ISIC_7339533.png,1.8145,1.8159,0.0132,2.8381
ISIC_7340112.png,0.109,0.1268,0.7466,21.9758
ISIC_7340247.png,0.2326,0.2159,0.6238,17.6676
ISIC_7340926.png,0.4895,0.7036,0.272,15.8233
ISIC_7341401.png,0.1457,0.1815,0.5907,24.1489
ISIC_7342636.png,0.5777,0.5923,0.0407,8.9759
ISIC_7342840.png,0.1228,0.0916,0.7665,37.5982
ISIC_7349440.png,0.2478,0.2753,0.2926,41.8898
ISIC_7349772.png,0.1279,0.1445,0.7154,49.2166
ISIC_7351007.png,0.2235,0.3164,0.5196,38.0569
ISIC_7351443.png,0.2263,0.1517,0.5657,20.4434
ISIC_7351939.png,0.3245,0.2959,0.5602,16.1514
ISIC_7353400.png,0.1041,0.0993,0.8262,14.6994
ISIC_7354733.png,0.2115,0.1442,0.587,48.2718
ISIC_7357474.png,0.2611,0.2519,0.6674,15.7398
ISIC_7358691.png,0.5059,0.1982,0.4786,18.8121
ISIC_7364041.png,0.2676,0.2398,0.5876,25.5917
ISIC_7365615.png,0.3626,0.17,0.7684,17.0106
ISIC_7365889.png,0.9534,0.3942,0.3406,9.8397
ISIC_7368239.png,0.1282,0.1008,0.7585,28.2712
ISIC_7369312.png,0.1036,0.1089,0.6713,58.2348
ISIC_7369690.png,0.2228,0.2779,0.6978,25.3527
ISIC_7373074.png,0.1657,0.2181,0.5368,42.849
ISIC_7376906.png,0.2226,0.109,0.6539,27.6854
ISIC_7378303.png,0.2526,0.1644,0.6033,20.0583
ISIC_7380353.png,0.648,0.7759,0.1186,19.4797
ISIC_7381224.png,0.1369,0.1867,0.6365,24.7249
ISIC_7384382.png,0.1658,0.1769,0.6178,26.4684
ISIC_7387061.png,0.1457,0.1585,0.5674,18.5328
ISIC_7394897.png,0.1654,0.1385,0.6619,23.7028
ISIC_7397447.png,0.1465,0.1837,0.7628,46.4663
ISIC_7400458.png,0.1681,0.1,0.6013,41.0131
ISIC_7404937.png,0.2262,0.2724,0.73,14.8155
ISIC_7407847.png,0.0937,0.0836,0.7683,20.0842
ISIC_7409889.png,0.1975,0.2884,0.6275,32.3572
ISIC_7412327.png,0.6979,0.7013,0.2893,22.3293
ISIC_7412559.png,0.1855,0.2216,0.6923,18.598
ISIC_7413149.png,0.1663,0.1625,0.6049,26.1782
ISIC_7413786.png,0.2209,0.1712,0.6981,55.9008
ISIC_7415335.png,0.6203,1.1043,0.0895,14.9866
ISIC_7416587.png,0.1414,0.1587,0.7361,23.655
ISIC_7418723.png,0.2719,0.2035,0.5842,26.5266
ISIC_7421214.png,0.2734,0.4202,0.2923,29.2458
ISIC_7423852.png,0.2445,0.3332,0.5356,21.3887
ISIC_7424320.png,0.4421,0.2698,0.4248,15.2856
ISIC_7428248.png,0.0861,0.063,0.7905,56.5954
ISIC_7429127.png,0.1288,0.0752,0.7339,32.4722
ISIC_7430054.png,0.203,0.1616,0.5889,30.8242
ISIC_7433993.png,0.2337,0.1937,0.7302,15.9482
ISIC_7438013.png,0.0886,0.2415,0.7659,36.714
ISIC_7440724.png,0.1879,0.1378,0.8324,11.0431
ISIC_7441957.png,0.4403,0.5854,0.3609,11.2038
ISIC_7443391.png,0.0824,0.1065,0.799,17.5764
ISIC_7448231.png,0.1715,0.3037,0.6401,23.1723
ISIC_7450481.png,0.1444,0.1486,0.7983,13.3723
ISIC_7452410.png,0.3292,0.2708,0.6103,18.1886
ISIC_7452503.png,1.3393,1.4238,0.0156,3.091
ISIC_7453676.png,1.4631,1.2,0.032,2.5451
ISIC_7454487.png,0.1925,0.1526,0.7702,18.8117
ISIC_7454512.png,0.1898,0.196,0.5513,27.2305
ISIC_7454679.png,0.3172,0.185,0.5085,26.9743
ISIC_7454699.png,0.0841,0.1708,0.7436,33.6484
ISIC_7455460.png,0.1075,0.1372,0.7767,30.8887
ISIC_7460111.png,0.3404,0.1572,0.6263,43.9541
ISIC_7460560.png,0.1582,0.1987,0.7762,18.5995
ISIC_7462746.png,0.1302,0.1434,0.6612,28.293
ISIC_7462953.png,0.3006,0.2919,0.3613,30.335
ISIC_7466175.png,0.259,0.129,0.7091,17.653
ISIC_7466678.png,0.4388,0.3887,0.4031,21.829
ISIC_7468304.png,0.4145,0.1371,0.5843,48.0667
ISIC_7475827.png,0.174,0.173,0.6984,24.879
ISIC_7477006.png,0.1508,0.1171,0.6234,57.158
ISIC_7482149.png,0.3212,0.3212,0.6531,29.3726
ISIC_7484618.png,0.1486,0.1265,0.7596,16.9733
ISIC_7484771.png,0.1089,0.1673,0.725,28.8829
ISIC_7487840.png,0.2092,0.2053,0.7291,23.1438
ISIC_7489564.png,0.8931,1.6389,0.0245,5.4547
ISIC_7489895.png,0.0997,0.1175,0.6929,25.8634
ISIC_7491389.png,0.2975,0.3148,0.704,18.5011
ISIC_7492046.png,0.1113,0.0895,0.7255,24.9908
ISIC_7492530.png,0.2494,0.143,0.6873,24.496
ISIC_7492682.png,0.1033,0.336,0.6019,17.7407
ISIC_7494625.png,0.2721,0.2482,0.7257,45.1724
ISIC_7498132.png,0.1985,0.1705,0.6558,27.4629
ISIC_7499769.png,0.1065,0.0888,0.7131,23.7757
ISIC_7501061.png,0.3607,0.3097,0.5791,14.8577
ISIC_7503950.png,0.2434,0.2108,0.4632,20.7216
ISIC_7505254.png,0.1566,0.0873,0.7453,22.6536
ISIC_7505369.png,0.147,0.1254,0.7843,18.4018
ISIC_7507286.png,0.1098,0.1822,0.7439,32.1586
ISIC_7508320.png,0.1094,0.1043,0.767,48.7329
ISIC_7509837.png,0.0768,0.0774,0.7533,42.5254
ISIC_7511557.png,0.1152,0.0732,0.7616,55.0013
ISIC_7513677.png,0.2528,0.2111,0.4843,31.2073
ISIC_7515794.png,0.097,0.0971,0.7918,43.5695
ISIC_7517082.png,0.2218,0.2281,0.7593,22.2632
ISIC_7518524.png,0.1327,0.1291,0.6787,32.5574
ISIC_7518798.png,0.161,0.2726,0.6663,18.4214
ISIC_7519274.png,0.1937,0.6035,0.5849,19.6066
ISIC_7519557.png,0.2357,0.2059,0.5098,37.6734
ISIC_7519627.png,0.3173,0.2246,0.1803,2.6503
ISIC_7520843.png,0.1467,0.4374,0.6291,14.341
ISIC_7521698.png,0.1763,0.208,0.6906,21.5009
ISIC_7526530.png,0.0626,0.138,0.8248,29.8063
ISIC_7526548.png,0.2138,0.164,0.6044,34.2208
ISIC_7528996.png,0.1506,0.1483,0.5637,34.0062
ISIC_7530414.png,0.3686,0.2119,0.5795,36.097
ISIC_7532154.png,0.1818,0.211,0.4632,41.0461
ISIC_7533216.png,0.3247,0.2561,0.4864,23.8259
ISIC_7533983.png,0.132,0.16,0.6214,17.5904
ISIC_7534592.png,0.0827,0.121,0.7069,24.7358
ISIC_7535412.png,0.1463,0.1483,0.7765,15.2862
ISIC_7536704.png,0.09,0.1205,0.7321,67.1864
ISIC_7539727.png,0.0896,0.0983,0.5304,45.5369
ISIC_7543736.png,0.3195,0.2056,0.647,28.0442
ISIC_7544537.png,0.3545,0.3117,0.6103,16.4153
ISIC_7545340.png,0.2217,0.3693,0.6318,16.2017
ISIC_7545432.png,1.4286,1.4034,0.0983,2.5122
ISIC_7550510.png,0.2498,0.1063,0.7697,22.0633
ISIC_7555812.png,0.1872,0.1671,0.6863,29.3053
ISIC_7558912.png,0.1484,0.1121,0.6839,16.0108
ISIC_7562175.png,0.1616,0.202,0.7377,16.4759
ISIC_7562708.png,0.1952,0.201,0.6718,11.9312
ISIC_7563744.png,0.1048,0.1186,0.7591,19.8095
ISIC_7563949.png,0.1508,0.3105,0.6059,25.3189
ISIC_7564545.png,0.6988,0.4108,0.5083,13.7386
ISIC_7565128.png,0.3075,0.2933,0.6173,12.6722
ISIC_7566505.png,0.1423,0.1416,0.6916,23.5543
ISIC_7567699.png,0.205,0.2048,0.5444,33.6381
ISIC_7570343.png,1.7819,1.8875,0.0148,2.6428
ISIC_7572137.png,0.165,0.2004,0.6776,14.9906
ISIC_7575246.png,0.1729,0.1883,0.7179,46.5102
ISIC_7575815.png,0.1428,0.156,0.6766,23.3251
ISIC_7575957.png,0.75,0.2439,0.1517,2.6172
ISIC_7579316.png,1.5612,1.5664,0.0126,4.9504
ISIC_7580408.png,0.2283,0.2477,0.6322,35.6
ISIC_7581199.png,0.1356,0.1403,0.7145,20.5512
ISIC_7582818.png,0.1686,0.2094,0.5002,23.9852
ISIC_7583134.png,0.0853,0.122,0.7885,25.8047
ISIC_7586566.png,0.2464,0.3112,0.4789,16.372
ISIC_7587513.png,0.1137,0.1888,0.7642,11.0135
ISIC_7587869.png,0.1472,0.2686,0.5732,41.8355
ISIC_7590292.png,0.2442,0.3607,0.6552,23.0667
ISIC_7592920.png,0.2439,0.2253,0.4505,52.2594
ISIC_7594601.png,0.2104,0.1257,0.6899,20.6012
ISIC_7596681.png,0.1849,0.1883,0.7537,18.6789
ISIC_7599444.png,0.1531,0.3066,0.6219,19.4841
ISIC_7600621.png,0.1845,0.2364,0.7179,19.0965
ISIC_7601403.png,0.179,0.1946,0.7483,13.3275
ISIC_7604596.png,0.2772,0.2086,0.5856,21.6601
ISIC_7604870.png,0.1709,0.5352,0.5344,14.2837
ISIC_7605678.png,0.2404,0.287,0.6126,24.7405
ISIC_7612992.png,0.1013,0.1975,0.6692,44.3669
ISIC_7614221.png,0.2226,0.2043,0.604,28.7221
ISIC_7618133.png,0.0912,0.1018,0.7531,29.4441
ISIC_7619234.png,0.1894,0.3745,0.4381,36.4755
ISIC_7620514.png,0.3168,0.33,0.6214,35.2713
ISIC_7621389.png,0.1145,0.14,0.6503,65.2419
ISIC_7621412.png,0.207,0.1144,0.7101,19.6624
ISIC_7623407.png,0.1215,0.1046,0.5941,47.4437
ISIC_7626256.png,0.2541,0.1607,0.5903,21.2424
ISIC_7629589.png,0.1394,0.1092,0.728,30.5256
ISIC_7630208.png,0.1625,0.0933,0.6484,58.8329
ISIC_7630831.png,0.1232,0.1118,0.7386,19.0514
ISIC_7632525.png,0.0973,0.073,0.7551,56.6399
ISIC_7633960.png,0.2005,0.1834,0.6567,18.8957
ISIC_7636321.png,1.9878,1.8114,0.018,3.8054
ISIC_7637091.png,1.7863,1.7299,0.0143,2.4949
ISIC_7637597.png,0.1484,0.1742,0.7244,15.0386
ISIC_7641956.png,0.2003,0.2584,0.6396,26.8849
ISIC_7642142.png,0.0993,0.074,0.7472,29.1938
ISIC_7642500.png,0.239,0.2309,0.4906,21.7722
ISIC_7642591.png,1.7798,1.6773,0.029,2.649
ISIC_7648726.png,0.2074,0.2074,0.6925,12.8124
ISIC_7650369.png,0.1895,0.1963,0.7758,19.8259
ISIC_7651838.png,0.2297,0.1688,0.4533,42.3852
ISIC_7651944.png,0.1371,0.0809,0.6497,48.4423
ISIC_7658133.png,0.0942,0.2294,0.7324,17.1487
ISIC_7658276.png,0.0907,0.0959,0.7032,38.6575
ISIC_7658729.png,0.0831,0.1253,0.8013,16.9967
ISIC_7662910.png,1.5737,1.6698,0.1031,2.6054
ISIC_7662993.png,0.1493,0.1287,0.6993,56.9821
ISIC_7663476.png,0.1246,0.1219,0.6468,40.4845
ISIC_7664137.png,0.1253,0.1244,0.6351,24.7352
ISIC_7666224.png,0.1582,0.2473,0.5529,37.6154
ISIC_7667157.png,0.5226,0.1585,0.6293,16.6619
ISIC_7670149.png,0.2164,0.3377,0.6471,45.6501
ISIC_7670304.png,0.4001,0.4782,0.4817,29.6762
ISIC_7670817.png,0.202,0.3146,0.8061,9.7963
ISIC_7672106.png,0.0471,0.1408,0.771,43.4009
ISIC_7677876.png,0.1008,0.3144,0.69,30.4897
ISIC_7680333.png,0.2565,0.1275,0.658,34.7005
ISIC_7681490.png,0.2409,0.1403,0.6831,22.0878
ISIC_7682938.png,0.0965,0.2431,0.6172,29.0535
ISIC_7685761.png,0.079,0.1147,0.7799,11.8606
ISIC_7685920.png,0.317,0.2385,0.6689,18.9139
ISIC_7693611.png,0.2444,0.2038,0.7511,11.9144
ISIC_7693995.png,0.268,0.2727,0.5112,21.1741
ISIC_7694028.png,0.128,0.0725,0.7671,34.3413
ISIC_7694069.png,0.2206,0.2372,0.6188,20.452
ISIC_7696538.png,0.1042,0.1409,0.7664,24.7617
ISIC_7697022.png,0.1614,0.1257,0.7663,17.6959
ISIC_7699223.png,0.1002,0.0884,0.725,33.9787
ISIC_7702483.png,0.236,0.1671,0.778,11.7739
ISIC_7702857.png,0.4784,0.1735,0.5002,13.8212
ISIC_7711947.png,0.1005,0.125,0.7768,31.3467
ISIC_7714981.png,1.6941,1.7904,0.0184,2.6497
ISIC_7717907.png,0.2985,0.3426,0.6578,18.1375
ISIC_7724635.png,0.3084,0.3044,0.6433,17.2872
ISIC_7724764.png,0.0624,0.0836,0.8146,15.4424
ISIC_7727830.png,0.0488,0.1244,0.7981,44.5617
ISIC_7728263.png,0.2001,0.1617,0.6869,20.8383
ISIC_7732765.png,0.0915,0.1027,0.7711,30.1489
ISIC_7738955.png,0.1483,0.253,0.6487,43.8247
ISIC_7740023.png,0.2007,0.1341,0.598,60.9703
ISIC_7740744.png,0.1635,0.1422,0.6329,39.5212
ISIC_7746479.png,1.7569,1.7321,0.0186,2.5237
ISIC_7746898.png,0.1805,0.1387,0.6504,18.2526
ISIC_7747712.png,1.4872,1.1282,0.1351,2.5445
ISIC_7747998.png,0.2853,0.246,0.4698,16.3276
ISIC_7748144.png,0.0964,0.1143,0.8106,14.5068
ISIC_7748311.png,0.9953,0.4558,0.3587,2.2885
ISIC_7755096.png,0.2229,0.2261,0.6407,20.8823
ISIC_7755106.png,0.1922,0.1346,0.7337,36.0865
ISIC_7755875.png,0.1615,0.2222,0.6808,40.7452
ISIC_7758102.png,0.1537,0.1609,0.7637,19.0323
ISIC_7759376.png,0.0952,0.1528,0.8177,35.9688
ISIC_7759913.png,0.2059,0.187,0.5433,23.1731
ISIC_7761711.png,0.202,0.2412,0.6917,14.7557
ISIC_7763042.png,0.1016,0.1703,0.8274,25.9034
ISIC_7763831.png,0.1678,0.1509,0.7057,18.7065
ISIC_7764987.png,0.2316,0.1488,0.75,12.2406
ISIC_7765349.png,1.5431,1.7295,0.0269,4.0776
ISIC_7766007.png,0.0747,0.0813,0.7712,19.0135
ISIC_7768567.png,0.0901,0.223,0.7591,21.3162
ISIC_7775535.png,0.2475,0.2373,0.6243,16.8587
ISIC_7776719.png,0.2841,0.1488,0.7433,18.4402
ISIC_7777873.png,1.5603,1.6247,0.0768,2.4101
ISIC_7779155.png,0.1164,0.1031,0.8117,11.4296
ISIC_7781213.png,0.232,0.2239,0.6952,16.3428
ISIC_7783346.png,0.2221,0.2881,0.6249,20.3165
ISIC_7785723.png,0.1845,0.1432,0.726,21.4677
ISIC_7787118.png,0.1531,0.0817,0.6193,30.3445
ISIC_7788318.png,1.068,0.2718,0.1225,2.6311
ISIC_7788814.png,0.1687,0.0946,0.7722,43.0078
ISIC_7789452.png,0.1917,0.382,0.7069,21.6647
ISIC_7795549.png,0.2292,0.1385,0.7432,20.068
ISIC_7797655.png,0.6191,0.3841,0.2037,9.0485
ISIC_7797853.png,0.091,0.147,0.7412,23.712
ISIC_7798358.png,0.1711,0.5593,0.6156,18.9435
ISIC_7798403.png,0.257,0.2235,0.7394,41.7987
ISIC_7799968.png,0.223,0.2449,0.5363,31.3803
ISIC_7800706.png,0.1991,0.2554,0.6091,30.5557
ISIC_7801289.png,0.1246,0.1178,0.8038,47.3523
ISIC_7802213.png,0.2161,0.1504,0.6544,16.0079
ISIC_7803114.png,0.3573,0.2247,0.5655,26.6389
ISIC_7803163.png,0.1304,0.1591,0.5125,39.682
ISIC_7806612.png,0.4754,0.3591,0.1093,16.0316
ISIC_7806926.png,0.1777,0.156,0.722,26.6175
ISIC_7809510.png,0.5803,0.2724,0.4668,21.3358
ISIC_7811951.png,0.1309,0.1754,0.5856,44.457
ISIC_7814144.png,0.1094,0.121,0.6697,40.1118
ISIC_7820005.png,0.2279,0.161,0.702,17.4251
ISIC_7822725.png,0.1172,0.1583,0.7031,29.7685
ISIC_7824688.png,0.1402,0.2123,0.6224,17.1671
ISIC_7826557.png,0.1788,0.3234,0.6806,11.8287
ISIC_7830756.png,0.3414,0.3889,0.6291,16.1977
ISIC_7831274.png,0.2072,0.2895,0.6921,16.1518
ISIC_7833008.png,0.1821,0.177,0.3863,36.3376
ISIC_7833178.png,0.2343,0.1955,0.6673,26.1324
ISIC_7835257.png,0.1272,0.0978,0.7764,24.2031
ISIC_7837503.png,0.1969,0.26,0.6359,14.449
ISIC_7839712.png,0.1521,0.1679,0.7639,30.1473
ISIC_7839741.png,0.3212,0.2408,0.6929,18.1299
ISIC_7840728.png,0.279,0.2705,0.4038,34.7316
ISIC_7844565.png,0.2102,0.1294,0.7271,21.6478
ISIC_7844825.png,0.1128,0.1146,0.6357,58.5642
ISIC_7846309.png,0.1839,0.2286,0.6111,21.6562
ISIC_7850786.png,0.1579,0.0992,0.7308,25.9634
ISIC_7852890.png,0.1188,0.1304,0.6621,33.0663
ISIC_7853136.png,0.1575,0.1627,0.6009,19.7647
ISIC_7858034.png,0.2857,0.5071,0.5125,13.7448
ISIC_7860137.png,0.171,0.1578,0.7029,14.598
ISIC_7865214.png,0.2407,0.1365,0.6834,20.0627
ISIC_7867077.png,0.2213,0.2127,0.6593,18.2161
ISIC_7869255.png,0.1336,0.2231,0.7446,19.9088
ISIC_7870290.png,0.3178,0.3077,0.0652,16.9862
ISIC_7873541.png,0.1448,0.1521,0.7038,19.7117
ISIC_7875088.png,1.3286,1.82,0.0232,4.8164
ISIC_7875959.png,0.3458,0.3585,0.4335,20.8875
ISIC_7877488.png,0.1134,0.0941,0.6346,64.1998
ISIC_7881017.png,0.1292,0.1412,0.7016,42.1598
ISIC_7883190.png,1.0123,0.642,0.1452,2.5304
ISIC_7885010.png,0.3454,0.2479,0.6284,13.9494
ISIC_7885531.png,0.1159,0.0942,0.7769,19.696
ISIC_7888517.png,0.2086,0.2517,0.7068,16.2463
ISIC_7888672.png,0.113,0.0986,0.7888,23.7739
ISIC_7889838.png,0.1352,0.1805,0.6985,23.0298
ISIC_7892362.png,0.1142,0.1454,0.811,44.1551
ISIC_7895093.png,0.1047,0.1592,0.7323,31.1487
ISIC_7896667.png,0.2536,0.2867,0.7042,21.8677
ISIC_7897925.png,0.1097,0.1072,0.7389,53.1137
ISIC_7898061.png,1.6878,1.7608,0.0106,3.4075
ISIC_7899041.png,0.7627,0.3521,0.404,16.8001
ISIC_7900295.png,0.1194,0.1217,0.6823,23.5494
ISIC_7901891.png,0.1838,0.1387,0.6221,52.9095
ISIC_7903838.png,0.0813,0.1726,0.7666,20.7874
ISIC_7904250.png,0.283,0.1847,0.6196,18.9925
ISIC_7906421.png,0.1972,0.1383,0.5643,48.1987
ISIC_7912104.png,0.1115,0.1242,0.6807,22.7782
ISIC_7912183.png,0.1186,0.0959,0.7192,23.3563
ISIC_7914631.png,0.1067,0.2274,0.7316,43.0856
ISIC_7915065.png,0.1077,0.1458,0.7715,33.8173
ISIC_7919133.png,0.0919,0.1286,0.7393,19.2135
ISIC_7921023.png,0.1227,0.1167,0.7301,49.3663
ISIC_7923008.png,0.1585,0.3041,0.5363,26.4174
ISIC_7927525.png,1.1009,1.0317,0.1453,2.6228
ISIC_7928137.png,0.1445,0.1941,0.6999,25.3846
ISIC_7933945.png,0.2739,0.2924,0.643,17.9813
ISIC_7935007.png,0.1587,0.1912,0.6584,28.8405
ISIC_7935462.png,0.3175,0.4831,0.5255,21.841
ISIC_7935989.png,0.1983,0.2067,0.7095,34.6028
ISIC_7936755.png,1.5268,1.6126,0.0109,3.7707
ISIC_7937065.png,0.0655,0.14,0.7655,29.0365
ISIC_7938688.png,0.1207,0.19,0.7257,27.1027
ISIC_7939816.png,0.2439,0.1268,0.3603,2.2014
ISIC_7942881.png,0.7831,0.5886,0.1146,14.4202
ISIC_7945429.png,0.1798,0.1304,0.6489,21.4086
ISIC_7947847.png,0.0831,0.1235,0.8177,20.8613
ISIC_7948290.png,0.1126,0.0946,0.6547,23.5842
ISIC_7951202.png,0.2517,0.1002,0.6961,24.7506
ISIC_7953039.png,0.4881,0.4096,0.4038,11.2221
ISIC_7956417.png,0.1783,0.0977,0.7946,15.4204
ISIC_7959386.png,0.1168,0.1636,0.7776,19.9457
ISIC_7960321.png,0.2528,0.1197,0.2152,2.5763
ISIC_7961365.png,0.1178,0.0534,0.8063,31.8053
ISIC_7966295.png,0.3279,0.3471,0.6511,22.3098
ISIC_7967108.png,0.4224,0.3225,0.5852,17.4269
ISIC_7967397.png,0.1964,0.1816,0.6676,35.6476
ISIC_7972996.png,0.0995,0.0782,0.8028,14.4804
ISIC_7973296.png,0.1048,0.1019,0.7508,22.094
ISIC_7973598.png,0.158,0.0727,0.8397,11.5239
ISIC_7973601.png,0.2586,0.3064,0.7165,12.6926
ISIC_7976724.png,0.2775,0.2225,0.5503,37.0393
ISIC_7976934.png,0.1853,0.2688,0.6361,25.7823
ISIC_7980339.png,0.1484,0.0998,0.6081,31.275
ISIC_7980387.png,0.1886,0.3927,0.7065,18.0593
ISIC_7981097.png,0.2029,0.1355,0.7465,20.9427
ISIC_7984080.png,0.1605,0.1303,0.7682,47.0655
ISIC_7984569.png,0.2375,0.2035,0.5088,58.8181
ISIC_7984646.png,0.2151,0.0992,0.7784,8.789
ISIC_7988794.png,0.1128,0.1974,0.7098,23.9621
ISIC_7994337.png,0.1107,0.1214,0.7734,13.3197
ISIC_7997132.png,0.1028,0.1515,0.6767,37.7417
ISIC_7999342.png,0.2804,0.2048,0.7046,20.0167
ISIC_8001757.png,0.1891,0.1179,0.6147,16.8395
ISIC_8002729.png,0.1128,0.1745,0.6536,26.0226
ISIC_8006094.png,0.1433,0.1686,0.7206,28.6752
ISIC_8007849.png,0.1266,0.1702,0.6826,41.5121
ISIC_8008242.png,0.171,0.171,0.7098,15.1505
ISIC_8009880.png,0.175,0.126,0.7626,18.793
ISIC_8010862.png,0.0954,0.1053,0.7908,19.9415
ISIC_8011058.png,0.807,0.7464,0.0162,9.4376
ISIC_8013225.png,0.1208,0.0931,0.6454,41.4276
ISIC_8015541.png,0.2542,0.1747,0.7279,12.7803
ISIC_8020153.png,0.1355,0.1191,0.8081,10.9776
ISIC_8021960.png,0.0828,0.078,0.737,39.0347
ISIC_8023705.png,0.2686,0.1637,0.54,47.0628
ISIC_8024841.png,0.1302,0.1522,0.7076,21.7306
ISIC_8025644.png,0.0783,0.1007,0.6738,24.3385
ISIC_8027899.png,0.0949,0.1512,0.7667,52.3589
ISIC_8028631.png,0.2099,0.1797,0.6462,15.2147
ISIC_8029613.png,0.3328,0.1406,0.6199,18.0098
ISIC_8030914.png,0.1691,0.1443,0.699,35.3952
ISIC_8033373.png,0.0794,0.1097,0.633,30.1731
ISIC_8035608.png,0.2329,0.1469,0.6715,21.6232
ISIC_8036175.png,0.1221,0.1541,0.6818,32.2834
ISIC_8036544.png,0.1762,0.3397,0.5951,12.2764
ISIC_8040024.png,0.133,0.3745,0.7071,44.609
ISIC_8041078.png,1.6389,1.8382,0.0171,2.5464
ISIC_8041550.png,0.2095,0.1423,0.6906,26.4266
ISIC_8043299.png,0.0675,0.1416,0.8038,37.4998
ISIC_8048162.png,0.238,0.4085,0.4468,29.3401
ISIC_8048668.png,0.2578,0.2686,0.5219,23.6667
ISIC_8051628.png,0.1573,0.2106,0.7572,30.3794
ISIC_8052769.png,0.1795,0.1644,0.4383,50.6139
ISIC_8060329.png,0.1812,0.1511,0.6762,45.8941
ISIC_8064866.png,0.1096,0.1472,0.6534,43.2127
ISIC_8065001.png,0.1326,0.1416,0.8261,14.0926
ISIC_8065633.png,0.2001,0.2258,0.63,27.8175
ISIC_8066110.png,0.06,0.0862,0.8282,20.5797
ISIC_8066660.png,0.223,0.155,0.665,17.9355
ISIC_8068693.png,0.0534,0.0705,0.8037,75.7813
ISIC_8071637.png,1.6005,1.8171,0.1197,2.6153
ISIC_8073036.png,0.3383,0.2346,0.6386,19.9638
ISIC_8073555.png,1.487,1.3764,0.0076,4.1064
ISIC_8077943.png,0.2788,0.1225,0.6272,19.5157
ISIC_8082460.png,0.2849,0.1803,0.7261,22.4152
ISIC_8082988.png,0.8178,0.7072,0.0514,12.7779
ISIC_8086526.png,0.2041,0.2342,0.6679,22.8008
ISIC_8087949.png,0.0873,0.1134,0.8295,16.3115
ISIC_8094432.png,0.1312,0.0929,0.5333,35.7696
ISIC_8095877.png,0.1033,0.0695,0.7033,24.4763
ISIC_8096177.png,0.0824,0.0893,0.8385,18.3608
ISIC_8100185.png,0.4229,0.3115,0.5654,18.4207
ISIC_8101493.png,0.1853,0.1717,0.6217,26.5048
ISIC_8104064.png,0.3319,0.1817,0.7131,16.178
ISIC_8105020.png,0.092,0.1491,0.7501,18.7381
ISIC_8106899.png,1.5517,1.2858,0.0111,4.2862
ISIC_8108090.png,0.2333,0.1396,0.558,24.0914
ISIC_8108099.png,1.3213,0.5105,0.1314,2.4317
ISIC_8108870.png,0.1461,0.2519,0.6767,25.5463
ISIC_8109460.png,0.1687,0.0856,0.7561,26.8629
ISIC_8120622.png,0.1577,0.1988,0.5545,23.1297
ISIC_8121679.png,0.3567,0.2723,0.4278,40.538
ISIC_8124482.png,0.1918,0.1655,0.681,44.7312
ISIC_8124900.png,0.3217,0.1626,0.5743,44.5601
ISIC_8127323.png,0.1604,0.168,0.758,38.1372
ISIC_8127394.png,0.3048,0.1103,0.599,47.5143
ISIC_8127578.png,0.4132,0.3995,0.4703,19.0621
ISIC_8128335.png,0.2563,0.2507,0.6305,26.5609
ISIC_8130596.png,0.1686,0.1924,0.695,32.5765
ISIC_8133350.png,0.3206,0.4571,0.5475,6.2674
ISIC_8133871.png,0.1649,0.2434,0.533,16.4221
ISIC_8135400.png,0.1052,0.1817,0.7073,27.9781
ISIC_8135931.png,0.2088,0.2234,0.6164,20.5269
ISIC_8138363.png,0.1832,0.1903,0.6369,19.8174
ISIC_8139762.png,0.3955,0.3573,0.4944,21.6563
ISIC_8140072.png,0.3391,0.2939,0.6879,36.9519
ISIC_8143286.png,0.1406,0.1187,0.6865,29.7489
ISIC_8145260.png,0.2283,0.1947,0.6644,20.4578
ISIC_8145348.png,0.5513,0.7071,0.1837,20.0959
ISIC_8147189.png,0.0893,0.1408,0.6751,21.9563
ISIC_8147542.png,0.0757,0.1095,0.8251,17.6492
ISIC_8150108.png,0.0633,0.1357,0.7232,44.1635
ISIC_8152423.png,0.2052,0.1439,0.8604,10.5531
ISIC_8153123.png,1.5607,1.8274,0.0122,2.8312
ISIC_8154363.png,0.9006,0.8148,0.155,2.287
ISIC_8156101.png,0.1476,0.2231,0.7715,16.697
ISIC_8158081.png,0.2261,0.1289,0.7688,14.7546
ISIC_8159718.png,0.1739,0.2211,0.7379,18.5656
ISIC_8159779.png,0.1623,0.1201,0.7712,21.2128
ISIC_8160596.png,0.1613,0.4968,0.6171,21.1644
ISIC_8161933.png,0.4609,0.1984,0.5397,20.1072
ISIC_8163269.png,0.2084,0.1579,0.58,40.4672
ISIC_8165906.png,0.19,0.1019,0.67,34.142
ISIC_8167374.png,0.2706,0.1961,0.6678,33.9878
ISIC_8168598.png,0.1444,0.1872,0.6847,29.4759
ISIC_8169564.png,0.1182,0.1595,0.7776,8.9397
ISIC_8170849.png,0.1483,0.0965,0.7824,23.7177
ISIC_8171432.png,1.1885,1.1805,0.0341,2.3838
ISIC_8172822.png,0.6781,0.8908,0.1161,16.3649
ISIC_8173531.png,0.1073,0.1567,0.7335,40.7657
ISIC_8174881.png,0.1584,0.1185,0.6833,22.9974
ISIC_8174951.png,0.2486,0.1884,0.5701,21.2427
ISIC_8175453.png,0.2832,0.2751,0.5784,43.3656
ISIC_8176449.png,0.1482,0.24,0.646,55.3036
ISIC_8181142.png,0.2145,0.2068,0.7376,9.3365
ISIC_8184471.png,0.1888,0.1539,0.5401,40.8808
ISIC_8188797.png,0.1926,0.179,0.6984,24.0206
ISIC_8190708.png,0.0885,0.1111,0.7838,19.7201
ISIC_8194371.png,0.4163,0.7611,0.2852,12.8626
ISIC_8194467.png,0.1399,0.1089,0.7334,13.2367
ISIC_8194835.png,0.5749,0.1916,0.2471,2.6385
ISIC_8195528.png,0.0937,0.0744,0.6511,16.1794
ISIC_8195604.png,0.1362,0.176,0.6977,20.7592
ISIC_8197240.png,0.2856,0.4535,0.4638,37.9529
ISIC_8199467.png,0.1427,0.1614,0.6446,37.6379
ISIC_8205879.png,0.1088,0.1949,0.7297,19.3552
ISIC_8206667.png,0.1139,0.1701,0.6663,38.5795
ISIC_8207162.png,0.1609,0.2693,0.7155,11.47
ISIC_8207974.png,0.1467,0.0868,0.6695,40.2244
ISIC_8211214.png,0.1414,0.237,0.6075,20.5815
ISIC_8214287.png,1.8187,1.717,0.0087,2.6587
ISIC_8222254.png,0.2619,0.1712,0.6267,19.1765
ISIC_8224270.png,0.543,0.3974,0.2636,2.2969
ISIC_8234773.png,0.2492,0.3695,0.6085,20.5475
ISIC_8241457.png,0.3616,0.1763,0.6967,9.6939
ISIC_8244535.png,0.2092,0.2569,0.7424,18.1365
ISIC_8246858.png,0.2086,0.1404,0.744,16.339
ISIC_8248922.png,0.1684,0.1797,0.709,29.0151
ISIC_8249565.png,0.1914,0.2198,0.5999,10.4589
ISIC_8249854.png,0.6981,0.9187,0.2869,12.5283
ISIC_8252406.png,0.2964,0.3456,0.3402,26.0065
ISIC_8253317.png,0.1309,0.1309,0.784,18.4675
ISIC_8253326.png,0.0761,0.0613,0.8267,42.6535
ISIC_8255784.png,0.1314,0.1731,0.726,17.2305
ISIC_8257549.png,0.1689,0.1283,0.7189,19.3638
ISIC_8263489.png,1.0473,0.9658,0.1197,9.4263
ISIC_8263741.png,0.1695,0.119,0.7516,27.967
ISIC_8265105.png,0.1353,0.1657,0.7555,29.7777
ISIC_8266094.png,0.0767,0.2717,0.6809,13.6571
ISIC_8268025.png,0.1113,0.1515,0.8076,42.6241
ISIC_8274622.png,0.1804,0.1258,0.5922,32.7164
ISIC_8278458.png,0.1558,0.3646,0.5478,16.7998
ISIC_8278688.png,0.5177,0.3785,0.3501,20.0435
ISIC_8278912.png,0.203,0.1217,0.7641,23.4956
ISIC_8281208.png,0.753,0.2834,0.1734,2.402
ISIC_8282404.png,0.1152,0.1635,0.7303,31.9885
ISIC_8284685.png,0.1953,0.1558,0.6667,25.3715
ISIC_8287726.png,0.1948,0.0685,0.7492,17.491
ISIC_8290994.png,0.2468,0.1543,0.546,24.7556
ISIC_8292179.png,0.1458,0.3678,0.6079,49.368
ISIC_8292279.png,0.0817,0.1239,0.7802,28.8039
ISIC_8295152.png,0.1212,0.1072,0.6641,19.5569
ISIC_8295306.png,0.1588,0.2112,0.7122,11.1767
ISIC_8295834.png,0.1091,0.1933,0.7785,36.2237
ISIC_8296881.png,0.1818,0.231,0.7445,16.7976
ISIC_8297563.png,0.1599,0.1608,0.6469,51.0351
ISIC_8298434.png,0.6548,0.629,0.3913,15.635
ISIC_8300954.png,0.1556,0.6646,0.5187,22.8716
ISIC_8301536.png,0.101,0.0913,0.7437,25.5385
ISIC_8306983.png,0.2097,0.1904,0.7754,22.1377
ISIC_8310944.png,0.1197,0.1547,0.7631,25.1893
ISIC_8316125.png,0.147,0.1575,0.6832,22.8986
ISIC_8319768.png,1.4996,1.5597,0.0103,2.9872
ISIC_8320640.png,0.1467,0.0923,0.6571,28.1201
ISIC_8321148.png,0.1819,0.1668,0.643,30.3314
ISIC_8324870.png,0.2131,0.2473,0.6931,20.1137
ISIC_8325226.png,0.1564,0.1893,0.3287,2.3408
ISIC_8325260.png,0.2544,0.3823,0.3234,20.0731
ISIC_8325569.png,0.5071,0.7766,0.4454,12.9639
ISIC_8330906.png,0.2877,0.135,0.6871,21.38
ISIC_8338755.png,0.324,0.1768,0.6295,20.5201
ISIC_8340256.png,0.375,0.3438,0.5246,2.1135
ISIC_8343285.png,0.2054,0.3124,0.6541,20.6116
ISIC_8344196.png,0.1696,0.203,0.604,14.9512
ISIC_8344345.png,1.7406,1.6309,0.1664,2.0668
ISIC_8348712.png,0.1597,0.1311,0.7785,19.0823
ISIC_8350973.png,0.1445,0.2163,0.7248,27.7572
ISIC_8352392.png,0.1306,0.1832,0.6027,47.4463
ISIC_8353090.png,0.2085,0.1753,0.7223,33.1582
ISIC_8354042.png,0.2742,0.1784,0.6654,18.9292
ISIC_8355344.png,0.16,0.217,0.7111,13.7232
ISIC_8355446.png,0.4854,0.433,0.3658,29.0355
ISIC_8356468.png,0.0877,0.1622,0.7089,37.8685
ISIC_8357415.png,0.0995,0.1097,0.7018,49.0565
ISIC_8357420.png,0.1092,0.1691,0.7186,28.5801
ISIC_8357679.png,0.284,0.2931,0.6166,18.9869
ISIC_8359258.png,0.2928,0.3103,0.4606,38.2949
ISIC_8362891.png,0.1963,0.1388,0.6533,23.9742
ISIC_8363069.png,0.3036,0.1292,0.6246,49.8825
ISIC_8363485.png,0.4448,0.5024,0.6213,5.3251
ISIC_8366864.png,0.2258,0.1927,0.707,21.298
ISIC_8368872.png,0.124,0.1175,0.7223,17.5283
ISIC_8373462.png,0.1123,0.1528,0.7016,17.8192
ISIC_8374889.png,0.6694,0.9915,0.1412,21.3415
ISIC_8375123.png,0.131,0.1126,0.7551,16.7224
ISIC_8378321.png,0.4018,0.1372,0.6839,19.2885
ISIC_8380904.png,0.8179,0.9525,0.133,10.6647
ISIC_8382969.png,0.2405,0.1794,0.6788,17.3203
ISIC_8383600.png,0.1374,0.1193,0.7624,16.9593
ISIC_8384985.png,0.1555,0.1625,0.7108,62.4497
ISIC_8388593.png,0.3076,0.1973,0.5577,36.6825
ISIC_8389361.png,0.1226,0.1283,0.7663,20.3756
ISIC_8389650.png,0.1462,0.1222,0.7266,19.4317
ISIC_8389839.png,1.1787,1.2246,0.0278,7.6934
ISIC_8393181.png,0.1684,0.2035,0.6097,33.7918
ISIC_8397011.png,0.2206,0.1915,0.6178,28.4927
ISIC_8397077.png,0.1291,0.1254,0.6125,35.6018
ISIC_8397285.png,0.1629,0.2062,0.459,32.8421
ISIC_8398000.png,0.1267,0.1054,0.6414,38.0038
ISIC_8401332.png,0.1555,0.1881,0.6122,15.624
ISIC_8406262.png,0.1896,0.1535,0.6619,18.6546
ISIC_8409024.png,0.1768,0.18,0.7278,29.3562
ISIC_8409262.png,0.1964,0.2615,0.4151,32.1631
ISIC_8412096.png,0.0681,0.0723,0.8195,33.4387
ISIC_8414396.png,0.1178,0.118,0.7039,55.7281
ISIC_8414421.png,0.1043,0.1431,0.7222,27.1079
ISIC_8417873.png,0.4414,0.3141,0.1668,2.3824
ISIC_8419663.png,0.0766,0.0578,0.7904,23.5206
ISIC_8423248.png,0.268,0.1921,0.6491,20.8368
ISIC_8423326.png,1.7651,1.6073,0.0266,2.7908
ISIC_8425541.png,0.2007,0.1793,0.6763,53.8175
ISIC_8427534.png,0.173,0.1756,0.7632,9.3874
ISIC_8428097.png,0.1894,0.1464,0.5631,29.9768
ISIC_8429798.png,0.1807,0.1441,0.6828,47.5294
ISIC_8431648.png,0.233,0.1586,0.6073,13.5417
ISIC_8433108.png,1.4666,1.3166,0.0226,8.1248
ISIC_8433608.png,0.1007,0.2219,0.7892,12.1577
ISIC_8435105.png,0.191,0.2412,0.5164,23.1719
ISIC_8436194.png,0.2173,0.286,0.5871,30.0601
ISIC_8436492.png,0.1574,0.1295,0.5638,48.7001
ISIC_8436666.png,0.1885,0.1758,0.6481,26.5875
ISIC_8438811.png,0.1342,0.1151,0.7374,18.9511
ISIC_8440070.png,0.2476,0.8811,0.4981,14.2703
ISIC_8441905.png,0.1265,0.2507,0.6442,28.3096
ISIC_8447658.png,0.277,0.2136,0.3657,40.0508
ISIC_8451869.png,0.2262,0.1948,0.6622,18.2898
ISIC_8452205.png,0.1911,0.1809,0.7696,17.4529
ISIC_8458843.png,0.1463,0.1446,0.7468,23.2406
ISIC_8462070.png,0.209,0.2086,0.7125,24.3666
ISIC_8462364.png,0.0867,0.0767,0.7151,29.1303
ISIC_8463871.png,0.1848,0.1328,0.6267,18.8608
ISIC_8468512.png,0.1665,0.5081,0.5122,38.1127
ISIC_8477065.png,0.2658,0.1441,0.7782,28.6776
ISIC_8478591.png,0.3019,0.1868,0.5843,23.4906
ISIC_8479104.png,1.6954,1.8633,0.0108,2.7736
ISIC_8479913.png,0.1366,0.1262,0.6681,36.2617
ISIC_8481979.png,0.1314,0.1833,0.6929,29.9203
ISIC_8483382.png,0.2934,0.1977,0.6239,19.9503
ISIC_8483458.png,0.1629,0.2805,0.7408,17.0046
ISIC_8484660.png,0.2746,0.2662,0.5723,20.6049
ISIC_8485716.png,0.133,0.0907,0.7776,49.7971
ISIC_8492957.png,0.3558,0.1617,0.7232,11.8705
ISIC_8493108.png,0.2381,0.3511,0.568,34.892
ISIC_8495875.png,0.2268,0.1767,0.637,46.5998
ISIC_8496052.png,0.2135,0.2815,0.5999,36.0317
ISIC_8497457.png,0.688,0.2464,0.1445,2.477
ISIC_8502341.png,0.252,0.4851,0.4718,20.5574
ISIC_8502869.png,0.1267,0.1383,0.7478,26.5545
ISIC_8503961.png,0.7627,0.4682,0.4522,13.9888
ISIC_8504479.png,0.1532,0.127,0.6448,15.1158
ISIC_8504492.png,0.2357,0.2328,0.3214,22.2131
ISIC_8505243.png,0.4207,0.4619,0.4513,14.0085
ISIC_8505412.png,0.2451,0.2289,0.643,13.0604
ISIC_8509219.png,0.2168,0.4451,0.3638,24.9714
ISIC_8510848.png,1.218,0.9925,0.1804,2.5531
ISIC_8513112.png,0.2341,0.1442,0.7667,18.6279
ISIC_8516223.png,0.066,0.0776,0.7386,35.2791
ISIC_8521610.png,1.4391,1.2011,0.122,2.4076
ISIC_8523143.png,0.2076,0.2284,0.6857,17.2063
ISIC_8523262.png,0.1459,0.1548,0.6316,33.4455
ISIC_8525786.png,1.5892,1.5702,0.0196,2.543
ISIC_8527092.png,1.3039,0.9654,0.1239,2.6593
ISIC_8527737.png,0.1147,0.1506,0.6572,24.6241
ISIC_8530010.png,0.1585,0.3187,0.7174,23.6651
ISIC_8535134.png,0.2217,0.2573,0.6444,16.7407
ISIC_8535451.png,0.1852,0.1387,0.7563,15.7018
ISIC_8535943.png,0.1217,0.1735,0.7609,27.9025
ISIC_8539990.png,0.1578,0.2042,0.4785,42.5891
ISIC_8543040.png,0.1449,0.1681,0.7069,33.526
ISIC_8545097.png,0.1017,0.1464,0.7574,18.6349
ISIC_8551124.png,0.4712,0.4033,0.5285,40.5024
ISIC_8555379.png,0.1562,0.1721,0.5034,46.1587
ISIC_8559515.png,0.0998,0.0911,0.7328,37.6392
ISIC_8559778.png,0.1246,0.1989,0.7548,16.1626
ISIC_8560106.png,0.7073,0.4843,0.3105,25.6902
ISIC_8561963.png,0.2643,0.1272,0.6996,29.2202
ISIC_8562820.png,0.1535,0.1241,0.7572,13.8221
ISIC_8563961.png,0.3642,0.482,0.4128,15.9672
ISIC_8566006.png,0.687,0.3565,0.2123,2.5753
ISIC_8569205.png,0.1226,0.2456,0.7061,15.7704
ISIC_8570555.png,0.1593,0.1583,0.6857,20.8535
ISIC_8575769.png,0.1009,0.0753,0.7233,38.3796
ISIC_8578732.png,0.1518,0.1002,0.6422,52.3093
ISIC_8579259.png,0.3606,0.489,0.3174,17.1619
ISIC_8579575.png,0.2044,0.2101,0.4833,53.2775
ISIC_8584239.png,0.1607,0.2202,0.7588,21.6704
ISIC_8584748.png,0.3768,0.356,0.2875,22.9994
ISIC_8586909.png,0.3741,0.3418,0.5747,18.2159
ISIC_8588033.png,0.3296,0.2155,0.6224,23.0172
ISIC_8588957.png,0.181,0.3397,0.7185,28.334
ISIC_8589961.png,0.4159,0.4857,0.3478,27.2857
ISIC_8590883.png,0.26,0.2233,0.711,19.6402
ISIC_8591425.png,1.8072,1.7971,0.028,2.466
ISIC_8592235.png,0.1397,0.1658,0.7803,13.8812
ISIC_8603734.png,0.0758,0.0842,0.8333,35.238
ISIC_8607090.png,0.1289,0.2148,0.5794,34.2688
ISIC_8609756.png,0.0641,0.0867,0.8569,17.8322
ISIC_8612828.png,0.1014,0.1403,0.8205,17.3508
ISIC_8613657.png,0.3631,0.1913,0.6032,22.9394
ISIC_8615491.png,1.6625,1.3295,0.105,2.5122
ISIC_8617084.png,0.2244,0.2384,0.602,43.9359
ISIC_8617277.png,1.6718,1.7521,0.0121,2.5222
ISIC_8618835.png,0.1312,0.2258,0.739,21.4529
ISIC_8621568.png,0.23,0.1921,0.6089,19.5001
ISIC_8622204.png,0.1079,0.262,0.732,10.773
ISIC_8622365.png,0.2645,0.2618,0.6886,23.5291
ISIC_8624049.png,0.5412,0.4672,0.1619,2.5649
ISIC_8624186.png,0.1209,0.1316,0.7179,21.4035
ISIC_8626787.png,0.1802,0.155,0.7333,18.5294
ISIC_8626909.png,0.4148,0.4808,0.3633,31.1154
ISIC_8626941.png,0.1923,0.1416,0.7039,16.8547
ISIC_8627293.png,0.1514,0.1769,0.7311,16.2973
ISIC_8628207.png,0.2137,0.2697,0.4796,36.5686
ISIC_8629635.png,0.3929,0.3571,0.5896,2.0548
ISIC_8630818.png,0.1799,0.2246,0.7246,23.9153
ISIC_8633894.png,0.196,0.1137,0.7027,42.8665
ISIC_8634334.png,0.1383,0.0924,0.7022,13.7292
ISIC_8635849.png,0.1144,0.1897,0.7067,25.8804
ISIC_8635853.png,0.4562,0.4241,0.266,12.8619
ISIC_8635889.png,0.0885,0.1359,0.7187,22.2828
ISIC_8636706.png,0.4691,0.1876,0.6669,16.1837
ISIC_8637134.png,0.1563,0.1643,0.7247,25.6042
ISIC_8642938.png,0.1345,0.1532,0.7037,23.7928
ISIC_8646115.png,1.0469,1.1963,0.0147,5.6658
ISIC_8647900.png,0.1599,0.2044,0.6236,11.9059
ISIC_8649055.png,0.1338,0.1499,0.6455,28.7187
ISIC_8650269.png,0.2794,0.1589,0.7802,12.1277
ISIC_8650516.png,0.0821,0.1441,0.8083,30.1978
ISIC_8651053.png,0.1009,0.1287,0.7961,15.7452
ISIC_8651476.png,0.1543,0.1835,0.5053,26.8435
ISIC_8651765.png,0.1583,0.1631,0.6966,16.4282
ISIC_8654660.png,0.2794,0.1122,0.7038,39.482
ISIC_8655206.png,0.116,0.1469,0.8598,10.0783
ISIC_8659618.png,0.2929,0.1975,0.7114,15.423
ISIC_8659639.png,0.1556,0.2176,0.6076,36.3394
ISIC_8663136.png,0.0769,0.1046,0.8459,10.1219
ISIC_8663971.png,0.1353,0.1347,0.6658,33.7153
ISIC_8664315.png,0.1754,0.2633,0.6385,20.6346
ISIC_8664718.png,0.1526,0.1817,0.713,25.5177
ISIC_8666446.png,0.1928,0.1586,0.6195,17.419
ISIC_8671119.png,0.1037,0.0876,0.713,28.3553
ISIC_8671453.png,1.5201,1.3197,0.0729,2.5512
ISIC_8671662.png,0.1565,0.2223,0.6617,23.852
ISIC_8671702.png,0.7004,0.6199,0.1126,23.9201
ISIC_8674332.png,0.1294,0.1267,0.7882,40.4936
ISIC_8679617.png,0.1338,0.1286,0.7321,28.2346
ISIC_8680266.png,0.1075,0.2538,0.7385,30.7235
ISIC_8684147.png,0.2086,0.1243,0.5696,27.9617
ISIC_8685259.png,0.1074,0.2418,0.7022,39.2607
ISIC_8687105.png,0.1364,0.105,0.7244,51.2726
ISIC_8689112.png,0.2832,0.2357,0.6143,17.2157
ISIC_8689583.png,0.1321,0.2893,0.6118,16.7253
ISIC_8690205.png,0.077,0.197,0.7431,25.1757
ISIC_8690631.png,0.1952,0.1664,0.791,11.9548
ISIC_8691327.png,0.157,0.2474,0.7094,37.6588
ISIC_8692006.png,0.2231,0.2398,0.5749,14.6079
ISIC_8692155.png,0.232,0.151,0.5471,15.3627
ISIC_8692218.png,0.2645,0.265,0.4177,22.2534
ISIC_8692950.png,0.0891,0.1162,0.765,23.5784
ISIC_8693637.png,0.1295,0.1464,0.6382,21.7243
ISIC_8694181.png,0.2915,0.5647,0.526,19.3065
ISIC_8699453.png,0.3749,0.3107,0.4652,22.2074
ISIC_8699796.png,0.1536,0.2474,0.7071,24.0703
ISIC_8702237.png,0.2455,0.2111,0.4759,38.1553
ISIC_8704257.png,0.5996,0.219,0.4338,9.4811
ISIC_8704668.png,0.1536,0.1155,0.7128,17.8718
ISIC_8705622.png,0.1743,0.1673,0.722,34.5804
ISIC_8708106.png,1.6481,0.851,0.1582,2.4404
ISIC_8709211.png,0.1214,0.1014,0.7833,24.4975
ISIC_8711854.png,0.1375,0.1809,0.7841,15.8522
ISIC_8711983.png,0.2283,0.1966,0.6178,18.0658
ISIC_8712559.png,0.2983,0.2892,0.5504,28.8527
ISIC_8713330.png,0.1421,0.2445,0.6313,19.4787
ISIC_8714502.png,0.2403,0.2126,0.6956,26.2906
ISIC_8719134.png,0.0946,0.162,0.7124,27.8387
ISIC_8724944.png,0.202,0.1407,0.7436,33.2289
ISIC_8725878.png,0.2034,0.0921,0.5644,41.6773
ISIC_8727731.png,0.1569,0.2353,0.5695,14.0367
ISIC_8727962.png,0.146,0.1474,0.5955,35.0494
ISIC_8730617.png,0.1483,0.0994,0.7383,17.3086
ISIC_8732757.png,0.2416,0.2551,0.5777,29.3516
ISIC_8733345.png,0.3514,0.4284,0.4635,14.2889
ISIC_8733745.png,0.2176,0.212,0.6641,19.2259
ISIC_8737794.png,1.4967,0.5551,0.2894,7.944
ISIC_8738598.png,0.2143,0.2095,0.6504,25.1213
ISIC_8740331.png,0.0867,0.1111,0.8089,17.5992
ISIC_8742407.png,0.2093,0.2404,0.6411,12.8367
ISIC_8747095.png,0.126,0.111,0.7266,32.1186
ISIC_8748070.png,1.6972,1.7004,0.0165,2.7631
ISIC_8749288.png,0.2763,0.2634,0.6516,23.2103
ISIC_8751106.png,0.1132,0.1133,0.6507,54.4648
ISIC_8752021.png,0.0838,0.1101,0.761,30.4391
ISIC_8755163.png,0.2059,0.1416,0.7225,18.8927
ISIC_8759207.png,0.1428,0.1073,0.7896,54.0079
ISIC_8759726.png,0.1234,0.1104,0.7466,29.9599
ISIC_8760203.png,0.4622,0.3635,0.1553,30.7531
ISIC_8764464.png,0.281,0.1255,0.6959,25.4607
ISIC_8764927.png,0.1871,0.2261,0.578,33.9522
ISIC_8765068.png,0.1534,0.1113,0.6883,15.4413
ISIC_8766254.png,0.1124,0.1356,0.7368,16.2708
ISIC_8769415.png,0.2248,0.2412,0.6948,16.6117
ISIC_8773478.png,0.0627,0.0975,0.7764,50.4805
ISIC_8773685.png,0.0942,0.0802,0.7459,20.3879
ISIC_8773962.png,0.2054,0.2836,0.5517,16.473
ISIC_8775014.png,0.1571,0.1202,0.8363,19.7028
ISIC_8777813.png,0.13,0.2142,0.6059,41.1057
ISIC_8779142.png,0.1513,0.1797,0.7143,32.9295
ISIC_8781751.png,0.2223,0.2271,0.6835,20.9162
ISIC_8783066.png,0.178,0.178,0.6864,13.8345
ISIC_8785329.png,0.259,0.1835,0.6148,21.2031
ISIC_8786606.png,0.1333,0.1123,0.6073,41.2937
ISIC_8787152.png,0.2607,0.4163,0.6656,23.3811
ISIC_8789051.png,0.6819,0.7575,0.216,19.8582
ISIC_8790198.png,0.2454,0.1019,0.7017,26.5664
ISIC_8791729.png,0.0977,0.0876,0.7359,22.3991
ISIC_8791744.png,0.5539,0.4093,0.4601,20.2471
ISIC_8792007.png,0.1761,0.2927,0.7201,13.9473
ISIC_8794567.png,1.5356,0.9551,0.1225,2.5095
ISIC_8795740.png,0.2086,0.2666,0.4195,32.4928
ISIC_8796456.png,0.1487,0.1153,0.7784,16.3436
ISIC_8796632.png,0.0945,0.1183,0.6293,19.8689
ISIC_8796769.png,0.2648,0.1666,0.4688,39.6349
ISIC_8796968.png,0.2548,0.2914,0.485,21.8976
ISIC_8798059.png,0.2771,0.2916,0.5308,33.0193
ISIC_8799674.png,0.1432,0.1314,0.7376,23.3853
ISIC_8803600.png,0.2127,0.2791,0.6796,35.6562
ISIC_8806180.png,0.1731,0.2739,0.6985,18.3833
ISIC_8806357.png,0.3875,0.1728,0.6347,19.7243
ISIC_8812621.png,1.9748,1.827,0.0287,2.8049
ISIC_8812781.png,0.1009,0.2533,0.7524,20.9794
ISIC_8813283.png,0.1512,0.1364,0.6227,45.5406
ISIC_8814398.png,0.1477,0.1366,0.6242,53.7444
ISIC_8814612.png,0.1575,0.1832,0.693,25.6939
ISIC_8814672.png,0.1903,0.1621,0.6766,25.4137
ISIC_8820668.png,0.1472,0.1288,0.6878,28.7802
ISIC_8821700.png,0.1628,0.0957,0.7451,26.8147
ISIC_8822331.png,0.1448,0.1242,0.7164,26.457
ISIC_8822738.png,0.1434,0.1462,0.6225,20.5881
ISIC_8835545.png,0.1127,0.1811,0.7063,18.7074
ISIC_8837443.png,0.0767,0.0922,0.7112,29.945
ISIC_8837880.png,0.1214,0.1296,0.495,58.8458
ISIC_8838753.png,0.2912,0.2176,0.462,29.6635
ISIC_8843592.png,0.2224,0.1541,0.7247,19.3213
ISIC_8843901.png,0.188,0.2252,0.5494,48.525
ISIC_8847321.png,0.254,0.2804,0.7127,15.8047
ISIC_8848134.png,0.2712,0.7592,0.4382,26.8296
ISIC_8849004.png,0.0817,0.1177,0.6976,19.3265
ISIC_8849818.png,0.0962,0.1041,0.7077,29.9794
ISIC_8851038.png,0.1494,0.1534,0.64,22.551
ISIC_8853902.png,0.1247,0.2787,0.7512,14.6249
ISIC_8855102.png,0.2239,0.1234,0.7506,17.882
ISIC_8855790.png,0.2003,0.0951,0.6784,37.4771
ISIC_8860929.png,0.0986,0.0978,0.7582,57.0819
ISIC_8863344.png,0.8219,0.3001,0.1292,2.5018
ISIC_8865595.png,0.2008,0.1768,0.786,16.5569
ISIC_8866651.png,0.4767,0.4677,0.3117,16.3408
ISIC_8866896.png,0.2088,0.2367,0.6961,16.1946
ISIC_8869249.png,0.1862,0.2114,0.6927,20.5164
ISIC_8869929.png,0.1509,0.1441,0.5776,68.2995
ISIC_8872225.png,0.0746,0.0966,0.7165,24.0939
ISIC_8873236.png,0.1688,0.1739,0.6457,19.9806
ISIC_8882374.png,0.9368,0.5359,0.2044,2.5169
ISIC_8883212.png,0.1795,0.1731,0.6945,21.0833
ISIC_8885809.png,0.4305,0.3581,0.503,16.8624
ISIC_8887039.png,0.2598,0.2687,0.7204,19.4662
ISIC_8892236.png,0.1152,0.1007,0.8025,48.5098
ISIC_8892663.png,0.1139,0.1402,0.689,38.6184
ISIC_8893501.png,0.1109,0.1324,0.7382,35.2524
ISIC_8897947.png,0.1231,0.2139,0.7291,12.363
ISIC_8899350.png,0.1138,0.1798,0.6373,43.3895
ISIC_8901133.png,0.0923,0.1084,0.7027,24.773
ISIC_8901371.png,0.2029,0.2678,0.5885,26.0003
ISIC_8901784.png,0.0939,0.1747,0.7743,31.0155
ISIC_8906583.png,0.1216,0.1031,0.7531,26.9774
ISIC_8907232.png,1.3043,0.829,0.2169,2.2138
ISIC_8909545.png,0.0819,0.0825,0.8102,28.0747
ISIC_8909957.png,0.2297,0.282,0.5622,38.0298
ISIC_8910589.png,0.1625,0.2299,0.5469,23.1161
ISIC_8911683.png,0.1489,0.1485,0.7328,22.5356
ISIC_8911740.png,1.2611,1.2453,0.0189,3.5605
ISIC_8916136.png,0.0867,0.1141,0.7793,18.3423
ISIC_8917755.png,0.1461,0.1085,0.5426,60.5722
ISIC_8918703.png,0.2891,0.1799,0.5184,36.7841
ISIC_8922355.png,0.2039,0.1458,0.7173,26.4063
ISIC_8922893.png,0.3652,0.2884,0.4954,18.9498
ISIC_8929288.png,0.2662,0.2049,0.6179,18.1323
ISIC_8931948.png,0.7774,0.6312,0.1207,18.603
ISIC_8935085.png,0.1992,0.2281,0.5845,20.0643
ISIC_8942967.png,0.1523,0.1424,0.633,41.9783
ISIC_8943855.png,0.1347,0.1256,0.6881,20.0826
ISIC_8943906.png,0.1155,0.3085,0.6308,17.7003
ISIC_8945395.png,0.1742,0.4298,0.5303,34.1252
ISIC_8951909.png,0.0994,0.118,0.7568,24.4701
ISIC_8953848.png,0.2295,0.1938,0.4492,34.3451
ISIC_8955135.png,0.1241,0.2866,0.7781,13.9104
ISIC_8956001.png,0.101,0.1434,0.7826,14.7143
ISIC_8957571.png,0.1783,0.1809,0.7007,15.8945
ISIC_8959410.png,0.1308,0.1274,0.6194,35.2107
ISIC_8959928.png,0.2303,0.1545,0.6994,12.1421
ISIC_8960223.png,0.0954,0.0954,0.7862,19.1841
ISIC_8967786.png,0.1412,0.1254,0.7317,21.485
ISIC_8969855.png,0.1327,0.1598,0.5371,61.4556
ISIC_8969883.png,0.4922,0.547,0.3568,15.8652
ISIC_8976269.png,0.1037,0.1339,0.6917,35.9232
ISIC_8978290.png,0.1072,0.1447,0.7787,14.562
ISIC_8979275.png,0.165,0.3567,0.648,10.5637
ISIC_8979540.png,0.1315,0.1626,0.742,14.883
ISIC_8979567.png,0.1294,0.1517,0.65,16.4367
ISIC_8986997.png,1.8693,1.736,0.0088,2.5194
ISIC_8990907.png,0.0753,0.1104,0.7075,53.1089
ISIC_8993666.png,0.1155,0.1581,0.7316,22.1945
ISIC_8995044.png,0.2693,0.2001,0.5822,24.1115
ISIC_9000234.png,0.1052,0.1391,0.7792,31.0969
ISIC_9000901.png,0.277,0.2829,0.5715,39.6956
ISIC_9001948.png,0.1799,0.1659,0.7606,43.4499
ISIC_9002603.png,0.1413,0.1134,0.73,52.6983
ISIC_9005623.png,0.3833,0.2321,0.5129,22.4424
ISIC_9007206.png,0.1951,0.1994,0.7054,16.0093
ISIC_9008026.png,0.1933,0.2025,0.7199,16.3484
ISIC_9008095.png,0.2484,0.3235,0.6891,18.7362
ISIC_9011718.png,0.3504,0.2433,0.577,36.5027
ISIC_9012513.png,1.9658,1.9328,0.0243,2.5128
ISIC_9014036.png,0.1976,0.1632,0.6198,11.7537
ISIC_9014786.png,0.1331,0.1625,0.6996,17.5796
ISIC_9015182.png,0.0825,0.0761,0.7007,46.3484
ISIC_9017110.png,1.4737,1.3538,0.0194,4.1686
ISIC_9019691.png,0.2262,0.1299,0.6052,16.762
ISIC_9021685.png,0.2574,0.215,0.6301,48.9911
ISIC_9022005.png,0.5649,0.5092,0.2828,15.6097
ISIC_9023152.png,0.0719,0.1184,0.815,17.1361
ISIC_9024078.png,0.2401,0.2625,0.5344,14.0938
ISIC_9024529.png,0.4563,0.2129,0.4946,25.9028
ISIC_9024724.png,0.253,0.1939,0.7044,13.2781
ISIC_9027622.png,0.4426,0.5123,0.4281,13.3275
ISIC_9028726.png,0.222,0.2162,0.6131,59.0061
ISIC_9028997.png,0.0712,0.1049,0.7255,38.8756
ISIC_9029813.png,0.1144,0.1862,0.7747,23.3642
ISIC_9030482.png,0.1058,0.2201,0.705,57.8037
ISIC_9034574.png,0.1901,0.1796,0.6404,25.5909
ISIC_9041897.png,0.0913,0.2595,0.7017,12.8662
ISIC_9045601.png,0.1629,0.1054,0.7551,30.7049
ISIC_9047184.png,0.0618,0.0986,0.7896,19.1666
ISIC_9048192.png,0.2144,0.1653,0.6216,14.1055
ISIC_9048507.png,0.195,0.3831,0.5082,16.7551
ISIC_9048840.png,0.2087,0.0912,0.7379,15.5833
ISIC_9049170.png,0.0818,0.1234,0.7351,38.4542
ISIC_9050608.png,0.0927,0.1062,0.7637,26.2868
ISIC_9050826.png,0.1342,0.1924,0.7114,40.4454
ISIC_9051287.png,0.1826,0.1975,0.6256,31.6414
ISIC_9052500.png,0.4192,0.3021,0.4835,51.089
ISIC_9052604.png,0.4065,0.3655,0.5315,40.0586
ISIC_9053910.png,0.4922,0.5367,0.4172,23.6052
ISIC_9053988.png,0.3493,0.5975,0.6268,10.3954
ISIC_9058340.png,0.1592,0.1513,0.773,18.3446
ISIC_9059250.png,0.2093,0.1403,0.7557,15.9393
ISIC_9059311.png,0.4732,0.5739,0.4196,22.375
ISIC_9061511.png,0.1781,0.1544,0.5402,22.1619
ISIC_9063429.png,0.3751,0.2307,0.4614,26.9845
ISIC_9064823.png,1.1556,0.9212,0.0947,2.5252
ISIC_9066201.png,0.1561,0.1305,0.7883,16.9355
ISIC_9067033.png,0.2229,0.1782,0.6762,45.6627
ISIC_9069800.png,0.2529,0.2151,0.672,14.0376
ISIC_9072034.png,0.2112,0.1746,0.7343,25.3116
ISIC_9072309.png,0.1189,0.1786,0.7239,23.7616
ISIC_9072567.png,0.0584,0.1285,0.7318,49.3755
ISIC_9073150.png,0.1275,0.1762,0.7365,12.7516
ISIC_9076021.png,0.1883,0.2975,0.7285,17.4539
ISIC_9077722.png,0.1991,0.2036,0.6566,25.3512
ISIC_9079361.png,0.1016,0.4154,0.6859,40.1864
ISIC_9080774.png,0.0853,0.0741,0.7827,35.7585
ISIC_9081663.png,0.1568,0.1486,0.6369,31.9572
ISIC_9084751.png,0.1465,0.0826,0.7805,12.411
ISIC_9086288.png,1.68,1.3618,0.0082,3.9419
ISIC_9087221.png,0.1247,0.0692,0.7545,39.2987
ISIC_9088073.png,0.244,0.2703,0.635,18.9787
ISIC_9088774.png,0.2492,0.2735,0.6588,15.3028
ISIC_9090822.png,0.2344,0.2512,0.7344,20.9037
ISIC_9092298.png,0.1634,0.1899,0.697,12.7288
ISIC_9094080.png,0.2304,0.1924,0.6183,29.3828
ISIC_9095975.png,0.2271,0.1883,0.718,16.4283
ISIC_9096302.png,0.277,0.2465,0.7301,9.3293
ISIC_9099430.png,0.3085,0.342,0.2374,28.5189
ISIC_9100283.png,0.1518,0.2429,0.6964,18.942
ISIC_9100933.png,1.6675,1.7803,0.03,3.3879
ISIC_9101055.png,0.45,0.2334,0.5324,9.581
ISIC_9101441.png,0.1932,0.2152,0.5968,40.1706
ISIC_9103090.png,0.1431,0.1036,0.7067,29.9629
ISIC_9104843.png,0.2414,0.232,0.5695,20.8579
ISIC_9104982.png,0.1351,0.1805,0.7083,22.5053
ISIC_9106601.png,0.2802,0.1452,0.6789,50.0681
ISIC_9106966.png,0.3252,0.1559,0.6577,34.1045
ISIC_9107280.png,0.1481,0.165,0.5699,48.7145
ISIC_9108776.png,0.2862,0.099,0.7228,18.6993
ISIC_9109361.png,0.1301,0.1567,0.6804,26.3597
ISIC_9109847.png,0.1816,0.1074,0.6727,25.4795
ISIC_9112747.png,0.1026,0.2347,0.6506,63.1258
ISIC_9114539.png,0.1322,0.144,0.7004,56.5388
ISIC_9116323.png,0.0794,0.0687,0.7757,39.1005
ISIC_9119549.png,0.0739,0.0781,0.7763,25.2641
ISIC_9121369.png,0.2423,0.2139,0.4799,33.6315
ISIC_9122215.png,0.1754,0.1354,0.7413,26.8335
ISIC_9125409.png,0.2864,0.262,0.6111,16.7355
ISIC_9125543.png,1.3097,1.3062,0.0413,4.9549
ISIC_9126343.png,0.1909,0.4377,0.5525,22.9777
ISIC_9126992.png,0.1602,0.2162,0.6445,17.0043
ISIC_9130157.png,0.169,0.2201,0.6887,25.7446
ISIC_9134453.png,0.1057,0.1079,0.6787,24.0546
ISIC_9134566.png,0.2524,0.2871,0.5314,25.4165
ISIC_9140779.png,0.1892,0.1745,0.687,25.6066
ISIC_9141065.png,0.105,0.1389,0.7337,21.425
ISIC_9141817.png,0.5719,0.315,0.2996,21.1965
ISIC_9142818.png,0.1452,0.189,0.5565,41.8151
ISIC_9142919.png,0.2206,0.1834,0.5791,15.826
ISIC_9152137.png,0.1592,0.087,0.7342,17.5818
ISIC_9152603.png,1.5831,1.7789,0.0125,2.4752
ISIC_9153619.png,0.1403,0.1353,0.7296,16.4721
ISIC_9154716.png,1.7532,1.7563,0.0681,2.4081
ISIC_9155028.png,0.1923,0.2289,0.6908,22.1146
ISIC_9155465.png,0.2132,0.2299,0.4984,22.0011
ISIC_9155855.png,0.1114,0.1755,0.749,23.1644
ISIC_9157162.png,0.1264,0.3502,0.7377,7.851
ISIC_9159730.png,0.2461,0.2604,0.5466,17.2489
ISIC_9160614.png,1.2994,1.1972,0.018,2.4333
ISIC_9161341.png,0.1002,0.2548,0.6616,25.4606
ISIC_9161898.png,0.1235,0.1061,0.6226,23.6825
ISIC_9163466.png,0.1624,0.1128,0.725,9.4485
ISIC_9167290.png,0.1134,0.0833,0.7427,21.1151
ISIC_9168700.png,1.427,1.1625,0.0844,2.489
ISIC_9169586.png,0.1281,0.1653,0.6718,27.8375
ISIC_9171071.png,0.3091,0.4477,0.3777,18.3396
ISIC_9174306.png,0.1533,0.1489,0.7141,23.7243
ISIC_9175856.png,0.1479,0.1933,0.5331,20.3337
ISIC_9178485.png,0.2694,0.2652,0.7512,14.7655
ISIC_9181399.png,0.1438,0.1783,0.7703,14.6606
ISIC_9182285.png,0.2068,0.1788,0.6398,16.4205
ISIC_9182492.png,0.1502,0.2057,0.6382,24.635
ISIC_9183042.png,0.1563,0.4048,0.6304,38.0749
ISIC_9187876.png,0.2005,0.1162,0.7984,24.5736
ISIC_9193127.png,0.3807,0.3653,0.1817,15.159
ISIC_9194220.png,0.2287,0.2227,0.7094,16.059
ISIC_9196033.png,0.1079,0.1375,0.64,29.3449
ISIC_9196783.png,1.36,1.352,0.055,2.3396
ISIC_9197665.png,0.3447,0.3265,0.5699,19.5005
ISIC_9199158.png,0.1533,0.1009,0.6999,33.5376
ISIC_9203812.png,0.1478,0.1502,0.7515,48.684
ISIC_9203914.png,0.0905,0.14,0.7446,44.4801
ISIC_9204678.png,0.1126,0.119,0.6367,20.7721
ISIC_9206499.png,0.129,0.1209,0.7451,11.953
ISIC_9207137.png,0.3057,0.36,0.5714,7.7617
ISIC_9209245.png,0.1523,0.1402,0.733,36.4059
ISIC_9210086.png,0.2018,0.4037,0.5475,13.2448
ISIC_9210255.png,0.1781,0.0905,0.7826,53.9504
ISIC_9211072.png,0.3358,0.4037,0.4864,17.3166
ISIC_9214649.png,0.9931,0.6875,0.1549,2.4667
ISIC_9217340.png,0.2325,0.1648,0.643,36.9439
ISIC_9219356.png,0.2334,0.2205,0.3621,44.0096
ISIC_9219692.png,0.1544,0.1271,0.5917,16.9897
ISIC_9222136.png,0.1431,0.3002,0.6802,19.8417
ISIC_9223156.png,0.1407,0.227,0.7151,39.1492
ISIC_9223679.png,1.6413,1.8589,0.0098,2.8442
ISIC_9225640.png,0.181,0.1456,0.6983,18.1937
ISIC_9226193.png,0.1411,0.1263,0.6449,40.2034
ISIC_9227392.png,0.1145,0.0942,0.7372,21.7971
ISIC_9228573.png,1.6548,1.6214,0.0175,3.181
ISIC_9228729.png,0.1947,0.2645,0.6442,25.4955
ISIC_9232153.png,0.1022,0.2305,0.7648,20.1727
ISIC_9232615.png,0.083,0.1545,0.7858,25.2958
ISIC_9234944.png,0.1515,0.2864,0.7412,14.1392
ISIC_9239093.png,0.0613,0.0792,0.8335,13.658
ISIC_9239632.png,0.2232,0.1415,0.6543,37.6776
ISIC_9241599.png,0.17,0.2554,0.634,47.0315
ISIC_9241732.png,0.1709,0.1646,0.4746,52.7439
ISIC_9244047.png,0.2685,0.2554,0.5717,17.3105
ISIC_9244393.png,0.1409,0.1455,0.6365,12.9795
ISIC_9254433.png,0.0944,0.1438,0.7232,33.1723
ISIC_9254641.png,0.2295,0.2679,0.6245,14.8724
ISIC_9256438.png,0.1424,0.2255,0.694,36.7745
ISIC_9257356.png,0.1493,0.2694,0.7162,15.7297
ISIC_9259989.png,0.2339,0.1976,0.6909,24.4138
ISIC_9260499.png,0.1891,0.2371,0.6322,16.7927
ISIC_9261199.png,0.1163,0.1682,0.7711,10.6489
ISIC_9263990.png,0.1254,0.2314,0.6156,42.0424
ISIC_9267202.png,0.1128,0.1596,0.6517,41.2593
ISIC_9268141.png,0.1944,0.185,0.7046,17.4288
ISIC_9268487.png,1.6798,0.654,0.1242,2.492
ISIC_9270367.png,0.3044,0.2594,0.6304,17.8317
ISIC_9271800.png,0.2823,0.167,0.4893,33.3559
ISIC_9276931.png,0.1897,0.1561,0.7833,19.2223
ISIC_9278685.png,0.1689,0.115,0.7442,17.3278
ISIC_9280171.png,0.1424,0.1978,0.6775,11.452
ISIC_9286292.png,0.2492,0.2551,0.5612,27.7748
ISIC_9288923.png,0.2931,0.3052,0.6028,17.1207
ISIC_9291926.png,0.2583,0.4436,0.6119,24.7513
ISIC_9293491.png,0.0894,0.094,0.7679,29.8751
ISIC_9294799.png,0.1741,0.1436,0.6547,19.4977
ISIC_9295267.png,0.1438,0.1272,0.7178,28.7708
ISIC_9300579.png,0.1449,0.1957,0.5682,34.0732
ISIC_9301005.png,0.2114,0.1619,0.6276,31.0213
ISIC_9301346.png,0.0937,0.1143,0.7442,28.3739
ISIC_9301809.png,0.0907,0.0959,0.7765,30.0933
ISIC_9302863.png,0.2237,0.1883,0.5453,18.3228
ISIC_9303594.png,0.3088,0.3251,0.6158,27.0877
ISIC_9303849.png,0.1501,0.1238,0.5593,32.1442
ISIC_9304022.png,0.3221,0.2718,0.6447,13.482
ISIC_9307584.png,0.2251,0.1568,0.7016,18.2161
ISIC_9308275.png,0.1868,0.1817,0.7315,21.1129
ISIC_9312164.png,0.1681,0.1414,0.738,28.2345
ISIC_9312264.png,0.2664,0.2187,0.6524,21.7601
ISIC_9317483.png,0.2199,0.248,0.6482,32.2653
ISIC_9317929.png,0.3632,0.1712,0.5023,25.9554
ISIC_9322551.png,0.2342,0.1354,0.7497,14.1178
ISIC_9323095.png,0.1269,0.1092,0.7246,33.7147
ISIC_9324486.png,0.2272,0.6397,0.4371,18.4806
ISIC_9330527.png,0.36,0.1608,0.7304,14.7464
ISIC_9331097.png,0.2349,0.1754,0.7414,13.8641
ISIC_9332795.png,0.2215,0.1776,0.5082,37.4845
ISIC_9334956.png,0.1269,0.2715,0.6902,24.341
ISIC_9335652.png,0.9143,0.6013,0.182,26.6979
ISIC_9336830.png,0.106,0.0905,0.6948,68.3734
ISIC_9337570.png,0.1023,0.1286,0.8121,26.9374
ISIC_9337870.png,0.1022,0.1881,0.6028,29.004
ISIC_9338761.png,0.2004,0.152,0.7428,29.5476
ISIC_9339756.png,0.1962,0.1784,0.7574,10.1741
ISIC_9348399.png,0.1983,0.1875,0.6937,19.5049
ISIC_9348809.png,0.5508,0.213,0.4747,25.2065
ISIC_9350507.png,0.161,0.1823,0.6779,24.8785
ISIC_9351418.png,0.253,0.1985,0.6028,25.1086
ISIC_9353514.png,0.1005,0.109,0.6969,49.3967
ISIC_9354604.png,0.0878,0.1496,0.7197,51.0146
ISIC_9354965.png,0.1512,0.0787,0.6912,55.0517
ISIC_9355535.png,0.3308,0.3226,0.6067,30.827
ISIC_9358630.png,0.1206,0.1004,0.8235,22.2671
ISIC_9363106.png,0.2432,0.4024,0.5997,30.4572
ISIC_9364350.png,0.1936,0.2489,0.6017,17.8373
ISIC_9364740.png,0.1527,0.2279,0.6737,15.6078
ISIC_9375324.png,0.1862,0.1219,0.675,27.7504
ISIC_9382494.png,0.1532,0.1473,0.5063,57.1051
ISIC_9384835.png,1.3908,1.1944,0.0858,2.3998
ISIC_9385996.png,0.1102,0.0964,0.7646,36.1831
ISIC_9386509.png,0.1436,0.2251,0.6757,30.4876
ISIC_9390107.png,0.2356,0.2817,0.6269,11.7237
ISIC_9395707.png,0.1948,0.3342,0.6067,21.2809
ISIC_9397126.png,0.1423,0.1405,0.7156,43.8801
ISIC_9401187.png,0.1838,0.1229,0.6865,41.1581
ISIC_9402324.png,0.5286,0.4629,0.1398,26.3803
ISIC_9403390.png,0.243,0.1596,0.6854,19.5882
ISIC_9406275.png,0.1113,0.1306,0.7915,20.8366
ISIC_9406755.png,0.1794,0.2541,0.4453,46.1049
ISIC_9407667.png,0.3061,0.361,0.3795,16.8885
ISIC_9407690.png,0.1384,0.1827,0.6514,31.4284
ISIC_9409255.png,0.2895,0.1749,0.6348,19.1109
ISIC_9410044.png,0.2706,0.1968,0.6715,23.2485
ISIC_9412963.png,0.3978,0.3094,0.548,17.0503
ISIC_9417004.png,0.1366,0.1584,0.7943,12.0482
ISIC_9417173.png,0.126,0.2833,0.6533,13.7654
ISIC_9418196.png,0.1131,0.1187,0.7071,23.4956
ISIC_9422630.png,0.3289,0.2561,0.7262,41.0797
ISIC_9424787.png,0.1009,0.0873,0.7352,59.9833
ISIC_9425937.png,0.2532,0.359,0.7144,9.719
ISIC_9433388.png,0.1735,0.2293,0.7364,18.3416
ISIC_9433473.png,0.2208,0.1808,0.6888,20.6014
ISIC_9436034.png,0.1769,0.1462,0.6659,28.8845
ISIC_9439034.png,0.1831,0.2543,0.5413,41.506
ISIC_9439742.png,0.2136,0.177,0.4608,24.9209
ISIC_9441572.png,0.1075,0.1525,0.6159,43.9026
ISIC_9442018.png,0.4287,0.3701,0.5041,36.0427
ISIC_9445053.png,0.1505,0.1582,0.7593,18.4424
ISIC_9445196.png,0.1129,0.2515,0.6668,21.6243
ISIC_9448281.png,0.1827,0.1939,0.7156,17.794
ISIC_9449365.png,0.1411,0.3625,0.67,14.6296
ISIC_9450906.png,0.1447,0.085,0.8572,20.8236
ISIC_9453737.png,0.5749,0.387,0.5579,20.0997
ISIC_9458746.png,0.5386,0.3869,0.3606,10.4205
ISIC_9462738.png,0.1346,0.3273,0.6752,23.1416
ISIC_9462979.png,0.2482,0.2258,0.4717,36.9772
ISIC_9465061.png,0.4444,0.4621,0.3165,12.3778
ISIC_9466794.png,0.3328,0.1989,0.5969,23.7223
ISIC_9469284.png,0.2213,0.096,0.6676,25.2709
ISIC_9470020.png,0.1479,0.0987,0.6569,18.3261
ISIC_9470876.png,0.3075,0.1865,0.5298,19.7305
ISIC_9471156.png,0.321,0.2753,0.3398,24.5245
ISIC_9472209.png,0.2928,0.2193,0.7141,16.3724
ISIC_9472725.png,0.1624,0.1817,0.7634,28.8179
ISIC_9473492.png,0.2722,0.1212,0.6656,21.8391
ISIC_9475559.png,0.1751,0.1268,0.7955,21.9737
ISIC_9476244.png,0.2934,0.2101,0.6141,24.8056
ISIC_9482039.png,0.236,0.2594,0.7572,8.2644
ISIC_9482251.png,0.234,0.1575,0.5951,23.0205
ISIC_9482842.png,0.1033,0.1408,0.7559,57.2001
ISIC_9483306.png,0.1285,0.1449,0.7014,18.2761
ISIC_9485536.png,0.1531,0.1538,0.6731,18.5869
ISIC_9486313.png,0.1605,0.167,0.6596,30.8907
ISIC_9486917.png,0.1575,0.1567,0.6166,39.2048
ISIC_9495211.png,0.112,0.2243,0.6718,30.7256
ISIC_9498448.png,0.1153,0.1378,0.6503,45.6708
ISIC_9498942.png,0.1457,0.1249,0.646,48.5754
ISIC_9499185.png,0.0672,0.0911,0.6339,12.4617
ISIC_9499787.png,0.1598,0.0842,0.7947,18.5262
ISIC_9505595.png,0.0921,0.1945,0.7723,10.7378
ISIC_9509757.png,1.614,1.2977,0.0945,2.3256
ISIC_9509813.png,0.1894,0.1693,0.8311,13.3863
ISIC_9510497.png,0.1314,0.0859,0.6989,34.8684
ISIC_9511265.png,0.1718,0.2201,0.7077,21.385
ISIC_9511832.png,0.2844,0.204,0.6715,20.5856
ISIC_9512048.png,1.7524,1.9623,0.0171,2.7636
ISIC_9513808.png,0.1095,0.1153,0.7026,33.75
ISIC_9513918.png,0.2299,0.2271,0.4333,28.6179
ISIC_9518180.png,0.6646,0.378,0.1471,2.5675
ISIC_9521776.png,0.1367,0.0968,0.7503,33.6672
ISIC_9522489.png,0.1603,0.1716,0.65,12.6065
ISIC_9525136.png,0.1045,0.1985,0.6371,17.2997
ISIC_9527051.png,0.1315,0.1916,0.6996,39.3818
ISIC_9529297.png,0.2142,0.2125,0.7075,28.034
ISIC_9529971.png,0.4385,0.5888,0.3853,24.7754
ISIC_9538004.png,0.1963,0.1203,0.7574,26.8109
ISIC_9538419.png,0.2228,0.2194,0.5481,26.4527
ISIC_9540825.png,0.2647,0.3159,0.5078,15.657
ISIC_9542544.png,0.1506,0.127,0.643,16.429
ISIC_9543945.png,0.3935,0.2977,0.418,32.4115
ISIC_9544059.png,0.2198,0.0998,0.7591,21.1063
ISIC_9544832.png,0.1266,0.1308,0.7016,17.6436
ISIC_9545819.png,0.1789,0.2704,0.6134,43.8974
ISIC_9546876.png,0.1539,0.1762,0.7528,27.8024
ISIC_9547089.png,0.2604,0.3192,0.4422,14.211
ISIC_9555291.png,0.1851,0.2904,0.635,23.2498
ISIC_9555580.png,0.081,0.0947,0.6183,36.353
ISIC_9556334.png,1.3853,1.157,0.1117,2.615
ISIC_9559922.png,0.1625,0.1935,0.5879,22.4151
ISIC_9560298.png,0.2354,0.1598,0.7174,47.3439
ISIC_9562157.png,0.0898,0.12,0.6928,16.2273
ISIC_9562442.png,0.1408,0.161,0.6932,41.4215
ISIC_9564379.png,0.2665,0.1731,0.6698,27.2215
ISIC_9566964.png,0.3242,0.2824,0.6363,14.206
ISIC_9568138.png,0.2445,0.3862,0.6189,26.5088
ISIC_9568327.png,0.1295,0.0879,0.6598,33.2629
ISIC_9571842.png,1.5824,1.7341,0.0107,2.9779
ISIC_9572152.png,0.3172,0.3835,0.3918,47.3583
ISIC_9572761.png,0.1733,0.2544,0.7245,16.8128
ISIC_9574101.png,0.1286,0.2161,0.6825,18.3512
ISIC_9574191.png,0.141,0.1983,0.6246,37.2958
ISIC_9579506.png,0.1754,0.2365,0.7788,8.5425
ISIC_9579922.png,0.1397,0.1024,0.6358,58.973
ISIC_9586758.png,0.3305,0.3622,0.5321,50.043
ISIC_9588065.png,0.2829,0.2248,0.6358,15.1591
ISIC_9588279.png,0.0794,0.1054,0.7902,20.1836
ISIC_9590080.png,0.0978,0.1572,0.7296,22.8294
ISIC_9593940.png,1.6518,1.6017,0.0077,3.2217
ISIC_9596388.png,0.1746,0.2182,0.7295,24.7435
ISIC_9596721.png,0.508,0.5661,0.2753,26.9472
ISIC_9597731.png,0.1441,0.1486,0.6532,29.2763
ISIC_9598638.png,0.1146,0.1146,0.8314,16.8638
ISIC_9604922.png,0.164,0.1083,0.6811,22.4486
ISIC_9605122.png,0.4952,0.394,0.2056,22.7275
ISIC_9611100.png,0.2182,0.2562,0.631,23.4371
ISIC_9612228.png,0.2517,0.1302,0.6357,43.2496
ISIC_9613570.png,0.1684,0.1534,0.7194,20.0778
ISIC_9615486.png,0.3423,0.4339,0.4446,22.0567
ISIC_9618489.png,0.2899,0.3689,0.3983,25.4318
ISIC_9622250.png,0.1353,0.2272,0.6164,20.8556
ISIC_9625295.png,0.1312,0.4803,0.6799,32.8128
ISIC_9626241.png,0.1251,0.15,0.7891,16.6142
ISIC_9626777.png,0.5156,0.3959,0.5851,11.8799
ISIC_9626843.png,0.1703,0.1844,0.613,26.8201
ISIC_9630931.png,0.209,0.1284,0.5151,52.5098
ISIC_9631669.png,0.2211,0.1133,0.6131,67.0707
ISIC_9639931.png,0.2764,0.2551,0.6238,16.5041
ISIC_9640145.png,0.1751,0.1602,0.6102,33.8534
ISIC_9644813.png,0.2976,0.2837,0.5841,13.4512
ISIC_9646599.png,0.1142,0.1539,0.6544,44.8932
ISIC_9648812.png,0.1394,0.1762,0.7819,17.4075
ISIC_9655520.png,0.2402,0.2711,0.5608,23.5847
ISIC_9660528.png,0.1221,0.1593,0.7398,23.7621
ISIC_9667297.png,0.1019,0.1444,0.7759,30.0119
ISIC_9667908.png,0.1595,0.2479,0.7206,14.199
ISIC_9668514.png,0.1074,0.1619,0.7617,23.3654
ISIC_9672482.png,0.149,0.1395,0.6685,38.4107
ISIC_9675304.png,0.1383,0.1511,0.7886,15.7233
ISIC_9680433.png,0.1053,0.0887,0.6893,48.2789
ISIC_9684318.png,0.2267,0.1222,0.7015,15.6701
ISIC_9684649.png,0.2101,0.1894,0.7093,21.6633
ISIC_9685480.png,0.0754,0.0835,0.7621,56.1441
ISIC_9685928.png,0.116,0.1287,0.6428,44.8657
ISIC_9685931.png,0.1206,0.1521,0.7517,25.6339
ISIC_9688119.png,0.1041,0.1488,0.7652,32.6429
ISIC_9688534.png,0.079,0.1341,0.6907,20.2435
ISIC_9690263.png,0.2718,0.3591,0.4597,40.6577
ISIC_9690371.png,0.1348,0.1327,0.7084,24.658
ISIC_9694020.png,0.1669,0.2441,0.6654,17.6228
ISIC_9694867.png,0.142,0.1229,0.682,27.9608
ISIC_9694911.png,0.2827,0.1987,0.7046,31.3929
ISIC_9696502.png,0.2893,0.2516,0.242,2.2677
ISIC_9696846.png,0.0913,0.1066,0.774,27.5617
ISIC_9699238.png,0.2656,0.2333,0.6876,22.1563
ISIC_9699426.png,0.1395,0.1359,0.7259,15.7552
ISIC_9699615.png,0.0959,0.103,0.645,47.4053
ISIC_9699728.png,0.2061,0.1607,0.7064,16.7116
ISIC_9709101.png,0.1406,0.2259,0.6142,15.0064
ISIC_9709594.png,0.3508,0.2277,0.7697,4.2181
ISIC_9713706.png,0.263,0.3219,0.5678,12.5378
ISIC_9714746.png,0.2873,0.1961,0.7188,15.6188
ISIC_9716860.png,1.705,1.827,0.0093,2.7617
ISIC_9718067.png,0.1745,0.1645,0.6581,17.4329
ISIC_9719936.png,0.1734,0.094,0.7832,17.4852
ISIC_9720044.png,0.1317,0.0909,0.6777,20.7235
ISIC_9720518.png,0.1036,0.0711,0.6303,38.638
ISIC_9723646.png,0.137,0.1461,0.7015,28.6332
ISIC_9726155.png,0.1665,0.1567,0.579,26.9045
ISIC_9727132.png,0.3085,0.1804,0.5719,19.0823
ISIC_9728003.png,0.1243,0.147,0.7902,15.0374
ISIC_9732721.png,0.141,0.2028,0.8056,11.6541
ISIC_9738202.png,0.121,0.2217,0.6201,16.7491
ISIC_9740245.png,0.153,0.2348,0.6956,15.0324
ISIC_9741917.png,0.2113,0.1534,0.6105,31.6307
ISIC_9742073.png,0.1159,0.1176,0.6293,21.6392
ISIC_9742891.png,0.171,0.2493,0.676,16.8341
ISIC_9743052.png,0.1139,0.132,0.7729,18.982
ISIC_9744305.png,0.0609,0.195,0.6312,71.4706
ISIC_9745038.png,0.5032,0.3952,0.3498,24.3661
ISIC_9745492.png,0.0922,0.1948,0.6861,24.2393
ISIC_9745562.png,0.213,0.1518,0.7315,29.4727
ISIC_9747194.png,0.1997,0.1802,0.6128,16.2424
ISIC_9751013.png,0.2069,0.4448,0.7048,17.6371
ISIC_9751601.png,0.107,0.1537,0.789,22.9791
ISIC_9754098.png,0.5164,0.1853,0.5579,35.2164
ISIC_9756117.png,0.1358,0.1647,0.7341,43.4904
ISIC_9756858.png,0.1683,0.1659,0.7563,17.2413
ISIC_9760652.png,0.1572,0.2146,0.6619,19.0272
ISIC_9760968.png,0.1696,0.3398,0.6448,30.1609
ISIC_9764024.png,0.1236,0.1586,0.7215,26.7598
ISIC_9764973.png,0.1975,0.1725,0.6233,21.9872
ISIC_9765024.png,0.0783,0.0889,0.7517,77.3085
ISIC_9765760.png,1.8245,1.5951,0.0132,2.5128
ISIC_9767255.png,0.2121,0.3109,0.6692,12.7526
ISIC_9768421.png,0.224,0.282,0.6007,13.006
ISIC_9772383.png,0.1657,0.1617,0.6706,21.5241
ISIC_9775430.png,0.2283,0.1776,0.6117,22.9532
ISIC_9776851.png,0.097,0.1149,0.669,37.7492
ISIC_9779803.png,0.3127,0.3348,0.5621,32.712
ISIC_9780632.png,0.2338,0.2539,0.5203,22.0289
ISIC_9782083.png,0.2933,0.2987,0.5816,27.2541
ISIC_9785077.png,0.372,0.1806,0.4909,52.5859
ISIC_9786863.png,0.2418,0.2916,0.7022,23.6596
ISIC_9788174.png,0.2738,0.1728,0.6596,19.9623
ISIC_9788545.png,0.1946,0.1826,0.7051,41.0686
ISIC_9791275.png,0.0788,0.1541,0.7154,29.0984
ISIC_9792253.png,0.1717,0.3557,0.5504,21.4872
ISIC_9792592.png,0.9114,1.3922,0.0358,4.5849
ISIC_9795458.png,0.2109,0.0972,0.7243,13.5176
ISIC_9797578.png,0.3445,0.3675,0.4711,16.5465
ISIC_9798721.png,0.1692,0.1045,0.6335,31.8843
ISIC_9799596.png,0.1655,0.1436,0.6665,27.2646
ISIC_9801917.png,0.3916,0.203,0.4588,45.2727
ISIC_9802008.png,0.1909,0.1697,0.6915,52.9381
ISIC_9803747.png,0.2282,0.225,0.6283,36.3832
ISIC_9806131.png,0.3699,0.3433,0.4685,32.078
ISIC_9808863.png,0.2011,0.2119,0.6898,21.4704
ISIC_9810276.png,0.0927,0.0856,0.7288,46.9394
ISIC_9815788.png,0.1011,0.0784,0.6872,13.9901
ISIC_9819223.png,0.2527,0.2545,0.4316,21.203
ISIC_9820910.png,0.2869,0.1576,0.7779,13.1934
ISIC_9822350.png,0.1203,0.1097,0.6968,39.7908
ISIC_9822801.png,0.103,0.1079,0.7007,39.186
ISIC_9826778.png,0.1766,0.1144,0.7196,16.0666
ISIC_9828053.png,0.33,0.1991,0.7,14.3625
ISIC_9828853.png,0.1792,0.1488,0.6008,25.214
ISIC_9829436.png,0.0974,0.0896,0.7639,18.2354
ISIC_9829805.png,0.3813,0.4886,0.3662,17.6039
ISIC_9837030.png,0.3287,0.2866,0.684,10.1951
ISIC_9842269.png,0.2527,0.2037,0.5992,17.855
ISIC_9847428.png,0.1983,0.214,0.4932,39.0399
ISIC_9848743.png,0.1508,0.2109,0.6578,27.2681
ISIC_9851899.png,0.0789,0.1101,0.756,31.0791
ISIC_9852341.png,0.2213,0.266,0.6714,20.1675
ISIC_9854454.png,0.2819,0.214,0.7101,37.192
ISIC_9859495.png,0.1086,0.2023,0.7965,11.0514
ISIC_9859873.png,0.9695,0.2927,0.1483,2.5801
ISIC_9860255.png,0.123,0.1441,0.7679,22.0645
ISIC_9860895.png,0.3055,0.1958,0.5554,20.1695
ISIC_9863059.png,0.0769,0.0809,0.7328,28.5458
ISIC_9864402.png,0.1285,0.1055,0.7558,17.5133
ISIC_9865097.png,0.2913,0.3055,0.5086,35.2407
ISIC_9865814.png,0.1866,0.1279,0.6314,24.1896
ISIC_9870885.png,0.1335,0.2814,0.5875,35.4349
ISIC_9874512.png,0.229,0.2115,0.638,14.2269
ISIC_9876004.png,0.2974,0.1212,0.6933,20.1986
ISIC_9876515.png,0.2432,0.0976,0.7117,47.5248
ISIC_9879347.png,0.1121,0.2203,0.7408,17.0705
ISIC_9879693.png,0.1375,0.1661,0.7635,19.1136
ISIC_9879723.png,0.3077,0.3893,0.6057,12.0702
ISIC_9881460.png,1.1788,1.2411,0.146,2.512
ISIC_9887341.png,0.1119,0.0819,0.7149,27.5794
ISIC_9894782.png,0.3358,0.1657,0.6769,18.1289
ISIC_9895220.png,0.2519,0.2346,0.5811,31.4865
ISIC_9895436.png,0.1534,0.1377,0.7453,22.4189
ISIC_9896801.png,0.1484,0.1005,0.7594,26.5488
ISIC_9900191.png,0.9623,1.4203,0.1323,2.48
ISIC_9905633.png,0.0967,0.0858,0.7775,21.5864
ISIC_9906378.png,0.2586,0.1522,0.6208,15.3757
ISIC_9906799.png,0.2766,0.1409,0.6774,27.8556
ISIC_9910791.png,0.4851,0.2871,0.2367,2.551
ISIC_9912475.png,0.1419,0.0878,0.7858,36.7501
ISIC_9913573.png,0.156,0.1269,0.6277,35.5002
ISIC_9917640.png,0.1846,0.1646,0.7756,23.1123
ISIC_9918523.png,0.336,0.2106,0.5607,30.3438
ISIC_9921747.png,0.2416,0.3308,0.5227,17.1009
ISIC_9923630.png,0.0972,0.1504,0.7669,29.642
ISIC_9927221.png,0.0884,0.1426,0.7683,21.763
ISIC_9927486.png,0.0975,0.0901,0.6701,77.5582
ISIC_9929097.png,1.6599,1.7673,0.009,2.5816
ISIC_9933790.png,0.318,0.1682,0.6966,13.8623
ISIC_9934037.png,0.3221,0.2312,0.5018,37.7658
ISIC_9935444.png,0.2023,0.3877,0.4983,22.1175
ISIC_9936773.png,0.0893,0.1519,0.8065,17.9996
ISIC_9939653.png,0.1474,0.2255,0.6541,13.6354
ISIC_9939963.png,0.1785,0.2233,0.7463,28.7342
ISIC_9940466.png,0.1565,0.3125,0.6418,14.3952
ISIC_9943579.png,0.0814,0.1416,0.7372,33.5477
ISIC_9944671.png,0.1496,0.2052,0.7379,26.28
ISIC_9944714.png,0.2875,0.1456,0.6514,35.6521
ISIC_9947369.png,0.2567,0.3182,0.5789,22.6651
ISIC_9947624.png,0.1688,0.1993,0.6535,19.4944
ISIC_9948600.png,0.2929,0.1265,0.6872,32.8803
ISIC_9948815.png,0.0715,0.1715,0.749,24.7145
ISIC_9950866.png,0.1804,0.1218,0.701,36.0123
ISIC_9955163.png,0.2368,0.2932,0.4837,46.6789
ISIC_9956400.png,0.5104,0.4066,0.4219,14.613
ISIC_9957389.png,0.1015,0.0983,0.7302,14.3684
ISIC_9958062.png,0.22,0.306,0.6824,32.7686
ISIC_9961652.png,0.0929,0.1187,0.6945,20.0691
ISIC_9965754.png,0.2415,0.1466,0.6682,22.0361
ISIC_9969263.png,0.3743,0.3194,0.5797,14.1056
ISIC_9969907.png,0.1954,0.1475,0.6067,14.4081
ISIC_9972518.png,0.1453,0.1726,0.6632,22.5405
ISIC_9974299.png,0.1657,0.158,0.7609,17.4536
ISIC_9974613.png,0.2641,0.194,0.6944,14.5326
ISIC_9977672.png,0.1528,0.2016,0.718,21.422
ISIC_9978107.png,0.3946,0.3401,0.4497,2.098
ISIC_9978498.png,0.2394,0.2633,0.6654,20.1731
ISIC_9983696.png,0.1083,0.23,0.6523,42.893
ISIC_9986760.png,0.1732,0.1793,0.6132,43.15
ISIC_9987485.png,0.1464,0.1738,0.6301,22.7407
ISIC_9989485.png,0.1629,0.2173,0.6186,29.528
ISIC_9989617.png,0.1475,0.1755,0.6496,23.9553
ISIC_9989936.png,0.1271,0.2407,0.7534,15.29
ISIC_9996128.png,0.2202,0.204,0.6437,16.0927
