id,malignant,pi_sym,pi_bor,pi_col
ISIC_0000000,0,-0.214458,0.882856,-0.395726
ISIC_0000002,1,0.068697,0.687329,0.620128
ISIC_0000012,0,-1.012573,0.146865,-0.541391
ISIC_0000013,1,-0.561439,-0.210398,-0.539064
ISIC_0000022,1,1.068161,1.27843,-0.908552
ISIC_0000024,0,0.843785,0.152423,0.254796
ISIC_0000026,1,0.469761,0.62513,-0.262558
ISIC_0000029,1,-0.708557,0.375264,0.21197
ISIC_0000030,1,0.624311,0.865736,0.706934
ISIC_0000031,1,0.864682,1.336679,0.493928
ISIC_0000035,1,0.35105,-0.342174,0.895039
ISIC_0000036,1,0.845103,0.428325,0.382775
ISIC_0000040,1,0.739298,0.226738,0.002412
ISIC_0000042,0,-0.217903,1.566436,0.738597
ISIC_0000043,1,-0.064208,-0.118545,0.278731
ISIC_0000046,1,-0.493264,-0.09215,-0.107354
ISIC_0000054,1,0.983102,0.114459,-0.142598
ISIC_0000056,1,0.822009,-0.449205,0.34304
ISIC_0000058,0,0.071665,-0.030599,-0.184068
ISIC_0000065,0,0.949284,0.092657,-0.061753
ISIC_0000072,0,-0.592137,1.111444,0.082761
ISIC_0000074,1,1.805385,0.582263,1.037242
ISIC_0000077,1,0.040076,0.793057,0.016194
ISIC_0000078,1,-0.126982,-0.757129,-0.448282
ISIC_0000087,0,-0.14349,-0.006791,-0.281821
ISIC_0000118,0,-0.519351,-0.555178,-0.410075
ISIC_0000121,0,-0.682856,-1.344494,-0.041719
ISIC_0000129,0,-0.907781,0.042703,-0.118121
ISIC_0000135,0,-0.67509,1.068732,0.474006
ISIC_0000139,1,-1.109919,0.725924,-0.13849
ISIC_0000140,1,0.783518,0.207244,1.157911
ISIC_0000141,1,-0.444708,0.03272,-0.068097
ISIC_0000142,1,-2.05923,0.153863,0.408523
ISIC_0000143,1,0.202076,0.467405,0.235749
ISIC_0000144,1,-0.273095,0.310511,1.121852
ISIC_0000145,1,0.424443,-0.461447,0.152047
ISIC_0000146,1,-0.282437,0.345258,0.703474
ISIC_0000148,1,0.996705,0.486353,0.243253
ISIC_0000150,1,1.476037,1.183127,0.712683
ISIC_0000151,1,0.402551,0.36718,-0.384537
ISIC_0000152,1,-0.124382,-0.099664,-0.132809
ISIC_0000153,1,0.632827,0.026576,0.203834
ISIC_0000154,1,0.139119,0.570225,-0.09155
ISIC_0000155,1,0.185574,0.526845,-0.073526
ISIC_0000159,1,-0.079372,-0.008065,0.298419
ISIC_0000161,1,1.277776,0.527977,1.012208
ISIC_0000162,1,0.151614,0.613302,0.445584
ISIC_0000163,1,0.40631,0.829447,0.512279
ISIC_0000164,1,1.394166,0.602124,0.416671
ISIC_0000166,1,0.753247,0.749349,0.367785
ISIC_0000167,1,1.185107,1.335082,0.725238
ISIC_0000168,1,0.69032,0.580717,0.469755
ISIC_0000171,1,-0.435886,-0.376633,0.713227
ISIC_0000172,1,-0.219171,1.233463,0.497142
ISIC_0000173,1,1.066097,1.149943,0.952855
ISIC_0000174,1,0.879247,1.375889,0.620092
ISIC_0000175,1,0.013021,0.171762,0.407044
ISIC_0000176,1,-0.789464,0.477393,0.399847
ISIC_0000179,0,-0.093641,1.445319,0.657606
ISIC_0000180,0,0.001745,-0.152038,1.077727
ISIC_0000186,0,-0.641022,-0.261185,-0.397442
ISIC_0000213,0,0.089783,0.453596,0.412131
ISIC_0000226,0,-0.481435,-0.149753,-0.147685
ISIC_0000239,0,-1.331643,0.248502,0.026073
ISIC_0000240,0,0.060208,-0.546444,0.622014
ISIC_0000274,0,-0.631773,-0.07703,1.667986
ISIC_0000277,1,0.607131,1.310332,0.76027
ISIC_0000278,1,1.279393,0.431653,0.203083
ISIC_0000279,1,0.881652,0.59667,-0.505042
ISIC_0000283,1,-0.137052,-0.26433,0.68205
ISIC_0000287,1,0.849063,0.544913,1.136284
ISIC_0000291,1,0.677537,-0.355754,0.040976
ISIC_0000292,1,0.474838,1.054399,1.202517
ISIC_0000294,1,0.656513,0.563606,0.523291
ISIC_0000295,1,-0.476652,0.49362,0.41058
ISIC_0000296,1,1.097531,0.879567,0.032557
ISIC_0000297,1,-1.192147,-0.723263,-0.928377
ISIC_0000300,1,0.670003,-0.160615,1.131746
ISIC_0000301,1,0.532729,1.195765,-0.40398
ISIC_0000303,1,-0.058062,1.259974,0.668504
ISIC_0000304,1,-0.226232,0.387938,-0.060973
ISIC_0000305,1,0.466504,0.810721,0.985765
ISIC_0000306,1,-1.239237,0.267132,-0.088225
ISIC_0000310,1,-0.27282,1.320042,0.674963
ISIC_0000313,1,-0.655967,0.41084,-0.046192
ISIC_0000314,1,-1.192221,0.238868,-0.247708
ISIC_0000315,0,-0.5677,-0.409277,0.249905
ISIC_0000346,0,0.688885,0.293671,0.547108
ISIC_0000349,0,-0.909661,-0.089489,0.882906
ISIC_0000358,0,0.51404,0.069617,-0.284213
ISIC_0000368,0,0.131488,0.138112,-0.504349
ISIC_0000371,0,-0.93671,-0.192689,0.26649
ISIC_0000375,0,0.466903,0.297984,0.086152
ISIC_0000377,0,0.570434,-0.181582,-0.311294
ISIC_0000384,0,-0.011287,-0.654799,0.399628
ISIC_0000387,0,-0.901667,-0.248998,-0.880741
ISIC_0000392,0,0.363438,-0.071412,0.115268
ISIC_0000393,1,0.657791,0.466968,0.164392
ISIC_0000394,1,0.910724,0.113983,-0.692242
ISIC_0000395,1,0.816211,0.17728,-0.011154
ISIC_0000398,1,0.788113,0.160041,0.876025
ISIC_0000401,1,0.592578,0.96387,0.829017
ISIC_0000406,1,0.754446,0.360011,1.014692
ISIC_0000410,1,0.036061,0.694991,-0.262703
ISIC_0000411,1,0.957895,0.261047,1.420177
ISIC_0000413,1,0.972011,0.56801,0.423293
ISIC_0000414,1,1.481187,0.230324,1.409002
ISIC_0000419,0,-0.118086,0.478405,-0.183075
ISIC_0000420,1,1.328875,0.144744,-0.030764
ISIC_0000421,0,-0.339868,-0.066827,-0.485294
ISIC_0000423,0,-1.102993,-0.122846,-0.157782
ISIC_0000424,0,0.722977,1.490139,0.177135
ISIC_0000429,1,-0.54133,0.114336,0.997375
ISIC_0000431,0,-0.40952,-0.407843,-0.100374
ISIC_0000434,1,1.139192,0.002117,0.001025
ISIC_0000440,1,0.275584,0.637736,0.625545
ISIC_0000441,1,0.114329,-0.199696,0.134881
ISIC_0000444,1,-0.129706,1.217954,0.200282
ISIC_0000445,1,-0.580883,-0.099836,0.663814
ISIC_0000446,1,0.79442,-0.594904,0.278279
ISIC_0000450,1,0.73766,0.234032,1.188706
ISIC_0000452,0,1.407243,0.652911,0.829732
ISIC_0000459,1,0.586047,1.204297,0.508499
ISIC_0000462,1,0.625856,0.915255,0.327688
ISIC_0000463,1,-0.974126,0.948034,0.01319
ISIC_0000466,1,0.342708,1.020014,0.479753
ISIC_0000467,0,0.710652,0.594559,-0.623047
ISIC_0000469,1,0.271938,0.052902,0.626057
ISIC_0000473,0,-0.015617,0.088319,1.170513
ISIC_0000475,0,0.089568,0.691196,-0.358712
ISIC_0000482,1,-1.053382,-0.175198,-0.067178
ISIC_0000483,0,0.268939,-0.119878,-0.565502
ISIC_0000484,1,1.470274,1.130325,0.304402
ISIC_0000487,1,1.385695,0.264961,-0.345027
ISIC_0000490,0,-0.394132,-0.009437,-0.928131
ISIC_0000502,1,1.112314,0.257063,0.19693
ISIC_0000504,0,-0.544638,0.075264,-0.013624
ISIC_0000507,0,-0.344139,0.300626,0.676685
ISIC_0000513,1,0.006622,0.25446,-0.628698
ISIC_0000516,1,-0.002355,1.061447,-0.340999
ISIC_0000517,1,0.363444,0.843087,-0.481625
ISIC_0000518,1,1.398528,-0.055271,0.084308
ISIC_0000519,1,1.043386,1.523808,1.038477
ISIC_0000520,1,1.282129,0.234682,0.730194
ISIC_0000522,1,0.879948,0.412834,0.259139
ISIC_0000523,0,0.143099,0.399396,1.520097
ISIC_0000526,1,0.935434,0.621246,0.839958
ISIC_0000531,1,0.428457,-0.088343,0.171148
ISIC_0000533,1,0.521853,0.172756,0.587171
ISIC_0000535,0,-0.287432,-0.453241,0.739016
ISIC_0000538,0,-0.282758,0.267026,0.163728
ISIC_0000539,0,-0.292234,0.845025,0.334239
ISIC_0000541,0,0.248406,0.040041,0.653449
ISIC_0000546,0,-0.15935,-0.505317,-0.249177
ISIC_0000547,1,1.39416,0.346552,-0.182071
ISIC_0000549,1,1.06859,0.759927,1.324619
ISIC_0000550,1,-0.375101,0.24354,0.737953
ISIC_0000551,1,0.538101,-0.159003,0.376514
ISIC_0000552,1,0.751103,0.375856,0.035109
ISIC_0000553,1,0.856624,0.821766,0.498264
ISIC_0000554,1,0.810141,0.181908,0.949798
ISIC_0000555,1,1.153351,-0.259184,-0.12427
ISIC_0000558,0,-0.31952,-0.414204,-0.5345
ISIC_0000569,0,-0.692307,-0.089893,-1.244793
ISIC_0000572,0,-0.571131,-0.165165,-0.477385
ISIC_0000585,0,-0.300977,-1.197239,-0.688937
ISIC_0000660,0,-1.097599,-1.602433,0.208791
ISIC_0000700,0,-0.515591,-0.790056,-0.059333
ISIC_0000725,0,-0.202099,-0.23991,-0.914149
ISIC_0000754,0,-0.153457,-0.045018,-1.344642
ISIC_0000763,0,-0.719055,-1.021273,-1.319962
ISIC_0000801,0,0.061048,-0.698596,-0.475916
ISIC_0000814,0,-1.592045,-1.589558,-0.32556
ISIC_0000848,0,-0.305776,-0.970225,-0.912969
ISIC_0000860,0,-0.68546,-0.480332,0.413743
ISIC_0000866,0,-0.609912,0.060765,-0.158972
ISIC_0000957,0,-0.797238,-0.555684,-0.912711
ISIC_0001057,0,-0.683737,-1.324406,0.375141
ISIC_0001100,1,0.955669,0.339859,-0.440078
ISIC_0001101,1,0.247299,0.899238,0.438775
ISIC_0001102,1,0.404779,0.637542,0.617287
ISIC_0001103,1,0.363262,0.542417,1.353043
ISIC_0001104,0,0.532767,1.024764,0.582656
ISIC_0001105,1,-0.240845,-0.869523,-0.250074
ISIC_0001108,1,0.485092,1.155805,0.908576
ISIC_0001110,1,0.563755,1.124779,1.39068
ISIC_0001111,0,-0.347964,-0.259686,0.554935
ISIC_0001112,1,1.158691,1.451609,0.358391
ISIC_0001118,1,1.382185,-0.238348,1.34426
ISIC_0001119,1,-0.665227,-0.589086,0.299361
ISIC_0001120,1,0.442146,-0.119319,-0.029209
ISIC_0001121,1,1.233083,-0.179538,-0.548354
ISIC_0001126,1,0.0918,0.66573,1.466169
ISIC_0001128,1,-0.009623,-0.171216,-0.275582
ISIC_0001129,0,0.187222,-0.513789,0.814856
ISIC_0001134,1,0.676929,0.169675,-0.586037
ISIC_0001135,1,-0.374262,0.127853,0.722924
ISIC_0001137,1,0.485733,0.493815,-0.356224
ISIC_0001138,1,0.02507,0.856985,0.752814
ISIC_0001139,0,-0.693126,-0.838689,-0.519569
ISIC_0001140,1,-0.422389,-0.399369,0.270522
ISIC_0001141,1,0.887086,0.753194,0.042524
ISIC_0001142,1,0.853268,1.247054,-0.195653
ISIC_0001148,1,0.642649,0.51689,0.420874
ISIC_0001149,1,0.792388,-0.533392,0.658912
ISIC_0001151,1,0.261525,-0.245658,-0.701302
ISIC_0001152,1,1.672491,1.114856,0.622956
ISIC_0001157,1,1.32031,1.298549,0.099508
ISIC_0001480,0,-0.01636,-0.37361,-0.319386
ISIC_0001505,0,-0.365113,-0.8735,0.304683
ISIC_0001572,0,-0.482788,-0.324248,-0.639946
ISIC_0001578,0,0.361738,-0.390626,-1.037986
ISIC_0001581,0,-0.209999,0.216101,0.066587
ISIC_0001596,0,0.1184,0.022005,-0.586641
ISIC_0001602,0,-0.936465,-0.283901,-1.206002
ISIC_0001681,0,-0.278167,0.455654,-0.360232
ISIC_0001743,0,-0.175694,-0.857438,-1.26956
ISIC_0001745,0,-0.328698,-0.730261,-0.842024
ISIC_0001792,0,0.348551,0.050634,-0.22908
ISIC_0001831,0,-0.42017,-0.422129,-0.964883
ISIC_0001832,0,0.511059,-0.087807,0.625335
ISIC_0001875,0,-0.711211,-1.086518,-0.680155
ISIC_0001923,0,-0.418726,-1.117467,-1.541112
ISIC_0002026,0,0.21142,-1.206112,-1.477041
ISIC_0002041,0,-0.133246,-1.366097,-1.199272
ISIC_0002057,0,-0.368391,-0.483539,0.906535
ISIC_0002118,0,-1.112159,-0.887183,-0.815874
ISIC_0002119,0,0.79514,-0.444985,-1.006929
ISIC_0002162,0,-0.77277,-1.03947,-0.263184
ISIC_0002184,0,-1.17381,0.275748,-0.347426
ISIC_0002213,0,0.238199,0.312112,-0.187013
ISIC_0002258,0,0.568831,-0.386547,-1.013618
ISIC_0002288,0,0.952028,-0.129182,-1.163961
ISIC_0002295,0,0.289498,0.138304,-0.240326
ISIC_0002347,0,-0.73115,0.223137,-0.848966
ISIC_0002349,0,-0.050162,-0.24353,-1.348711
ISIC_0002435,0,-1.522756,-0.11801,0.374346
ISIC_0002549,0,0.045761,-0.405529,-0.401301
ISIC_0002566,0,-0.70949,-1.294176,-1.078937
ISIC_0002578,0,-0.248791,-0.756542,-0.216313
ISIC_0002613,0,-0.576068,-1.376299,-0.488695
ISIC_0002622,0,-0.876715,-0.647863,-1.202079
ISIC_0002639,0,-0.932279,-1.232301,0.716706
ISIC_0002675,0,-0.303644,1.031346,-0.346025
ISIC_0002693,0,-0.148004,-0.035621,-0.976612
ISIC_0002745,0,-0.672676,-0.698153,-0.809227
ISIC_0002774,0,-0.054266,-0.359262,-1.518862
ISIC_0002811,0,-0.315959,-0.820327,0.363759
ISIC_0002821,0,-0.521311,-0.571108,-1.132739
ISIC_0002853,0,-0.512049,-0.928172,-0.613199
ISIC_0002862,0,-0.088023,0.068941,-0.407438
ISIC_0002878,0,-0.055238,-1.001737,-1.493695
ISIC_0002899,0,-0.536085,-0.900265,-0.762288
ISIC_0002900,0,-1.283686,-0.286063,-0.602435
ISIC_0002901,0,-0.577872,-1.182142,-1.334752
ISIC_0002939,0,-0.597478,0.191396,-0.963985
ISIC_0002953,0,-1.789773,0.423402,-0.911522
ISIC_0003046,0,-1.511707,-0.047798,-1.513438
ISIC_0003052,0,-0.532515,0.705476,-0.669055
ISIC_0003068,0,-0.125765,-1.018664,-1.614684
ISIC_0003111,0,-0.857076,-1.100115,-0.626377
ISIC_0003113,0,-0.38887,-1.388904,-0.755716
ISIC_0003117,0,0.212894,-0.293638,-0.418485
ISIC_0003122,0,0.451986,0.129337,-0.148975
ISIC_0003132,0,-0.970973,-0.691016,-0.631351
ISIC_0003150,0,0.005957,-1.427299,-1.129886
ISIC_0003159,0,-1.609471,-0.443372,-0.664675
ISIC_0003168,0,-0.764262,-1.149246,-0.598583
ISIC_0003201,0,0.452925,-1.050884,-0.5496
ISIC_0003217,0,-0.745492,-0.542199,-1.065475
ISIC_0003281,0,-0.204861,0.103534,-1.058792
ISIC_0003324,0,-0.453508,0.321198,-0.52604
ISIC_0003333,0,-0.559328,-0.898772,-0.380308
ISIC_0003345,0,-0.356597,-0.284645,-0.648658
ISIC_0003438,0,-0.909737,-0.691379,-0.425085
ISIC_0003539,0,0.182666,0.256391,0.883237
ISIC_0003550,0,-0.712125,-0.5426,-0.719915
ISIC_0003593,0,-0.286521,-0.700138,-0.383576
ISIC_0003664,0,-0.882735,-0.687526,-0.292557
ISIC_0003703,0,-0.092008,-0.27983,-0.498414
ISIC_0003767,0,-0.726585,-1.04522,0.498175
ISIC_0003793,0,-0.498381,-0.574827,0.252925
ISIC_0003822,0,0.160999,0.017963,-0.010645
ISIC_0003851,0,-0.026346,-0.560387,-0.819189
ISIC_0003910,0,-0.212969,-0.568876,-0.863602
ISIC_0003925,0,-0.791796,0.073969,-0.418616
ISIC_0004000,0,-0.663899,-0.83978,-0.056877
ISIC_0004015,0,-0.761542,-0.52541,0.016075
ISIC_0004042,0,-0.610269,0.115813,-1.065669
ISIC_0004075,0,1.308926,-0.227041,-0.455128
ISIC_0004089,0,-0.58346,-0.375504,-0.69615
ISIC_0004099,0,-0.286146,-0.789899,-1.037161
ISIC_0004140,0,-0.522248,0.16832,-0.388254
ISIC_0004217,0,-0.058587,-0.060142,-1.112645
ISIC_0004334,0,-0.817012,-1.40273,-0.760457
ISIC_0004352,0,-0.893367,-0.730625,-0.584744
ISIC_0004455,0,-1.303029,-0.834345,-0.878024
ISIC_0004482,0,-0.886819,-0.738435,-0.230115
ISIC_0004486,0,-0.79239,-1.308294,-1.339328
ISIC_0004509,0,-0.347149,-0.671241,-0.336611
ISIC_0004558,0,-0.530772,-0.42921,-1.267665
ISIC_0004564,0,0.146874,-0.858129,-0.911035
ISIC_0004667,0,-0.129331,-0.940237,-0.593111
ISIC_0004679,0,-0.473078,0.164642,-0.929307
ISIC_0004686,0,-0.50298,-0.614802,-0.625937
ISIC_0004691,0,-0.564866,-0.822275,0.302202
ISIC_0004728,0,0.084718,-0.688472,-0.493968
ISIC_0004789,0,-0.288269,-0.429173,0.656909
ISIC_0004794,0,-1.336735,-0.159303,-0.428612
ISIC_0004848,0,-0.738092,0.183805,-0.937314
ISIC_0004857,0,-0.260735,-1.462564,-0.955616
ISIC_0004907,0,0.296558,-0.113095,-0.775861
ISIC_0004932,0,-1.045097,-1.039921,-0.532138
ISIC_0004955,0,-0.485864,-0.604139,-0.678671
ISIC_0004961,0,-0.488164,-0.290846,-0.603399
ISIC_0004986,0,-0.274353,-0.831025,-0.806061
ISIC_0004996,0,-0.010715,-0.074323,-0.775034
ISIC_0005006,0,-0.005339,-0.946384,-0.491698
ISIC_0005028,0,-0.850984,-0.128137,-1.086393
ISIC_0005062,0,-1.385903,-0.579481,-0.762046
ISIC_0005139,0,-0.346207,0.139724,-0.379762
ISIC_0005239,0,-0.917214,-1.177563,0.540282
ISIC_0005248,0,0.009514,0.410999,0.15147
ISIC_0005261,0,0.338604,-1.355401,-0.622566
ISIC_0005264,0,-0.08192,-0.596196,-0.827813
ISIC_0005291,0,1.127396,0.023484,-0.059555
ISIC_0005304,0,-0.239956,-0.904063,-0.879586
ISIC_0005319,0,-0.286181,0.215568,0.337647
ISIC_0005360,0,0.497709,-0.272007,-0.639323
ISIC_0005377,0,-0.178668,-0.095351,-0.590537
ISIC_0005494,0,-0.663004,-0.259464,-0.453319
ISIC_0005572,0,-0.674008,-1.715557,-0.379316
ISIC_0005639,0,0.06332,0.573269,0.483626
ISIC_0005655,0,-0.547291,-1.373774,-1.608377
ISIC_0005681,0,0.733679,-0.615654,-0.493868
ISIC_0005686,0,-0.23216,-0.989849,-0.750085
ISIC_0005762,0,-0.146046,-1.27059,-0.636912
ISIC_0005769,0,0.356211,-1.168868,-0.907739
ISIC_0005854,0,0.121505,-1.416999,-1.54981
ISIC_0005879,0,-0.615581,-1.457467,-0.50258
ISIC_0006108,0,-0.320634,-1.144649,-0.312124
ISIC_0006116,0,-0.051881,-0.652864,-0.330837
ISIC_0006118,0,-0.088692,-0.186723,-0.020479
ISIC_0006158,0,-0.778675,-0.481793,-0.593994
ISIC_0006181,0,-0.003022,-0.041441,0.555288
ISIC_0006302,0,-0.319797,-0.750876,-0.095144
ISIC_0006321,0,-0.961016,-0.079566,-0.707819
ISIC_0006327,0,-0.69735,-1.023138,-0.800435
ISIC_0006328,0,0.343167,-0.407392,0.060581
ISIC_0006331,0,-0.142166,-0.64439,-1.149844
ISIC_0006332,0,-0.868617,-0.270234,-1.246479
ISIC_0006517,0,-0.793925,-0.536426,-0.376392
ISIC_0006624,0,-0.019601,-0.51576,-0.866273
ISIC_0006672,0,0.232896,-0.705824,-1.223072
ISIC_0006717,0,0.139158,0.703778,-0.224092
ISIC_0006727,0,-0.417143,-0.702929,-0.537297
ISIC_0006730,0,-0.408201,-0.503518,-0.136644
ISIC_0006744,0,-0.302715,-0.593764,0.381688
ISIC_0006750,0,-0.203248,0.250307,-0.533149
ISIC_0006754,0,-1.22962,0.057142,-0.332669
ISIC_0006757,0,-0.643819,-1.062179,-0.856106
ISIC_0006772,0,-1.628182,-0.154495,-0.132214
ISIC_0006821,0,-0.249432,-0.076167,-0.181794
ISIC_0006829,0,-1.019088,0.24617,0.153782
ISIC_0006850,0,0.004063,-0.11383,-1.257915
ISIC_0006983,0,-0.515513,-0.288338,-0.490498
ISIC_0007029,0,-1.073284,0.065035,-1.025728
ISIC_0007084,0,-0.014212,-1.110404,-0.58166
ISIC_0007148,0,-0.430896,-0.51067,-0.861076
ISIC_0007257,0,-1.181805,-0.802939,-0.900739
ISIC_0007351,0,-1.10059,-0.571975,0.219615
ISIC_0007416,0,0.227572,-0.360846,-0.978389
ISIC_0007501,0,0.171436,-0.401245,-0.887928
ISIC_0007619,0,0.35234,-0.605732,-0.860534
ISIC_0007622,0,-0.531251,-1.485104,-1.136857
ISIC_0007678,0,-0.435658,-0.0007,-0.812765
ISIC_0007740,0,-0.835753,-0.88233,-0.886757
ISIC_0007749,0,-0.204254,0.654995,-0.804536
ISIC_0007760,0,-0.442282,-0.418251,-0.073249
ISIC_0007808,0,-0.076846,-0.950667,0.018972
ISIC_0007884,0,-1.130892,0.006397,-0.591221
ISIC_0008055,0,-0.380148,-1.212106,-1.240681
ISIC_0008114,0,-0.593922,0.080188,-0.585079
ISIC_0008162,0,-0.498811,-0.196216,-0.699218
ISIC_0008251,0,0.515984,0.395163,-0.823485
ISIC_0008393,0,-0.348236,-0.773359,-1.31585
ISIC_0008423,0,-0.777902,-0.526817,-0.813856
ISIC_0008424,0,-0.563523,-1.463787,-0.988652
ISIC_0008431,0,0.465377,-0.432851,0.691201
ISIC_0008447,0,-0.597975,-1.347016,-0.25671
ISIC_0008510,0,-1.239188,-1.070275,-1.138676
ISIC_0008619,0,-0.351783,-0.066061,-0.570785
ISIC_0008621,0,-0.792529,0.404953,-0.487546
ISIC_0008630,0,-0.783061,-0.359018,-0.606885
ISIC_0008636,0,-0.974292,0.67376,-0.545926
ISIC_0008724,0,-0.121827,-0.106035,-1.169164
ISIC_0008768,0,-0.247917,-0.810093,0.096796
ISIC_0008774,0,0.295918,-0.391517,-0.297147
ISIC_0008816,0,0.336989,0.632156,0.089824
ISIC_0008864,0,-0.344543,-1.118763,-0.088908
ISIC_0008881,0,-0.325238,-0.614436,-0.877695
ISIC_0008934,0,0.49381,-0.251602,0.004212
ISIC_0008945,0,-0.273396,-0.708234,-0.315897
ISIC_0008952,0,-1.210538,-1.576463,-0.704495
ISIC_0009006,0,0.726182,-0.142687,-0.369742
ISIC_0009048,0,0.006573,-0.732783,-0.121401
ISIC_0009100,0,-0.738701,1.00156,-0.321717
ISIC_0009186,0,-0.891577,-0.563664,-0.079516
ISIC_0009187,0,0.148213,-0.587933,-1.278523
ISIC_0009230,0,0.648643,-0.665269,-0.758486
ISIC_0009236,0,-0.29701,-0.50838,-1.249048
ISIC_0009289,0,-1.29733,-0.424311,0.150672
ISIC_0009298,0,0.763079,0.424693,-0.324219
ISIC_0009441,0,-0.437949,-0.809602,-0.322796
ISIC_0009488,0,0.69656,0.701787,0.152202
ISIC_0009510,0,-1.001041,-0.515648,-0.682905
ISIC_0009622,0,-0.504431,0.317372,-0.053611
ISIC_0009642,0,-0.961028,-1.089548,-0.366124
ISIC_0009666,0,-0.3997,-0.590691,-0.14027
ISIC_0009713,0,-0.336634,-0.209302,-0.283241
ISIC_0009721,0,-0.407046,0.191849,-0.472371
ISIC_0009735,0,-0.548457,-0.25351,-1.10953
ISIC_0009738,0,-0.428323,-0.947732,-0.062324
ISIC_0009791,0,-0.920471,-0.4663,-1.526436
ISIC_0009868,1,0.650573,-0.305464,0.405712
ISIC_0009871,0,0.014623,-1.02702,0.121612
ISIC_0009879,0,0.604192,0.569546,-0.51081
ISIC_0009880,0,-0.79537,0.2636,-0.325342
ISIC_0009882,1,-0.316391,0.61041,0.875965
ISIC_0009883,0,-0.183234,0.353058,-0.263044
ISIC_0009886,1,0.933731,1.060546,0.208751
ISIC_0009893,0,0.700933,0.362,-0.012667
ISIC_0009894,1,0.75068,0.802875,0.713359
ISIC_0009903,0,0.144212,0.565945,-0.294097
ISIC_0009905,1,0.611757,-0.030848,0.757302
ISIC_0009908,1,1.702674,0.451514,0.426458
ISIC_0009911,0,-1.036856,-0.369603,0.335783
ISIC_0009913,1,0.865167,0.681039,0.842969
ISIC_0009916,1,0.468487,0.631643,0.84605
ISIC_0009918,1,-0.205585,0.439299,0.319611
ISIC_0009924,1,1.231559,0.770868,0.283451
ISIC_0009927,1,0.847343,0.271529,-0.326603
ISIC_0009931,0,1.288754,1.581884,0.396728
ISIC_0009939,0,0.05071,3e-06,-0.62709
ISIC_0009940,0,0.978471,1.019053,-0.44865
ISIC_0009941,0,-0.548604,0.17362,0.008503
ISIC_0009947,0,-1.17037,0.523257,0.194698
ISIC_0009950,1,-0.446453,-0.244021,-0.535614
ISIC_0009955,1,-0.596685,0.255262,0.01014
ISIC_0009958,0,0.115864,-0.353303,-0.785537
ISIC_0009959,0,-1.151352,0.113536,-1.133902
ISIC_0009960,1,-0.657781,-0.169063,-0.943867
ISIC_0009971,1,0.005304,-0.276466,-0.116337
ISIC_0009975,0,0.335346,0.196166,0.886815
ISIC_0009984,1,0.821825,0.620795,1.331316
ISIC_0009985,0,0.247969,0.269586,-0.151589
ISIC_0009989,1,0.749092,0.649784,-0.233987
ISIC_0009991,0,0.82887,-0.451028,0.116981
ISIC_0009992,1,0.697714,0.336957,0.878291
ISIC_0009993,1,0.417951,-0.400748,0.468249
ISIC_0009998,0,-0.015731,-0.001736,-0.519921
ISIC_0010007,1,1.28133,0.582435,-0.266635
ISIC_0010011,1,-1.461741,0.154511,-0.523373
ISIC_0010014,0,-0.406433,0.811409,-0.723133
ISIC_0010017,0,-0.810997,0.0042,-0.255932
ISIC_0010023,1,-0.539766,0.386908,1.193381
ISIC_0010024,1,0.188048,0.59857,1.211817
ISIC_0010034,1,-0.127098,0.784734,-0.355545
ISIC_0010036,1,0.621813,0.268894,0.290673
ISIC_0010040,0,0.733292,0.904248,0.941618
ISIC_0010044,0,-1.26112,-0.54464,1.200043
ISIC_0010046,0,1.115873,0.168277,-0.119039
ISIC_0010049,1,1.609031,0.09802,0.175057
ISIC_0010050,1,0.921559,1.265024,0.633483
ISIC_0010061,0,0.665956,0.838304,0.716096
ISIC_0010067,1,0.829124,1.492861,0.238733
ISIC_0010068,0,0.07353,0.351972,0.658685
ISIC_0010081,1,-0.45701,0.393945,0.37242
ISIC_0010089,1,-0.973128,-1.454512,-0.265408
ISIC_0010094,1,-0.700242,-0.073205,0.450717
ISIC_0010098,0,0.680225,0.211506,-0.153446
ISIC_0010103,0,0.359601,-0.93311,0.556157
ISIC_0010108,0,1.042778,1.857946,-0.057254
ISIC_0010124,0,0.042577,0.055973,-0.954285
ISIC_0010131,1,0.322502,1.003587,0.739932
ISIC_0010140,1,0.863128,1.247447,0.857586
ISIC_0010142,0,1.339458,0.738992,-0.067613
ISIC_0010143,1,0.808486,-0.264818,-0.092526
ISIC_0010145,1,-0.623378,-0.053161,0.762136
ISIC_0010156,1,0.169975,-0.200332,-0.162671
ISIC_0010162,1,1.162083,0.323584,0.984928
ISIC_0010164,1,1.013432,0.220971,0.324903
ISIC_0010171,1,0.097381,-0.094031,1.253471
ISIC_0010174,1,0.634641,0.716054,0.703761
ISIC_0010175,1,-0.792269,0.47942,0.46614
ISIC_0010194,1,0.618641,-0.114133,-0.204576
ISIC_0010198,0,-0.146935,0.375789,0.385926
ISIC_0010207,1,-0.703193,0.342582,0.301212
ISIC_0010208,1,1.249628,0.720696,0.248722
ISIC_0010209,1,0.087596,1.09561,0.475106
ISIC_0010213,0,1.041834,0.256191,0.835521
ISIC_0010225,1,-0.398373,-0.569934,-0.658892
ISIC_0010227,0,1.282376,0.05006,-0.435625
ISIC_0010231,1,0.523315,0.744219,0.016252
ISIC_0010235,1,0.904521,1.317437,0.966694
ISIC_0010240,1,0.653886,0.787658,0.059371
ISIC_0010241,1,0.347131,0.191278,-0.119127
ISIC_0010242,1,1.611196,0.57419,0.655552
ISIC_0010251,1,0.423365,-0.639513,-0.711756
ISIC_0010255,0,0.125962,0.284641,0.751419
ISIC_0010262,0,0.039639,-1.199252,0.161076
ISIC_0010265,1,-0.042638,0.320226,0.68742
ISIC_0010266,1,-0.480229,-0.26118,-0.493804
ISIC_0010267,1,0.33853,0.938658,1.046869
ISIC_0010271,1,0.063132,0.645724,0.760587
ISIC_0010278,1,0.756535,0.805778,0.119609
ISIC_0010280,1,0.514182,1.021463,-0.308213
ISIC_0010283,1,-0.820015,0.256163,1.111537
ISIC_0010289,1,-0.135208,1.087258,1.086853
ISIC_0010295,1,-0.187915,1.074728,1.273882
ISIC_0010299,1,-1.03104,-0.92225,0.073297
ISIC_0010304,0,0.339944,-0.307015,-0.145666
ISIC_0010306,0,0.564873,0.238773,-0.908309
ISIC_0010308,1,0.898966,1.107349,1.438482
ISIC_0010313,1,-1.74997,-0.081177,-1.131776
ISIC_0010316,0,-0.593586,-0.468678,0.188253
ISIC_0010317,0,-1.191973,0.107771,-0.351481
ISIC_0010319,1,0.559646,0.649829,0.728609
ISIC_0010321,1,0.365416,0.094101,0.231611
ISIC_0010322,1,2.071727,0.735527,0.367045
ISIC_0010346,0,0.946815,0.559407,0.113449
ISIC_0010347,0,0.486213,0.006112,-0.099078
ISIC_0010349,1,0.588612,1.040365,0.309441
ISIC_0010350,1,-0.153433,-0.342879,0.252796
ISIC_0010358,1,-0.686082,-0.968734,-0.807597
ISIC_0010360,1,-0.412418,-0.652803,-0.338503
ISIC_0010364,1,0.271022,0.094488,0.474754
ISIC_0010372,1,-0.035677,0.083724,-0.003199
ISIC_0010376,1,-0.201139,1.52269,0.678065
ISIC_0010379,1,0.056362,0.672593,-0.006084
ISIC_0010380,1,0.368545,0.581613,0.90405
ISIC_0010382,0,-0.255948,1.167938,0.541748
ISIC_0010385,1,0.688706,1.440428,0.120645
ISIC_0010393,1,0.530642,-0.051876,0.865174
ISIC_0010397,1,-0.530882,-1.461367,-0.665858
ISIC_0010398,1,0.429482,1.182765,-0.025393
ISIC_0010400,1,0.738861,0.51768,0.664212
ISIC_0010401,1,-0.321668,0.506238,0.189489
ISIC_0010409,0,0.765597,0.56161,0.728672
ISIC_0010411,1,-0.1064,0.574545,0.207933
ISIC_0010414,1,0.504044,0.44878,0.369243
ISIC_0010415,1,0.998912,1.027562,0.282959
ISIC_0010416,1,0.738895,1.045664,0.405896
ISIC_0010421,0,-0.11791,0.260897,0.334754
ISIC_0010426,1,1.572244,0.780212,0.650291
ISIC_0010432,1,-0.397768,0.484039,-0.358122
ISIC_0010433,0,-0.7334,0.777086,0.401244
ISIC_0010440,0,0.155044,0.02339,0.109352
ISIC_0010441,1,0.458622,-1.059366,0.308142
ISIC_0010442,0,-0.742491,0.512679,0.445468
ISIC_0010466,1,0.50016,-0.142004,0.04717
ISIC_0010468,1,0.327394,0.685015,1.090693
ISIC_0010476,1,0.065237,0.548906,-0.713524
ISIC_0010478,1,-0.089162,0.80732,0.819536
ISIC_0010486,1,-0.103693,1.059786,0.9948
ISIC_0010500,0,0.026633,0.048054,0.394611
ISIC_0010503,1,1.756034,1.783469,0.251474
ISIC_0010510,0,0.550487,0.57323,-0.443104
ISIC_0010514,1,0.643554,0.281734,0.9062
ISIC_0010521,0,-0.465902,0.131501,0.06402
ISIC_0010523,0,0.583138,-0.252283,0.205198
ISIC_0010527,1,0.602309,0.790405,0.780781
ISIC_0010532,1,-0.24693,-0.689135,-0.031577
ISIC_0010533,1,0.39014,0.187011,0.415188
ISIC_0010540,0,1.043597,1.087199,-0.043557
ISIC_0010543,1,0.28287,0.09017,0.44119
ISIC_0010546,1,0.627344,0.614157,1.029785
ISIC_0010550,1,0.388733,0.481052,0.466843
ISIC_0010551,1,-0.5163,0.288587,-0.015529
ISIC_0010555,1,0.888184,-0.453845,-0.568394
ISIC_0010580,1,1.097738,0.171169,0.604101
ISIC_0010581,0,0.672192,0.114439,-0.928711
ISIC_0010587,1,-0.427503,0.806641,0.143831
ISIC_0010591,1,0.050525,0.558864,0.904872
ISIC_0010592,0,-0.861263,-0.904388,0.245341
ISIC_0010596,1,0.885123,0.249064,0.240889
ISIC_0010597,1,0.213666,-0.620005,0.675876
ISIC_0010609,1,0.472641,-0.130229,-0.527992
ISIC_0010611,1,0.125929,0.895132,0.517661
ISIC_0010614,0,-0.171404,-0.653594,-0.127987
ISIC_0010618,0,0.176412,0.294377,0.313762
ISIC_0010629,1,1.554194,1.239322,0.641638
ISIC_0010630,1,1.347355,0.25759,0.411433
ISIC_0010631,1,-0.212578,-0.353799,-0.163776
ISIC_0010636,0,-0.502748,0.078759,0.11311
ISIC_0010644,1,1.185936,0.865525,1.28209
ISIC_0010648,1,0.569343,0.058617,-0.347573
ISIC_0010649,0,-0.516334,-0.48192,-0.203407
ISIC_0010651,0,0.132178,-0.395747,-0.639873
ISIC_0010653,1,1.548453,0.115745,1.202025
ISIC_0010655,1,0.21468,0.747464,-0.074582
ISIC_0010658,0,0.098931,0.046782,-0.376767
ISIC_0010663,1,-0.222879,0.828969,1.607511
ISIC_0010664,1,0.966344,1.418549,0.527724
ISIC_0010671,0,0.791609,-0.921365,-1.238432
ISIC_0010684,0,-1.053007,-0.975483,-0.626058
ISIC_0010690,1,1.22032,1.35877,0.324435
ISIC_0010705,0,0.882008,0.436012,0.112288
ISIC_0010707,1,0.995613,0.642308,0.107571
ISIC_0010714,1,1.029813,1.024941,0.916257
ISIC_0010718,0,-0.376574,-0.072255,0.047678
ISIC_0010719,1,1.098702,0.307271,0.194631
ISIC_0010723,1,0.791804,0.506908,0.986805
ISIC_0010724,0,-0.250462,-0.477326,0.589167
ISIC_0010729,1,0.921401,0.80726,0.731989
ISIC_0010730,1,0.821798,0.319298,1.752214
ISIC_0010734,0,0.130202,-0.171726,0.895157
ISIC_0010742,0,-0.103259,-0.084482,0.481157
ISIC_0010746,1,1.323021,0.767755,1.007615
ISIC_0010749,1,0.879669,0.940419,-0.117188
ISIC_0010750,1,0.469608,0.065232,0.342111
ISIC_0010752,0,0.15591,0.893804,0.255482
ISIC_0010754,1,1.501984,0.323118,0.355652
ISIC_0010757,1,0.975391,0.529594,0.293277
ISIC_0010759,1,-0.257282,-0.60714,-0.538536
ISIC_0010760,0,-0.314462,0.170548,0.933541
ISIC_0010761,0,-1.296905,-0.610583,0.215166
ISIC_0010765,1,1.097948,0.50722,0.248481
ISIC_0010767,1,-0.020483,-0.532296,0.095331
ISIC_0010768,0,-0.449866,-1.174511,-0.61566
ISIC_0010770,1,0.391482,0.576782,-0.356023
ISIC_0010772,1,0.808975,1.085473,1.154976
ISIC_0010773,0,0.384944,-0.209801,0.239954
ISIC_0010775,0,-0.222473,1.344935,0.899374
ISIC_0010777,1,-0.985566,-0.779959,0.046719
ISIC_0010778,1,1.067688,0.971963,1.168404
ISIC_0010782,1,1.536733,0.513512,0.478739
ISIC_0010783,1,0.209447,0.397162,-0.617023
ISIC_0010784,1,0.472955,0.358343,0.965526
ISIC_0010785,1,-0.038751,-1.061411,0.326828
ISIC_0010788,0,0.400624,0.402783,-0.395582
ISIC_0010789,1,0.887973,-0.038899,-0.03505
ISIC_0010791,1,-0.387516,-0.134722,-0.382769
ISIC_0010792,1,0.568217,0.183526,-0.218558
ISIC_0010797,1,0.575866,0.57923,0.283421
ISIC_0010803,1,-0.249101,-0.744417,0.188561
ISIC_0010807,0,-0.025431,-0.142118,-0.062834
ISIC_0010808,1,0.077566,0.797511,-0.042509
ISIC_0010809,1,0.484771,0.627049,1.561336
ISIC_0010810,1,-0.483819,0.709304,0.960486
ISIC_0010817,0,-0.729389,-0.29379,0.047649
ISIC_0010818,0,-0.613835,0.651482,0.254269
ISIC_0010822,0,-0.221476,-0.98997,-0.19371
ISIC_0010825,0,0.5999,0.218505,0.146621
ISIC_0010834,1,-0.286498,0.335579,-0.148752
ISIC_0010837,0,-1.057075,-1.358712,-0.576793
ISIC_0010838,0,-0.819317,0.672357,-0.023686
ISIC_0010848,0,0.335976,0.554206,-0.166699
ISIC_0010850,0,0.541404,-0.268862,-0.68626
ISIC_0010852,1,0.159575,0.240655,0.375606
ISIC_0010860,1,-0.583797,-0.280186,0.554003
ISIC_0010861,0,-0.579481,-0.191314,-0.647288
ISIC_0010862,1,0.469704,0.177062,0.194347
ISIC_0010863,1,0.808843,1.32886,-0.342838
ISIC_0010866,1,1.037219,1.062557,1.522295
ISIC_0010869,0,-0.080167,-0.201902,0.464729
ISIC_0010873,0,0.118104,0.151881,-0.703139
ISIC_0010874,0,0.758275,0.142278,-0.37504
ISIC_0010878,1,0.670304,0.225847,0.114817
ISIC_0010879,0,-0.026937,-0.197511,-1.003686
ISIC_0010883,1,0.291766,-0.102516,0.326977
ISIC_0010886,0,0.979961,1.292479,0.511442
ISIC_0010895,0,0.727127,0.641867,0.101787
ISIC_0010900,1,0.828059,0.555523,0.95673
ISIC_0010901,0,-0.346505,0.571292,0.149116
ISIC_0010909,1,0.764859,0.909553,0.614633
ISIC_0010912,1,0.767584,0.798894,-0.078102
ISIC_0010915,0,0.132388,0.224421,0.091864
ISIC_0010916,0,-0.18724,0.771765,-0.090852
ISIC_0010923,1,-0.080531,1.074962,0.4687
ISIC_0010925,1,0.807287,1.09576,0.128772
ISIC_0010933,0,0.897981,0.23669,0.008726
ISIC_0010934,1,0.497579,1.050907,0.470176
ISIC_0010938,1,0.453756,1.001997,0.86512
ISIC_0010940,0,-0.0245,-0.170672,0.483665
ISIC_0010942,1,0.659764,1.048811,0.706473
ISIC_0010956,0,0.873492,0.295326,0.2471
ISIC_0010958,0,-0.032694,1.412559,0.423095
ISIC_0010960,0,-1.196545,-0.305927,-0.623685
ISIC_0010962,0,0.981164,-0.010747,1.071688
ISIC_0010965,1,1.352965,0.448738,1.129706
ISIC_0010967,0,1.539081,0.365302,-0.523821
ISIC_0010971,1,0.526669,1.074715,0.232692
ISIC_0010978,1,0.451367,0.283278,0.174581
ISIC_0010981,0,0.13929,-0.044546,-0.776385
ISIC_0010982,1,0.267246,0.501216,0.14903
ISIC_0010995,1,-0.455284,-0.359048,0.113763
ISIC_0010998,0,1.133688,0.062426,-0.723498
ISIC_0011007,1,1.271838,1.469509,1.203026
ISIC_0011012,1,0.723575,0.140743,-0.473635
ISIC_0011013,1,0.304117,0.934427,1.086245
ISIC_0011030,1,0.315759,-0.80242,0.714623
ISIC_0011031,1,0.92242,0.735471,1.013646
ISIC_0011032,1,0.127567,1.546114,0.301841
ISIC_0011035,0,0.141458,-0.180498,-0.124336
ISIC_0011039,1,1.451844,0.466265,0.840906
ISIC_0011040,1,0.611689,-0.523966,0.349603
ISIC_0011045,1,1.128634,-0.509005,-0.794899
ISIC_0011051,0,-0.166862,0.741219,-0.714702
ISIC_0011057,1,-0.597718,-0.132254,-0.417217
ISIC_0011064,0,-0.643937,-1.08512,-0.431306
ISIC_0011073,0,-1.083569,-0.366126,0.034156
ISIC_0011077,1,0.9144,0.538896,-0.928075
ISIC_0011086,0,1.205726,0.437953,0.353177
ISIC_0011091,0,0.345702,0.621835,-0.172952
ISIC_0011092,0,0.029168,0.79636,0.344943
ISIC_0011094,1,1.840821,0.987789,0.976742
ISIC_0011095,1,1.55875,0.518591,0.586024
ISIC_0011097,0,0.079968,-0.389037,-0.544881
ISIC_0011099,1,-0.026467,0.255919,0.562526
ISIC_0011114,0,0.539697,0.540058,0.520787
ISIC_0011125,1,-0.313633,-0.698569,-0.069615
ISIC_0011126,1,0.537194,0.613691,1.812255
ISIC_0011127,0,0.302606,-0.08958,0.413045
ISIC_0011128,1,0.71586,-0.086254,-0.270091
ISIC_0011130,1,0.924927,0.999065,-0.329577
ISIC_0011132,1,-0.041751,0.061018,0.290825
ISIC_0011135,1,0.399576,0.117945,-0.05574
ISIC_0011136,1,0.772508,0.338,-0.089444
ISIC_0011137,1,-0.033832,-0.391483,0.112698
ISIC_0011139,1,1.502794,0.19529,-0.287462
ISIC_0011140,1,0.454792,-0.113772,1.10756
ISIC_0011150,0,0.550271,0.481553,0.380922
ISIC_0011158,1,1.28138,0.637051,0.986889
ISIC_0011163,1,0.101879,-0.631775,-0.462159
ISIC_0011164,0,-0.245279,-0.286206,-0.662103
ISIC_0011169,1,-0.085641,-0.601451,-0.370398
ISIC_0011176,1,-0.138119,0.590013,0.121342
ISIC_0011177,0,-0.013206,-0.142165,-0.096549
ISIC_0011185,1,0.712532,0.737466,0.307519
ISIC_0011193,1,0.634034,0.493877,-0.150741
ISIC_0011196,1,0.609368,0.616969,0.193592
ISIC_0011198,0,-0.082606,-0.352855,-0.404703
ISIC_0011209,1,0.9072,-0.594104,-0.612154
ISIC_0011210,1,-0.420554,0.380887,-0.489604
ISIC_0011211,0,0.257667,0.160201,0.765475
ISIC_0011215,0,-0.828417,-0.303764,0.324732
ISIC_0011219,0,-0.171192,0.811382,1.631662
ISIC_0011227,0,-0.323002,-0.105472,-1.0038
ISIC_0011234,0,-0.12527,1.062426,1.105774
ISIC_0011238,1,1.02777,0.110102,-0.330285
ISIC_0011247,1,0.5541,0.603236,0.292352
ISIC_0011256,1,-0.854379,-0.543779,-1.161328
ISIC_0011260,1,-0.242135,0.143646,0.208262
ISIC_0011264,1,-0.261267,0.306412,0.053167
ISIC_0011267,1,-0.969466,-0.03417,0.075953
ISIC_0011268,1,1.447666,0.590108,1.08617
ISIC_0011269,1,0.324567,0.284832,0.828252
ISIC_0011276,1,0.738846,0.748767,0.617568
ISIC_0011286,1,0.849362,1.296017,1.375968
ISIC_0011288,1,0.968664,-0.293605,0.163601
ISIC_0011289,1,0.952916,0.089095,0.455456
ISIC_0011295,1,0.565231,0.155204,0.761596
ISIC_0011305,1,0.90681,0.532475,0.058588
ISIC_0011313,0,-0.156215,0.131715,-0.581903
ISIC_0011315,1,0.713495,0.886006,0.69838
ISIC_0011329,1,0.907968,0.52526,0.327451
ISIC_0011333,0,0.716183,0.971843,-0.237684
ISIC_0011336,0,-0.171283,-0.261035,0.273187
ISIC_0011337,1,0.493513,-0.12806,-0.190531
ISIC_0011343,0,0.767079,0.6012,0.777008
ISIC_0011344,1,-0.236942,-0.041739,-1.09714
ISIC_0011348,1,0.91229,1.198172,-0.125329
ISIC_0011349,1,1.391817,0.964127,0.713676
ISIC_0011350,1,0.718058,1.536538,0.398796
ISIC_0011356,1,0.910057,1.411419,0.888186
ISIC_0011364,1,1.410535,-0.345762,0.957859
ISIC_0011365,1,0.699667,1.071482,1.116473
ISIC_0011366,1,0.21391,-0.493672,-0.33648
ISIC_0011369,1,0.146209,1.237465,0.982741
ISIC_0011370,1,0.120937,0.34956,0.514948
ISIC_0011374,1,0.623267,0.542653,1.344879
ISIC_0011375,1,1.620053,1.105073,0.334364
ISIC_0011378,0,1.349526,0.196891,0.410091
ISIC_0011380,0,0.428511,0.176989,0.254199
ISIC_0011381,1,0.712298,0.22648,0.671189
ISIC_0011387,1,1.058465,0.267957,-0.128525
ISIC_0011388,1,0.230321,1.312803,1.407288
ISIC_0011398,0,0.254048,-0.354091,0.614325
ISIC_0011403,1,0.719627,1.055792,0.749406
ISIC_0011404,1,0.743843,1.527916,0.96474
ISIC_0011409,0,-0.419326,0.642545,0.104975
ISIC_0011422,0,0.450491,0.766628,1.015905
ISIC_0011428,1,-0.484764,0.629152,0.381147
ISIC_0011434,1,0.327899,0.826349,0.757755
ISIC_0011435,1,0.739509,0.951715,0.440883
ISIC_0011437,1,0.018906,1.436514,-0.502827
ISIC_0011446,0,-0.293288,0.963354,0.554861
ISIC_0011448,0,-0.528615,0.590023,0.124289
ISIC_0011458,1,0.889593,0.749835,1.02994
ISIC_0011459,1,0.554279,-0.513367,0.277115
ISIC_0011460,1,0.894216,1.030752,-0.261059
ISIC_0011463,1,0.85043,1.044535,0.021651
ISIC_0011471,1,0.603407,-0.082785,0.578148
ISIC_0011481,1,-0.346996,-0.134533,0.058375
ISIC_0011482,1,-0.06804,-0.178584,0.044341
ISIC_0011483,1,0.075082,-0.371155,0.042992
ISIC_0011484,1,0.60333,0.899884,0.760932
ISIC_0011488,1,0.578496,1.605152,0.389979
ISIC_0011489,1,0.204151,0.413731,1.082469
ISIC_0011490,1,0.414357,0.610093,0.931977
ISIC_0011491,1,0.47343,1.030394,0.121361
ISIC_0011493,1,1.120825,0.841691,-0.626407
ISIC_0011495,1,1.372132,1.008222,0.302365
ISIC_0011496,1,1.556526,-0.132726,0.593175
ISIC_0011497,1,0.832264,0.140303,0.78215
ISIC_0011498,1,0.711321,0.240998,0.379028
ISIC_0011500,1,1.274088,0.681572,0.667028
ISIC_0011501,1,0.701386,0.34382,1.154849
ISIC_0011504,1,-0.685161,0.090721,0.345495
ISIC_0011505,1,1.479959,0.995063,1.101836
ISIC_0011506,1,1.075329,1.42472,0.705939
ISIC_0011507,1,0.001242,-0.055158,1.339867
ISIC_0011508,1,0.658308,0.399275,0.403653
ISIC_0011509,1,1.245562,0.438774,0.855564
ISIC_0011510,1,0.373627,0.651859,0.320459
ISIC_0011512,1,0.881826,0.370561,0.387073
ISIC_0011516,1,-0.179102,0.68195,1.215114
ISIC_0011517,1,0.451281,1.462519,0.678795
ISIC_0011520,1,0.606062,0.74834,0.1355
ISIC_0011521,1,0.401554,0.367899,1.102463
ISIC_0011526,1,0.727493,1.017577,1.086786
ISIC_0011527,1,0.526213,1.231666,1.325757
ISIC_0011528,1,0.1,0.338612,0.79561
ISIC_0011529,1,0.808254,0.762908,0.754644
ISIC_0011530,1,0.450935,0.5299,0.246074
ISIC_0011531,1,-0.336836,0.073719,0.797083
ISIC_0011532,1,-0.114245,0.694338,0.224936
ISIC_0011534,1,1.437256,0.168968,0.840313
ISIC_0011546,0,0.548096,0.588137,-0.128766
ISIC_0011564,0,-1.112295,0.127281,0.786853
ISIC_0011587,0,-0.790411,-0.422888,-0.265873
ISIC_0011607,0,-1.235315,0.683189,0.23881
ISIC_0011612,0,-0.643602,-0.935455,-0.412622
ISIC_0011615,1,0.254308,-0.32107,0.178051
ISIC_0011626,1,0.754385,1.033434,1.045194
ISIC_0011627,1,-0.699038,0.861391,0.322457
ISIC_0011628,1,-0.025466,0.149617,1.058274
ISIC_0011630,0,-0.722752,-0.175741,0.149286
ISIC_0011633,0,1.310534,0.457977,0.423569
ISIC_0011641,0,-0.140037,0.584981,-0.032104
ISIC_0011642,1,0.941865,1.166453,0.624719
ISIC_0011645,1,0.696875,1.25821,1.017269
ISIC_0011648,1,1.695562,1.076134,0.496714
ISIC_0011649,1,-0.9788,0.164219,-0.063385
ISIC_0011665,0,1.44993,1.908734,0.804786
ISIC_0011668,0,-0.978746,0.262554,-0.907813
ISIC_0011669,0,-0.493471,-0.262722,0.298145
ISIC_0011684,1,0.470369,-0.787556,0.263929
ISIC_0011686,0,1.214071,0.347633,-0.611876
ISIC_0011691,1,1.366418,1.073027,0.768721
ISIC_0011692,1,-0.181671,1.163089,0.539968
ISIC_0011693,1,0.705571,1.118243,0.335176
ISIC_0011694,1,1.176369,0.648708,-0.065375
ISIC_0011695,1,0.531988,1.195563,0.560183
ISIC_0011696,1,1.278285,1.068563,-0.056005
ISIC_0011697,1,1.229209,1.26986,0.811839
ISIC_0011698,1,0.403572,0.348993,0.564606
ISIC_0011699,1,0.094364,0.457994,-0.053031
ISIC_0011700,1,0.710207,0.631996,0.684659
ISIC_0011701,1,-0.133068,0.73998,0.209881
ISIC_0011702,1,0.65387,1.306896,0.724631
ISIC_0011703,1,1.195484,1.263438,0.983442
ISIC_0011704,1,1.14007,0.043933,0.628037
ISIC_0011709,1,-0.513164,-0.262852,0.399712
ISIC_0011715,0,1.10211,0.093204,-0.170159
ISIC_0011717,0,0.848581,0.498065,-0.277276
ISIC_0011721,0,-1.091395,-0.941683,-0.38477
ISIC_0011726,1,-0.055724,0.431084,-0.13344
ISIC_0011728,1,0.949232,0.583008,0.852328
ISIC_0011729,1,0.383896,0.513551,1.08114
ISIC_0011730,1,-0.210501,0.870391,0.485607
ISIC_0011733,1,0.287756,0.93883,0.321032
ISIC_0011744,1,0.702077,1.588213,-0.521973
ISIC_0011747,1,1.370626,0.515432,0.425283
ISIC_0011750,1,0.613761,0.401665,1.005591
ISIC_0011752,1,1.75598,0.875203,0.940238
ISIC_0011753,1,1.081639,1.49449,0.396821
ISIC_0011757,1,1.650295,1.20311,0.907681
ISIC_0011763,0,1.105721,0.426535,-0.375172
ISIC_0011772,1,1.324249,-0.176504,0.144766
ISIC_0011778,1,0.987485,0.946906,0.801074
ISIC_0011779,0,-0.596429,0.06002,0.019663
ISIC_0011780,1,0.569505,0.584901,0.613251
ISIC_0011789,0,0.099387,0.010766,0.173744
ISIC_0011793,0,-0.990498,-0.283714,-0.408234
ISIC_0011794,1,0.805402,1.276386,0.798978
ISIC_0011797,1,-0.018465,0.394201,0.376987
ISIC_0011798,1,0.252854,-0.356507,-0.230822
ISIC_0011799,1,0.187265,0.35872,-0.74943
ISIC_0011800,0,-0.218639,-0.574878,-0.025878
ISIC_0011801,1,-0.55774,0.135284,1.230305
ISIC_0011802,1,-1.05312,0.614982,-0.070277
ISIC_0011810,1,-0.8329,0.184211,-0.427929
ISIC_0011830,0,-0.616847,-0.243937,-0.769961
ISIC_0011848,1,0.816732,1.025154,0.345841
ISIC_0011855,0,-0.702722,0.275726,0.199881
ISIC_0011857,1,0.929619,-0.104332,0.901056
ISIC_0011858,1,0.812689,0.352705,0.544291
ISIC_0011862,1,0.535017,1.089881,0.214441
ISIC_0011863,1,0.962597,0.616701,0.644192
ISIC_0011868,1,0.738584,-0.492439,0.555093
ISIC_0011869,1,0.164208,0.744597,0.733233
ISIC_0011870,1,1.04514,1.221524,-0.217542
ISIC_0011884,0,-0.363344,-0.938296,-0.353572
ISIC_0011892,1,0.073991,-0.165285,0.139723
ISIC_0011894,1,0.830414,0.812695,0.39764
ISIC_0011895,1,-0.055631,0.870117,0.556794
ISIC_0011904,1,-0.141015,0.2037,-0.166596
ISIC_0011917,0,1.240581,0.45521,-1.215699
ISIC_0011921,1,-0.212231,0.502034,0.072426
ISIC_0011922,1,-0.570889,1.125358,0.1932
ISIC_0011924,0,-0.762459,0.958545,0.139738
ISIC_0011930,1,1.004009,0.969407,1.446062
ISIC_0011931,1,0.948147,0.15794,1.29293
ISIC_0011933,1,1.092019,1.264415,-0.881286
ISIC_0011943,1,0.178034,0.295397,0.288269
ISIC_0011944,1,0.165233,0.342041,-0.607424
ISIC_0011947,1,0.394849,1.270969,0.730759
ISIC_0011948,1,1.13258,0.983139,-0.253788
ISIC_0011949,1,0.688184,0.252432,0.863051
ISIC_0011950,1,0.546692,0.398884,0.028052
ISIC_0011951,1,0.638903,0.673004,0.175006
ISIC_0011956,0,0.373313,0.071982,-0.524731
ISIC_0011957,1,1.175447,1.514812,1.223013
ISIC_0011958,1,1.1742,0.894877,0.582131
ISIC_0011959,0,-1.204196,0.097564,-0.24766
ISIC_0011960,0,0.128105,0.260194,0.030978
ISIC_0011964,0,-0.15945,0.486325,-0.205167
ISIC_0011972,0,-0.340259,0.135262,-0.6021
ISIC_0011984,0,-0.27421,0.378263,1.370029
ISIC_0011987,1,0.503005,0.606381,0.455376
ISIC_0011988,0,-0.077537,1.515531,0.298552
ISIC_0011994,0,-0.08721,0.087325,-0.106849
ISIC_0011995,0,-1.007543,1.196216,0.625929
ISIC_0011996,1,-0.271485,0.078144,0.758023
ISIC_0012018,0,-0.652344,-0.611627,-0.439504
ISIC_0012025,1,-0.876899,0.701095,0.664631
ISIC_0012037,0,-1.020446,-0.934727,-0.777122
ISIC_0012040,1,0.042485,0.529873,0.187568
ISIC_0012047,1,1.529015,-0.027399,1.438913
ISIC_0012048,1,0.147737,0.555207,0.932387
ISIC_0012049,1,0.666552,0.2872,0.907055
ISIC_0012054,1,1.039364,0.972027,-0.447212
ISIC_0012055,1,1.042997,0.807929,-0.372278
ISIC_0012057,1,1.267386,1.132958,0.302998
ISIC_0012059,0,-0.203428,0.367807,0.800112
ISIC_0012063,1,0.019541,0.20046,1.192198
ISIC_0012064,1,1.047241,0.028018,0.049178
ISIC_0012065,1,0.176122,0.405028,-0.509046
ISIC_0012066,1,0.053266,1.372828,-0.166133
ISIC_0012067,1,0.917199,0.258865,0.222645
ISIC_0012068,1,0.743248,0.245118,1.209923
ISIC_0012069,1,0.863964,1.192062,1.229717
ISIC_0012070,1,0.842157,0.704691,0.914184
ISIC_0012072,0,-1.15652,-0.032334,0.294547
ISIC_0012081,1,0.273717,0.898105,0.276513
ISIC_0012082,1,0.554221,0.094283,-0.51497
ISIC_0012099,1,0.017671,-1.476696,-1.464267
ISIC_0012107,0,-0.072988,0.732085,0.948363
ISIC_0012137,1,-0.165544,0.043379,0.769853
ISIC_0012150,0,-1.164937,-0.718241,-0.028535
ISIC_0012151,1,0.760761,0.271009,0.831337
ISIC_0012160,0,0.597225,0.358521,-0.558436
ISIC_0012164,0,0.011254,-1.195291,-0.561955
ISIC_0012183,0,-0.669724,-0.202989,-0.266727
ISIC_0012208,1,-0.604942,-1.258926,0.070738
ISIC_0012211,0,-0.662106,0.100543,0.317869
ISIC_0012222,0,-0.662532,-0.819187,-0.619552
ISIC_0012245,0,0.242124,-0.18927,-0.238015
ISIC_0012260,0,-0.294583,0.51309,-0.09972
ISIC_0012263,0,0.593634,-0.374529,0.036595
ISIC_0012288,1,0.280923,-0.77106,0.231643
ISIC_0012298,1,-0.18078,-0.559862,-0.039231
ISIC_0012334,0,-0.923413,-0.279159,0.048454
ISIC_0012338,0,-0.367249,0.385863,-1.028478
ISIC_0012369,1,0.833928,0.782328,0.006473
ISIC_0012382,1,-1.263649,-0.486502,0.134073
ISIC_0012391,1,-0.333723,0.105393,-0.291519
ISIC_0012395,1,0.272292,0.191171,-0.54728
ISIC_0012406,0,-0.700026,-0.203787,-0.127999
ISIC_0012434,1,-0.732237,-0.186231,-1.058249
ISIC_0012435,1,-0.768622,-0.748048,-0.679278
ISIC_0012450,1,-0.986302,-1.089049,-0.698199
ISIC_0012512,1,0.631741,-0.081464,0.564878
ISIC_0012538,0,0.533801,-0.419627,0.255727
ISIC_0012653,0,-0.747861,-0.519186,-0.451646
ISIC_0012672,0,-0.743041,0.073105,0.108956
ISIC_0012678,1,0.337113,-0.323073,-0.154366
ISIC_0012681,0,-1.185137,-1.419791,-0.000179
ISIC_0012701,1,-0.295764,-0.449492,-0.92316
ISIC_0012706,0,0.448698,0.109856,-0.594234
ISIC_0012708,0,-0.671171,-0.751677,0.488559
ISIC_0012721,0,-0.992891,-0.004949,-0.121139
ISIC_0012722,0,-1.211338,-0.574108,-0.056122
ISIC_0012740,0,-1.093963,-1.541435,-1.206843
ISIC_0012756,1,-1.073861,-0.15738,-0.055058
ISIC_0012758,1,-0.426109,-0.143485,-0.308826
ISIC_0012810,0,0.529861,0.13744,0.131353
ISIC_0012840,0,0.244361,0.394906,0.34798
ISIC_0012865,0,-0.713765,-1.070118,0.393787
ISIC_0012883,0,0.804621,-0.223826,-1.287539
ISIC_0012887,1,0.562506,-0.075163,0.363918
ISIC_0012904,0,0.662904,0.506688,0.853303
ISIC_0012988,1,0.34583,1.087041,0.383213
ISIC_0012990,1,-0.475261,-0.984478,0.086946
ISIC_0013032,0,-0.12031,0.105642,-0.59697
ISIC_0013052,0,-0.439131,-0.407946,-0.586706
ISIC_0013059,0,-0.209469,-0.200191,-0.585993
ISIC_0013073,1,1.259362,1.11454,0.453276
ISIC_0013079,1,0.814325,0.513429,-0.772957
ISIC_0013084,0,-0.993302,-0.433909,0.317573
ISIC_0013096,0,-0.595075,-1.317631,0.797613
ISIC_0013136,0,-0.641293,-0.338444,-1.375011
ISIC_0013141,1,-0.668349,-0.131534,-0.27684
ISIC_0013165,0,-0.474261,-0.009473,-0.044625
ISIC_0013184,1,-0.525833,-0.341763,-0.2655
ISIC_0013204,0,-0.66436,-0.702847,-1.126552
ISIC_0013213,0,-0.882698,-0.833778,-0.825806
ISIC_0013232,1,0.5413,-0.332065,-0.065459
ISIC_0013243,0,0.143541,-0.617724,0.754179
ISIC_0013244,0,-0.498,-0.876233,-0.5167
ISIC_0013258,1,0.009402,0.162714,0.493594
ISIC_0013277,1,-0.359863,-0.577093,0.059788
ISIC_0013311,0,-0.205597,-0.09938,-0.50374
ISIC_0013316,1,-0.434693,0.762928,-0.171642
ISIC_0013334,1,1.21421,0.449248,1.200964
ISIC_0013341,0,0.458131,1.275436,1.439358
ISIC_0013342,0,-0.565789,-0.747181,-1.206746
ISIC_0013364,0,-0.125935,-0.386418,1.261841
ISIC_0013365,1,-0.242475,-0.210698,-0.815414
ISIC_0013411,1,0.82371,0.602095,0.679788
ISIC_0013427,1,-0.675683,0.084926,0.723977
ISIC_0013429,1,-0.876683,0.23469,0.133854
ISIC_0013457,1,-1.067719,-0.00772,0.511379
ISIC_0013459,1,0.426067,-0.3189,-0.123597
ISIC_0013472,1,-0.318039,-0.06957,-0.831651
ISIC_0013473,1,0.694294,0.966889,0.477168
ISIC_0013491,1,0.052647,-0.032624,-0.291067
ISIC_0013492,0,-0.520776,0.172057,-0.473393
ISIC_0013497,1,0.274079,-0.203158,-0.025703
ISIC_0013498,0,0.987971,-0.787437,-0.949201
ISIC_0013499,1,-0.065662,-0.136652,0.772989
ISIC_0013501,1,-0.479393,0.554645,0.652759
ISIC_0013517,0,-0.262664,-0.540489,-0.244733
ISIC_0013525,1,0.361628,0.432592,0.192393
ISIC_0013530,1,0.409352,-0.389082,0.598462
ISIC_0013549,1,0.6808,0.602374,0.170869
ISIC_0013558,0,-0.250716,-0.399931,-0.516098
ISIC_0013565,1,0.351329,1.259529,0.131248
ISIC_0013572,1,-0.867708,-0.635499,-0.099897
ISIC_0013577,1,0.242593,0.234187,0.39274
ISIC_0013579,1,0.750112,-0.283849,-0.622958
ISIC_0013580,0,0.063662,-0.134467,1.063525
ISIC_0013588,1,1.05209,0.791602,0.559303
ISIC_0013610,1,0.99438,0.171594,-0.536221
ISIC_0013615,1,0.935492,0.162358,0.036836
ISIC_0013617,1,0.579987,-1.262495,0.717449
ISIC_0013618,1,0.720569,1.082696,-0.579947
ISIC_0013626,1,0.470343,0.624844,0.312769
ISIC_0013634,1,0.61779,-0.370197,0.305764
ISIC_0013636,1,0.85841,0.783463,0.199589
ISIC_0013639,1,0.39247,0.650362,-0.219524
ISIC_0013644,1,0.772901,0.646943,-1.087424
ISIC_0013651,1,0.542309,0.251826,1.152356
ISIC_0013652,1,0.717392,0.376894,0.346615
ISIC_0013671,1,-1.00062,0.143135,-0.310255
ISIC_0013672,1,0.369457,1.21885,0.097105
ISIC_0013674,1,-0.12886,0.605009,-0.561233
ISIC_0013678,1,-0.472592,-0.120771,0.556301
ISIC_0013688,0,-0.581454,-1.255124,-0.654798
ISIC_0013691,0,-0.482669,-0.330867,1.085637
ISIC_0013702,1,0.078025,-0.253368,-0.867475
ISIC_0013707,0,1.035106,-0.323292,0.864012
ISIC_0013719,0,-0.169446,0.053262,0.01241
ISIC_0013731,0,-0.870216,0.839354,-0.578122
ISIC_0013733,1,-0.668814,-0.095121,-0.72701
ISIC_0013736,1,0.536784,0.150114,-0.163242
ISIC_0013740,1,1.369225,0.963791,0.043878
ISIC_0013762,1,0.479774,-0.01092,-0.97482
ISIC_0013766,1,0.483934,0.587348,-0.332582
ISIC_0013767,1,-0.132965,0.033587,0.375767
ISIC_0013775,1,-0.358803,-0.935906,-0.065676
ISIC_0013777,1,0.723029,0.070492,-1.229794
ISIC_0013778,0,-0.010798,0.083714,-0.375761
ISIC_0013792,0,-0.776875,-0.566394,-0.000892
ISIC_0013801,0,-0.187025,0.607432,0.460881
ISIC_0013813,1,0.570432,0.494119,-0.199642
ISIC_0013817,0,-0.646993,-1.319454,-0.332174
ISIC_0013831,1,-0.315337,-1.443395,-0.479935
ISIC_0013835,0,0.044414,-0.335002,-0.52081
ISIC_0013839,1,1.072495,0.487588,-0.025673
ISIC_0013840,1,0.196523,-0.550741,0.245209
ISIC_0013842,1,-0.465838,-0.786205,-0.230139
ISIC_0013844,1,0.540031,0.478272,-0.158303
ISIC_0013845,1,0.663054,-0.222223,0.174949
ISIC_0013861,1,1.207829,0.713552,-0.115417
ISIC_0013865,1,-0.330482,-0.419268,0.455934
ISIC_0013867,1,-0.13707,0.333973,-0.959733
ISIC_0013874,1,-0.992809,-0.629509,0.446296
ISIC_0013898,0,-0.223101,-0.748651,-1.000397
ISIC_0013908,1,0.619163,-0.191749,0.048617
ISIC_0013917,1,-0.1453,-0.229534,0.789152
ISIC_0013921,0,-0.600415,0.586777,-0.02553
ISIC_0013936,1,-0.949392,-0.525304,-0.013981
ISIC_0013953,1,-0.370433,0.594943,-0.17957
ISIC_0013967,0,-0.551415,-1.043699,0.900988
ISIC_0013969,1,-0.104811,0.001522,0.074072
ISIC_0013972,1,0.665993,0.548693,-0.801563
ISIC_0013977,0,-0.287778,0.13101,0.64429
ISIC_0013984,1,-0.025786,0.408099,0.35997
ISIC_0013988,1,1.147091,-0.083977,0.040488
ISIC_0013997,1,-0.028576,0.253279,1.324616
ISIC_0014013,1,1.129329,-0.036135,0.49096
ISIC_0014026,0,-1.199039,-0.901605,0.283273
ISIC_0014027,1,0.76684,-0.092268,0.495704
ISIC_0014049,1,0.54263,-0.100987,0.091035
ISIC_0014059,1,-0.159166,-0.270781,-0.153982
ISIC_0014061,1,0.311777,-0.176179,-0.579441
ISIC_0014079,1,0.4452,0.520971,-0.033852
ISIC_0014082,1,0.447611,0.400443,-0.962826
ISIC_0014088,1,0.614058,-0.59817,-0.196361
ISIC_0014092,1,-0.387936,-0.419065,-1.196408
ISIC_0014093,0,0.320773,-0.300442,-0.467394
ISIC_0014103,1,0.124724,-0.094388,0.388649
ISIC_0014108,1,1.391496,-0.229873,0.668028
ISIC_0014110,1,-0.611362,0.286258,0.703146
ISIC_0014114,0,0.032489,-0.48099,-0.352082
ISIC_0014117,0,-0.086238,0.51413,-0.526152
ISIC_0014127,1,0.00365,-0.226859,0.848694
ISIC_0014129,1,0.569232,0.292258,-0.181385
ISIC_0014132,1,0.491368,0.548722,-0.348575
ISIC_0014133,1,0.004889,0.329887,-0.016508
ISIC_0014144,1,0.539336,-0.627306,-0.089774
ISIC_0014150,0,0.29564,-0.345156,0.058107
ISIC_0014151,1,0.936487,0.327496,0.643779
ISIC_0014157,1,-0.01938,0.008739,0.23497
ISIC_0014160,1,0.230468,0.420224,0.147919
ISIC_0014164,0,-0.294257,-0.560193,-0.770465
ISIC_0014171,1,0.593457,0.941806,-0.094834
ISIC_0014173,1,0.697709,1.049047,1.708557
ISIC_0014181,1,0.017896,0.52516,-0.153586
ISIC_0014183,1,1.305621,-0.201522,0.056866
ISIC_0014186,1,-0.283679,0.855117,-0.356463
ISIC_0014189,1,0.840659,1.23288,0.855753
ISIC_0014190,1,0.924649,-0.816619,-0.758298
ISIC_0014211,0,0.054029,-0.293541,-0.961849
ISIC_0014217,1,0.956153,0.52214,0.986716
ISIC_0014219,1,0.676896,0.705309,-0.613632
ISIC_0014221,1,0.271399,-0.455792,-0.459897
ISIC_0014222,1,0.357703,0.02706,0.187904
ISIC_0014229,1,0.378433,0.441701,-0.079267
ISIC_0014233,1,1.565974,0.290166,-0.273592
ISIC_0014255,1,0.920162,0.628076,-0.989207
ISIC_0014264,0,-0.223057,-0.153904,-0.905573
ISIC_0014270,1,0.708488,-0.314273,-0.049928
ISIC_0014288,1,-0.165932,-1.088187,-0.441579
ISIC_0014290,1,0.251884,0.222566,-0.064251
ISIC_0014291,1,0.649373,-0.017888,0.989364
ISIC_0014302,1,0.585839,-0.100666,0.352303
ISIC_0014308,1,0.589245,0.931553,-0.669028
ISIC_0014319,1,0.339973,-0.206184,-0.623502
ISIC_0014324,1,0.719055,-0.194256,-0.377586
ISIC_0014325,1,0.819278,-0.575994,0.646427
ISIC_0014327,1,-0.222335,0.429797,0.821052
ISIC_0014336,1,0.701896,0.231287,0.834433
ISIC_0014347,1,0.425159,0.299683,-0.692907
ISIC_0014349,1,0.876771,-0.358241,-0.293369
ISIC_0014366,1,0.808442,-0.283592,0.864491
ISIC_0014392,0,1.032583,0.68623,0.853023
ISIC_0014395,1,0.137639,0.343231,-0.639378
ISIC_0014422,1,0.880278,-0.451092,-0.147153
ISIC_0014423,1,-0.111145,-1.142818,-0.078029
ISIC_0014428,1,-1.377507,-0.369781,-0.213195
ISIC_0014431,0,-1.008346,-0.847493,-1.339562
ISIC_0014434,1,-0.699829,0.283229,0.405629
ISIC_0014469,0,-0.632691,-0.880167,-0.580853
ISIC_0014480,1,0.035284,0.784534,-0.116538
ISIC_0014486,1,0.689553,1.053143,-0.206659
ISIC_0014489,1,0.435872,-0.409755,-0.012849
ISIC_0014501,1,0.371115,-0.041795,-0.450891
ISIC_0014525,1,-0.032964,-0.109656,-0.575838
ISIC_0014527,1,-0.091122,0.976885,-0.771084
ISIC_0014541,1,1.048463,0.999288,0.837884
ISIC_0014542,1,-0.135966,0.083137,0.082403
ISIC_0014543,1,0.67374,-0.097508,-0.007681
ISIC_0014545,1,-0.235251,0.055347,0.236116
ISIC_0014548,1,1.188367,0.917752,-0.279722
ISIC_0014557,1,0.436121,-0.064603,-0.242697
ISIC_0014558,1,0.899583,-0.074146,0.129093
ISIC_0014559,1,0.741335,1.218405,1.807717
ISIC_0014598,0,-0.420373,-0.382405,-0.390074
ISIC_0014629,0,0.660128,0.793007,-0.111835
ISIC_0014657,0,-0.654629,0.217895,0.274159
ISIC_0014666,1,0.995528,0.17877,0.682321
ISIC_0014675,0,0.803564,0.179382,-0.051018
ISIC_0014684,0,-0.340688,-0.60813,-0.153512
ISIC_0014694,0,-0.297496,0.376711,-0.015743
ISIC_0014695,1,-0.042783,1.090524,0.798549
ISIC_0014703,1,0.573047,1.300541,0.980651
ISIC_0014707,0,0.091803,0.343309,-0.957696
ISIC_0014708,0,-0.238038,0.096919,-0.429719
ISIC_0014722,1,0.592382,-0.878226,1.233956
ISIC_0014745,0,-0.177648,-0.198983,-0.402467
ISIC_0014765,0,-0.401474,0.080622,-0.29785
ISIC_0014766,1,1.376493,0.989856,0.588938
ISIC_0014782,0,-0.872274,0.759673,0.352752
ISIC_0014788,1,0.12484,-0.078001,0.846504
ISIC_0014795,1,0.95542,0.698753,1.121032
ISIC_0014800,1,-0.348122,-0.065439,-0.09068
ISIC_0014809,1,0.019432,-0.280758,0.888164
ISIC_0014826,1,-0.318033,0.327824,-0.26064
ISIC_0014832,1,0.756902,0.193257,0.936535
ISIC_0014844,0,0.356937,-1.020944,-0.48065
ISIC_0014846,0,-0.407404,1.099331,0.052122
ISIC_0014857,1,0.413352,1.545213,0.021891
ISIC_0014860,0,0.249196,-0.026923,-0.102109
ISIC_0014867,0,-0.62887,-0.043749,-1.186701
ISIC_0014883,1,0.956343,1.215177,-0.307229
ISIC_0014891,1,0.309531,0.837371,0.158021
ISIC_0014903,0,-0.018553,0.285753,0.556663
ISIC_0014912,1,1.24772,1.422494,0.632486
ISIC_0014919,1,-1.545139,-0.188193,-0.678059
ISIC_0014920,1,-1.04666,-0.437992,0.089655
ISIC_0014922,1,0.076802,0.369301,1.017365
ISIC_0014925,0,-0.131571,-0.406582,1.250784
ISIC_0014926,0,0.604133,-0.018405,0.984667
ISIC_0014931,1,-0.081193,0.66872,0.238022
ISIC_0014932,1,0.481669,0.399335,-1.255755
ISIC_0014936,0,-0.030177,0.349324,-0.25002
ISIC_0014946,1,-1.030864,0.303435,0.827833
ISIC_0014973,0,0.201716,0.646354,0.620559
ISIC_0014974,0,-0.86996,0.31663,-0.179755
ISIC_0014975,1,0.634603,1.071247,-0.561783
ISIC_0014982,1,0.986966,0.359165,0.890325
ISIC_0014985,1,0.987745,1.806015,-0.163272
ISIC_0014987,1,0.631571,1.058207,1.136751
ISIC_0014994,0,-0.804191,-0.481563,0.014289
ISIC_0015005,1,0.527741,0.086286,1.233292
ISIC_0015015,0,0.589493,0.398071,0.122238
ISIC_0015023,0,-1.094573,0.062171,0.127114
ISIC_0015035,0,0.964433,0.704714,0.523783
ISIC_0015041,1,0.167534,0.988226,-0.126282
ISIC_0015044,0,-0.34043,0.183398,-0.046865
ISIC_0015045,1,0.209678,0.518138,1.148079
ISIC_0015046,1,1.031042,0.920113,0.981648
ISIC_0015071,1,0.626555,0.795391,1.173265
ISIC_0015079,1,-0.534237,0.229547,-0.314455
ISIC_0015109,1,0.012912,0.609998,0.652628
ISIC_0015110,1,0.764744,0.487437,0.980898
ISIC_0015115,1,0.830733,1.845265,0.296375
ISIC_0015129,0,-0.088653,0.154809,-0.395356
ISIC_0015132,1,0.865377,0.406086,0.970838
ISIC_0015133,1,-0.452475,-0.118579,0.715398
ISIC_0015136,1,0.982386,1.197334,0.692862
ISIC_0015156,1,1.228648,1.567461,0.106367
ISIC_0015166,1,-0.577976,0.089949,0.65574
ISIC_0015167,1,-0.212532,0.964107,0.685525
ISIC_0015179,0,-0.31993,0.526951,-0.284299
ISIC_0015180,1,0.230052,1.037594,1.041144
ISIC_0015185,1,0.314701,0.569807,0.1603
ISIC_0015189,1,-0.483304,-0.261093,0.971134
ISIC_0015193,1,-0.458966,0.877783,0.855661
ISIC_0015200,1,0.431844,1.424228,0.66425
ISIC_0015204,1,-0.066672,0.812093,1.231048
ISIC_0015206,1,-0.081465,-0.117392,0.332819
ISIC_0015208,0,-0.670648,0.02249,0.673476
ISIC_0015219,1,-0.008054,0.613455,0.25659
ISIC_0015226,0,-0.789954,-1.178164,-0.531034
ISIC_0015241,0,-1.136659,-0.034599,0.436853
ISIC_0015245,0,-0.229375,-0.460758,0.533649
ISIC_0015250,0,-0.061827,-0.181012,-0.130529
ISIC_0015251,1,0.401979,0.529941,0.244648
ISIC_0015256,1,1.375764,0.379938,-0.195224
ISIC_0015258,0,0.56065,1.262484,-0.182443
ISIC_0015264,0,0.188923,0.045466,1.090383
ISIC_0015291,0,-0.443145,-0.909033,-0.356794
ISIC_0015298,0,-0.886659,-0.269152,-1.0052
ISIC_0015390,0,1.043569,1.198829,1.345991
ISIC_0015401,0,-0.771463,0.901114,0.061708
ISIC_0015411,0,-0.903765,-0.332646,1.049739
ISIC_0015412,0,0.765349,0.67206,0.390493
ISIC_0015436,0,0.199812,1.127949,1.277664
ISIC_0015443,0,-1.756474,-0.344963,0.8768
ISIC_0015455,0,0.426982,0.642098,1.249466
ISIC_0015631,0,-0.024346,0.074066,1.17131
ISIC_0015938,0,0.272226,-0.142193,0.066168
ISIC_0015950,0,-0.970998,-0.591755,-0.665847
ISIC_0015969,0,1.361839,0.164317,0.771591
ISIC_0016013,0,-0.562628,-0.347368,0.800017
ISIC_0016014,0,0.184498,-0.800132,-0.722583
ISIC_0016033,0,-1.418556,0.690871,0.225165
ISIC_0016043,0,0.512688,-0.531471,-0.94862
ISIC_0016050,0,-1.422878,-0.080613,0.346415
ISIC_0016080,1,0.051342,0.151693,-0.119329
ISIC_0016081,1,-0.297834,0.288829,-0.029625
ISIC_0016082,1,-0.56255,-0.532993,0.368722
ISIC_0016085,1,1.260882,-0.224555,0.694597
ISIC_0016092,1,-1.483968,0.523696,0.512956
ISIC_0016094,1,-0.207926,0.300085,-0.009967
ISIC_0016103,0,-0.789328,-0.661701,-0.224898
ISIC_0016112,1,-0.57289,0.077109,-0.593518
ISIC_0016114,1,1.02024,0.389712,1.390689
ISIC_0016123,1,0.122535,0.37044,1.171504
ISIC_0016127,1,0.041445,-0.335283,-0.245564
ISIC_0016128,1,0.085566,0.972322,0.28018
ISIC_0016131,1,-0.175566,0.798268,0.24527
ISIC_0016137,1,-0.006084,-0.39737,0.27483
ISIC_0016139,1,-0.363226,0.010345,0.414654
ISIC_0016145,1,0.345324,1.0733,1.139068
ISIC_0016161,1,-0.528316,-0.178131,0.745859
ISIC_0021052,0,0.660642,0.095987,-0.592873
ISIC_0021271,1,-0.340069,0.533064,0.771724
ISIC_0021442,1,0.781854,1.343493,0.484629
ISIC_0021713,1,0.214221,1.042454,0.70874
ISIC_0021894,0,-0.50976,-0.253731,-0.962911
ISIC_0021901,1,1.134798,-0.010373,1.089834
ISIC_0022328,1,-0.786818,-0.238103,0.564473
ISIC_0022661,1,0.011095,1.424465,1.688649
ISIC_0023162,1,1.282403,1.740296,1.468352
ISIC_0023811,1,0.867641,0.037442,-1.350012
ISIC_0024208,1,-1.05217,-0.590442,-1.327475
ISIC_0024214,1,0.449399,-0.309216,-0.825776
ISIC_0024219,1,0.150676,0.321461,-0.015465
ISIC_0024221,1,-0.078751,0.372638,0.093199
ISIC_0024226,1,-0.06738,-0.122208,-0.280678
ISIC_0024227,1,1.439372,0.570158,-0.053392
ISIC_0024229,1,0.638355,1.085394,0.521584
ISIC_0024232,1,0.496982,-0.039313,-1.2974
ISIC_0024235,1,-1.208448,0.916234,0.513639
ISIC_0024236,1,0.488026,-0.223905,-1.272331
ISIC_0024244,1,1.170089,0.689526,0.278058
ISIC_0024246,1,0.296965,-0.623524,-0.483748
ISIC_0024256,1,-0.41785,0.048738,1.43493
ISIC_0024258,1,0.778669,-0.003628,0.586829
ISIC_0024259,1,0.106713,0.289368,-0.009169
ISIC_0024260,1,0.204542,0.27907,-0.057436
ISIC_0024261,1,0.230591,0.589757,0.338888
ISIC_0024263,1,-1.168228,0.229543,-0.757412
ISIC_0024265,1,1.312289,0.127137,0.581096
ISIC_0024266,1,0.293905,0.082292,0.631262
ISIC_0024268,1,-0.699465,-0.428203,0.560347
ISIC_0024271,1,-1.345961,-0.042607,-0.171662
ISIC_0024275,1,-0.371134,-0.275806,0.078397
ISIC_0024277,1,0.261286,-0.824352,-0.816907
ISIC_0024280,1,-0.274203,0.326851,-0.096332
ISIC_0024284,1,-0.188962,0.703139,0.495499
ISIC_0024285,1,0.039614,0.262773,0.130522
ISIC_0024288,1,-0.113431,-0.263576,-0.569736
ISIC_0024292,1,-0.057976,0.450595,-0.345911
ISIC_0024294,1,-0.337349,0.149571,-0.435729
ISIC_0024296,1,-0.201826,0.232402,-0.423849
ISIC_0024297,1,0.619184,-0.909774,0.070778
ISIC_0024298,1,0.296872,0.052048,0.676966
ISIC_0024300,1,0.071501,-0.699701,-1.827109
ISIC_0024306,0,0.08369,0.099244,0.679566
ISIC_0024307,0,0.655769,0.954577,0.446203
ISIC_0024308,0,0.338127,0.370854,-0.138992
ISIC_0024310,1,0.551426,0.523141,0.66065
ISIC_0024313,1,0.273567,-0.5016,0.425902
ISIC_0024315,1,-0.190144,0.739313,0.552109
ISIC_0024317,0,-0.732012,-1.031475,1.171129
ISIC_0024321,0,-0.196987,0.133811,-0.316905
ISIC_0024323,1,0.133968,0.470565,-0.05422
ISIC_0024333,1,0.049606,0.531098,-0.41307
ISIC_0024344,0,0.344133,0.0143,0.198169
ISIC_0024351,1,0.354064,0.415036,-0.621179
ISIC_0024355,0,-0.132005,0.632035,0.226113
ISIC_0024367,1,0.174985,0.015524,0.29947
ISIC_0024380,0,0.073789,0.083737,0.427153
ISIC_0024385,0,0.025143,0.366698,-0.184671
ISIC_0024398,0,-1.12702,0.234062,0.261676
ISIC_0024401,0,0.070817,0.510824,-0.02508
ISIC_0024410,1,-0.853517,-1.486828,-0.634808
ISIC_0024417,0,-0.23914,-0.24308,0.612097
ISIC_0024421,0,-0.265632,0.520429,-0.405732
ISIC_0024423,0,0.045132,-0.118906,0.020695
ISIC_0024427,0,1.466245,0.921094,0.402149
ISIC_0024441,0,0.247415,0.461914,-0.273048
ISIC_0024449,1,0.897414,-0.067261,0.964769
ISIC_0024455,0,-0.469484,0.491205,-0.226488
ISIC_0024459,1,0.143255,0.265773,0.211235
ISIC_0024481,1,0.077998,0.707108,-0.279625
ISIC_0024496,1,-0.553207,-0.583329,0.098169
ISIC_0024507,0,-1.259509,-0.931569,0.647348
ISIC_0024512,0,-0.600375,-0.105129,0.591046
ISIC_0024513,0,-1.261947,-0.480036,-0.354752
ISIC_0024516,1,0.53308,0.054728,-0.015728
ISIC_0024519,0,0.194372,0.145931,0.339604
ISIC_0024525,1,0.836146,0.463936,-0.031105
ISIC_0024527,0,0.101112,-0.185333,0.047226
ISIC_0024529,0,-0.136258,0.020004,0.69627
ISIC_0024537,1,0.201426,0.576781,1.193541
ISIC_0024545,1,1.098142,1.266537,1.6788
ISIC_0024546,1,1.346678,0.666566,-0.059917
ISIC_0024552,1,0.316965,0.476914,1.381993
ISIC_0024565,0,-0.498708,-0.067093,0.031463
ISIC_0024567,0,0.148721,0.200187,0.273288
ISIC_0024574,0,-0.857659,0.272766,0.067614
ISIC_0024585,0,0.127469,0.13437,0.036663
ISIC_0024586,1,-1.009021,-0.956879,0.334242
ISIC_0024589,0,-0.679723,-0.10423,-0.010643
ISIC_0024591,0,-1.365733,-0.407683,-0.607209
ISIC_0024607,0,0.410729,0.875161,0.410462
ISIC_0024624,1,0.143716,0.878283,-0.173588
ISIC_0024631,0,0.44132,0.33841,-0.255509
ISIC_0024650,0,0.213665,-0.68147,-0.556646
ISIC_0024652,1,1.255683,1.116171,0.634291
ISIC_0024656,0,0.036249,1.114936,0.533487
ISIC_0024661,0,-0.142362,0.026733,0.410141
ISIC_0024675,1,-0.564178,-0.657547,0.656089
ISIC_0024679,1,1.204842,0.382138,0.834567
ISIC_0024683,0,0.184686,-1.000661,-0.711113
ISIC_0024686,0,0.519722,-0.417461,0.01003
ISIC_0024688,1,1.53751,-0.232501,1.046225
ISIC_0024694,0,0.735487,0.527181,0.093731
ISIC_0024697,0,0.252894,0.643349,0.182936
ISIC_0024701,1,0.596086,0.785317,0.500806
ISIC_0024702,1,1.448398,1.393118,1.372055
ISIC_0024718,0,-0.077512,-0.1292,0.597452
ISIC_0024720,0,0.47482,0.101564,1.08487
ISIC_0024732,1,1.365496,0.464831,0.581418
ISIC_0024735,0,-0.110766,-0.788025,-0.652198
ISIC_0024737,0,-0.817684,-0.309937,0.172009
ISIC_0024739,1,1.21783,0.346548,0.049311
ISIC_0024745,0,-0.264167,-0.164214,-0.698203
ISIC_0024752,0,0.71634,0.495382,-0.699277
ISIC_0024756,1,0.908125,0.171767,0.053111
ISIC_0024757,0,-0.702785,0.480797,0.290937
ISIC_0024759,0,-0.583677,-0.490408,0.381374
ISIC_0024779,0,-0.330526,-0.516521,-0.511474
ISIC_0024781,0,0.79101,-0.0511,-0.159647
ISIC_0024792,1,0.226957,0.321619,1.55485
ISIC_0024796,0,-0.297305,-0.118048,0.218572
ISIC_0024802,0,0.70768,0.390152,1.207784
ISIC_0024805,1,0.366433,0.869799,0.791623
ISIC_0024806,1,1.278199,0.642825,1.61041
ISIC_0024808,0,-0.100749,0.206049,0.016267
ISIC_0024811,0,0.359431,0.160803,0.311963
ISIC_0024826,0,-0.518047,-0.603198,-0.037267
ISIC_0024840,0,0.536987,0.292411,0.811269
ISIC_0024846,0,-0.502779,0.022644,-0.319568
ISIC_0024853,1,0.850203,0.859874,0.364604
ISIC_0024864,1,0.586455,0.843514,-0.274246
ISIC_0024865,1,-0.846175,-0.232186,-0.006822
ISIC_0024891,0,-0.648242,0.442488,-0.252163
ISIC_0024892,0,0.158051,-0.235864,0.414456
ISIC_0024894,0,-0.581019,-0.412073,-0.185752
ISIC_0024898,1,0.195839,-0.206427,-0.594963
ISIC_0024900,1,1.251738,0.812364,-0.298807
ISIC_0024911,1,-0.753078,0.098351,-0.029254
ISIC_0024918,1,-0.273278,0.534352,-0.408611
ISIC_0024929,1,1.28128,0.735681,0.688219
ISIC_0024951,1,0.355034,0.399278,1.055399
ISIC_0024952,1,-0.583497,-0.194872,0.218605
ISIC_0024958,1,0.327749,0.056444,0.395014
ISIC_0024961,1,-0.767743,1.227839,0.563998
ISIC_0024962,1,0.589542,0.958086,1.085328
ISIC_0024967,1,0.492287,0.542469,0.869661
ISIC_0024980,0,1.455613,-0.041092,-0.153698
ISIC_0024987,1,1.134505,0.123854,0.714699
ISIC_0024990,0,-0.451513,-0.153515,-0.409332
ISIC_0024999,1,1.45044,1.239698,1.171887
ISIC_0025001,0,-0.933272,-0.326631,-0.76591
ISIC_0025006,0,-1.121616,0.345305,-0.541569
ISIC_0025015,0,0.076368,-0.517651,0.333495
ISIC_0025018,1,-0.911099,-0.520975,-0.536506
ISIC_0025020,0,-0.127365,0.007944,-0.127431
ISIC_0025035,1,0.815779,-0.35077,0.052871
ISIC_0025039,0,-0.631764,0.053218,0.094272
ISIC_0025056,0,0.186497,0.509098,0.203751
ISIC_0025061,0,0.872977,-0.966312,0.329031
ISIC_0025072,0,-0.741831,-0.688489,-0.445405
ISIC_0025081,1,0.134278,0.681246,-0.023747
ISIC_0025085,1,-1.168665,-0.414514,-0.895313
ISIC_0025088,0,-0.901659,-0.217255,-1.289863
ISIC_0025093,0,-1.29248,-1.058841,-0.290227
ISIC_0025105,1,0.499562,-0.270329,0.414126
ISIC_0025127,1,-0.549224,0.770733,0.444061
ISIC_0025128,1,-0.822252,-0.063376,0.187215
ISIC_0025132,1,0.531629,0.36077,1.278267
ISIC_0025138,0,0.600944,0.350046,-0.00549
ISIC_0025139,0,-0.650727,0.126871,0.501659
ISIC_0025145,1,-0.409165,0.751458,-0.323041
ISIC_0025152,0,0.193368,-1.126294,0.146916
ISIC_0025153,1,-1.218028,-0.250174,-0.21161
ISIC_0025155,1,0.797321,0.158785,-0.610238
ISIC_0025165,0,-0.237149,0.036071,0.580167
ISIC_0025169,0,0.09288,0.15678,0.476769
ISIC_0025184,0,-0.332118,-0.03365,-0.109428
ISIC_0025186,0,-0.418484,0.199219,0.604467
ISIC_0025195,1,0.542236,1.55714,-0.012282
ISIC_0025215,0,0.611572,-0.959996,-0.197516
ISIC_0025217,0,-0.484076,-0.319293,0.646816
ISIC_0025218,0,0.206132,0.339403,-0.408843
ISIC_0025219,1,0.278396,0.506348,0.804826
ISIC_0025231,0,0.346944,0.954389,0.460259
ISIC_0025235,1,-1.596692,0.20787,-0.243159
ISIC_0025238,1,0.294685,0.179172,-0.087199
ISIC_0025242,0,-0.078483,0.274963,1.027932
ISIC_0025243,0,0.729218,0.547762,0.375401
ISIC_0025265,1,-1.102012,-0.330434,-0.154759
ISIC_0025267,0,1.021513,-0.564571,0.995934
ISIC_0025277,1,1.193676,0.805264,1.214706
ISIC_0025289,0,-0.419924,-1.091308,-0.616796
ISIC_0025303,1,-0.446998,-0.25606,-0.771063
ISIC_0025305,0,1.216194,0.22991,0.5645
ISIC_0025313,1,-0.490076,-0.224689,-0.176138
ISIC_0025316,1,-0.685805,0.675604,-0.767006
ISIC_0025324,1,0.24716,-0.1156,0.475487
ISIC_0025327,0,0.069339,1.196719,0.185439
ISIC_0025343,0,-1.242404,0.0761,0.090094
ISIC_0025355,0,-1.132178,0.251831,0.401155
ISIC_0025357,0,-0.565863,-0.970652,-0.671829
ISIC_0025369,0,-0.19863,0.382373,-0.588875
ISIC_0025379,0,-0.265529,-0.430786,0.364989
ISIC_0025382,0,-0.623112,-0.011801,1.191015
ISIC_0025391,1,1.1134,-0.01152,0.653399
ISIC_0025397,0,-0.76242,0.136966,-0.332898
ISIC_0025409,1,0.261011,0.915264,0.519271
ISIC_0025413,1,0.284227,0.827972,1.175218
ISIC_0025418,0,-0.344592,-0.872339,-0.789196
ISIC_0025428,0,0.058587,0.404624,0.193719
ISIC_0025437,0,-1.102303,0.038174,-0.360889
ISIC_0025448,0,-0.009709,0.591306,0.113497
ISIC_0025450,1,-0.478091,-0.493377,0.340885
ISIC_0025451,1,0.128845,-0.320662,-0.232236
ISIC_0025458,0,0.540589,0.404649,0.707257
ISIC_0025464,0,0.120419,-0.799968,0.588859
ISIC_0025472,1,1.097547,1.263313,0.32761
ISIC_0025489,1,-0.31259,-0.416601,0.29551
ISIC_0025491,0,-0.418538,0.90949,0.804639
ISIC_0025499,0,-0.404796,0.359545,0.06745
ISIC_0025500,1,1.319913,0.886372,-0.064471
ISIC_0025508,0,0.419636,0.745079,-0.489959
ISIC_0025512,1,1.671665,1.444026,0.381638
ISIC_0025520,1,0.610698,1.146994,0.536977
ISIC_0025523,0,-0.493144,-0.91726,0.166366
ISIC_0025531,1,0.657811,0.357673,0.404209
ISIC_0025535,0,0.066529,-0.431035,-0.520237
ISIC_0025544,0,0.085104,-0.880727,0.012158
ISIC_0025546,1,0.358519,0.159238,1.012744
ISIC_0025550,1,-0.459119,-0.366003,-0.342383
ISIC_0025571,0,0.20306,0.752296,-0.071544
ISIC_0025573,1,-0.598263,0.71082,0.880762
ISIC_0025579,0,-1.419484,-1.208539,-0.134072
ISIC_0025580,0,0.057198,0.501846,1.084457
ISIC_0025582,0,-0.125083,0.572589,0.456015
ISIC_0025589,1,-0.196102,-0.142871,0.80616
ISIC_0025592,1,-0.806111,-0.565922,-1.28317
ISIC_0025595,0,-0.627169,-0.30011,-0.681599
ISIC_0025597,0,0.151594,0.073421,-0.062786
ISIC_0025602,0,-0.102724,-1.011696,-1.211623
ISIC_0025603,1,0.530873,-0.414883,0.915779
ISIC_0025611,1,-0.169075,0.500048,0.30896
ISIC_0025616,1,0.547544,0.69509,-0.385201
ISIC_0025619,0,-1.045248,-0.129078,0.455683
ISIC_0025626,0,-0.793971,0.091824,-0.049903
ISIC_0025648,0,0.683734,-0.646326,-0.041142
ISIC_0025653,0,0.293865,0.030128,-0.270976
ISIC_0025658,0,-0.272802,-0.0642,0.346261
ISIC_0025683,0,1.265153,-0.217531,0.692814
ISIC_0025702,0,-0.901685,-1.159663,-0.558188
ISIC_0025708,1,-0.096121,-0.518954,-0.396508
ISIC_0025724,1,-0.224127,-0.000803,-0.166494
ISIC_0025732,1,-0.160736,-0.077356,0.836381
ISIC_0025735,0,-0.125101,-1.06856,-0.036674
ISIC_0025744,1,0.440189,0.873054,0.90079
ISIC_0025748,1,0.02022,0.403826,0.644264
ISIC_0025751,1,0.231255,0.768584,0.444744
ISIC_0025754,0,-0.989619,-0.485573,-0.149719
ISIC_0025755,1,0.163097,1.044875,0.141878
ISIC_0025757,0,-0.606152,-0.481158,0.174088
ISIC_0025759,0,-0.559756,0.263517,0.287749
ISIC_0025766,1,0.837106,0.615451,0.637315
ISIC_0025778,0,-0.315779,0.955238,-0.621418
ISIC_0025779,0,-0.069211,-0.366147,0.091106
ISIC_0025783,1,-1.01686,0.616865,0.443501
ISIC_0025791,1,0.746712,-0.121234,0.725995
ISIC_0025796,0,0.326708,0.789681,0.663519
ISIC_0025800,1,0.550628,1.36095,0.259233
ISIC_0025812,0,0.223456,-0.70299,0.752146
ISIC_0025814,1,0.802827,0.647216,0.636037
ISIC_0025817,0,-0.613871,0.479941,-0.054482
ISIC_0025832,1,0.083555,0.572475,0.670122
ISIC_0025835,1,-0.348649,0.657642,0.472363
ISIC_0025841,0,-1.294285,0.954531,-0.481997
ISIC_0025877,0,-0.914202,-0.789343,0.178589
ISIC_0025891,1,-0.810155,-0.396066,-0.172186
ISIC_0025892,0,-0.804119,0.397322,-0.24236
ISIC_0025897,0,-0.315147,-0.749597,0.528749
ISIC_0025900,0,-0.59531,-0.634699,-0.320599
ISIC_0025904,1,0.344326,0.804327,0.777757
ISIC_0025927,1,-0.632896,1.33798,1.61777
ISIC_0025929,0,-0.665157,-0.398441,-0.01637
ISIC_0025931,0,-0.539333,-0.167201,0.156607
ISIC_0025941,1,-0.150342,-0.238244,-0.765116
ISIC_0025955,1,-1.670926,-0.565334,0.017149
ISIC_0025956,0,-0.203857,-0.57094,0.158094
ISIC_0025964,1,-0.750161,0.270301,-0.270035
ISIC_0025965,0,0.558255,-0.106498,-0.103796
ISIC_0025970,0,0.585168,0.413053,0.374879
ISIC_0025987,1,0.39108,0.793733,-0.120389
ISIC_0025996,1,-0.602306,1.224779,1.004889
ISIC_0026008,0,0.948543,-0.635019,-0.004501
ISIC_0026009,1,0.81342,-0.155988,0.117334
ISIC_0026010,0,0.410556,0.501927,-1.39372
ISIC_0026020,0,-0.42927,-0.477082,0.060568
ISIC_0026039,0,0.164404,-0.118369,0.296625
ISIC_0026043,0,0.820844,0.252451,0.293747
ISIC_0026049,0,-0.846219,0.461668,-0.738492
ISIC_0026081,1,0.336728,0.787906,0.777856
ISIC_0026082,0,-0.001397,-0.980445,-0.061
ISIC_0026086,1,1.160448,0.609939,0.148992
ISIC_0026087,0,1.242133,0.021812,0.049432
ISIC_0026089,1,0.60675,0.645377,1.176502
ISIC_0026094,1,0.31084,0.379382,0.817862
ISIC_0026103,0,-0.776492,0.196576,0.679078
ISIC_0026112,0,-0.346471,0.623917,0.239279
ISIC_0026113,1,-0.39411,0.432949,0.090773
ISIC_0026115,1,0.228749,0.95128,1.164545
ISIC_0026120,1,0.05632,0.356052,0.533734
ISIC_0026141,0,-1.250306,-0.793988,-1.296411
ISIC_0026150,1,-0.521423,0.428241,0.043604
ISIC_0026155,0,-0.649309,0.344515,-0.437824
ISIC_0026160,0,0.274007,-0.913104,0.021576
ISIC_0026166,0,0.216686,0.060385,0.470393
ISIC_0026167,1,0.738113,0.620972,0.840205
ISIC_0026185,0,-0.290228,-0.333492,-0.458852
ISIC_0026188,1,0.829036,1.19656,1.395849
ISIC_0026198,0,-0.565695,-1.156095,-0.107508
ISIC_0026204,0,-0.737164,-0.102619,0.715491
ISIC_0026207,1,-0.637556,-0.034362,-0.186748
ISIC_0026208,0,-0.087095,0.115398,0.874824
ISIC_0026224,0,0.04013,0.695578,0.42728
ISIC_0026231,0,-0.63162,-0.457155,-0.51489
ISIC_0026236,1,-1.243129,-0.328738,-0.788698
ISIC_0026239,1,0.210778,0.367599,0.683376
ISIC_0026244,0,0.141953,0.096211,0.666525
ISIC_0026247,1,-0.096089,-0.452086,-0.442098
ISIC_0026258,1,0.253733,0.672087,0.206699
ISIC_0026264,0,0.194621,-0.494732,0.280931
ISIC_0026266,1,0.080518,0.912214,0.623386
ISIC_0026272,0,-0.70691,0.981092,1.19196
ISIC_0026278,0,-0.843222,-1.097931,0.264862
ISIC_0026281,1,-0.325606,-0.418599,0.712699
ISIC_0026292,0,-0.14589,0.724224,0.221491
ISIC_0026293,0,-0.143572,-0.72287,0.950393
ISIC_0026296,1,-0.661481,-0.083723,-0.721444
ISIC_0026300,0,0.103402,0.167174,-0.249841
ISIC_0026302,0,-0.596479,1.122078,-0.095746
ISIC_0026309,0,0.298322,-0.897598,-0.236114
ISIC_0026314,1,-0.057866,0.381584,0.536204
ISIC_0026329,0,-0.262056,-0.032484,-0.67358
ISIC_0026344,0,-1.102913,-0.859487,-1.376134
ISIC_0026347,0,0.802106,0.147719,-0.178657
ISIC_0026348,0,0.454657,-0.646725,0.388525
ISIC_0026352,1,0.773815,1.090749,0.58842
ISIC_0026356,0,-1.554254,-0.628252,-0.48092
ISIC_0026360,1,1.26536,0.594597,0.625127
ISIC_0026364,0,-0.869717,0.027667,-0.245616
ISIC_0026369,1,1.04299,0.606968,0.251482
ISIC_0026371,0,-0.846732,-0.944476,-1.035472
ISIC_0026392,0,-0.198642,0.330501,-0.742872
ISIC_0026394,0,-1.083212,0.429474,-0.442837
ISIC_0026398,0,0.156471,0.263163,0.566621
ISIC_0026401,0,-0.493777,-0.892784,-0.0582
ISIC_0026402,0,-0.298281,0.153022,-0.97625
ISIC_0026407,0,-0.042809,0.086155,0.292466
ISIC_0026426,0,0.656348,-0.530864,0.358454
ISIC_0026428,0,1.038053,0.115334,0.012023
ISIC_0026438,1,0.251005,0.965281,-0.185321
ISIC_0026460,0,-0.177531,-0.008474,-0.812504
ISIC_0026470,0,-0.568988,-0.559461,0.481519
ISIC_0026475,1,0.907252,-0.285438,0.724353
ISIC_0026483,0,-0.302324,-0.199484,0.246646
ISIC_0026484,0,-0.922514,-0.015932,-0.282019
ISIC_0026497,0,-0.001058,-0.42503,0.472368
ISIC_0026498,0,0.040455,0.239305,-0.762515
ISIC_0026500,1,1.031594,-0.293817,1.2483
ISIC_0026505,0,-0.141437,-0.124716,-0.123934
ISIC_0026506,1,-0.733334,-0.101772,-0.482308
ISIC_0026509,0,-0.607624,0.29907,0.833677
ISIC_0026516,1,0.760938,-0.496289,-0.108831
ISIC_0026518,0,-0.739678,-0.53738,0.912977
ISIC_0026531,1,1.090781,1.059097,0.838158
ISIC_0026544,0,-0.782417,0.223521,-0.326254
ISIC_0026545,1,0.421003,0.552629,0.638736
ISIC_0026548,0,-0.254618,0.122358,-0.563725
ISIC_0026552,0,-0.825382,-0.854665,-0.978931
ISIC_0026558,1,-0.096526,0.140109,0.802903
ISIC_0026559,0,-0.028569,1.362416,0.798018
ISIC_0026560,0,0.337731,0.071124,-0.102011
ISIC_0026586,1,0.047493,0.874556,0.987247
ISIC_0026595,0,1.22309,0.397172,1.025875
ISIC_0026596,1,-0.324933,0.199817,0.395669
ISIC_0026611,0,0.147751,-0.306586,-0.330115
ISIC_0026613,0,-1.039146,-1.426096,0.039262
ISIC_0026619,0,-1.326904,-0.301766,0.828271
ISIC_0026627,0,-0.133223,-0.05978,-0.860526
ISIC_0026652,1,1.03742,0.290654,0.982305
ISIC_0026655,0,-0.403597,0.373547,0.461587
ISIC_0026659,0,-0.264109,0.10474,0.643611
ISIC_0026664,1,-0.573396,0.920269,-0.541381
ISIC_0026666,0,-0.017797,-0.217166,-0.105571
ISIC_0026671,0,0.55368,-0.182368,0.534175
ISIC_0026683,0,-0.165922,0.312622,-0.148518
ISIC_0026685,0,0.148293,-0.277899,-0.173759
ISIC_0026690,1,0.707415,0.259107,-0.099888
ISIC_0026692,0,0.605578,0.488932,0.232477
ISIC_0026694,1,1.17393,0.733121,0.048936
ISIC_0026699,0,0.706123,0.83875,-0.408731
ISIC_0026700,0,0.235979,-0.186913,0.959378
ISIC_0026727,0,0.028698,0.373831,-0.549526
ISIC_0026730,0,0.345841,-0.775022,-0.10067
ISIC_0026738,1,1.020516,0.793675,0.873019
ISIC_0026745,1,0.16065,-0.484795,0.885866
ISIC_0026746,1,1.256446,0.253936,0.632838
ISIC_0026756,0,-0.224113,-0.250725,0.060078
ISIC_0026759,0,-0.476911,-0.18861,-0.356015
ISIC_0026770,1,0.269548,1.22766,1.406058
ISIC_0026780,0,-0.654814,0.083673,-0.09551
ISIC_0026781,0,0.309266,1.003399,0.026494
ISIC_0026791,0,0.587816,-0.281467,0.019929
ISIC_0026795,0,-0.281999,0.838206,0.306402
ISIC_0026802,1,0.760263,0.830118,-0.046097
ISIC_0026812,0,-0.534138,0.378471,-0.023045
ISIC_0026832,0,-0.546919,0.092421,-0.757287
ISIC_0026853,1,1.013931,1.61803,0.657474
ISIC_0026868,1,0.82988,1.463292,0.648993
ISIC_0026879,0,-0.309505,-0.606481,0.300962
ISIC_0026882,0,-0.090023,-0.044917,-0.130978
ISIC_0026889,0,-0.911263,-1.022041,-0.927658
ISIC_0026890,0,-0.661477,-0.098965,-1.103019
ISIC_0026897,1,-1.157793,-0.372401,-0.121828
ISIC_0026901,0,-0.620703,0.086101,0.072326
ISIC_0026909,1,-0.557424,0.786332,-0.365253
ISIC_0026910,0,0.168384,-0.814111,0.490581
ISIC_0026911,0,-0.094588,-1.032018,-0.970224
ISIC_0026915,0,-0.514757,0.237718,-0.348645
ISIC_0026916,1,0.165488,0.498233,0.920233
ISIC_0026921,0,0.473561,0.260103,-0.020554
ISIC_0026924,0,-0.72388,0.255069,-1.0914
ISIC_0026930,1,0.004476,0.263682,0.423124
ISIC_0026943,0,-0.993274,-0.805531,-0.239308
ISIC_0026963,1,1.405426,-0.267048,-0.671495
ISIC_0026966,0,0.314837,0.243148,-0.200866
ISIC_0026982,0,-0.009897,0.54637,-0.07524
ISIC_0026993,1,0.509382,0.053644,0.64135
ISIC_0026996,1,0.097756,-1.234457,-1.073393
ISIC_0027021,1,0.954684,0.025234,0.798842
ISIC_0027022,0,-0.383726,0.086659,0.319
ISIC_0027024,0,-0.533088,0.225095,0.023127
ISIC_0027030,1,0.274773,0.430656,0.2622
ISIC_0027031,0,0.81911,-0.803323,-0.808304
ISIC_0027033,1,0.410906,0.071637,0.333603
ISIC_0027036,0,-0.115838,0.824999,0.201761
ISIC_0027043,1,0.060119,0.078241,-0.062937
ISIC_0027056,0,0.644754,-0.056022,0.144827
ISIC_0027060,1,-0.344874,0.907264,0.667656
ISIC_0027061,0,-0.638075,-0.369928,-0.708418
ISIC_0027063,1,-0.027724,-0.62156,-0.220061
ISIC_0027065,1,0.758061,0.647205,1.50138
ISIC_0027067,1,-0.230473,0.781967,0.73375
ISIC_0027069,1,0.18584,1.156727,0.419695
ISIC_0027072,0,0.192527,1.134276,1.545274
ISIC_0027076,1,0.05483,-0.856262,0.642694
ISIC_0027081,0,-0.013458,-0.129562,0.044524
ISIC_0027085,0,-0.303797,-0.721486,-0.04928
ISIC_0027087,0,-1.279689,0.251715,0.138956
ISIC_0027088,0,0.553819,-0.745385,-0.77021
ISIC_0027089,1,-0.041994,0.759606,-0.333231
ISIC_0027091,0,-0.532571,-0.082593,0.267908
ISIC_0027095,0,-0.372115,-0.495257,0.003925
ISIC_0027100,1,-0.042343,0.611361,0.292224
ISIC_0027101,1,1.082366,0.48952,0.755643
ISIC_0027102,1,0.721341,1.228639,0.377202
ISIC_0027104,0,-0.293946,1.030444,0.819508
ISIC_0027109,0,-0.414795,0.22654,0.086255
ISIC_0027110,0,0.533218,0.540263,1.064356
ISIC_0027112,0,-0.144695,-1.071654,-0.024795
ISIC_0027113,0,-0.188271,0.302268,-0.065853
ISIC_0027122,0,0.611012,-0.243636,-0.299633
ISIC_0027125,1,-0.260315,0.39876,-0.269093
ISIC_0027126,1,-0.245801,0.080067,0.73402
ISIC_0027130,1,0.849213,0.612988,0.244415
ISIC_0027132,0,-0.643031,-0.630336,-0.725424
ISIC_0027145,0,-0.97001,-0.824388,-0.083684
ISIC_0027149,1,1.133482,0.899909,0.122385
ISIC_0027152,0,-0.74575,0.592129,0.341283
ISIC_0027155,1,-0.013653,0.101229,0.500724
ISIC_0027170,0,0.098856,0.839278,-0.702375
ISIC_0027171,1,-0.197523,0.112153,0.557604
ISIC_0027174,1,-0.209915,-0.933444,0.006528
ISIC_0027187,1,1.315165,1.144962,0.71883
ISIC_0027190,1,1.03538,1.603166,1.159375
ISIC_0027193,0,-0.711019,-0.149835,-0.154109
ISIC_0027214,0,0.152194,-0.037413,-0.678417
ISIC_0027221,0,0.474819,-0.887764,0.211279
ISIC_0027225,0,-0.477729,0.164699,-0.188547
ISIC_0027234,1,0.833671,0.449608,0.46781
ISIC_0027235,0,-1.406761,0.569828,1.007056
ISIC_0027238,1,0.990034,0.628091,0.92997
ISIC_0027247,0,-0.653467,-0.20292,0.574505
ISIC_0027248,0,0.53349,-0.529077,0.428098
ISIC_0027252,0,-0.199035,-0.41921,0.923849
ISIC_0027253,1,1.666827,-0.073729,0.985239
ISIC_0027260,1,0.175979,-0.061193,0.181235
ISIC_0027263,1,0.797132,-0.364499,-0.001674
ISIC_0027265,0,0.235192,-0.497765,-0.621388
ISIC_0027266,0,0.455497,-0.188252,-0.944565
ISIC_0027271,0,0.056934,-0.421637,0.434934
ISIC_0027274,0,-0.288825,-0.147051,0.0196
ISIC_0027276,0,-0.047126,-0.595218,-0.041348
ISIC_0027277,1,-0.635684,0.740845,0.043349
ISIC_0027280,0,0.027758,-0.251189,0.271938
ISIC_0027282,1,0.778336,0.146088,0.290066
ISIC_0027302,1,0.344503,0.593712,0.324104
ISIC_0027304,0,0.044749,0.658599,-0.278554
ISIC_0027305,0,0.597199,-0.376927,-0.747259
ISIC_0027306,1,-0.119398,0.7159,1.813744
ISIC_0027321,0,-0.143121,-0.851774,-0.422591
ISIC_0027325,0,-0.178785,-0.676152,0.180337
ISIC_0027327,1,0.555726,-0.257216,0.77467
ISIC_0027350,1,-0.113846,0.016199,0.018565
ISIC_0027356,0,-0.403155,0.659063,-0.493082
ISIC_0027359,1,-0.301349,1.013642,-0.152807
ISIC_0027363,0,0.724546,0.613998,0.012835
ISIC_0027378,0,0.258472,0.487741,-0.262233
ISIC_0027387,1,-0.227588,-0.152616,0.38648
ISIC_0027391,0,0.262054,-0.457993,0.386635
ISIC_0027402,1,-0.848422,-0.136215,-0.815756
ISIC_0027406,0,-0.198925,0.388936,-0.542918
ISIC_0027407,1,1.225076,0.670336,0.138234
ISIC_0027408,0,-1.097558,-0.334962,0.257532
ISIC_0027411,0,-0.594145,1.000868,0.477461
ISIC_0027420,1,-0.037846,0.623313,0.149113
ISIC_0027431,0,-0.8043,-0.943037,-0.41317
ISIC_0027432,0,-0.408996,-1.262389,-0.695821
ISIC_0027436,1,-0.831621,0.006499,0.486247
ISIC_0027445,0,0.273251,-0.188911,0.046971
ISIC_0027472,0,0.094492,0.063459,0.686795
ISIC_0027479,0,-0.598954,0.07024,-0.050438
ISIC_0027480,1,0.098065,0.242051,0.016356
ISIC_0027492,0,-0.734598,-0.664727,-1.216442
ISIC_0027498,0,-0.098959,0.139028,-0.029167
ISIC_0027499,0,0.418713,-0.204272,-0.090035
ISIC_0027502,1,0.148865,0.285326,-0.078313
ISIC_0027507,1,-0.848502,-1.426805,0.111743
ISIC_0027514,0,-1.253299,-0.782898,0.427455
ISIC_0027537,0,-1.641519,-0.711519,-1.14029
ISIC_0027538,0,-0.061569,-0.644006,-0.892938
ISIC_0027541,0,-0.201388,0.043886,-0.372289
ISIC_0027552,1,0.812961,-0.264158,0.024979
ISIC_0027556,0,-0.87176,-0.169099,0.157064
ISIC_0027560,1,-0.043832,0.561003,0.899064
ISIC_0027561,1,0.42885,0.515861,0.679306
ISIC_0027573,1,-0.226442,0.03185,-0.074488
ISIC_0027576,0,0.732716,-0.093143,0.259853
ISIC_0027585,0,-0.567808,0.228806,0.839636
ISIC_0027590,1,0.249094,1.465031,0.920472
ISIC_0027591,0,-0.278789,0.717109,0.210372
ISIC_0027596,0,-1.382582,-0.589011,-0.947682
ISIC_0027600,0,-0.796951,-0.343595,-0.918972
ISIC_0027604,1,-0.130591,-0.533068,0.225262
ISIC_0027620,1,-0.428122,-0.313622,1.171024
ISIC_0027622,1,1.225222,-0.318555,1.035629
ISIC_0027627,0,-0.174451,-0.435165,0.579826
ISIC_0027636,0,-0.158535,0.436982,0.134806
ISIC_0027641,0,0.799512,0.185132,-0.714144
ISIC_0027646,0,-0.886334,-0.018025,-0.717641
ISIC_0027654,0,-0.686967,-0.102364,-0.752965
ISIC_0027659,1,1.145239,0.554312,-0.093562
ISIC_0027663,1,0.12517,0.268883,0.177336
ISIC_0027666,0,-1.293824,-0.38261,-1.048851
ISIC_0027669,1,0.025324,0.846791,0.074325
ISIC_0027673,1,0.201081,0.25338,0.713918
ISIC_0027674,0,1.109011,0.273763,0.445136
ISIC_0027683,0,-0.560025,-0.22441,-0.735738
ISIC_0027684,0,-0.717483,1.303733,0.300555
ISIC_0027693,1,-0.53602,0.593885,1.018493
ISIC_0027694,0,0.78019,0.656567,0.98381
ISIC_0027696,0,0.105924,0.528775,0.622255
ISIC_0027712,0,-0.36912,-0.473771,0.180834
ISIC_0027718,0,-0.230025,-0.164575,0.123482
ISIC_0027721,1,0.297618,0.349564,0.71218
ISIC_0027742,1,0.888718,0.650231,0.865452
ISIC_0027749,0,0.012264,1.007564,0.567014
ISIC_0027751,0,0.801695,1.096472,0.987647
ISIC_0027764,0,0.62505,0.274432,0.648184
ISIC_0027769,1,-0.690663,0.116516,0.328458
ISIC_0027797,1,-0.74022,-0.446952,-0.089061
ISIC_0027798,0,-0.559423,-0.124588,0.716392
ISIC_0027804,0,-1.085947,-0.806511,-0.341612
ISIC_0027817,0,0.200485,-0.331612,0.229467
ISIC_0027822,1,0.604795,0.258178,0.128311
ISIC_0027832,1,-0.321264,1.369283,0.091206
ISIC_0027836,0,0.480553,-0.338406,-0.340521
ISIC_0027838,1,0.526654,1.509821,0.891096
ISIC_0027839,0,-0.260518,1.009729,0.114771
ISIC_0027842,0,-0.479985,-0.4573,0.772016
ISIC_0027863,1,-0.695629,0.08021,0.162997
ISIC_0027867,0,-0.883817,-0.186207,0.515329
ISIC_0027872,1,1.048733,-0.12448,0.703195
ISIC_0027879,0,-0.28065,-0.23908,-0.055002
ISIC_0027881,0,-1.032157,-0.521099,-0.259322
ISIC_0027882,0,-0.950387,0.36735,-0.134505
ISIC_0027901,0,0.190706,-0.673867,-0.23707
ISIC_0027921,0,0.413349,-0.585045,0.01841
ISIC_0027928,0,-0.138875,0.473254,0.560839
ISIC_0027935,0,-0.662729,-0.371126,0.229593
ISIC_0027936,0,0.497232,0.295743,0.00529
ISIC_0027941,0,-0.370909,0.529676,-0.538952
ISIC_0027951,0,-0.11076,-0.511019,-0.075855
ISIC_0027956,1,0.174468,-0.068685,1.057996
ISIC_0027964,1,-0.135693,0.136283,0.82096
ISIC_0027971,0,-0.287979,0.17649,0.136875
ISIC_0027981,0,0.335414,0.163758,1.01572
ISIC_0027986,0,1.134622,-0.2221,-0.581074
ISIC_0027993,0,0.665569,-0.093259,-0.382241
ISIC_0028003,1,-0.45605,0.276878,1.249655
ISIC_0028009,0,-0.390813,-0.613073,0.226923
ISIC_0028018,0,-1.193972,-0.013837,-0.641412
ISIC_0028019,0,-0.370796,0.253756,0.105304
ISIC_0028022,1,-0.581257,0.794381,-0.080184
ISIC_0028024,0,-0.367323,1.094683,0.370243
ISIC_0028025,0,0.638352,0.008055,-0.264842
ISIC_0028027,0,-0.747814,-1.126195,-0.515038
ISIC_0028029,1,0.212019,0.441935,0.260303
ISIC_0028031,0,0.373396,0.299662,0.669432
ISIC_0028041,1,-0.535796,0.026957,-0.046214
ISIC_0028061,0,-0.66289,-1.467419,0.09925
ISIC_0028065,1,0.791169,0.399067,1.26525
ISIC_0028069,1,-0.57052,-0.15359,0.583197
ISIC_0028070,0,0.098759,-0.391957,0.112855
ISIC_0028071,0,-0.323888,-0.68705,0.211871
ISIC_0028075,1,0.833209,0.970498,0.541116
ISIC_0028081,0,-0.774507,-0.088294,0.445845
ISIC_0028082,1,1.003081,0.516156,0.744167
ISIC_0028086,1,0.964773,-0.099292,1.198275
ISIC_0028087,1,0.348074,-0.086302,0.571394
ISIC_0028103,1,0.240434,0.409421,0.925444
ISIC_0028109,1,-0.798698,-0.070314,0.181908
ISIC_0028114,1,-0.247667,0.937847,1.466122
ISIC_0028126,1,0.690341,0.017179,0.581907
ISIC_0028127,1,-0.116828,-1.090258,1.522951
ISIC_0028129,0,0.4445,0.676396,0.449568
ISIC_0028131,0,0.16906,-0.264029,0.398131
ISIC_0028135,0,-1.079217,-0.977055,0.116164
ISIC_0028136,0,-0.515223,-0.167347,-0.32639
ISIC_0028152,0,0.914667,0.435233,0.84589
ISIC_0028156,1,0.079623,0.050166,0.78245
ISIC_0028173,1,0.718535,-0.131819,0.232385
ISIC_0028175,0,-0.451815,-0.145544,-0.072585
ISIC_0028176,0,0.072776,0.279635,0.384399
ISIC_0028181,0,-0.503997,0.403655,0.150928
ISIC_0028207,0,0.281219,0.904904,0.614483
ISIC_0028211,1,0.729066,0.521247,0.614283
ISIC_0028215,1,0.047547,0.409714,0.869491
ISIC_0028219,1,-0.178597,-0.415985,-0.014423
ISIC_0028220,1,1.349023,0.231853,0.137577
ISIC_0028225,1,0.030095,-0.70524,0.91372
ISIC_0028226,0,-0.468043,-0.587715,-0.228204
ISIC_0028230,0,-0.243686,-0.052033,0.720547
ISIC_0028239,0,-0.279825,-0.363777,1.193974
ISIC_0028248,0,-0.834167,-0.511074,-0.531083
ISIC_0028275,0,-0.044924,0.323759,-0.474287
ISIC_0028285,1,0.631833,-0.769646,0.061525
ISIC_0028291,1,1.017562,-0.468487,0.316816
ISIC_0028297,0,-0.363901,0.582156,0.646217
ISIC_0028306,1,0.201293,0.174368,1.154131
ISIC_0028317,1,-0.037152,0.406979,-0.507417
ISIC_0028319,0,0.422047,0.843918,0.453734
ISIC_0028320,0,-1.147628,0.014332,0.022194
ISIC_0028325,1,0.986543,0.247342,0.062575
ISIC_0028326,1,-0.401984,0.163932,0.271755
ISIC_0028328,0,-0.728097,-0.483295,1.319832
ISIC_0028338,0,-0.608489,-0.093102,0.187799
ISIC_0028341,0,-0.48492,-0.002912,-0.154087
ISIC_0028352,1,0.376578,0.188286,1.184428
ISIC_0028361,1,0.721521,1.204343,0.489437
ISIC_0028366,0,0.190609,-0.312633,-0.165672
ISIC_0028379,0,-0.564948,-0.423784,0.001892
ISIC_0028394,0,-0.634384,-0.599245,-0.635668
ISIC_0028396,0,0.530029,0.002237,0.060608
ISIC_0028397,0,0.150366,0.224656,-1.340661
ISIC_0028405,0,-0.387209,-0.984159,0.350079
ISIC_0028407,0,-0.198883,-1.088214,-0.572631
ISIC_0028410,1,-0.386175,0.137596,0.739807
ISIC_0028412,1,-0.549482,1.213757,0.558299
ISIC_0028415,1,-0.60306,0.297462,1.384197
ISIC_0028418,1,0.384732,0.761825,1.097484
ISIC_0028420,0,0.580678,0.141234,-0.057349
ISIC_0028422,0,-0.456538,0.172751,0.536493
ISIC_0028444,0,-0.163776,-0.877802,-0.39655
ISIC_0028445,1,-0.852045,-0.004175,0.263436
ISIC_0028462,0,-0.165889,-1.063229,-0.439683
ISIC_0028465,1,0.281481,-0.197812,0.259884
ISIC_0028467,1,-1.483412,0.113354,-0.141489
ISIC_0028469,0,-0.803418,0.26562,0.82124
ISIC_0028472,0,-0.706333,0.488754,0.276802
ISIC_0028477,0,-1.691997,-0.967125,-1.458703
ISIC_0028481,1,1.126881,0.171127,0.405266
ISIC_0028484,0,-0.571522,-0.980067,-0.574582
ISIC_0028488,0,0.284071,0.463281,0.676163
ISIC_0028489,1,-0.399501,0.066761,-0.474528
ISIC_0028501,0,0.133075,-0.104341,0.35334
ISIC_0028505,1,0.749697,0.348369,0.643526
ISIC_0028508,1,0.001781,0.301397,0.934566
ISIC_0028512,1,0.167249,0.681192,-0.067494
ISIC_0028515,0,-1.203782,-0.080746,-0.285762
ISIC_0028520,1,-0.02295,0.942185,-0.169866
ISIC_0028528,0,0.835564,0.397995,0.644046
ISIC_0028534,0,0.067381,0.223604,-0.44511
ISIC_0028543,1,0.885476,0.068607,0.733021
ISIC_0028548,1,0.772646,0.544937,0.45439
ISIC_0028554,0,-0.200376,0.540619,0.090059
ISIC_0028557,0,0.824241,0.459604,-0.369359
ISIC_0028565,1,0.013543,-0.134152,-0.402491
ISIC_0028567,1,1.423853,1.108452,0.263698
ISIC_0028573,0,0.142282,1.054962,0.471465
ISIC_0028579,1,0.029876,0.520293,-0.06238
ISIC_0028582,1,-0.389074,-0.120188,0.081244
ISIC_0028584,1,-0.039415,0.325576,0.539037
ISIC_0028597,0,-0.203354,-0.073945,0.047992
ISIC_0028606,0,-0.152939,0.835014,-1.163872
ISIC_0028612,0,-0.493137,-1.094681,-0.591918
ISIC_0028616,0,-0.247789,0.582584,-0.541051
ISIC_0028618,0,-0.273447,-0.209832,-0.867062
ISIC_0028626,0,0.197381,-0.375404,-0.701942
ISIC_0028641,0,-1.309045,-0.432828,0.377839
ISIC_0028642,1,-0.406963,0.346382,-0.037129
ISIC_0028655,1,0.845655,1.379018,1.374403
ISIC_0028666,1,0.516518,-0.653362,-0.290825
ISIC_0028691,0,0.53373,0.116609,0.160348
ISIC_0028692,0,-0.53114,0.277704,0.393587
ISIC_0028696,1,-0.012813,-1.077353,-0.102893
ISIC_0028698,0,0.361298,0.372528,0.383288
ISIC_0028705,0,-1.035605,-0.228438,0.194824
ISIC_0028716,0,0.313879,-0.237893,-0.533334
ISIC_0028718,1,-0.628153,0.757915,-0.850828
ISIC_0028723,0,-0.415106,-0.36193,0.788021
ISIC_0028746,1,0.919711,0.235262,1.526479
ISIC_0028751,0,-0.543675,-0.239321,0.10065
ISIC_0028755,0,0.462634,0.35676,0.131205
ISIC_0028757,0,0.608296,0.270252,0.800706
ISIC_0028759,0,-0.318082,0.365623,-0.488014
ISIC_0028764,1,0.869965,0.714179,-0.295954
ISIC_0028768,0,0.345103,-0.948374,-0.777528
ISIC_0028773,1,1.369965,0.322477,0.331868
ISIC_0028780,0,-0.56023,-0.79484,-0.330367
ISIC_0028781,0,-0.693286,-0.238388,-0.015324
ISIC_0028788,0,-0.074927,0.763834,-0.844562
ISIC_0028800,0,-0.451159,0.009311,-0.265658
ISIC_0028839,0,-0.100787,-0.14534,0.776385
ISIC_0028847,1,0.398664,0.704485,-0.081522
ISIC_0028859,0,0.187133,-0.087318,-0.310429
ISIC_0028874,0,-1.294728,-0.155743,0.064827
ISIC_0028878,1,0.273322,0.686914,0.231039
ISIC_0028883,0,0.256333,-0.455104,0.125911
ISIC_0028886,0,0.74832,-0.490242,-0.680569
ISIC_0028898,1,0.420277,0.503637,0.597049
ISIC_0028903,0,0.284927,0.661898,-1.096688
ISIC_0028906,0,-0.201816,0.288889,-0.14663
ISIC_0028910,0,-0.748004,-0.564167,0.439641
ISIC_0028915,1,0.235471,0.64632,0.428306
ISIC_0028916,1,0.162141,0.399593,1.097923
ISIC_0028919,0,-0.805664,-0.992776,0.438984
ISIC_0028929,1,0.766528,0.831894,0.53946
ISIC_0028930,1,0.48817,-0.274715,0.176922
ISIC_0028944,0,0.210722,0.561976,0.430821
ISIC_0028945,0,-0.258683,0.369323,-0.094165
ISIC_0028949,0,-0.897768,0.392323,0.445822
ISIC_0028967,0,-0.692312,0.366707,1.001217
ISIC_0028969,1,0.375012,0.403825,0.024106
ISIC_0028976,0,-0.754827,-0.262807,-0.880652
ISIC_0028984,1,0.037359,0.32463,0.579101
ISIC_0028986,0,0.43334,0.92302,-0.659541
ISIC_0028998,0,-1.324971,-0.502512,-0.059767
ISIC_0029000,1,-0.650713,0.389438,1.250284
ISIC_0029007,0,-1.022752,0.050817,-0.220252
ISIC_0029013,1,-0.171207,-0.585223,0.387454
ISIC_0029017,1,-0.757672,-0.919151,-0.482296
ISIC_0029021,1,-0.11425,0.309947,1.111028
ISIC_0029024,0,-0.863503,-0.152171,-0.821646
ISIC_0029026,0,0.827802,1.096748,1.290864
ISIC_0029028,1,0.350685,0.043518,-1.052126
ISIC_0029033,1,-0.472082,-0.346693,-0.275884
ISIC_0029050,0,0.709356,0.223972,0.714117
ISIC_0029056,1,0.057773,0.048725,-0.675554
ISIC_0029071,0,0.161816,0.916698,-0.572622
ISIC_0029078,0,0.465337,0.393702,0.433486
ISIC_0029081,1,0.047103,0.119171,0.603809
ISIC_0029086,0,-0.095412,-0.094208,-0.206164
ISIC_0029089,1,0.63045,-0.349288,0.332109
ISIC_0029092,1,0.724109,0.073139,0.838214
ISIC_0029094,1,0.962043,0.577943,0.520722
ISIC_0029106,0,-0.424763,0.093902,-1.135395
ISIC_0029112,0,-0.334254,-0.193159,-0.130848
ISIC_0029118,0,-0.002772,0.618662,1.224283
ISIC_0029120,0,1.209519,-0.517616,-0.079889
ISIC_0029150,0,-0.842697,-1.302493,-0.346311
ISIC_0029157,1,-0.622496,0.426687,0.884537
ISIC_0029163,1,0.470789,-0.056758,0.530202
ISIC_0029170,1,0.608725,-0.056578,0.133638
ISIC_0029182,0,-0.86611,-1.058617,0.07356
ISIC_0029189,0,1.106961,0.111733,1.496384
ISIC_0029198,0,0.612547,0.964097,0.097101
ISIC_0029205,0,0.42354,-0.055543,0.201945
ISIC_0029209,1,-0.570651,-0.698504,-0.527993
ISIC_0029212,1,0.877092,1.184809,0.269307
ISIC_0029214,0,-0.502938,-0.086596,0.696942
ISIC_0029216,1,-0.41277,0.991332,0.293331
ISIC_0029225,0,0.079,-0.713142,-0.199363
ISIC_0029244,0,-0.934251,-0.259715,-0.653436
ISIC_0029250,0,0.518744,0.418567,-0.072935
ISIC_0029281,1,0.574374,-0.169833,-0.126247
ISIC_0029283,0,-0.796381,-0.572637,-0.179037
ISIC_0029290,0,-0.350909,-0.900563,0.463537
ISIC_0029296,0,-0.323274,-0.501482,0.074926
ISIC_0029303,0,-0.278212,0.542954,-0.468641
ISIC_0029316,1,0.144864,-0.088288,0.985317
ISIC_0029318,1,1.227236,0.166995,1.369043
ISIC_0029322,0,0.302572,-0.031864,-0.355878
ISIC_0029328,0,-1.486057,-0.053071,0.385445
ISIC_0029339,0,0.902472,-0.022077,0.402545
ISIC_0029343,1,-1.231664,-0.554994,0.256056
ISIC_0029349,0,-0.419832,-0.297784,-0.238279
ISIC_0029353,1,0.814399,1.222747,0.615586
ISIC_0029363,1,0.62375,0.83769,0.747322
ISIC_0029374,0,0.162853,1.039514,-0.818615
ISIC_0029383,0,-0.682423,0.604777,0.050515
ISIC_0029389,0,-0.293628,0.319585,0.449762
ISIC_0029395,0,-0.884086,-0.923692,-0.499843
ISIC_0029397,1,0.529234,0.086077,1.111102
ISIC_0029405,0,-0.036147,0.53101,0.790334
ISIC_0029409,0,-0.424178,-0.041648,-0.065704
ISIC_0029433,0,-0.015061,0.879236,0.873426
ISIC_0029441,0,0.300493,-0.648213,0.72547
ISIC_0029453,1,-0.096933,-0.855624,0.745307
ISIC_0029459,0,-0.045951,-0.478778,-0.356998
ISIC_0029470,0,0.139748,-0.780871,0.396099
ISIC_0029478,0,0.260523,0.897036,0.69293
ISIC_0029480,1,-0.325774,-0.204134,-0.607977
ISIC_0029481,0,-0.855609,-0.427603,0.684095
ISIC_0029495,1,0.289969,0.557003,1.250621
ISIC_0029502,1,-0.24431,-0.213251,-0.720937
ISIC_0029508,0,0.502975,0.04251,0.479497
ISIC_0029513,1,0.260296,1.117305,0.682243
ISIC_0029531,0,0.719803,-0.596421,0.446873
ISIC_0029538,1,-0.664073,-0.756329,-1.395486
ISIC_0029550,0,-0.654208,0.406208,0.221183
ISIC_0029561,0,-0.151492,-0.472975,0.011568
ISIC_0029562,1,0.588426,0.653284,-0.404804
ISIC_0029570,1,-0.342729,0.619344,-0.193513
ISIC_0029571,1,-0.524532,-0.398183,0.53875
ISIC_0029572,0,-0.318252,-0.105045,0.641362
ISIC_0029574,1,0.494856,1.086957,0.569006
ISIC_0029575,1,1.509841,0.566031,1.107751
ISIC_0029581,0,-0.057623,0.002454,0.88128
ISIC_0029591,1,1.296822,1.242303,0.929418
ISIC_0029593,0,0.360727,0.536414,1.962098
ISIC_0029606,1,0.154094,-0.15152,0.103356
ISIC_0029609,0,0.918075,0.261004,0.08133
ISIC_0029626,0,0.141959,0.329939,0.359295
ISIC_0029630,1,0.227022,0.83308,1.330344
ISIC_0029639,0,0.397995,-0.108634,-0.043256
ISIC_0029651,1,0.174091,-0.2222,0.531583
ISIC_0029652,1,0.039811,0.930354,1.120861
ISIC_0029660,1,-0.374233,0.115436,0.50012
ISIC_0029672,0,-0.247737,-1.23017,0.3628
ISIC_0029675,0,0.373949,0.338027,0.39801
ISIC_0029684,0,-0.328766,-0.694968,0.129607
ISIC_0029686,0,0.19421,0.698579,0.727756
ISIC_0029693,0,-0.322766,-0.2083,0.182918
ISIC_0029698,1,0.257642,0.887015,1.365649
ISIC_0029705,1,0.079145,1.31507,-0.089881
ISIC_0029711,0,-0.18356,-0.319764,-0.114982
ISIC_0029716,0,0.092159,0.849403,0.605597
ISIC_0029718,0,0.646134,0.431429,-0.126543
ISIC_0029723,0,0.512343,0.167862,-0.277167
ISIC_0029729,0,1.080537,0.724885,0.481784
ISIC_0029732,0,-0.546672,-0.266893,0.350229
ISIC_0029736,0,-0.738868,0.920922,0.588964
ISIC_0029740,1,0.59665,0.092055,0.577316
ISIC_0029744,1,-0.118041,0.954268,0.749435
ISIC_0029761,0,-0.899449,-0.078044,-0.043381
ISIC_0029777,0,0.546422,-0.788332,0.282594
ISIC_0029803,0,-0.231258,-0.283725,0.542571
ISIC_0029809,0,0.888339,0.167817,1.080078
ISIC_0029814,0,-0.032428,0.245932,-0.255375
ISIC_0029815,0,0.279704,-0.600308,0.236636
ISIC_0029825,0,1.310771,-0.031605,0.000617
ISIC_0029839,1,-0.169781,0.241152,0.314725
ISIC_0029843,1,0.924115,0.368413,0.251671
ISIC_0029859,1,0.157469,-0.0578,0.404558
ISIC_0029863,0,-0.396937,0.196362,-0.097696
ISIC_0029868,0,-0.060547,-0.248992,-0.540595
ISIC_0029874,0,-0.513259,-0.133975,-0.361451
ISIC_0029881,0,0.060138,0.151124,1.312257
ISIC_0029885,1,0.924729,-0.257062,-0.3064
ISIC_0029893,1,-0.246059,0.568448,0.054202
ISIC_0029898,0,1.218007,-0.221523,0.79628
ISIC_0029902,0,-0.107257,-0.334085,-0.504402
ISIC_0029905,0,1.005306,0.719932,0.404812
ISIC_0029906,0,0.730652,0.032488,0.016385
ISIC_0029909,1,0.93566,1.041372,0.264453
ISIC_0029910,0,-0.276953,0.047197,0.212795
ISIC_0029913,1,-0.464549,-0.544128,-0.116814
ISIC_0029914,1,0.124859,1.277205,0.718839
ISIC_0029933,1,0.182865,-0.247049,0.818182
ISIC_0029934,0,-0.698826,-1.143981,0.255792
ISIC_0029937,1,-0.155301,-0.084754,0.621513
ISIC_0029942,0,-0.285956,-0.487887,0.169027
ISIC_0029944,0,-0.077002,0.300493,1.027433
ISIC_0029950,0,-1.559354,0.324671,0.310286
ISIC_0029963,0,-0.560503,-0.362727,-0.690581
ISIC_0029970,0,0.439888,-0.337343,0.381492
ISIC_0029982,0,-1.283502,-0.290338,0.044852
ISIC_0029993,0,-0.967509,-0.376987,-0.707318
ISIC_0029995,1,0.87927,1.453899,-0.187603
ISIC_0029998,0,0.661068,0.174436,-0.498575
ISIC_0030002,1,0.118412,0.717011,1.073704
ISIC_0030003,0,-0.435744,-0.132652,-0.906613
ISIC_0030006,0,1.29387,0.656188,0.131828
ISIC_0030017,0,-0.903272,-0.085701,0.355658
ISIC_0030029,0,-0.26256,-1.201194,-0.47098
ISIC_0030032,1,0.725453,0.512211,0.320812
ISIC_0030034,1,-0.139987,0.687703,0.23441
ISIC_0030047,1,-0.234311,0.876021,0.552626
ISIC_0030060,1,1.664702,0.815384,1.34843
ISIC_0030072,0,0.430606,-0.114936,-0.572832
ISIC_0030077,0,0.464925,0.106898,0.384218
ISIC_0030080,1,0.725669,0.740359,0.87932
ISIC_0030083,1,-0.147288,-0.209351,0.473847
ISIC_0030085,0,-0.306242,0.46373,-0.578293
ISIC_0030087,0,0.156938,-0.075237,0.007023
ISIC_0030089,1,-0.417711,-0.830184,0.595283
ISIC_0030101,0,0.228309,-0.473395,0.69264
ISIC_0030106,1,-0.130104,0.952123,1.038385
ISIC_0030107,1,0.623091,1.05824,1.012105
ISIC_0030110,1,-0.096617,0.705246,0.650289
ISIC_0030116,0,-1.069519,-0.192188,0.152714
ISIC_0030119,1,0.650905,1.13611,0.619028
ISIC_0030122,1,0.428083,0.901245,0.342405
ISIC_0030128,0,-0.331626,-0.529029,-0.926596
ISIC_0030129,1,-0.483161,-0.052838,0.201209
ISIC_0030135,0,0.170885,0.385519,0.944612
ISIC_0030139,0,0.823631,-0.070747,0.804679
ISIC_0030150,1,0.855391,0.592959,0.671758
ISIC_0030156,0,0.180517,-0.189035,0.44176
ISIC_0030171,1,0.382209,0.576743,-0.781495
ISIC_0030183,1,0.358333,1.287557,0.676079
ISIC_0030193,0,-0.849408,-0.424576,-0.236719
ISIC_0030194,0,-0.381561,0.143207,0.656688
ISIC_0030211,1,0.461485,-0.319892,0.644731
ISIC_0030219,0,-1.011939,-0.906857,0.654382
ISIC_0030235,0,0.30934,0.344536,-0.051696
ISIC_0030237,0,0.719169,-0.072828,-0.470601
ISIC_0030238,1,0.075676,-0.132111,1.02057
ISIC_0030254,0,0.865182,-0.098003,0.146276
ISIC_0030255,1,-0.978668,0.219523,0.418225
ISIC_0030259,0,0.59727,0.11046,-0.235094
ISIC_0030281,1,-0.563443,0.452477,0.07946
ISIC_0030291,0,-0.172042,-1.286774,-1.130881
ISIC_0030296,0,0.24879,0.379725,0.946783
ISIC_0030300,0,0.137971,0.008738,-0.360183
ISIC_0030313,0,-0.805227,-0.395012,-0.022596
ISIC_0030333,1,0.691294,0.344599,0.523944
ISIC_0030336,0,-0.417871,-0.570487,0.250621
ISIC_0030342,0,-0.348251,-1.189286,0.492097
ISIC_0030353,0,1.182561,0.112511,0.196555
ISIC_0030356,1,-0.654682,0.447263,0.698156
ISIC_0030360,1,1.529552,0.694114,0.405632
ISIC_0030366,1,0.46078,0.24053,0.258772
ISIC_0030373,0,0.295504,0.585705,0.089723
ISIC_0030391,1,-0.463534,-0.286028,0.050516
ISIC_0030392,0,-0.251789,-0.11212,-0.01547
ISIC_0030393,0,-0.654458,0.975773,0.043218
ISIC_0030404,0,-0.871521,-0.596166,0.593723
ISIC_0030407,0,0.182567,0.686314,-0.043166
ISIC_0030417,1,0.534666,1.118902,1.060836
ISIC_0030423,1,0.833084,1.159429,0.593452
ISIC_0030428,0,-0.227843,0.39283,-0.095997
ISIC_0030434,0,-0.440104,-0.711507,-0.551017
ISIC_0030435,0,-1.195191,0.027993,-0.373803
ISIC_0030437,0,-0.349645,-0.302118,-0.395292
ISIC_0030440,1,0.42991,0.189891,-0.355028
ISIC_0030443,1,-0.252909,-0.411894,0.160522
ISIC_0030447,0,0.292338,0.079921,-0.705798
ISIC_0030457,0,-1.401697,-0.617579,-0.321925
ISIC_0030462,0,0.102662,-0.793545,0.208037
ISIC_0030469,0,-0.736891,0.271423,-0.045038
ISIC_0030470,0,0.02411,-0.165028,0.391217
ISIC_0030481,0,-0.021657,0.348041,-0.40534
ISIC_0030484,0,0.054589,0.16143,0.054516
ISIC_0030492,0,0.189586,0.58031,0.887186
ISIC_0030501,1,0.585826,0.190963,-0.128526
ISIC_0030506,0,-0.264297,0.136119,0.027803
ISIC_0030508,0,-1.072183,-0.82566,0.034557
ISIC_0030512,1,-0.994379,0.060228,-0.145243
ISIC_0030518,0,-1.032164,-0.455862,0.012084
ISIC_0030519,0,-0.322904,-0.548119,0.341984
ISIC_0030535,0,-0.795176,-0.731422,0.305176
ISIC_0030541,0,-1.152153,-0.553805,-0.771743
ISIC_0030546,0,-0.057879,0.174427,-0.222515
ISIC_0030552,1,1.069572,1.213471,1.065769
ISIC_0030554,0,0.02663,0.688665,1.283052
ISIC_0030563,0,-0.2609,0.135976,0.22979
ISIC_0030575,1,0.881647,-0.018575,0.74053
ISIC_0030592,0,-0.013588,-0.083515,0.010103
ISIC_0030596,0,-0.677239,-0.709656,0.267346
ISIC_0030597,0,1.124373,0.086245,1.059765
ISIC_0030610,0,0.36219,0.222817,1.012469
ISIC_0030616,1,0.78663,0.793342,1.322159
ISIC_0030623,1,-0.665457,-0.778443,-0.623971
ISIC_0030641,0,-1.514144,-0.099074,-0.003972
ISIC_0030653,1,-0.655918,-0.117217,-0.276088
ISIC_0030656,0,-0.61245,0.873068,-0.357682
ISIC_0030657,0,0.098298,-0.061602,0.718838
ISIC_0030660,0,0.281504,-1.031172,0.055161
ISIC_0030663,0,1.176803,0.55691,0.116361
ISIC_0030666,0,-1.158857,0.409209,-1.052632
ISIC_0030681,1,0.607475,0.678874,1.331288
ISIC_0030689,1,0.509569,0.369713,-0.019889
ISIC_0030694,0,0.026543,0.851368,-0.199818
ISIC_0030695,1,1.095209,0.628443,1.170684
ISIC_0030697,0,-1.338993,-1.698955,-0.90169
ISIC_0030703,0,-0.799942,-0.85414,-0.705324
ISIC_0030704,0,0.006852,0.341543,-0.150201
ISIC_0030718,0,-0.841549,-0.673154,0.308014
ISIC_0030725,0,-0.581426,-0.384951,-0.26263
ISIC_0030729,0,-0.344291,-0.064773,-0.63437
ISIC_0030732,0,-0.155382,-0.169175,0.114789
ISIC_0030747,1,0.08492,-0.753455,-0.173787
ISIC_0030749,0,0.168732,0.796559,-0.451228
ISIC_0030751,0,0.076142,-0.251022,-1.418549
ISIC_0030754,1,0.244917,-0.380124,0.8693
ISIC_0030760,1,0.349002,-0.029339,-0.318692
ISIC_0030769,0,0.086778,0.038105,0.158425
ISIC_0030774,0,0.402529,0.136401,0.718948
ISIC_0030780,0,0.023423,0.75139,0.845805
ISIC_0030784,1,0.617919,1.005452,0.48578
ISIC_0030795,1,-0.340218,0.154265,-0.288047
ISIC_0030798,1,1.322153,1.143543,0.829058
ISIC_0030817,0,0.301741,-0.235492,0.784256
ISIC_0030818,1,-0.644897,-0.177627,-0.280684
ISIC_0030820,0,0.557763,0.84222,-0.376956
ISIC_0030824,1,1.029905,0.940191,0.593205
ISIC_0030828,1,-0.823057,0.377848,-0.109502
ISIC_0030829,0,0.660797,-0.190124,-0.916335
ISIC_0030833,0,-0.198563,0.922643,0.660032
ISIC_0030843,1,0.21134,-0.957508,0.005884
ISIC_0030845,0,0.390865,-0.021285,0.194481
ISIC_0030852,0,0.896605,0.997386,0.912865
ISIC_0030856,0,-0.196533,-0.361259,-0.80529
ISIC_0030860,0,-0.124002,0.24491,-0.468982
ISIC_0030873,0,0.830901,-0.165283,0.309238
ISIC_0030889,0,1.235059,0.139627,1.342319
ISIC_0030898,1,-0.206159,-0.091495,0.613473
ISIC_0030900,0,-0.724036,-0.579706,-1.320175
ISIC_0030901,1,-0.279491,0.944704,0.71215
ISIC_0030910,1,0.676508,0.218504,0.889237
ISIC_0030911,0,0.10211,-0.706923,-0.684606
ISIC_0030913,0,-1.220444,-0.314264,-0.694382
ISIC_0030916,0,1.056619,-0.304227,0.662051
ISIC_0030921,0,0.839757,0.193318,1.080524
ISIC_0030922,0,-0.846073,-0.420993,-0.098688
ISIC_0030929,1,1.438,1.356056,0.289203
ISIC_0030932,1,-0.717994,-0.315338,0.581962
ISIC_0030943,0,0.500286,0.744211,0.297846
ISIC_0030951,1,-0.122318,-0.212253,0.529452
ISIC_0030952,0,0.293314,-0.64355,0.208664
ISIC_0030957,0,0.193778,0.41668,1.54415
ISIC_0030963,0,-1.095803,-0.474201,-0.661797
ISIC_0030969,0,0.187881,-0.716218,0.269051
ISIC_0030970,1,1.102923,1.033411,-0.022039
ISIC_0030974,0,0.021653,0.162169,-0.089759
ISIC_0030981,0,0.608332,0.618731,0.700667
ISIC_0030985,0,0.911222,-0.068538,-0.740837
ISIC_0030994,0,-0.228257,0.543973,0.560374
ISIC_0030995,1,0.572575,-0.273812,0.073672
ISIC_0031005,1,0.434468,0.503691,0.9967
ISIC_0031010,0,0.829414,0.198919,-0.143405
ISIC_0031013,1,0.365678,0.303319,0.73223
ISIC_0031015,0,1.644803,0.237378,0.463307
ISIC_0031018,0,-0.794331,-0.494998,0.670717
ISIC_0031021,0,0.182493,-0.646409,-0.017219
ISIC_0031028,0,0.544291,0.097437,0.352335
ISIC_0031034,1,-1.583644,-0.163917,-0.654824
ISIC_0031039,0,-0.01004,0.493386,0.426298
ISIC_0031045,0,-0.684036,-0.149934,0.456099
ISIC_0031070,0,0.499832,0.327956,-0.107463
ISIC_0031074,0,0.042462,-0.20017,0.716957
ISIC_0031077,1,1.55523,1.9235,0.345599
ISIC_0031079,0,0.516213,-0.677456,-0.297179
ISIC_0031087,1,0.236518,0.315275,0.205216
ISIC_0031096,0,-1.425462,-0.265642,-0.217443
ISIC_0031101,0,0.401886,0.250374,0.168879
ISIC_0031104,0,-0.644858,-0.804857,-0.036723
ISIC_0031118,1,0.116862,0.075625,-0.422628
ISIC_0031127,0,-0.61444,-0.609891,-0.196645
ISIC_0031146,1,1.42313,0.296684,0.271898
ISIC_0031155,0,0.112032,-0.355963,0.655957
ISIC_0031170,1,0.72414,1.137412,0.276282
ISIC_0031184,0,0.422705,-0.178952,-0.008795
ISIC_0031202,0,1.007808,-0.330694,-0.171177
ISIC_0031203,1,1.188775,0.344506,-0.006534
ISIC_0031204,0,-0.456474,0.335168,0.497693
ISIC_0031208,1,0.993801,-0.186624,1.184709
ISIC_0031213,0,-0.158106,-0.244219,0.402931
ISIC_0031214,0,-0.694428,-0.640821,1.144391
ISIC_0031221,0,-0.117063,-0.105051,-0.128538
ISIC_0031224,0,-0.795661,0.265198,-0.330675
ISIC_0031233,1,0.820094,0.428191,0.160254
ISIC_0031246,0,-0.430339,0.290416,-0.644281
ISIC_0031248,0,-1.047536,-0.265954,0.749164
ISIC_0031249,0,-0.010252,0.337313,0.181597
ISIC_0031278,0,0.511014,0.310949,0.569617
ISIC_0031293,0,-0.662034,-0.517261,0.075245
ISIC_0031295,1,0.2643,0.803381,1.505014
ISIC_0031303,1,0.647679,1.112665,-0.094772
ISIC_0031304,0,-0.452019,0.60425,0.45716
ISIC_0031310,1,0.684993,0.31016,0.716362
ISIC_0031324,0,0.255,-0.190085,0.203181
ISIC_0031325,0,-0.470069,0.618484,0.127688
ISIC_0031337,0,-0.646138,-0.325795,0.596293
ISIC_0031338,0,0.023186,1.241391,-0.380767
ISIC_0031350,1,0.868086,0.744715,0.286374
ISIC_0031356,0,-0.786771,-0.08038,-0.584054
ISIC_0031357,0,0.476357,-0.738254,-0.364286
ISIC_0031363,0,0.397073,-1.133008,0.336322
ISIC_0031365,0,-0.230853,-0.292282,-0.744389
ISIC_0031368,1,1.241401,0.498812,1.299306
ISIC_0031369,1,0.432143,0.283962,-0.558057
ISIC_0031377,1,-0.851086,-1.373159,-0.540118
ISIC_0031379,0,0.551686,-0.235041,-0.74322
ISIC_0031386,1,-0.068194,-0.110846,-0.007593
ISIC_0031389,1,0.608313,1.333321,-1.03691
ISIC_0031397,0,0.772724,0.8399,0.678981
ISIC_0031401,1,0.271068,0.711933,0.888555
ISIC_0031406,1,-0.398345,-0.399687,-0.144669
ISIC_0031408,1,-0.459976,0.378071,0.278738
ISIC_0031417,1,-1.366423,-1.598272,-1.215536
ISIC_0031422,0,-0.201339,-0.051909,0.181567
ISIC_0031425,0,-0.142206,-0.824796,-0.299866
ISIC_0031438,0,-0.5861,-0.443051,-0.209668
ISIC_0031463,0,0.146367,-0.348419,0.342589
ISIC_0031472,0,0.043405,0.105088,-0.274441
ISIC_0031477,0,0.393825,-0.836814,-0.330631
ISIC_0031482,0,0.114372,0.307216,0.610072
ISIC_0031494,1,0.160534,0.16348,0.218924
ISIC_0031499,1,0.666271,0.461167,1.026083
ISIC_0031501,0,-0.66943,0.23255,0.732757
ISIC_0031507,0,0.607788,0.399174,1.278473
ISIC_0031517,1,1.057875,0.611446,0.480599
ISIC_0031529,1,-0.254988,0.061959,0.616129
ISIC_0031543,1,0.707613,1.935121,1.167582
ISIC_0031545,1,-0.758188,0.187675,0.388869
ISIC_0031546,0,0.555419,0.579667,0.176071
ISIC_0031548,0,-0.230005,0.58819,-0.56356
ISIC_0031550,1,-0.64567,1.077575,0.097796
ISIC_0031553,0,-0.319485,0.469047,0.765096
ISIC_0031561,1,0.879709,0.885618,0.312989
ISIC_0031565,1,-0.113303,0.371308,0.056791
ISIC_0031575,0,1.024683,-0.501307,-0.637205
ISIC_0031582,0,-0.739394,-0.894352,-1.349173
ISIC_0031586,1,0.829275,0.737852,0.375391
ISIC_0031589,0,0.247935,0.669047,0.873775
ISIC_0031598,1,-0.728458,-0.481089,-1.103869
ISIC_0031611,0,-0.430048,-0.876343,0.604316
ISIC_0031621,0,-0.321482,-0.232515,0.147498
ISIC_0031625,0,-0.664997,-0.565706,-0.775584
ISIC_0031626,0,0.001508,-0.491257,0.105105
ISIC_0031627,0,-0.288223,-0.338358,-1.078595
ISIC_0031629,0,0.229883,-1.110415,-0.331446
ISIC_0031642,1,0.672194,0.969121,0.280932
ISIC_0031649,0,-0.333872,-0.787873,-0.307417
ISIC_0031671,0,-0.428498,0.04511,0.584168
ISIC_0031674,0,-0.559987,0.127957,-0.141466
ISIC_0031680,0,-0.976681,-0.808536,0.272444
ISIC_0031705,0,-0.754454,-1.195483,-1.250184
ISIC_0031709,1,0.667941,-0.277882,0.145611
ISIC_0031711,1,0.453671,0.30823,1.276165
ISIC_0031717,0,-0.056537,0.068431,-0.202701
ISIC_0031726,0,0.110072,-0.167406,-1.226024
ISIC_0031741,1,-0.540673,-1.170049,0.590765
ISIC_0031742,0,0.154429,0.50704,0.391094
ISIC_0031744,0,0.600103,0.337814,0.41689
ISIC_0031745,1,0.040247,-0.070696,0.164066
ISIC_0031746,1,-0.146535,0.584287,0.225997
ISIC_0031752,0,-0.056313,1.16379,0.88364
ISIC_0031763,0,-0.792621,0.297526,0.628381
ISIC_0031784,1,-0.330218,0.863813,0.956641
ISIC_0031785,0,-1.417579,-0.759586,0.020454
ISIC_0031795,1,0.278905,1.390079,1.005408
ISIC_0031800,0,-0.124322,-0.351939,-0.246357
ISIC_0031807,0,-0.31963,-0.44587,-0.339107
ISIC_0031821,1,-0.492682,0.134812,-0.001281
ISIC_0031829,0,0.744923,0.58072,-0.010699
ISIC_0031835,0,-0.418813,-1.069565,0.439089
ISIC_0031843,0,0.864827,0.938666,0.087172
ISIC_0031844,1,-0.3823,0.210481,0.191323
ISIC_0031863,0,0.152749,-0.120657,1.05527
ISIC_0031877,0,-0.147838,-0.120753,-0.639369
ISIC_0031883,0,0.487352,-0.253918,0.26176
ISIC_0031891,0,-0.233932,0.27331,0.060364
ISIC_0031900,1,1.881795,-0.099801,0.246162
ISIC_0031908,1,-0.304982,-0.185471,-0.206731
ISIC_0031909,0,-0.100834,-0.880244,-0.356901
ISIC_0031914,0,-0.053323,0.09295,0.22882
ISIC_0031915,1,0.284629,0.515025,-1.115735
ISIC_0031926,0,0.035906,0.78698,0.545165
ISIC_0031931,1,0.868996,0.005726,0.466062
ISIC_0031935,0,0.182893,0.663763,-0.086075
ISIC_0031941,1,0.310287,0.395017,0.441407
ISIC_0031953,1,-0.366322,0.378515,0.30857
ISIC_0031958,1,0.199007,0.697886,0.719512
ISIC_0031960,0,-0.58161,0.165771,-0.929529
ISIC_0031965,0,1.123934,0.875111,0.111663
ISIC_0031972,1,1.349373,0.136788,0.677928
ISIC_0031977,1,0.050736,1.346203,-0.02418
ISIC_0031985,0,-0.16288,0.260183,0.059275
ISIC_0031997,0,-0.927474,-0.291503,0.296517
ISIC_0031999,1,0.007944,-0.765657,-0.02516
ISIC_0032001,0,-0.602783,-0.447204,-0.366527
ISIC_0032005,0,-0.745551,1.213357,0.907646
ISIC_0032012,0,-0.011068,-0.224903,-0.382993
ISIC_0032017,1,0.494461,0.492948,1.284252
ISIC_0032019,1,0.310738,0.797938,1.083253
ISIC_0032029,0,-0.287128,-0.262652,0.266994
ISIC_0032033,0,-1.154653,0.027647,0.481799
ISIC_0032034,0,0.482958,-0.35714,0.133314
ISIC_0032036,1,1.071956,-0.23399,0.268816
ISIC_0032044,1,-0.244804,0.607511,0.400164
ISIC_0032046,1,0.28648,0.69345,0.300009
ISIC_0032047,0,0.624615,0.478132,0.731905
ISIC_0032052,0,-0.062089,-0.432082,0.387655
ISIC_0032070,1,0.606236,0.301703,0.982187
ISIC_0032072,1,0.720771,0.165688,0.612004
ISIC_0032079,1,0.539479,0.622269,-0.296534
ISIC_0032089,0,-0.156475,-0.11197,0.669082
ISIC_0032094,0,0.006793,0.304783,-0.528175
ISIC_0032095,1,-1.140876,-0.441151,0.721055
ISIC_0032098,1,0.324631,-0.064716,0.157663
ISIC_0032112,0,1.645289,0.313696,-0.417978
ISIC_0032121,0,0.405105,0.303684,-0.097232
ISIC_0032130,0,-0.005843,-0.690118,0.695412
ISIC_0032133,0,-0.013565,-0.501462,0.458367
ISIC_0032134,1,0.020302,1.680649,0.848962
ISIC_0032140,0,0.676914,0.470681,-0.501338
ISIC_0032147,0,-0.206807,-0.115941,0.326751
ISIC_0032149,1,1.494532,0.155216,0.657101
ISIC_0032152,1,0.373602,0.559792,-0.321084
ISIC_0032160,0,0.914901,0.37071,0.077827
ISIC_0032161,0,-0.248299,0.56215,0.364621
ISIC_0032162,0,-1.120588,-1.151149,0.171132
ISIC_0032165,0,-0.698781,-0.384921,-0.034585
ISIC_0032171,0,-0.923479,-0.041122,-1.131066
ISIC_0032181,0,0.389547,0.726359,0.98695
ISIC_0032182,1,1.168543,0.278724,1.648583
ISIC_0032187,1,0.436513,0.0499,0.783986
ISIC_0032190,1,0.985715,1.020865,0.5434
ISIC_0032192,1,1.848459,0.958319,0.394441
ISIC_0032197,1,0.719476,0.245606,0.521675
ISIC_0032204,1,-0.389161,-0.366206,0.590724
ISIC_0032226,0,-0.506427,0.004797,0.108782
ISIC_0032232,1,0.481091,0.409343,-0.608722
ISIC_0032233,0,0.935205,0.132639,0.990987
ISIC_0032244,1,0.401622,1.159972,0.61273
ISIC_0032248,1,0.343004,1.136502,0.741785
ISIC_0032258,1,-0.165014,-0.894592,0.865787
ISIC_0032265,1,-1.233796,0.020119,0.764586
ISIC_0032269,1,0.970819,0.679751,0.330883
ISIC_0032272,0,-0.324777,-0.088213,-0.112545
ISIC_0032278,0,0.477067,0.125791,-0.257238
ISIC_0032287,1,-0.818377,-0.184998,-0.443309
ISIC_0032313,1,-0.154802,0.248664,0.93732
ISIC_0032320,0,-0.702779,0.686746,0.42651
ISIC_0032331,1,-0.093345,0.419972,-0.338021
ISIC_0032339,0,0.726691,0.549969,-0.751759
ISIC_0032341,0,-0.486893,-0.917849,-0.81401
ISIC_0032342,0,-0.286033,0.252444,0.062917
ISIC_0032357,0,-1.045844,0.07315,-0.936801
ISIC_0032360,0,-0.572099,-0.34217,0.029407
ISIC_0032369,0,0.46897,1.331708,-0.155564
ISIC_0032372,1,0.191319,0.817441,1.062808
ISIC_0032377,0,-0.451115,-0.111425,-0.926897
ISIC_0032383,0,0.415982,-1.071566,-0.972117
ISIC_0032396,1,1.15361,0.630906,1.030133
ISIC_0032400,1,1.0502,0.173566,0.68914
ISIC_0032408,1,0.144442,0.618498,1.12453
ISIC_0032413,0,0.028763,0.154057,-0.176169
ISIC_0032419,0,-0.361687,-0.788362,0.284518
ISIC_0032420,1,1.127769,1.155317,0.203949
ISIC_0032424,1,0.461291,0.233012,1.014022
ISIC_0032425,1,0.509067,-0.391926,0.412106
ISIC_0032426,0,-0.928681,-0.63685,0.719582
ISIC_0032430,1,-0.147585,-0.809453,0.258052
ISIC_0032433,1,-0.316214,0.125002,0.011003
ISIC_0032440,0,0.783828,-0.487602,0.021765
ISIC_0032441,1,0.324819,-0.187559,-0.445353
ISIC_0032447,1,0.977372,0.107938,1.244638
ISIC_0032462,1,-0.421761,0.211814,0.559621
ISIC_0032466,1,-0.701145,0.516744,0.284349
ISIC_0032472,0,-1.094424,-0.321818,0.34504
ISIC_0032473,0,0.446275,0.279117,0.406123
ISIC_0032476,1,0.067645,1.122271,-0.456375
ISIC_0032484,0,0.646325,-0.376624,0.907044
ISIC_0032490,0,0.588381,0.403726,0.471161
ISIC_0032492,0,0.230041,0.801983,1.60226
ISIC_0032494,0,-0.905869,-0.590878,-0.830855
ISIC_0032504,1,1.099798,0.657175,0.68087
ISIC_0032509,1,0.118717,-0.09323,0.706958
ISIC_0032510,0,-0.588448,0.998307,0.798386
ISIC_0032516,0,0.442173,0.125627,-0.003787
ISIC_0032517,1,0.085014,-0.436001,0.404005
ISIC_0032522,1,-0.699452,1.202375,0.464052
ISIC_0032526,1,-1.138702,-0.981379,-0.157718
ISIC_0032531,1,0.824011,0.279917,1.07196
ISIC_0032532,1,-0.191203,0.329927,0.537129
ISIC_0032535,1,-0.35007,0.016636,0.372617
ISIC_0032537,1,-0.40033,0.175461,0.955978
ISIC_0032540,0,-0.672504,-0.067741,0.420525
ISIC_0032543,0,-0.575392,0.289148,0.073306
ISIC_0032544,1,1.181369,1.058975,0.18841
ISIC_0032546,0,0.350471,-0.329935,-0.026176
ISIC_0032547,1,0.09332,1.180134,0.303321
ISIC_0032549,0,-0.361242,0.742628,0.256604
ISIC_0032550,1,0.629553,0.616162,1.016169
ISIC_0032551,0,-0.082185,-0.385211,-0.511499
ISIC_0032558,0,-0.033905,0.361287,-0.770877
ISIC_0032559,1,0.247322,0.04533,1.095401
ISIC_0032561,0,0.084307,-0.005602,-0.479492
ISIC_0032565,0,-0.688493,-0.365008,-0.009394
ISIC_0032569,1,0.520224,0.572312,-0.540907
ISIC_0032583,1,0.417216,-0.590902,0.022371
ISIC_0032586,1,0.492618,0.677682,1.18634
ISIC_0032587,0,0.529873,-0.680383,-0.292873
ISIC_0032590,0,-1.100125,0.114315,-1.560951
ISIC_0032596,1,-0.398152,0.862071,0.118531
ISIC_0032597,1,-0.095028,1.19334,0.006592
ISIC_0032598,1,0.634326,-0.076674,-0.11249
ISIC_0032600,0,-0.545016,0.296881,-0.638151
ISIC_0032602,1,-0.368775,0.48989,0.620631
ISIC_0032603,1,-0.272247,-0.590622,0.030238
ISIC_0032604,1,-0.004579,0.621916,0.20489
ISIC_0032610,1,-1.135463,-0.546838,1.209877
ISIC_0032615,0,-0.319489,-0.186905,0.361943
ISIC_0032617,1,-0.039492,0.542002,-0.130137
ISIC_0032622,1,-0.257085,0.129674,0.419732
ISIC_0032624,1,0.840872,1.540385,0.733402
ISIC_0032626,1,0.35063,1.635851,1.129036
ISIC_0032629,1,0.69786,0.532442,0.635949
ISIC_0032630,1,1.429423,-0.219655,0.594808
ISIC_0032635,0,-0.484917,-0.095463,-0.832437
ISIC_0032637,1,-0.157714,-0.515268,0.691523
ISIC_0032638,1,0.143339,0.280115,0.689791
ISIC_0032645,1,0.901308,0.390672,0.404783
ISIC_0032656,1,-0.223273,0.406277,0.149925
ISIC_0032671,0,1.42625,0.891392,0.636365
ISIC_0032672,1,0.588642,0.852939,0.506785
ISIC_0032680,0,-0.039895,0.344445,-0.068445
ISIC_0032682,0,-0.124833,-0.586841,-0.187577
ISIC_0032684,1,0.223643,0.287351,0.655843
ISIC_0032685,1,0.987982,0.188915,1.509709
ISIC_0032687,1,0.499763,0.333627,0.703347
ISIC_0032690,1,-0.6941,0.350973,0.442746
ISIC_0032695,1,0.333093,0.43619,1.081987
ISIC_0032699,1,1.122725,0.463153,0.653928
ISIC_0032701,0,-0.538107,-0.826921,-0.011094
ISIC_0032709,1,-0.456224,0.514982,0.088095
ISIC_0032716,1,-0.463132,-0.835631,0.465364
ISIC_0032717,0,-0.192326,-0.127078,-0.979755
ISIC_0032718,1,0.898493,0.974397,1.331985
ISIC_0032721,0,-1.24638,0.267062,0.230119
ISIC_0032722,1,1.135207,0.36304,0.374892
ISIC_0032723,1,-0.067608,0.431063,0.580007
ISIC_0032724,1,-0.469709,-0.389774,-0.028546
ISIC_0032726,1,0.987942,1.15953,0.096813
ISIC_0032736,1,1.466619,1.100626,0.710972
ISIC_0032742,0,-0.955983,-0.440427,-0.291761
ISIC_0032747,0,-0.992708,-0.042528,-0.461006
ISIC_0032750,1,0.525819,-0.639909,-0.761276
ISIC_0032751,1,1.027602,0.026372,0.847028
ISIC_0032759,0,-0.305755,0.426259,0.505193
ISIC_0032762,0,-0.026341,-0.392832,-0.1544
ISIC_0032766,1,-0.196541,-0.777755,1.001544
ISIC_0032771,0,1.133782,1.168109,0.355495
ISIC_0032774,1,0.143921,-0.004467,0.834459
ISIC_0032779,0,-0.438872,-0.23412,-0.586183
ISIC_0032780,0,-0.947471,-0.461437,1.229235
ISIC_0032782,1,-1.132328,0.158049,0.38987
ISIC_0032783,0,-0.950604,0.223248,-0.00632
ISIC_0032784,0,-0.589139,-0.162402,0.57943
ISIC_0032790,1,-0.621249,0.670877,-0.337178
ISIC_0032797,1,1.082359,-0.066023,-0.019281
ISIC_0032806,1,-0.255417,0.345861,0.109085
ISIC_0032810,1,-0.447873,0.341825,0.723893
ISIC_0032812,1,0.378224,-0.481846,0.004674
ISIC_0032820,0,0.270603,0.371916,0.050872
ISIC_0032823,1,1.413595,1.068423,0.989036
ISIC_0032828,0,-0.288061,-0.414254,-0.242927
ISIC_0032836,1,0.552425,0.423896,0.529688
ISIC_0032840,1,1.24055,0.326723,1.05546
ISIC_0032841,1,0.185176,0.614345,0.271491
ISIC_0032844,1,0.092812,-0.619849,0.084299
ISIC_0032845,1,-0.344253,-0.324953,-0.393182
ISIC_0032847,1,-0.726185,-0.476702,0.274212
ISIC_0032856,1,-0.287805,0.521234,-0.217745
ISIC_0032858,0,1.19891,-0.084938,0.855187
ISIC_0032861,0,1.219276,0.509346,1.177545
ISIC_0032862,1,-0.369185,-0.129614,1.451016
ISIC_0032872,1,1.444444,1.498972,0.214973
ISIC_0032873,1,0.235441,0.988428,1.905783
ISIC_0032875,1,0.583658,-1.213906,-0.069463
ISIC_0032887,1,0.430836,0.809483,-0.506522
ISIC_0032892,1,1.412471,0.913291,0.824194
ISIC_0032901,0,0.832772,0.352186,-0.015971
ISIC_0032903,1,0.883242,0.548136,0.73992
ISIC_0032907,0,0.60997,-0.731149,0.547805
ISIC_0032913,1,0.218143,0.765165,0.344057
ISIC_0032914,0,0.324865,0.073194,0.805126
ISIC_0032917,1,0.993226,0.313253,1.361061
ISIC_0032918,1,0.449302,0.704815,0.114168
ISIC_0032921,1,0.500373,0.401368,0.916319
ISIC_0032922,1,0.389149,0.552036,1.071395
ISIC_0032925,1,-0.568111,-0.138778,1.241925
ISIC_0032927,1,0.224219,-0.603411,1.178768
ISIC_0032928,0,0.182832,0.003589,0.012646
ISIC_0032938,1,0.146983,0.0846,0.957961
ISIC_0032939,0,0.161704,0.216475,0.449493
ISIC_0032940,1,0.928417,0.338184,0.336214
ISIC_0032945,0,-1.182362,0.555126,-0.5479
ISIC_0032951,0,1.810616,-0.389077,0.340208
ISIC_0032954,0,-0.392353,-0.755583,-0.452002
ISIC_0032955,1,0.251386,0.308242,0.416442
ISIC_0032960,1,0.517237,0.742032,1.626186
ISIC_0032965,1,-0.256693,-0.40495,1.019002
ISIC_0032968,1,0.206365,0.414005,0.984738
ISIC_0032970,1,-0.444235,-0.099334,0.79774
ISIC_0032975,1,-0.088669,-0.060843,-0.05574
ISIC_0032976,1,0.274295,-0.034749,-0.736877
ISIC_0032981,1,0.249887,0.741221,-0.243716
ISIC_0032982,1,-0.656682,-0.24392,-0.152484
ISIC_0032987,1,1.316989,-0.152627,-0.353991
ISIC_0032988,1,1.206341,-0.451267,0.478662
ISIC_0032993,1,0.52901,1.219565,0.639489
ISIC_0032995,0,0.175005,0.146964,-0.351057
ISIC_0032996,0,-0.165646,-0.753649,-0.378914
ISIC_0033004,1,-0.77038,1.162708,-0.443304
ISIC_0033007,0,0.289074,0.389026,0.748778
ISIC_0033016,0,0.388244,0.656636,0.719349
ISIC_0033017,1,0.297037,0.127317,-0.221591
ISIC_0033021,0,-0.821939,-0.120357,-0.718089
ISIC_0033024,1,0.697131,0.892347,1.208469
ISIC_0033025,0,-0.12914,0.674987,0.545368
ISIC_0033027,1,1.050223,0.08699,0.912983
ISIC_0033029,1,0.547516,-0.114337,0.45116
ISIC_0033037,1,0.333,0.220004,0.733861
ISIC_0033042,1,0.411462,-0.449839,0.001028
ISIC_0033044,0,-0.752739,-0.929511,0.116628
ISIC_0033047,1,-0.945469,-0.707045,0.150762
ISIC_0033051,1,-0.827117,0.056608,0.034283
ISIC_0033055,1,0.616804,0.68388,0.432401
ISIC_0033058,0,0.105219,1.005917,0.261639
ISIC_0033059,0,-0.350501,-0.008312,0.295724
ISIC_0033061,1,-0.723619,-0.316848,0.263366
ISIC_0033063,1,0.693052,0.552474,1.001172
ISIC_0033068,1,0.58779,1.133597,0.601284
ISIC_0033071,0,0.209539,-0.51173,0.683513
ISIC_0033073,1,0.005756,0.709778,0.349314
ISIC_0033074,1,-1.465383,0.176967,0.867895
ISIC_0033075,0,-0.739957,0.111099,-0.089361
ISIC_0033080,0,0.453023,0.460081,-0.005073
ISIC_0033081,1,-1.330298,-0.767321,0.042638
ISIC_0033083,0,-0.817127,-0.27121,-0.377933
ISIC_0033086,0,-0.727233,-0.329349,-0.543914
ISIC_0033087,0,-0.093703,0.13311,-0.511276
ISIC_0033089,1,-0.339658,0.640507,-0.144305
ISIC_0033090,0,0.446609,-0.364005,-0.523174
ISIC_0033091,0,-0.520935,-0.099928,-0.580279
ISIC_0033099,1,1.100933,-0.396607,0.643615
ISIC_0033103,1,-0.917476,-0.167103,0.838875
ISIC_0033104,0,0.916903,-0.726889,-0.382746
ISIC_0033114,1,0.420446,0.619235,0.384947
ISIC_0033117,1,-0.708975,1.081659,0.396638
ISIC_0033119,0,0.334212,0.064634,0.742796
ISIC_0033121,0,-0.791066,-0.031362,-0.253451
ISIC_0033122,1,-0.087325,0.734755,-0.039051
ISIC_0033125,1,0.651629,0.421947,1.452212
ISIC_0033129,1,1.380352,1.617096,0.328171
ISIC_0033137,0,-1.008835,-0.758843,-1.063236
ISIC_0033148,0,-0.637611,0.188789,0.162963
ISIC_0033149,0,0.09057,0.784609,-0.111872
ISIC_0033152,1,-1.455183,-0.956729,-0.621493
ISIC_0033154,1,0.681279,0.396416,0.872215
ISIC_0033157,0,0.193312,0.27641,-0.911526
ISIC_0033164,0,0.087827,0.00406,0.251683
ISIC_0033166,1,-0.902217,-1.463108,-0.772533
ISIC_0033168,0,-0.825051,0.741762,0.699799
ISIC_0033171,1,-0.14455,-0.638311,0.569253
ISIC_0033174,1,-0.446628,0.581574,0.334361
ISIC_0033175,1,-0.736563,-0.197877,0.024342
ISIC_0033178,1,0.486317,0.576096,0.112786
ISIC_0033180,1,-0.662671,0.277362,0.610995
ISIC_0033181,0,-0.241565,0.18869,0.366419
ISIC_0033186,1,-0.889934,-0.017776,0.094569
ISIC_0033192,1,0.569943,-0.672462,0.41897
ISIC_0033193,1,0.558568,0.43222,0.337903
ISIC_0033194,0,0.900628,1.229874,0.259255
ISIC_0033196,1,-0.508354,0.262223,0.441361
ISIC_0033202,0,0.551395,0.974329,0.200285
ISIC_0033204,1,-0.203087,-0.139817,0.884934
ISIC_0033206,1,-0.163511,-0.486038,0.682194
ISIC_0033211,0,0.67226,0.365717,0.820502
ISIC_0033213,0,-0.543332,-0.056163,-0.931767
ISIC_0033216,1,-1.471989,0.025743,0.959312
ISIC_0033217,1,-0.136254,0.557043,1.13416
ISIC_0033224,0,0.590495,0.710269,0.247666
ISIC_0033226,1,-0.191196,0.991419,0.152941
ISIC_0033228,0,-0.358358,-0.302931,0.243359
ISIC_0033229,0,-1.129437,-0.571314,-0.958439
ISIC_0033232,1,-0.180768,0.682234,1.001866
ISIC_0033233,0,-0.994428,0.038461,0.475422
ISIC_0033238,1,0.789166,0.689463,0.102418
ISIC_0033239,1,-0.289934,-0.582356,-0.149372
ISIC_0033241,1,-0.15732,0.120652,-0.200904
ISIC_0033245,1,-0.397469,0.293428,0.233297
ISIC_0033250,0,-0.949968,0.053051,-0.695594
ISIC_0033258,1,0.518902,0.873743,0.622301
ISIC_0033261,1,0.389543,1.212944,1.488494
ISIC_0033265,0,-0.67375,-0.24137,0.147118
ISIC_0033268,1,-0.367609,-0.754236,-0.084228
ISIC_0033272,1,0.444194,0.726387,0.388747
ISIC_0033273,0,-0.104348,-0.823147,0.084402
ISIC_0033274,1,0.082675,0.052294,0.917774
ISIC_0033275,1,-0.628314,0.173076,0.232669
ISIC_0033278,1,0.45491,-0.019251,0.94037
ISIC_0033279,1,0.166164,-0.073939,0.055501
ISIC_0033287,1,0.976015,-0.821586,0.421005
ISIC_0033289,0,0.860432,-0.133456,0.382787
ISIC_0033299,1,-0.006651,0.785743,0.40735
ISIC_0033300,1,-0.424953,-0.019903,-0.241061
ISIC_0033302,1,-0.214103,-0.404748,-0.406742
ISIC_0033304,1,0.06442,0.115872,0.587879
ISIC_0033309,0,-0.569305,-0.281615,0.849524
ISIC_0033317,1,0.708942,-0.276221,-0.326989
ISIC_0033318,0,-0.28204,-0.177637,-0.157105
ISIC_0033319,0,0.004317,-0.04502,0.555399
ISIC_0033320,1,-1.124902,-0.689426,-0.722988
ISIC_0033323,1,-0.044817,0.681787,0.081042
ISIC_0033324,1,0.88324,0.687777,0.047878
ISIC_0033325,1,1.263033,-0.044816,0.627582
ISIC_0033329,0,-0.813598,-1.285151,0.253442
ISIC_0033332,0,1.308725,-0.046243,-0.699523
ISIC_0033333,1,-0.712619,0.07787,1.074762
ISIC_0033336,1,-1.493043,-0.719013,0.608223
ISIC_0033337,1,0.394314,0.647413,0.348716
ISIC_0033341,0,0.498316,0.611566,0.869949
ISIC_0033344,1,1.512674,0.174608,0.313989
ISIC_0033359,0,0.324491,1.354225,0.971032
ISIC_0033362,1,1.051644,0.571318,-0.24931
ISIC_0033365,0,-0.226901,-0.129322,0.245052
ISIC_0033368,1,-0.645592,0.819894,-0.147162
ISIC_0033369,1,1.196696,0.743893,0.846281
ISIC_0033374,0,0.171919,0.034673,0.640766
ISIC_0033377,1,-0.70698,-0.394515,0.140792
ISIC_0033384,0,0.706344,-0.258052,0.437247
ISIC_0033386,0,0.140743,0.062749,-0.683588
ISIC_0033387,1,-0.564726,-0.161276,-0.815144
ISIC_0033392,1,1.317576,0.780407,0.090535
ISIC_0033393,1,0.488443,0.219414,0.391752
ISIC_0033394,1,0.442353,0.606736,0.138205
ISIC_0033399,1,0.508191,-0.074518,1.192059
ISIC_0033405,1,-0.408246,0.080109,0.443051
ISIC_0033412,0,0.545673,-0.08566,0.728223
ISIC_0033415,1,0.39455,-0.114153,0.14122
ISIC_0033416,1,0.64704,-0.351164,1.076108
ISIC_0033419,0,1.313965,-0.074171,0.027448
ISIC_0033424,1,0.630243,0.873258,0.10315
ISIC_0033427,0,-0.541279,-0.273401,-0.388399
ISIC_0033428,1,1.049497,1.190288,0.570079
ISIC_0033429,1,1.293577,-0.309352,-0.234535
ISIC_0033432,1,0.167359,-0.099221,0.937562
ISIC_0033439,0,0.4629,-0.921249,-0.168244
ISIC_0033444,1,-1.780563,-0.716246,-0.254476
ISIC_0033452,1,0.402531,0.178527,-0.624749
ISIC_0033454,1,0.117402,0.87732,0.282083
ISIC_0033463,0,-1.435919,-0.810626,-0.715102
ISIC_0033464,0,-0.860994,0.211566,0.560187
ISIC_0033470,1,0.450766,0.672841,0.35855
ISIC_0033472,0,0.467866,0.859855,0.497834
ISIC_0033473,1,0.409093,0.76537,0.782807
ISIC_0033476,1,0.428282,0.776554,1.120969
ISIC_0033479,1,1.391953,1.041605,1.313844
ISIC_0033485,1,0.349898,-0.996159,0.357513
ISIC_0033492,0,0.566149,1.164416,0.642262
ISIC_0033496,1,-0.428839,0.488544,0.348896
ISIC_0033498,1,1.057195,0.259451,-0.126224
ISIC_0033500,1,-0.253923,-0.487552,0.760769
ISIC_0033501,0,-0.612054,-0.075334,-0.368067
ISIC_0033508,0,-0.40574,-0.298422,0.345635
ISIC_0033512,0,0.040708,0.864517,0.65681
ISIC_0033517,0,0.969841,0.077432,-0.422919
ISIC_0033518,1,1.135296,0.258628,1.449678
ISIC_0033519,0,-0.72739,0.337261,0.320273
ISIC_0033520,1,-1.001782,1.082709,0.499606
ISIC_0033524,1,1.064631,-0.034037,0.728431
ISIC_0033526,1,1.106908,0.358902,-0.33872
ISIC_0033530,0,-0.121748,-0.199506,-0.116687
ISIC_0033533,1,0.656825,0.59628,0.663503
ISIC_0033534,1,0.009688,0.964073,0.510474
ISIC_0033538,1,0.523379,0.641821,0.92237
ISIC_0033545,1,0.500114,0.259478,-0.264882
ISIC_0033546,1,-0.86569,-0.227709,-0.452281
ISIC_0033549,0,-0.853069,0.775585,0.244048
ISIC_0033555,0,0.095387,0.957738,-0.279038
ISIC_0033560,1,-0.18607,0.405663,0.177506
ISIC_0033561,0,0.707784,0.143276,-0.778291
ISIC_0033562,1,0.34376,1.241298,0.650741
ISIC_0033564,0,-0.541172,-0.250113,0.236735
ISIC_0033568,1,0.200962,0.011449,0.317142
ISIC_0033569,1,-0.674391,0.099777,1.389089
ISIC_0033570,1,1.033042,0.428786,0.955997
ISIC_0033573,1,1.055527,0.29624,-0.64978
ISIC_0033574,0,-0.245433,0.594013,-0.286762
ISIC_0033578,1,-0.140741,0.052913,0.162732
ISIC_0033584,0,0.091472,-0.118137,-0.144726
ISIC_0033585,0,-0.822364,0.031721,1.340843
ISIC_0033586,1,0.188703,0.896449,-0.542329
ISIC_0033589,0,0.652983,0.908465,1.150442
ISIC_0033594,1,-0.138372,-0.225325,0.517317
ISIC_0033595,1,1.238284,0.265926,1.148846
ISIC_0033603,1,-0.561348,-1.103279,1.047523
ISIC_0033605,0,0.016732,-0.827054,0.757058
ISIC_0033607,1,0.016944,0.709236,0.331286
ISIC_0033612,1,-0.529554,-0.200379,-0.044856
ISIC_0033616,1,0.183552,1.465427,-0.631452
ISIC_0033619,1,-0.170773,-0.214159,0.809853
ISIC_0033621,0,0.418376,1.111282,-0.038306
ISIC_0033625,0,-0.364723,-1.020347,-0.214614
ISIC_0033630,1,0.880892,-0.051833,0.544683
ISIC_0033636,1,1.105803,0.318888,0.491726
ISIC_0033638,1,-1.083043,0.078946,-0.533922
ISIC_0033640,0,-0.776172,-0.285197,-1.332907
ISIC_0033641,0,-0.549578,-0.845079,0.277692
ISIC_0033643,1,0.451296,-0.215534,0.432205
ISIC_0033644,1,-0.246102,0.484244,0.264724
ISIC_0033651,1,-0.537281,-0.543627,-0.044304
ISIC_0033653,1,0.600682,0.483015,0.300787
ISIC_0033654,1,-0.573282,0.438773,0.243424
ISIC_0033655,1,0.395429,0.564275,0.3772
ISIC_0033662,1,-0.188028,0.516095,-0.344486
ISIC_0033664,0,0.42824,-0.170744,0.518591
ISIC_0033668,1,0.322352,1.22476,0.348686
ISIC_0033678,1,1.34031,0.585551,0.651889
ISIC_0033679,1,-0.132779,-0.264523,0.324894
ISIC_0033681,0,0.031164,0.388303,-0.354543
ISIC_0033687,1,0.327595,0.300299,0.288589
ISIC_0033689,0,-0.681067,-0.891623,0.205309
ISIC_0033692,0,-0.072475,0.833194,0.144531
ISIC_0033696,1,0.292164,1.004332,0.72124
ISIC_0033697,0,-0.290241,-0.815484,-0.480391
ISIC_0033700,1,0.766251,0.501568,1.066603
ISIC_0033704,1,0.846344,0.520517,0.353308
ISIC_0033708,1,0.506397,0.5136,0.818431
ISIC_0033710,1,1.366518,1.496441,0.783605
ISIC_0033711,0,-1.260196,-0.286345,-0.076165
ISIC_0033713,1,0.824757,1.025281,-0.006176
ISIC_0033724,0,-1.792698,-0.787843,-1.052353
ISIC_0033725,1,0.317365,0.683356,0.694582
ISIC_0033729,0,-0.243044,-0.553168,0.093909
ISIC_0033730,1,-0.526668,0.67098,0.085732
ISIC_0033738,0,0.666244,-0.309035,0.471427
ISIC_0033752,1,0.684998,1.300004,0.531122
ISIC_0033754,1,-0.581748,-0.18098,-0.411731
ISIC_0033756,0,-1.074887,-0.285328,-0.569109
ISIC_0033759,0,0.329668,-0.257296,1.010161
ISIC_0033771,0,0.238375,-0.0315,0.486179
ISIC_0033775,0,1.044466,0.197072,0.072347
ISIC_0033779,1,-0.323581,-0.39643,0.973944
ISIC_0033782,0,0.691769,-0.587177,-0.166526
ISIC_0033787,0,0.848082,0.736036,1.231163
ISIC_0033799,0,-1.178572,-1.009299,0.158661
ISIC_0033800,0,-0.513427,-0.061778,0.77751
ISIC_0033801,1,-0.410811,0.196472,-0.404034
ISIC_0033802,1,1.100797,-0.337064,0.022062
ISIC_0033804,1,-0.570908,-0.111168,1.049861
ISIC_0033805,1,-0.619935,-0.819921,0.174038
ISIC_0033806,1,0.756114,0.403109,0.686193
ISIC_0033807,1,-0.940113,0.185919,1.015757
ISIC_0033812,1,-0.056576,-0.098047,-0.416671
ISIC_0033813,1,1.179218,0.357422,1.115255
ISIC_0033819,1,-0.659894,-0.059261,0.486
ISIC_0033830,0,-0.116346,-0.032255,0.518478
ISIC_0033831,1,0.06541,-0.400847,-0.335418
ISIC_0033832,0,0.14564,-1.132994,0.080463
ISIC_0033834,1,0.903165,0.604401,0.896694
ISIC_0033841,0,-0.247651,0.425618,0.009684
ISIC_0033843,1,0.723039,0.7821,0.858101
ISIC_0033845,0,-0.129786,0.092431,0.54335
ISIC_0033856,1,0.556313,1.090121,0.704885
ISIC_0033876,0,0.934425,0.268288,0.973752
ISIC_0033878,1,0.934515,1.030358,0.389969
ISIC_0033879,0,-1.347467,-0.131229,-0.242444
ISIC_0033881,1,0.071964,0.179098,0.031472
ISIC_0033883,1,-0.215434,0.21835,0.329846
ISIC_0033885,1,-0.375757,0.802442,0.578697
ISIC_0033886,1,-0.451661,-1.228851,1.25521
ISIC_0033893,1,1.177607,0.42763,0.606477
ISIC_0033901,1,-1.105458,-0.692723,0.861868
ISIC_0033902,1,0.176757,0.710249,0.518643
ISIC_0033905,1,0.991865,0.443916,0.542339
ISIC_0033911,1,-0.261727,0.23292,0.566635
ISIC_0033916,0,-1.683977,-1.208983,-0.62696
ISIC_0033923,0,-0.230881,0.234238,-0.509523
ISIC_0033925,1,-0.796394,1.51395,-0.394653
ISIC_0033938,1,-0.74748,-0.159854,-0.387079
ISIC_0033946,1,0.966414,-0.089806,-0.303635
ISIC_0033947,1,0.491628,0.65767,0.55792
ISIC_0033950,0,-1.189949,-0.550498,-0.810771
ISIC_0033953,1,0.293975,0.343297,-0.598825
ISIC_0033954,0,0.041587,-1.422797,-0.208301
ISIC_0033956,1,0.714076,0.566132,0.726613
ISIC_0033957,1,-0.377792,0.84532,1.612775
ISIC_0033959,0,-0.11442,0.824756,0.295294
ISIC_0033962,1,-0.229074,0.373505,0.12378
ISIC_0033966,0,-0.390989,0.072797,-0.414131
ISIC_0033967,1,-1.12645,0.289098,0.15975
ISIC_0033968,1,0.890254,-0.415726,0.852854
ISIC_0033975,1,0.686059,0.132821,-0.131062
ISIC_0033977,1,0.174854,0.563624,0.67168
ISIC_0033980,1,-0.346561,-0.511904,0.375232
ISIC_0033981,1,0.614645,0.881498,0.3243
ISIC_0033985,1,-1.059497,0.400551,0.592687
ISIC_0033986,1,0.299308,-0.439413,0.358567
ISIC_0033995,1,0.540307,0.430694,0.495195
ISIC_0033998,0,0.023787,0.30446,-0.570846
ISIC_0034000,1,-0.57722,-0.451971,0.775943
ISIC_0034002,1,0.318249,0.996532,1.112652
ISIC_0034006,1,-1.083852,1.041536,0.231476
ISIC_0034012,1,0.071169,0.896421,-0.365382
ISIC_0034022,1,0.04013,0.399736,0.530481
ISIC_0034032,0,-0.165724,0.12821,-0.621676
ISIC_0034034,1,-0.736256,-0.299185,-0.062048
ISIC_0034036,1,0.45081,0.708922,0.780445
ISIC_0034039,0,-0.978439,-0.416626,-0.510352
ISIC_0034042,0,-0.385814,0.737437,-0.094229
ISIC_0034044,0,-0.115785,-0.642235,-1.618591
ISIC_0034046,1,0.339773,0.797501,-0.003634
ISIC_0034048,1,1.085849,0.623052,0.134258
ISIC_0034049,1,0.109274,0.929151,0.251997
ISIC_0034050,1,-0.072063,1.060162,0.356614
ISIC_0034051,1,-1.126224,0.413157,0.156593
ISIC_0034052,1,-0.546574,0.434738,0.535933
ISIC_0034053,0,-0.345614,0.138127,-0.612202
ISIC_0034059,1,1.092075,0.956662,0.933134
ISIC_0034061,1,-0.15889,0.502051,0.518073
ISIC_0034062,1,0.128815,-0.256681,0.236352
ISIC_0034065,1,-0.430129,0.059306,-0.025269
ISIC_0034068,1,1.262672,1.084489,0.552792
ISIC_0034069,0,-0.423079,-0.042866,-0.830556
ISIC_0034071,1,0.939732,-0.251107,0.28054
ISIC_0034074,1,-0.061065,-0.126573,0.662722
ISIC_0034075,0,-0.487753,0.449039,0.415177
ISIC_0034076,1,1.184875,0.204247,0.980576
ISIC_0034079,0,0.13308,-0.576513,-0.384844
ISIC_0034086,0,-0.079148,-0.286912,-0.054653
ISIC_0034087,1,-0.045999,-1.139575,0.380103
ISIC_0034089,1,0.350301,0.679919,0.514114
ISIC_0034090,0,0.946467,0.320204,0.622428
ISIC_0034092,1,1.60569,-0.151317,0.944413
ISIC_0034094,1,0.941866,1.207939,0.429897
ISIC_0034100,1,0.898244,1.275842,0.428283
ISIC_0034101,1,0.813433,1.707161,0.818517
ISIC_0034104,1,0.373637,0.061667,0.786444
ISIC_0034106,1,-0.32432,0.49196,0.848909
ISIC_0034107,1,0.058645,-0.414407,1.22754
ISIC_0034117,1,0.963948,1.279865,0.065151
ISIC_0034118,1,-0.987153,-0.531201,-0.090588
ISIC_0034120,1,-0.81103,-0.260487,0.537255
ISIC_0034133,0,0.187047,-0.078752,0.142117
ISIC_0034134,1,1.286376,1.308677,0.160965
ISIC_0034140,1,1.375099,0.820689,0.553668
ISIC_0034141,1,1.056412,-0.143213,0.703616
ISIC_0034144,0,-0.021896,0.400886,0.06021
ISIC_0034150,1,0.835656,0.604928,0.180295
ISIC_0034156,0,-0.653757,0.712428,0.446078
ISIC_0034159,1,-0.169598,0.195137,0.432719
ISIC_0034162,1,1.068024,0.863687,0.443142
ISIC_0034164,0,-0.513085,-0.839817,0.81366
ISIC_0034166,0,1.140226,1.308754,-0.48305
ISIC_0034170,1,0.863697,0.683717,0.038872
ISIC_0034172,1,-0.495901,-0.908371,-0.05755
ISIC_0034173,1,-0.068786,0.308545,0.734311
ISIC_0034180,1,1.332166,0.177197,0.645255
ISIC_0034183,1,-0.216247,-0.005978,0.841308
ISIC_0034187,0,-1.281478,0.281536,0.8556
ISIC_0034188,1,-0.823181,-0.249087,-0.274291
ISIC_0034192,0,0.622169,0.110921,1.005658
ISIC_0034193,0,-0.898,-0.253191,-1.077632
ISIC_0034194,0,-1.675513,-1.258848,-1.181901
ISIC_0034199,0,-1.130949,0.225448,-0.510044
ISIC_0034202,1,-0.234293,0.722521,0.74082
ISIC_0034207,0,-0.147789,0.148643,0.548264
ISIC_0034208,1,1.34356,-0.585083,0.446478
ISIC_0034209,0,0.137289,1.067982,0.342383
ISIC_0034210,0,-0.483325,0.481231,0.35833
ISIC_0034211,1,-0.067955,-0.157295,0.79132
ISIC_0034216,1,0.435679,0.929179,1.521074
ISIC_0034217,0,-0.773217,-0.111233,0.647463
ISIC_0034218,1,1.002736,0.094466,1.283113
ISIC_0034222,1,0.334032,0.018961,0.995415
ISIC_0034232,0,-0.475531,-1.245389,0.213051
ISIC_0034233,1,0.603575,1.219939,0.864724
ISIC_0034236,1,0.704324,0.551385,0.50827
ISIC_0034237,0,0.365276,0.941673,0.780918
ISIC_0034239,1,-0.635962,-0.804168,0.52784
ISIC_0034242,1,-0.131389,0.636085,0.586164
ISIC_0034243,1,-0.218758,0.541541,1.354466
ISIC_0034246,1,1.005641,0.730772,0.252781
ISIC_0034253,1,0.345591,0.628385,0.563666
ISIC_0034256,1,0.839496,0.756682,0.539786
ISIC_0034260,0,0.032908,0.542724,0.36911
ISIC_0034262,1,-0.874247,-0.426434,0.36497
ISIC_0034263,1,1.473446,0.649973,0.257801
ISIC_0034265,0,0.637754,0.379723,0.019147
ISIC_0034268,0,-0.520063,0.205885,1.245081
ISIC_0034287,1,-0.652755,-0.217222,0.297956
ISIC_0034289,1,-0.605423,-0.386616,-0.311523
ISIC_0034294,1,-0.515356,0.016241,0.995844
ISIC_0034304,0,-0.543316,1.221943,0.668871
ISIC_0034311,0,-0.163098,0.451772,0.409145
ISIC_0034313,1,0.77941,0.619289,0.642283
ISIC_0034316,1,0.75122,0.585841,1.439951
ISIC_0034317,1,-0.708327,0.020396,-0.44332
ISIC_0046222,0,-0.86452,-0.047435,-0.520838
ISIC_0046223,0,-0.876301,1.081233,0.16081
ISIC_0046224,1,0.375981,0.805526,0.829056
ISIC_0046225,1,0.354325,0.205086,0.251385
ISIC_0046305,1,-0.16821,-0.278218,-1.138959
ISIC_0046315,1,0.346938,0.280589,-0.143022
ISIC_0046316,0,0.64852,0.324106,0.144308
ISIC_0046323,1,-1.662477,-0.566801,0.105041
ISIC_0046331,1,-0.593933,-0.44748,0.363673
ISIC_0046340,1,-0.692136,0.897718,0.698833
ISIC_0046344,1,0.010778,1.456931,0.392136
ISIC_0046345,1,-0.032485,-0.751362,0.411903
ISIC_0046351,0,-0.845517,-0.183772,0.491407
ISIC_0046361,1,1.02793,0.557544,1.339511
ISIC_0046394,1,1.284811,0.558334,1.003753
ISIC_0046405,1,0.693505,1.04598,1.021923
ISIC_0046416,1,0.715866,1.95615,0.8471
ISIC_0046422,1,-0.474085,-0.352428,-0.482529
ISIC_0046429,0,-1.031564,0.15065,-0.403201
ISIC_0046441,1,0.525844,0.7856,0.402535
ISIC_0046443,1,0.974602,-0.178062,-0.653744
ISIC_0046449,1,0.737006,1.8055,1.29955
ISIC_0046450,1,-0.37781,-0.376478,-0.33336
ISIC_0046458,1,-0.712537,-1.390308,0.06689
ISIC_0046471,1,0.695384,1.327313,-0.025155
ISIC_0046504,1,0.134115,0.729462,0.819168
ISIC_0046526,1,1.496157,1.150541,1.206426
ISIC_0046537,0,-0.788504,-0.154491,0.8352
ISIC_0046571,1,1.146174,-0.607275,-0.127351
ISIC_0046596,1,-0.811891,-0.071889,0.915933
ISIC_0046597,1,-0.495893,-1.303782,0.306805
ISIC_0046609,1,0.229412,0.207512,0.850393
ISIC_0046615,0,-0.196716,-0.733343,0.818795
ISIC_0046618,1,1.193181,0.271285,0.634121
ISIC_0046622,1,-0.314152,0.772618,1.141587
ISIC_0046623,1,-0.878326,0.118261,0.37641
ISIC_0046626,1,-0.489379,1.150442,0.423524
ISIC_0046628,1,-1.220314,0.007036,-0.532243
ISIC_0046633,1,0.496256,-0.295047,0.811106
ISIC_0046635,0,-1.054938,-0.615288,-0.507183
ISIC_0046640,1,0.780174,0.498033,0.962841
ISIC_0046642,0,-0.374103,-0.245549,-0.389729
ISIC_0046645,1,0.904696,0.305168,1.701931
ISIC_0046647,1,0.058563,1.386326,-0.141642
ISIC_0046659,1,1.214708,0.881605,0.635068
ISIC_0046664,1,0.654463,0.699001,0.896479
ISIC_0046670,1,-0.516341,0.276108,0.57373
ISIC_0046671,1,1.616672,0.049833,0.198063
ISIC_0046672,1,0.140013,1.209624,0.193819
ISIC_0046683,1,-0.567949,0.139794,-0.116024
ISIC_0046693,0,-0.466228,-0.683863,-0.078785
ISIC_0046706,1,0.588721,0.983215,1.798918
ISIC_0046725,1,0.579639,0.49799,-0.520792
ISIC_0046729,0,-0.81722,-1.011984,-1.397674
ISIC_0046741,1,0.538097,0.513913,-0.108349
ISIC_0046773,1,1.450402,1.26417,0.574087
ISIC_0046828,1,0.240599,0.386618,0.626263
ISIC_0046900,1,1.548938,0.933844,0.733749
ISIC_0046908,1,0.312209,-0.087078,0.396897
ISIC_0046917,1,0.354426,0.189042,0.301247
ISIC_0046921,1,0.028706,-0.554537,0.204188
ISIC_0046932,1,-1.496117,-0.036247,-0.024072
ISIC_0046977,0,-0.564497,0.164868,0.243693
ISIC_0046983,1,0.205496,-0.055039,0.057556
ISIC_0046985,1,-1.258077,-0.57092,-0.588137
ISIC_0047003,1,0.938184,0.495838,0.769975
ISIC_0047004,1,-0.695064,1.149354,0.225786
ISIC_0047008,1,-0.618941,-0.944327,-0.152753
ISIC_0047022,1,1.172055,-0.250173,0.672888
ISIC_0047031,1,0.85428,0.999525,0.160719
ISIC_0053469,1,1.375715,0.951594,0.855415
ISIC_0053473,1,1.006931,0.688623,-0.350537
ISIC_0053485,1,0.735138,1.015469,0.443531
ISIC_0053493,0,-0.222513,0.266854,0.064053
ISIC_0053513,1,-0.254475,0.033518,0.51805
ISIC_0053540,0,1.467312,0.366446,0.984592
ISIC_0053541,1,1.22596,0.789807,0.883296
ISIC_0053542,1,1.586748,1.393266,0.891271
ISIC_0053554,0,1.136311,-0.592334,0.380896
ISIC_0053555,1,0.49913,0.766159,0.451803
ISIC_0053572,0,-1.11882,-0.678707,-0.449672
ISIC_0053574,0,-0.713097,0.25919,0.390126
ISIC_0053594,1,1.57512,0.234814,1.525673
ISIC_0053611,1,0.207258,0.352794,-0.576729
ISIC_0053617,1,0.946871,0.943188,0.96764
ISIC_0053659,1,0.001201,0.286722,-0.297561
ISIC_0053674,1,1.251011,0.136132,-0.642272
ISIC_0053686,1,1.059066,0.830911,0.350035
ISIC_0053725,1,0.715994,0.864019,0.176057
ISIC_0053734,1,0.368519,0.207796,1.304337
ISIC_0053742,1,0.881219,1.135679,0.408536
ISIC_0053760,0,-0.006177,-0.060625,-0.369715
ISIC_0053763,1,1.207912,0.604847,0.741989
ISIC_0053765,1,-1.341108,0.186855,0.437437
ISIC_0053791,1,0.999535,1.396604,0.910412
ISIC_0053796,1,0.613372,0.501004,-1.385619
ISIC_0053801,1,-1.218919,-0.354842,0.121678
ISIC_0053810,1,0.925993,1.609787,0.071448
ISIC_0053816,1,0.44253,0.681383,0.663438
ISIC_0053841,1,-0.924921,-0.310192,-0.058349
ISIC_0053846,1,-0.218565,0.149388,-0.490458
ISIC_0053854,1,0.788582,0.70002,0.937866
ISIC_0053884,1,0.481484,-0.24407,0.240055
ISIC_0053916,1,0.923836,1.040072,1.108301
ISIC_0053929,0,-0.829987,-0.225488,-0.983058
ISIC_0053960,1,0.480298,-0.61893,0.010384
ISIC_0053996,1,0.280358,-0.777175,0.044924
ISIC_0054006,1,0.424141,0.109324,0.58289
ISIC_0054021,1,0.990348,1.457639,1.501799
ISIC_0054025,1,-0.264186,0.612472,0.164616
ISIC_0054043,1,1.529363,0.5913,0.858405
ISIC_0054048,1,0.29978,0.834198,0.073733
ISIC_0054053,1,-0.03167,0.534776,0.241246
ISIC_0054070,1,0.394021,-0.192666,-0.045581
ISIC_0054073,1,0.038778,-0.024373,0.718122
ISIC_0054080,1,0.463919,0.585071,0.997719
ISIC_0054087,1,0.17589,0.617175,0.17729
ISIC_0054123,1,0.982857,1.212222,0.233093
ISIC_0054134,0,-0.04713,0.413457,0.171117
ISIC_0054146,1,0.621131,1.153076,1.096564
ISIC_0054151,1,0.343665,-0.015486,-0.260124
ISIC_0054167,1,1.235237,0.993203,1.298131
ISIC_0054185,1,1.687945,0.850317,-0.094383
ISIC_0054206,1,-1.018292,-1.155644,-0.450279
ISIC_0054220,1,-0.117959,1.409693,0.846296
ISIC_0054229,1,0.37474,1.13517,0.192018
ISIC_0054233,1,0.582763,0.585466,0.573937
ISIC_0054239,1,-0.34798,0.256778,0.226885
ISIC_0054244,1,-0.147006,-0.564302,0.856953
ISIC_0054248,1,0.472679,1.237374,0.466025
ISIC_0054280,0,-0.318361,0.414072,0.470376
ISIC_0054284,1,-0.88836,-0.461028,-0.678509
ISIC_0054287,1,0.021207,0.487632,0.327425
ISIC_0054292,1,0.607712,0.880138,0.321411
ISIC_0054312,1,0.569508,0.782108,0.079539
ISIC_0054317,1,1.299571,1.145993,1.585729
ISIC_0054318,0,-0.568215,-0.42375,-0.274763
ISIC_0054329,1,1.22181,0.992857,0.140654
ISIC_0054332,1,0.390066,0.848931,1.368629
ISIC_0054334,1,1.17986,0.981958,0.882373
ISIC_0054341,1,0.187048,1.26371,1.116451
ISIC_0054350,1,1.655352,0.673502,0.923734
ISIC_0054355,1,-0.058863,-0.838026,0.980513
ISIC_0054357,0,0.619621,-0.346685,0.04192
ISIC_0054364,1,-0.181668,0.408027,0.698803
ISIC_0054377,1,0.654745,0.448826,0.193989
ISIC_0054391,1,-0.565628,-0.462149,-0.097596
ISIC_0054395,1,1.114761,0.467614,0.890164
ISIC_0054422,0,-0.178993,0.355358,0.686314
ISIC_0054444,1,-0.451787,0.011754,0.61806
ISIC_0054459,1,0.860254,1.156449,1.324206
ISIC_0054480,0,1.42976,0.145153,-0.043617
ISIC_0054523,1,0.680275,0.180383,0.533608
ISIC_0054527,1,-0.41118,0.941865,0.849553
ISIC_0054528,1,1.266722,0.650907,0.077193
ISIC_0054559,0,-0.841801,0.274829,0.376815
ISIC_0054568,1,-0.17189,-0.281847,-0.121749
ISIC_0054570,1,0.052037,-0.429112,0.418426
ISIC_0054573,1,0.698813,0.500528,1.567245
ISIC_0054599,1,0.511506,0.146876,1.077265
ISIC_0054625,1,0.362968,0.805936,0.231916
ISIC_0054640,0,-0.122986,0.151181,0.352371
ISIC_0054651,1,0.765646,0.653331,1.359172
ISIC_0054652,0,-0.819939,0.574973,0.599957
ISIC_0054655,0,-0.132035,0.36856,0.305068
ISIC_0054663,1,-0.013654,0.17477,-0.108254
ISIC_0054670,1,0.406169,-1.010129,1.015822
ISIC_0054671,1,0.314628,-0.085945,0.27024
ISIC_0054673,1,0.700988,0.038606,1.450163
ISIC_0054677,1,0.873459,0.752785,0.312057
ISIC_0054705,1,-0.039557,1.040719,-0.05187
ISIC_0054728,1,1.070343,-0.035798,0.511104
ISIC_0054744,1,0.312991,-0.211179,0.135262
ISIC_0054748,1,0.018562,1.058792,0.416759
ISIC_0054767,1,0.904454,0.433227,-0.144548
ISIC_0054770,1,-0.281357,0.930437,1.346561
ISIC_0054777,1,0.659965,0.41013,0.903815
ISIC_0054792,0,-0.368537,0.14795,0.163883
ISIC_0054851,1,0.455646,0.863604,1.1672
ISIC_0054874,1,-0.323954,0.347405,1.285381
ISIC_0054885,1,-0.045664,1.175657,0.788454
ISIC_0054886,1,0.223561,1.263258,0.667359
ISIC_0054892,1,1.099569,-0.113988,-0.274956
ISIC_0054906,1,0.552373,0.324921,0.042369
ISIC_0054914,1,0.241155,0.997406,0.959375
ISIC_0054925,0,-0.085759,-0.496122,-0.595297
ISIC_0054932,1,0.646599,0.475689,1.242302
ISIC_0054936,1,1.22725,0.162657,0.506589
ISIC_0054941,1,0.275577,0.444108,0.578583
ISIC_0054954,1,1.121326,1.079211,0.750061
ISIC_0054963,1,0.3313,0.480712,0.51453
ISIC_0054973,1,-0.213661,-0.178161,-0.449447
ISIC_0054974,1,-0.474771,0.677678,0.386894
ISIC_0054982,1,0.205655,1.258478,0.551109
ISIC_0054988,1,-0.055443,0.928485,-0.209869
ISIC_0055003,1,0.941872,0.912482,0.853504
ISIC_0055013,0,-0.484078,-0.60024,0.710404
ISIC_0055022,1,0.482974,1.08771,-0.208755
ISIC_0055024,1,0.178375,0.912299,0.275738
ISIC_0055039,1,0.743528,0.452197,1.307312
ISIC_0055046,1,0.234733,0.112761,0.839478
ISIC_0055048,1,0.730501,-0.237268,0.727308
ISIC_0055054,1,0.366302,0.294456,0.217694
ISIC_0055079,1,1.069146,0.911419,0.250382
ISIC_0055081,1,0.324502,0.441335,1.223844
ISIC_0055086,1,1.04263,0.466194,0.566856
ISIC_0055087,1,0.936098,0.985567,1.752013
ISIC_0055136,1,1.028326,0.499224,0.586726
ISIC_0055140,1,0.236759,0.090018,1.003041
ISIC_0055143,1,0.963927,-0.524501,-0.580199
ISIC_0055147,1,-0.130208,1.071516,-1.070724
ISIC_0055169,1,0.879366,1.091245,1.161147
ISIC_0055179,1,0.531814,0.218604,0.518015
ISIC_0055191,1,0.537118,0.843752,0.375988
ISIC_0055226,1,0.372917,0.618897,0.42799
ISIC_0055240,0,-0.610561,-0.56029,0.660083
ISIC_0055241,1,0.413538,-0.015604,1.00715
ISIC_0055246,1,1.563483,1.225398,-0.084085
ISIC_0055251,0,1.214944,1.268343,0.613957
ISIC_0055253,1,0.404148,-0.169539,0.554467
ISIC_0055265,1,0.214416,0.922819,1.393282
ISIC_0055282,1,-0.245252,0.016718,0.618207
ISIC_0055287,1,0.295155,0.101704,-0.471446
ISIC_0055289,1,1.110402,0.068623,0.957032
ISIC_0055293,1,1.054225,1.561388,0.948938
ISIC_0055297,1,0.337692,0.629062,0.272608
ISIC_0055311,1,-0.125351,-0.162121,0.518406
ISIC_0055314,1,0.317515,0.315181,0.832131
ISIC_0055361,1,0.726586,0.274145,0.542855
ISIC_0055367,1,0.40804,0.95263,1.714302
ISIC_0055378,1,0.542783,0.009351,0.821505
ISIC_0055388,0,0.665716,-1.071072,-0.606736
ISIC_0055393,1,0.861249,1.266992,0.153147
ISIC_0055404,1,-0.319959,1.347091,1.171376
ISIC_0055412,1,0.31985,0.437466,0.871317
ISIC_0055435,0,-0.381554,-0.056474,-0.191966
ISIC_0055438,1,0.301041,-0.223246,-0.002707
ISIC_0055440,1,-0.769139,-0.831581,0.477281
ISIC_0055450,1,0.453794,0.35491,0.433475
ISIC_0055474,1,1.248566,0.219873,0.460271
ISIC_0055491,1,1.077867,0.665439,0.632758
ISIC_0055498,1,0.987978,0.517349,1.054141
ISIC_0055513,1,0.61811,0.385381,0.751401
ISIC_0055526,1,1.107768,0.714182,1.055227
ISIC_0055549,1,-0.091949,0.279142,-0.261656
ISIC_0055550,1,-0.1182,-0.045882,1.332729
ISIC_0055601,0,0.42051,0.099823,-0.890243
ISIC_0055608,0,0.480791,0.793737,-0.191579
ISIC_0055624,1,0.808954,0.484665,0.141301
ISIC_0055675,1,0.898228,0.729691,0.272431
ISIC_0055680,1,-0.053484,0.296019,0.498891
ISIC_0055701,1,0.57543,1.299301,0.132124
ISIC_0055714,1,1.439461,0.544938,0.538198
ISIC_0055727,0,-0.442167,-0.516726,-0.012146
ISIC_0055731,0,-0.147523,0.116335,-0.192659
ISIC_0055737,0,-0.080831,0.108318,-0.367628
ISIC_0055742,1,0.503681,-0.079616,-0.405579
ISIC_0055747,1,0.690657,0.464107,1.231359
ISIC_0055759,1,1.002532,0.882698,-1.016298
ISIC_0055776,1,0.142297,0.309113,0.605729
ISIC_0055781,1,0.531737,0.949035,0.684765
ISIC_0055783,1,-0.965287,-0.221659,0.54411
ISIC_0055797,1,0.529786,-0.206123,0.617752
ISIC_0055820,1,-0.150555,0.524292,0.645331
ISIC_0055826,0,-0.676898,0.412419,-0.753525
ISIC_0055841,1,-0.87792,-0.626352,0.893641
ISIC_0055859,1,0.437308,0.45387,-0.195337
ISIC_0055876,1,-1.041326,-0.302729,0.211247
ISIC_0055887,1,-0.296353,-0.118986,-0.112162
ISIC_0055905,1,-0.523994,-0.176327,0.331604
ISIC_0055911,1,-0.168723,-0.695697,-0.242
ISIC_0055917,0,-0.138898,0.127354,-0.22494
ISIC_0055924,1,0.851972,1.586287,0.498973
ISIC_0055931,1,-0.076073,1.322479,-0.521885
ISIC_0055996,0,-0.219987,-0.275927,-0.736486
ISIC_0056017,1,-0.801457,0.479427,0.208393
ISIC_0056041,1,0.14682,-0.913284,0.827485
ISIC_0056047,1,0.106958,-0.013995,0.251567
ISIC_0056055,0,0.659151,0.379799,0.987511
ISIC_0056063,1,0.215114,0.015492,-0.962945
ISIC_0056089,1,1.097173,0.260921,0.09902
ISIC_0056092,1,0.286715,-0.434254,0.256439
ISIC_0056110,0,-1.106902,-0.585112,-0.953364
ISIC_0056119,1,1.24853,1.175626,1.294794
ISIC_0056127,1,0.779214,-0.036736,0.689112
ISIC_0056141,1,-0.556528,-0.842679,-0.042893
ISIC_0056152,1,-0.122427,-0.200943,-0.245202
ISIC_0056155,0,0.03494,0.656562,0.769072
ISIC_0056156,1,1.197048,-0.645209,-0.111875
ISIC_0056164,1,-0.19279,-0.017132,0.266104
ISIC_0056167,1,-0.464439,0.250661,0.398293
ISIC_0056186,1,0.055659,0.47541,0.465133
ISIC_0056192,1,1.051135,0.299347,0.740427
ISIC_0056201,1,0.853304,1.84049,1.03995
ISIC_0056226,1,-0.007482,0.013536,1.285418
ISIC_0056228,1,1.156289,0.375467,0.325194
ISIC_0056246,1,0.352778,-0.087414,-0.321985
ISIC_0056247,1,0.82203,0.447129,0.040489
ISIC_0056257,0,-0.178242,-0.101253,-0.508336
ISIC_0056260,0,0.100992,0.369617,-0.467852
ISIC_0056271,1,0.689517,1.603365,1.26365
ISIC_0056292,1,0.793739,0.012619,0.04281
ISIC_0056309,1,-0.00988,0.485224,0.78763
ISIC_0056316,0,-0.289486,0.678066,0.986186
ISIC_0056326,0,-0.644424,-0.337067,-0.385456
ISIC_0056330,1,0.002274,0.507607,-0.680834
ISIC_0056339,0,-0.487309,-0.571947,0.896647
ISIC_0056364,1,0.448815,0.818304,0.941321
ISIC_0056389,1,0.47015,0.576586,-0.001866
ISIC_0056391,0,-1.234592,0.358057,0.302564
ISIC_0056406,1,0.976018,1.03652,1.436518
ISIC_0056409,1,-0.37062,0.19958,0.18925
ISIC_0056413,1,0.40823,0.531464,0.036696
ISIC_0056425,1,0.175072,-0.227992,0.28907
ISIC_0056440,1,0.189567,0.643691,0.980505
ISIC_0056444,0,-0.026402,0.083438,0.379545
ISIC_0056466,0,0.286603,0.346289,0.583149
ISIC_0056501,1,0.055515,0.877042,0.477806
ISIC_0056531,1,0.074348,-0.238801,0.145334
ISIC_0056534,0,0.342745,0.297866,-0.594152
ISIC_0056546,1,0.274923,0.700887,0.945622
ISIC_0056572,1,0.116746,0.814212,0.427902
ISIC_0056603,0,-0.68913,0.058323,0.201828
ISIC_0056608,0,-1.199432,-0.500103,0.063474
ISIC_0056635,0,0.87291,0.497439,-0.12171
ISIC_0056655,1,0.128579,0.458385,-0.206065
ISIC_0056660,1,0.931439,-0.382143,1.14392
ISIC_0056677,1,0.369916,1.365248,1.100674
ISIC_0056679,0,-0.549079,0.166063,0.448628
ISIC_0056689,0,-0.659915,-0.88432,-1.239438
ISIC_0056692,1,0.019073,0.06747,0.636826
ISIC_0056707,0,-0.492589,-1.063624,-0.833919
ISIC_0056710,1,0.863526,0.808477,0.200615
ISIC_0056717,1,0.448469,0.743243,1.115509
ISIC_0056723,1,1.417643,1.572348,0.815335
ISIC_0056739,1,0.043438,0.782129,0.857491
ISIC_0056740,1,1.42919,0.803123,0.842066
ISIC_0056749,1,1.026615,0.66631,0.247044
ISIC_0056771,0,-1.103362,-0.312001,0.222753
ISIC_0056784,0,0.968763,0.455601,-0.97396
ISIC_0056788,1,-0.85326,1.009682,1.276878
ISIC_0056790,1,-1.089881,0.014936,-0.055263
ISIC_0056793,1,0.614621,0.874117,0.037822
ISIC_0056796,1,-0.261446,-0.182768,-0.700297
ISIC_0056799,1,0.57989,0.776819,0.182386
ISIC_0056811,0,0.356137,-0.895885,0.462425
ISIC_0056817,1,0.232133,0.983268,0.466924
ISIC_0056819,1,-0.202688,0.046195,0.093787
ISIC_0056849,1,0.116884,1.296249,1.666094
ISIC_0056860,1,0.223067,0.855102,0.629279
ISIC_0056900,1,-0.646799,0.355363,0.074484
ISIC_0056902,1,0.171026,-0.176866,1.398738
ISIC_0056915,1,-0.047218,0.555804,0.230348
ISIC_0056921,1,0.33639,1.063078,1.400579
ISIC_0056930,0,-1.202475,-1.433874,-1.086599
ISIC_0056937,1,0.891545,0.664713,0.515029
ISIC_0056938,1,0.965871,0.434289,-0.0874
ISIC_0056957,1,0.660647,0.371935,1.053151
ISIC_0056979,1,0.514513,0.728804,0.777135
ISIC_0056983,1,0.215185,0.904429,0.669492
ISIC_0056984,1,0.525202,0.338029,-0.246692
ISIC_0056991,1,-0.314412,-0.016462,-0.714211
ISIC_0057009,1,0.057805,1.63347,0.326344
ISIC_0057015,1,0.701752,0.032091,0.439229
ISIC_0057016,1,1.265055,0.82457,0.644777
ISIC_0057026,0,0.180045,0.18011,-0.410792
ISIC_0057028,0,-0.364924,-0.51906,-0.232959
ISIC_0057032,1,-1.12591,-0.004873,0.855595
ISIC_0057048,1,0.869443,0.547908,0.465528
ISIC_0057059,0,0.160481,0.305373,0.904052
ISIC_0057067,1,0.987786,1.098482,0.904712
ISIC_0057083,1,-0.425213,0.112999,1.05048
ISIC_0057089,1,-0.562117,-0.219627,-0.25693
ISIC_0057155,1,0.152278,1.096603,1.373574
ISIC_0057164,1,0.421874,0.767665,-0.06624
ISIC_0057169,1,-0.163526,0.157003,0.152525
ISIC_0057180,1,1.022391,0.839824,1.354252
ISIC_0057184,0,0.039926,-0.352296,-0.774193
ISIC_0057188,1,1.0133,1.313988,0.260387
ISIC_0057192,1,1.240627,0.486798,-0.888634
ISIC_0057199,1,-0.203738,0.827114,-0.082471
ISIC_0057218,1,-0.211991,0.091752,1.489427
ISIC_0057244,1,0.13823,0.10845,0.458469
ISIC_0057259,0,-0.177047,0.776724,-0.600873
ISIC_0057286,1,0.939854,0.985595,1.276825
ISIC_0057287,0,-1.603376,-0.570864,1.007606
ISIC_0057307,1,0.219848,0.073262,0.427627
ISIC_0057313,1,-0.207999,-0.058562,0.701287
ISIC_0057328,1,1.171116,0.808269,0.188519
ISIC_0057344,1,-1.694862,-1.087332,-0.668913
ISIC_0057362,1,0.166793,0.298782,0.212254
ISIC_0057371,1,-0.701982,0.426941,0.718977
ISIC_0057374,1,1.104992,0.188275,-0.185441
ISIC_0057395,1,-0.165535,0.179675,-0.625855
ISIC_0057406,1,-0.090531,0.456103,1.32354
ISIC_0057420,0,-0.876958,0.218372,-0.212538
ISIC_0057462,1,0.723252,0.516172,0.906125
ISIC_0057481,0,-0.040502,0.159096,0.558464
ISIC_0057484,0,0.241969,0.427101,0.636628
ISIC_0057487,0,1.443751,-0.636408,1.440755
ISIC_0057495,0,0.16633,-0.636955,-1.004235
ISIC_0057496,1,-0.487197,0.041366,0.037383
ISIC_0057518,1,-0.003132,1.390443,0.962853
ISIC_0057531,1,0.384887,0.509965,0.087823
ISIC_0057539,1,1.086447,0.722736,0.809091
ISIC_0057556,1,0.656094,0.611898,0.905066
ISIC_0057593,1,-0.889074,0.612724,-0.255943
ISIC_0057594,1,0.389074,0.590817,1.037427
ISIC_0057617,1,1.257634,0.484753,0.321555
ISIC_0057655,1,0.327631,1.08109,0.904778
ISIC_0057656,1,0.636338,1.235525,0.414031
ISIC_0057661,1,-0.722715,-0.172392,-0.214816
ISIC_0057669,0,0.557566,-0.550499,-0.184943
ISIC_0057692,1,0.084865,-0.001239,0.533973
ISIC_0057696,0,0.383669,-0.304265,1.223693
ISIC_0057702,1,-0.22333,0.246187,-0.506077
ISIC_0057716,1,0.766388,-0.9216,-0.430968
ISIC_0057753,1,-0.52853,-0.615596,-0.034573
ISIC_0057759,1,0.356321,0.390565,1.181934
ISIC_0057762,1,0.804393,-0.41779,-0.21124
ISIC_0057787,1,0.331506,1.668642,1.089044
ISIC_0057815,1,1.047131,0.449905,-0.802261
ISIC_0057821,1,1.076149,0.323928,0.893545
ISIC_0057858,0,0.157938,-0.731447,0.902759
ISIC_0057881,1,0.310093,0.583878,0.238539
ISIC_0057892,0,0.30523,-0.872918,0.675553
ISIC_0057898,1,0.526201,-0.4287,0.930721
ISIC_0057913,1,0.300566,0.895272,0.66046
ISIC_0057949,1,0.314156,1.018526,0.73996
ISIC_0057963,1,0.289663,1.410932,0.832991
ISIC_0057978,1,1.009296,0.784583,0.546414
ISIC_0057988,0,0.838058,-0.004463,-0.453839
ISIC_0057997,1,-0.718384,-0.091438,0.60471
ISIC_0057999,1,0.6851,-0.364813,0.196708
ISIC_0058016,1,0.295133,1.656574,1.280091
ISIC_0058021,1,0.443776,0.226688,-0.185151
ISIC_0058022,1,1.42092,1.409024,1.345689
ISIC_0058024,1,0.890495,0.313461,0.401875
ISIC_0058033,1,1.003084,-0.122602,0.9124
ISIC_0058035,0,0.247316,0.867454,0.552464
ISIC_0058040,1,0.417566,0.938103,0.702155
ISIC_0058046,1,-0.943945,0.717987,0.028306
ISIC_0058047,1,0.338279,0.239003,0.963649
ISIC_0058054,0,0.024529,-0.732722,0.066112
ISIC_0058063,1,-0.039198,0.841983,-0.023385
ISIC_0058071,0,0.79275,1.222117,0.470389
ISIC_0058079,0,-0.819015,0.507859,0.863988
ISIC_0058098,1,-0.106072,0.999855,1.156704
ISIC_0058125,1,0.521417,0.700241,0.580831
ISIC_0058132,0,-0.508571,-0.251527,0.121971
ISIC_0058138,1,1.482817,1.106081,0.397075
ISIC_0058149,1,0.620582,1.03577,0.329505
ISIC_0058151,1,-0.150702,0.983151,-0.342421
ISIC_0058158,0,1.206285,0.931181,0.310598
ISIC_0058164,1,1.403577,0.736118,0.479109
ISIC_0058174,1,1.180336,1.178181,-0.41547
ISIC_0058177,1,0.652803,1.010769,0.618987
ISIC_0058186,0,-0.406664,-0.225334,-0.626042
ISIC_0058198,0,-0.472304,0.540815,0.235151
ISIC_0058199,0,-0.689282,0.504913,-0.63996
ISIC_0058206,1,0.500328,1.231386,0.654066
ISIC_0058224,1,0.47771,0.350056,0.77157
ISIC_0058255,1,-0.751895,-0.45233,-0.584121
ISIC_0058303,1,-0.465808,0.585014,0.631742
ISIC_0058315,1,0.007518,1.145596,1.091124
ISIC_0058331,1,-0.116352,-0.259961,0.056809
ISIC_0058346,1,-0.087247,0.351465,0.05885
ISIC_0058376,1,0.212127,0.939694,-0.493896
ISIC_0058408,1,0.140938,-0.187082,0.58069
ISIC_0058418,1,0.020285,0.482314,0.089238
ISIC_0058428,1,-0.329645,0.965602,0.334818
ISIC_0058432,1,0.546635,0.30844,-0.173976
ISIC_0058496,1,0.567079,0.840765,0.8839
ISIC_0058501,1,0.159591,0.458656,0.420138
ISIC_0058508,1,1.080717,0.727395,0.022687
ISIC_0058513,1,0.816439,-0.130536,0.646228
ISIC_0058529,0,-0.310604,0.498509,-0.108124
ISIC_0058580,1,0.995069,0.656777,0.206332
ISIC_0058585,0,0.647036,-0.26463,-0.278644
ISIC_0058594,0,-0.033704,-0.295308,1.285252
ISIC_0058607,1,0.287152,0.703692,0.580652
ISIC_0058617,1,0.705671,0.622344,0.107194
ISIC_0058625,1,0.28022,1.049645,-0.029491
ISIC_0058647,1,0.508226,1.073577,0.526035
ISIC_0058649,1,1.048239,0.903057,0.647545
ISIC_0058658,1,-0.446727,0.802048,0.42419
ISIC_0058661,0,-0.104365,-0.925923,0.727275
ISIC_0058666,1,1.072965,1.085145,1.130758
ISIC_0058676,1,0.920711,0.927234,1.028812
ISIC_0058716,1,0.257986,0.388545,-0.169307
ISIC_0058723,1,0.008155,0.009878,-0.031562
ISIC_0058730,0,-0.571732,-0.470776,1.205806
ISIC_0058753,1,0.708319,-0.184732,1.339372
ISIC_0058768,1,1.002545,0.820129,0.904874
ISIC_0058781,1,0.923338,0.614289,0.235044
ISIC_0058823,0,0.548782,-0.043233,0.299302
ISIC_0058828,0,0.147876,0.595581,0.210952
ISIC_0058836,1,0.260535,0.314508,0.462156
ISIC_0058837,1,0.497914,1.348052,0.415187
ISIC_0058851,1,-0.195525,-0.372525,-0.118635
ISIC_0058858,1,1.122317,0.039572,0.190585
ISIC_0058863,1,-0.766151,0.698001,-0.904569
ISIC_0058877,1,-0.524173,0.088408,1.264181
ISIC_0058891,0,-0.448171,-0.528217,0.175436
ISIC_0058906,0,-0.900499,-0.343024,0.591837
ISIC_0058909,1,0.388824,0.793328,1.23484
ISIC_0058926,1,0.584043,1.049534,0.125229
ISIC_0058946,0,-0.546335,0.377581,0.356795
ISIC_0058950,0,-0.108333,-0.124811,0.017429
ISIC_0058954,0,-0.159845,-0.63165,-0.650014
ISIC_0058998,0,0.154103,-0.017524,0.086868
ISIC_0059005,1,-0.367862,-0.274783,-0.733769
ISIC_0059037,1,-0.214831,0.14847,-0.606365
ISIC_0059041,0,-0.058663,0.301409,-0.241207
ISIC_0059052,1,-0.364613,-0.721787,0.749388
ISIC_0059065,1,0.422986,0.619221,0.544403
ISIC_0059066,1,-0.22877,-0.139126,0.05794
ISIC_0059082,1,0.979397,0.664817,1.3169
ISIC_0059093,1,0.97667,0.701934,1.277253
ISIC_0059170,1,-0.951607,-0.259553,-0.918048
ISIC_0059181,1,-0.045944,0.15224,0.927497
ISIC_0059216,1,0.694835,1.718917,1.44963
ISIC_0059219,1,1.078436,-0.667284,-1.301266
ISIC_0059248,1,0.918378,1.635752,1.026093
ISIC_0059257,0,-0.803488,-0.485122,-1.021877
ISIC_0059264,1,0.573454,0.41984,-0.123254
ISIC_0059273,1,0.89347,0.709599,1.26123
ISIC_0059294,1,1.058451,0.825605,0.345899
ISIC_0059303,0,-0.323232,0.633334,0.241651
ISIC_0059314,1,0.990486,1.031942,0.901288
ISIC_0059330,1,0.631898,1.097547,0.068756
ISIC_0059336,1,0.160335,0.957806,1.480926
ISIC_0059341,0,-0.491114,-0.412884,0.599018
ISIC_0059349,1,0.360398,0.158778,0.082214
ISIC_0059350,1,0.079346,-0.570599,-0.502014
ISIC_0059353,1,1.068616,0.231997,0.066003
ISIC_0059357,0,0.282537,0.064309,-0.332461
ISIC_0059368,0,-0.620536,-0.265888,0.681187
ISIC_0059390,0,0.110082,0.842325,0.128705
ISIC_0059411,1,1.477764,0.758241,0.198763
ISIC_0059412,1,1.072462,-0.027423,0.617396
ISIC_0059421,1,-0.19884,-0.148264,-0.772481
ISIC_0059423,1,-0.551026,0.015173,-0.100977
ISIC_0059427,1,0.179355,0.569002,-0.036046
ISIC_0059432,0,-0.550252,-0.733955,-0.145283
ISIC_0059435,1,1.387793,0.087554,0.455185
ISIC_0059440,1,0.637367,1.536613,0.779616
ISIC_0059485,0,-1.431241,-0.768918,0.426715
ISIC_0059501,0,-0.781187,0.621443,-0.03384
ISIC_0059506,1,1.134401,0.772661,1.295177
ISIC_0059512,1,-0.281869,-0.357132,-1.012893
ISIC_0059547,1,0.392585,1.188632,0.514873
ISIC_0059551,1,1.773034,0.873931,1.169179
ISIC_0059569,1,0.593765,0.049318,0.447274
ISIC_0059571,0,0.466661,0.689883,1.124559
ISIC_0059593,1,-0.27183,-0.191722,-0.168788
ISIC_0059597,1,0.203922,0.375658,1.077549
ISIC_0059601,1,0.806108,0.895954,0.386794
ISIC_0059609,0,-0.8147,0.283373,0.502091
ISIC_0059625,0,-1.371711,-1.152764,-0.578676
ISIC_0059626,0,-0.531459,0.100454,0.643554
ISIC_0059632,1,1.116493,0.263369,-0.012116
ISIC_0059671,1,0.392521,1.639365,1.326567
ISIC_0059686,1,-0.097782,0.244815,0.488314
ISIC_0059707,1,0.667817,1.120775,0.662713
ISIC_0059722,0,-0.499124,0.082148,0.306612
ISIC_0059733,1,0.924622,1.043163,0.257249
ISIC_0059768,1,0.775406,0.366061,1.22915
ISIC_0059769,0,-0.190172,-0.690326,-0.403731
ISIC_0059773,1,0.331896,0.991928,0.785783
ISIC_0059786,1,-0.70931,-0.334587,-0.06754
ISIC_0059808,1,0.562348,0.521647,-0.009075
ISIC_0059836,1,-0.388669,-0.060338,-0.928808
ISIC_0059840,1,0.031997,0.306282,-0.102201
ISIC_0059846,0,-0.303641,0.38381,0.307691
ISIC_0059855,1,0.335786,1.524562,0.599549
ISIC_0059864,0,0.287965,-0.190748,0.874245
ISIC_0059866,1,0.476672,-0.06132,-0.431909
ISIC_0059884,1,0.649866,0.353565,1.386813
ISIC_0059891,1,0.998383,1.075995,-0.135447
ISIC_0059892,1,-0.290739,-0.370272,-0.691781
ISIC_0059897,1,0.998823,1.10133,0.735344
ISIC_0059904,1,0.408669,0.24995,0.390875
ISIC_0059905,1,0.815838,0.162912,0.714438
ISIC_0059925,0,-0.106774,0.082067,0.580233
ISIC_0059929,1,0.427482,0.029109,1.340539
ISIC_0059943,1,0.75792,1.792218,1.536831
ISIC_0059948,1,0.772646,-0.134046,-0.254513
ISIC_0059959,0,-0.066266,-0.624309,-0.495815
ISIC_0059976,1,-1.832912,-0.674522,-0.464453
ISIC_0059983,1,-0.164938,-0.288656,-0.247034
ISIC_0059987,1,0.360088,0.964828,0.403523
ISIC_0060032,1,0.179673,0.345981,1.206677
ISIC_0060033,1,-1.028867,-0.50466,0.697502
ISIC_0060050,0,-1.495095,-0.676505,-0.024296
ISIC_0060089,0,-0.301642,0.733724,0.260333
ISIC_0060091,1,0.699592,1.483451,0.927801
ISIC_0060096,1,-0.080512,0.788809,1.086378
ISIC_0060148,1,1.548956,0.621251,0.565203
ISIC_0060153,1,0.141446,0.595271,0.315821
ISIC_0060154,1,-0.301695,0.549478,0.311356
ISIC_0060158,0,-0.933875,0.128339,0.01261
ISIC_0060219,1,-0.04516,0.437664,1.709194
ISIC_0060222,1,1.142132,0.572246,-0.208014
ISIC_0060233,1,-0.102949,0.614453,0.00529
ISIC_0060266,1,1.318148,1.547239,0.689159
ISIC_0060297,1,0.358008,1.489525,0.880859
ISIC_0060308,1,0.512144,0.690673,1.164257
ISIC_0060321,0,0.450775,0.930423,0.423534
ISIC_0060326,1,0.4307,0.094199,-0.204088
ISIC_0060341,1,0.923994,0.843387,0.188582
ISIC_0060342,1,0.494748,0.681787,-0.406674
ISIC_0060351,0,-1.208575,0.467593,0.275385
ISIC_0060355,1,0.301071,1.198399,-0.081834
ISIC_0060380,1,0.840341,0.957877,0.503213
ISIC_0060386,1,-0.463393,-0.514383,-0.163891
ISIC_0060390,1,0.747388,0.847081,1.513907
ISIC_0060397,1,1.150857,1.288942,0.423497
ISIC_0060403,1,-0.141074,1.022033,0.647935
ISIC_0060446,1,0.459674,1.053712,0.792876
ISIC_0060452,0,0.222641,0.150987,-0.317309
ISIC_0060481,1,1.171135,1.106511,0.946841
ISIC_0060486,0,0.046032,-0.839945,0.127481
ISIC_0060508,1,-0.986441,-0.454424,-0.0257
ISIC_0060525,1,-0.279848,-0.588857,-0.23208
ISIC_0060535,0,0.113585,-0.331978,-0.644153
ISIC_0060558,1,0.664326,0.427248,0.233313
ISIC_0060559,1,0.931949,0.015003,0.932152
ISIC_0060585,1,-0.820526,0.236398,0.879336
ISIC_0060586,1,-0.643977,0.100692,1.331644
ISIC_0060589,1,0.395093,0.163499,0.29234
ISIC_0060621,1,0.755006,1.29682,1.443663
ISIC_0060626,0,-0.988264,-0.506797,-0.094235
ISIC_0060629,1,1.262226,0.282204,-0.140607
ISIC_0060656,1,0.09446,0.417774,0.270353
ISIC_0060659,1,0.091513,-0.486868,1.113504
ISIC_0060660,1,0.03943,0.517028,-0.25459
ISIC_0060679,1,0.003555,0.624601,0.119851
ISIC_0060696,1,0.941666,0.838277,-0.331348
ISIC_0060700,1,0.559187,-0.466993,-0.084751
ISIC_0060705,0,-0.203883,-0.246219,-0.918679
ISIC_0060707,0,0.657154,-0.02676,0.027785
ISIC_0060716,0,0.712415,0.393223,0.968976
ISIC_0060719,0,-0.142736,-0.466234,0.327783
ISIC_0060741,1,-0.859651,-0.496656,0.023783
ISIC_0060749,1,0.022564,-0.555286,0.307746
ISIC_0060760,1,0.4959,-0.386732,0.328657
ISIC_0060773,1,0.970939,0.32157,1.228831
ISIC_0060817,1,1.388839,1.55712,1.239488
ISIC_0060827,1,0.196015,-0.002985,0.346365
ISIC_0060829,1,0.744697,0.132547,0.727865
ISIC_0060832,1,1.603031,0.519031,-0.020835
ISIC_0060848,0,0.654729,0.433515,0.55391
ISIC_0060860,0,-0.809857,0.14497,-0.410834
ISIC_0060893,1,0.670159,1.135226,1.36516
ISIC_0060897,1,0.710396,0.6411,0.575027
ISIC_0060934,1,0.138117,-0.461561,0.515788
ISIC_0060937,1,-0.451213,-0.295338,0.108082
ISIC_0060946,1,1.207124,0.439117,0.883773
ISIC_0060955,1,1.186645,0.280547,-0.319156
ISIC_0060962,1,0.027759,1.29778,0.018617
ISIC_0060968,1,0.082224,1.025376,0.935511
ISIC_0060972,1,1.248969,0.536208,1.672786
ISIC_0060975,1,0.918399,1.57447,0.64914
ISIC_0060978,1,-0.099413,-0.673615,0.53553
ISIC_0060979,1,0.216811,-0.309025,0.673771
ISIC_0060992,0,-0.471292,-0.150005,0.267044
ISIC_0060999,1,-1.191957,-0.119101,0.353107
ISIC_0061011,1,1.017846,-0.401756,0.080859
ISIC_0061021,1,-0.377929,-1.189753,0.422245
ISIC_0061029,1,0.462862,0.962933,1.13812
ISIC_0061066,1,-0.854917,0.550064,0.65984
ISIC_0061067,1,-0.174584,-0.261061,0.68683
ISIC_0061077,1,0.471418,-1.077941,0.449235
ISIC_0061085,1,0.229681,0.113359,0.063103
ISIC_0061092,1,0.204649,0.869352,1.585999
ISIC_0061108,1,0.550595,1.02452,-0.051872
ISIC_0061141,1,0.887458,0.08995,0.81006
ISIC_0061152,1,0.516145,0.633619,-0.637216
ISIC_0061158,1,-0.120784,-0.044153,-0.027787
ISIC_0061164,0,-0.461871,0.073031,-0.542759
ISIC_0061183,1,0.855241,0.179855,0.6856
ISIC_0061184,1,0.749734,0.710074,0.353764
ISIC_0061188,1,0.284197,0.523611,0.751857
ISIC_0061199,0,0.929568,1.292825,0.373015
ISIC_0061224,1,0.734945,0.91066,-0.047279
ISIC_0061231,1,0.704379,-0.342988,0.927113
ISIC_0061244,1,-0.900317,0.4522,-0.246404
ISIC_0061252,1,1.529872,0.733168,0.505479
ISIC_0061265,1,0.193727,1.203212,1.27141
ISIC_0061293,1,0.461763,1.124968,1.025697
ISIC_0061300,1,0.665107,0.785697,0.314967
ISIC_0061315,1,0.235446,1.170326,-0.11547
ISIC_0061320,1,1.052361,0.231114,1.094399
ISIC_0061334,1,0.871588,0.442076,0.613935
ISIC_0061336,1,-0.157571,0.237933,0.277466
ISIC_0061343,0,-0.355229,-0.177248,-0.014627
ISIC_0061359,1,1.606257,0.281667,-0.107943
ISIC_0061371,1,1.303119,0.302432,0.968931
ISIC_0061379,1,1.396076,1.515151,0.665462
ISIC_0061381,0,-0.649849,-0.802602,-0.219532
ISIC_0061418,1,0.571764,0.41343,0.630053
ISIC_0061441,1,1.18631,-0.129387,1.444058
ISIC_0061454,1,0.309533,0.648948,-0.906978
ISIC_0061475,1,1.246463,1.196545,0.535021
ISIC_0061479,1,0.561323,0.317276,0.666307
ISIC_0061491,1,1.008688,0.517879,1.150015
ISIC_0061509,1,-0.626169,-0.050965,-0.423813
ISIC_0061516,1,1.295285,0.143898,0.561314
ISIC_0061531,1,1.447011,-0.07901,0.963242
ISIC_0061544,1,0.705097,-0.08489,0.197598
ISIC_0061558,0,-0.322351,-0.54921,-0.243148
ISIC_0061559,1,0.372177,0.799167,0.518146
ISIC_0061562,0,-0.240468,-1.181143,-0.013628
ISIC_0061566,1,1.366796,0.219921,0.99587
ISIC_0061580,1,0.564221,1.271586,0.142734
ISIC_0061581,1,-0.365428,0.075318,0.558204
ISIC_0061583,1,-0.171099,1.08004,1.309183
ISIC_0061606,1,-0.602924,1.223072,1.068867
ISIC_0061623,1,0.68415,0.159648,-0.078983
ISIC_0061624,1,1.369157,0.604399,1.502853
ISIC_0061625,1,0.964627,0.362213,0.723167
ISIC_0061627,0,0.261473,-0.92413,0.268574
ISIC_0061630,1,0.058574,0.482417,-0.267184
ISIC_0061643,1,0.789739,1.714358,1.002721
ISIC_0061647,1,0.654409,1.044474,1.149407
ISIC_0061685,1,0.789566,1.287293,0.994531
ISIC_0061705,1,-0.384439,-0.564406,-0.934709
ISIC_0061734,0,0.003348,0.23653,1.341211
ISIC_0061735,1,-0.209066,-1.291462,0.101246
ISIC_0061749,0,-1.024661,0.411159,0.891144
ISIC_0061751,1,0.804612,0.579225,1.084858
ISIC_0061803,0,-0.830186,0.254138,-0.670859
ISIC_0061806,1,0.51425,0.159891,0.004759
ISIC_0061825,1,1.696425,0.185081,1.166419
ISIC_0061829,1,1.249382,0.923039,0.560667
ISIC_0061848,1,0.139068,1.107195,0.70216
ISIC_0061870,1,1.263696,-0.329125,0.224602
ISIC_0061880,1,0.510353,0.254981,0.006202
ISIC_0061884,1,0.630148,-0.48958,-0.418406
ISIC_0061915,1,1.149255,1.103596,1.307821
ISIC_0061918,1,0.843903,0.798538,-0.031455
ISIC_0061936,1,1.172606,0.266172,1.192579
ISIC_0061941,1,0.389513,-0.19275,1.24697
ISIC_0061972,0,-0.113108,0.126669,0.195312
ISIC_0062005,1,0.943322,0.748823,0.847951
ISIC_0062025,0,0.35694,-0.546515,0.144068
ISIC_0062026,1,0.46987,0.037869,0.763688
ISIC_0062031,1,-1.013161,1.340379,1.026066
ISIC_0062048,1,0.905607,1.576328,0.992721
ISIC_0062058,1,1.608165,0.861934,0.614743
ISIC_0062077,1,0.767384,0.959303,0.170154
ISIC_0062084,1,-0.796812,-0.026521,0.195132
ISIC_0062087,1,0.952763,0.236637,0.521142
ISIC_0062099,1,0.128937,0.166114,0.724258
ISIC_0062111,1,0.936483,0.944004,1.127032
ISIC_0062114,1,0.653021,0.985492,0.428742
ISIC_0062133,1,0.81664,0.663981,0.784653
ISIC_0062158,1,0.91903,0.690566,-0.200165
ISIC_0062160,1,1.429589,1.397638,0.295621
ISIC_0062161,1,0.773907,1.212883,1.125105
ISIC_0062162,1,0.449802,-0.11307,0.265037
ISIC_0062196,1,0.63084,0.094362,-0.391816
ISIC_0062204,1,0.066517,1.436475,-0.32138
ISIC_0062208,1,0.351953,0.380563,-0.445642
ISIC_0062223,0,0.266534,0.070571,0.551802
ISIC_0062234,1,0.293732,0.999535,0.306277
ISIC_0062235,1,-0.258667,-0.517254,0.467199
ISIC_0062241,1,0.350303,1.192689,0.334038
ISIC_0062286,1,-0.907877,-0.346474,-1.329299
ISIC_0062298,1,-0.832669,-0.310659,0.483611
ISIC_0062301,1,0.745379,1.075234,-0.494541
ISIC_0062313,1,0.72086,1.216435,0.042093
ISIC_0062318,1,1.386146,1.119172,0.373416
ISIC_0062323,1,0.547591,0.709973,0.265987
ISIC_0062325,1,0.759849,-0.041131,-0.050408
ISIC_0062364,1,0.472748,1.133039,0.933615
ISIC_0062367,0,0.03384,-0.18606,-0.231679
ISIC_0062382,1,0.53043,1.015701,0.079618
ISIC_0062389,1,-0.4292,-0.689305,-0.610507
ISIC_0062401,1,0.69095,1.422491,-0.270714
ISIC_0062407,1,0.072183,0.968522,0.223315
ISIC_0062440,0,0.244652,-0.419924,0.165964
ISIC_0062443,1,0.321029,0.978634,1.318713
ISIC_0062456,0,0.335566,0.303644,-0.005685
ISIC_0062463,1,0.808945,1.363495,0.789807
ISIC_0062468,1,0.077977,0.033777,0.48124
ISIC_0062471,1,1.28827,0.740168,-0.165396
ISIC_0062497,1,1.005441,0.470124,1.595957
ISIC_0062505,1,-1.071431,0.488542,-0.794148
ISIC_0062517,1,1.083606,0.435517,0.91977
ISIC_0062524,1,-0.124306,0.220011,-0.487228
ISIC_0062525,1,0.342194,0.99788,0.753095
ISIC_0062530,1,-0.13121,-0.096062,0.45742
ISIC_0062536,1,0.318959,0.7143,0.945142
ISIC_0062537,0,0.175088,0.287109,0.290932
ISIC_0062546,0,-0.797098,0.466731,0.258687
ISIC_0062547,1,-0.345387,-0.144495,0.599338
ISIC_0062559,1,-0.059887,-0.368903,0.15207
ISIC_0062575,1,0.474253,1.390683,0.528517
ISIC_0062576,0,0.506032,-0.274237,-0.94288
ISIC_0062639,1,-0.603797,0.42086,0.395013
ISIC_0062649,1,0.529615,0.254784,-0.290753
ISIC_0062684,1,0.24008,0.30534,0.260808
ISIC_0062686,1,0.982135,0.291671,1.050896
ISIC_0062702,1,0.6966,-0.467654,-1.121031
ISIC_0062709,1,1.064429,0.327352,-0.051432
ISIC_0062712,1,-0.486374,0.032906,0.433451
ISIC_0062713,1,0.392085,-0.4208,0.374827
ISIC_0062734,1,-0.743198,-0.301885,-0.877463
ISIC_0062740,0,-0.3927,0.326814,0.85729
ISIC_0062762,1,0.506292,-0.314821,0.576877
ISIC_0062765,1,0.62054,1.12231,1.178952
ISIC_0062770,1,-0.111149,-0.172527,0.197796
ISIC_0062812,0,-0.723123,0.483617,-0.643503
ISIC_0062827,1,-0.120243,1.246865,0.830938
ISIC_0062864,1,-0.110828,0.628461,-0.118537
ISIC_0062869,1,-0.47902,-0.186286,0.495793
ISIC_0062906,0,-0.681494,-1.150213,-0.058064
ISIC_0062914,1,0.61029,0.509818,0.762116
ISIC_0062935,1,1.668736,1.591769,0.760893
ISIC_0062978,1,0.699329,0.299737,0.223298
ISIC_0062980,1,0.499051,0.366318,0.300516
ISIC_0062991,1,-1.100667,-0.209137,-0.747628
ISIC_0062997,0,0.315906,0.952773,0.266243
ISIC_0063018,1,0.616817,1.270437,1.592281
ISIC_0063026,1,1.169349,0.625662,0.558409
ISIC_0063028,0,-0.273313,-0.448436,0.042066
ISIC_0063046,1,0.780314,1.053666,0.364628
ISIC_0063053,0,-0.636801,-0.614327,-0.740704
ISIC_0063061,1,0.292404,0.551142,0.556047
ISIC_0063070,1,0.796992,0.693833,1.185246
ISIC_0063081,1,0.319022,0.334853,1.470922
ISIC_0063151,1,-0.97272,-1.132092,0.433532
ISIC_0063157,1,0.944298,0.484286,0.42475
ISIC_0063164,1,1.295563,1.560865,0.916895
ISIC_0063168,1,0.573082,1.035151,0.338301
ISIC_0063180,1,0.422432,0.414654,0.133738
ISIC_0063181,1,-0.58227,-0.220432,0.239219
ISIC_0063190,1,0.351822,-0.280163,0.781003
ISIC_0063191,1,-0.3181,-0.838348,0.362372
ISIC_0063225,1,0.318446,-0.015443,-0.221656
ISIC_0063234,1,-0.31584,0.54805,1.138198
ISIC_0063241,1,-0.113628,-0.231403,0.717607
ISIC_0063243,1,1.025864,0.485821,1.106982
ISIC_0063258,1,0.307143,0.613683,-0.433701
ISIC_0063268,1,1.015569,0.020101,-0.198219
ISIC_0063289,1,0.684378,0.481904,1.11248
ISIC_0063295,1,-0.543621,-0.13565,0.849019
ISIC_0063300,1,0.291471,0.746686,0.500891
ISIC_0063319,0,-0.107706,1.258617,-0.163319
ISIC_0063369,1,1.523294,0.718569,1.002168
ISIC_0063425,1,-0.679498,-0.056802,-1.185497
ISIC_0063445,1,-1.350514,-0.280319,-0.175061
ISIC_0063447,1,0.674473,0.989574,0.962078
ISIC_0063473,0,-0.584663,0.448101,1.144955
ISIC_0063492,1,1.137436,0.196677,0.936134
ISIC_0063493,1,0.483827,0.683702,0.932608
ISIC_0063496,1,-0.337566,-0.47607,0.257208
ISIC_0063516,0,0.715681,0.478648,0.623993
ISIC_0063521,1,-0.848314,0.159581,1.014516
ISIC_0063544,0,0.45075,-0.618465,0.474339
ISIC_0063551,1,-0.007189,-0.146614,0.324805
ISIC_0063556,0,-0.310924,-1.354238,-1.164911
ISIC_0063568,1,1.035022,1.464766,1.336048
ISIC_0063601,1,0.46723,1.361619,1.076446
ISIC_0063617,1,-0.185489,-0.166213,1.345835
ISIC_0063642,0,0.863093,0.401178,-0.486804
ISIC_0063650,0,-0.127687,-0.072156,-0.197861
ISIC_0063655,1,0.510225,0.572732,0.787109
ISIC_0063664,1,-0.488485,0.755545,0.097647
ISIC_0063672,0,-0.421934,-0.488174,-0.373066
ISIC_0063680,1,0.389634,1.074417,1.099365
ISIC_0063692,1,0.503718,1.489264,0.705154
ISIC_0063715,1,-0.738811,0.114161,-0.051022
ISIC_0063742,1,-0.057851,0.979029,-0.56173
ISIC_0063745,0,0.262761,-0.748329,-0.830354
ISIC_0063748,1,0.207404,0.861511,0.447584
ISIC_0063753,1,0.793566,1.408098,1.227125
ISIC_0063824,1,-0.367858,1.096434,1.21196
ISIC_0063842,1,0.339641,1.249997,1.577162
ISIC_0063845,1,-0.442699,0.631287,-0.248189
ISIC_0063852,1,-0.455097,0.57546,0.448465
ISIC_0063871,1,0.203655,0.685963,1.2577
ISIC_0063872,1,0.310435,0.301701,0.199538
ISIC_0063899,0,0.030989,0.178499,0.225124
ISIC_0063926,1,0.372244,-0.144425,0.397612
ISIC_0063930,1,0.691824,0.028685,-0.205148
ISIC_0063950,1,-0.210989,0.682109,0.281682
ISIC_0063958,1,1.009492,0.127746,0.586735
ISIC_0063961,1,-0.074921,1.087744,1.070955
ISIC_0063980,1,0.556401,0.340655,1.008378
ISIC_0063981,1,0.461814,0.649342,0.694724
ISIC_0063988,1,0.484796,1.303503,-0.020453
ISIC_0064006,1,0.00945,1.205941,0.642607
ISIC_0064010,1,0.776295,0.958976,0.522279
ISIC_0064014,1,0.394188,-0.07036,0.664478
ISIC_0064023,1,-0.180236,1.285816,1.464199
ISIC_0064026,1,0.887083,0.075434,0.686
ISIC_0064033,1,-0.363636,0.986854,0.634365
ISIC_0064034,1,0.449627,0.053403,0.048678
ISIC_0064044,0,0.197751,0.204535,-0.114148
ISIC_0064060,1,-0.421834,-0.177571,0.966449
ISIC_0064066,1,1.322133,1.063531,0.506204
ISIC_0064071,0,-1.107611,-0.502087,-0.862399
ISIC_0064072,1,0.749287,-0.51175,-0.338552
ISIC_0064073,1,0.465739,0.583788,0.321014
ISIC_0064080,1,-0.567104,0.648641,1.400872
ISIC_0064095,0,1.033139,-0.426449,0.623243
ISIC_0064102,1,0.105298,0.792854,0.264486
ISIC_0064107,1,0.272058,0.202073,0.639395
ISIC_0064113,1,0.633553,0.877952,1.137637
ISIC_0064120,1,-0.198731,1.104307,1.001313
ISIC_0064124,0,0.283533,1.00992,0.40568
ISIC_0064125,0,-0.207445,0.335168,0.691366
ISIC_0064141,1,0.673675,0.831698,-0.210304
ISIC_0064180,1,0.6893,0.541446,0.76125
ISIC_0064240,1,1.255821,0.013575,0.82933
ISIC_0064247,1,1.035753,0.903714,0.921669
ISIC_0064261,1,0.947232,0.365663,0.612922
ISIC_0064270,1,0.15199,1.230736,0.258723
ISIC_0064279,1,1.297126,0.00137,0.00994
ISIC_0064284,0,0.762296,0.354157,0.626142
ISIC_0064298,1,0.591461,-0.328794,-0.521205
ISIC_0064307,1,0.470667,0.466512,0.533157
ISIC_0064318,0,1.104929,1.659609,-0.089193
ISIC_0064337,1,-0.461867,0.340203,0.397835
ISIC_0064342,1,0.170803,1.135814,0.184302
ISIC_0064344,1,-0.544584,-0.13193,0.131683
ISIC_0064376,1,1.331444,-0.114777,1.310969
ISIC_0064393,1,-0.298511,-0.230581,0.506683
ISIC_0064406,1,-1.072899,1.140472,0.24689
ISIC_0064427,1,0.34748,1.166975,0.948474
ISIC_0064463,1,1.00005,0.094391,-0.327461
ISIC_0064471,0,0.825474,0.372783,-0.346201
ISIC_0064472,1,0.138922,0.170936,-0.554778
ISIC_0064478,0,-0.897955,-0.390062,-0.123257
ISIC_0064517,1,0.451776,-0.693993,0.853765
ISIC_0064534,1,-0.216603,-0.024982,0.987157
ISIC_0064557,0,-0.569563,0.466469,-0.464978
ISIC_0064559,1,0.264507,0.664781,0.021914
ISIC_0064563,1,0.885043,1.328699,0.679693
ISIC_0064589,1,1.187806,1.161194,0.59991
ISIC_0064606,1,1.114966,0.368662,0.182983
ISIC_0064623,1,0.232049,0.444331,0.311713
ISIC_0064625,1,0.461775,0.683707,0.679904
ISIC_0064633,1,0.743069,0.691843,1.289826
ISIC_0064656,1,0.013894,-0.502921,-0.005687
ISIC_0064660,1,0.588874,1.525481,0.811711
ISIC_0064669,0,0.037284,0.0134,0.224024
ISIC_0064683,1,0.240933,0.413971,1.195668
ISIC_0064692,1,0.425796,0.577728,1.067256
ISIC_0064694,1,0.12308,0.390602,1.174084
ISIC_0064738,0,0.209593,-0.198272,0.825953
ISIC_0064742,1,0.98314,-0.19038,-0.476003
ISIC_0064761,1,1.407012,0.258217,-0.451946
ISIC_0064763,0,-0.952218,-1.070233,-0.494455
ISIC_0064784,1,0.643857,-1.007338,-0.999773
ISIC_0064785,1,0.741558,0.533256,0.512445
ISIC_0064798,0,-0.325186,-0.227849,0.514197
ISIC_0064821,1,0.628313,0.267346,1.001683
ISIC_0064822,1,0.308801,0.676019,0.391246
ISIC_0064823,1,-0.226543,0.482613,-0.159847
ISIC_0064836,1,-0.257106,0.353776,0.418093
ISIC_0064860,1,0.903609,1.070493,-0.127366
ISIC_0064863,1,0.580946,0.997797,1.155615
ISIC_0064874,1,-1.15826,-0.217369,-0.068278
ISIC_0064875,1,-0.266011,0.258866,0.623809
ISIC_0064877,1,-0.139032,1.074908,0.376619
ISIC_0064879,0,-0.571243,-1.075554,0.33509
ISIC_0064907,1,1.529326,1.145359,0.742965
ISIC_0064925,1,-0.184545,0.479363,0.712526
ISIC_0064932,0,-0.315421,-0.1557,0.333298
ISIC_0064936,1,-0.741848,0.781714,0.296895
ISIC_0064941,1,-0.40318,0.629182,-0.396403
ISIC_0064943,1,1.082715,1.187632,0.636764
ISIC_0064964,0,-0.547315,-0.800217,-0.482526
ISIC_0064979,0,-1.030645,0.649834,-0.274921
ISIC_0064982,1,-1.319199,-0.712695,0.293131
ISIC_0064986,1,1.018061,1.50039,0.87295
ISIC_0064997,1,0.139175,0.772244,0.891798
ISIC_0065013,1,0.524605,1.465819,0.399823
ISIC_0065022,1,1.163511,0.548261,1.129121
ISIC_0065039,1,0.268113,-0.605081,0.229844
ISIC_0065062,1,0.513498,0.576108,0.878725
ISIC_0065066,1,0.009417,0.090674,0.404903
ISIC_0065121,1,0.790569,-0.142426,1.305513
ISIC_0065128,1,1.587085,1.144469,1.124409
ISIC_0065133,1,-0.070178,0.35646,0.949908
ISIC_0065181,1,1.328259,0.769286,1.266045
ISIC_0065192,1,0.776657,-0.437643,1.116182
ISIC_0065200,0,-1.005197,-0.680479,0.095086
ISIC_0065204,0,0.981775,0.939744,0.989111
ISIC_0065206,1,-0.037495,-0.637681,-0.263976
ISIC_0065219,0,-0.256562,0.471154,0.364899
ISIC_0065233,0,-0.026183,0.345379,0.174598
ISIC_0065235,1,0.624111,0.101442,1.23672
ISIC_0065260,0,0.906364,0.278904,0.886894
ISIC_0065264,0,-0.180026,0.543658,0.112656
ISIC_0065278,1,1.138012,-0.026447,0.121607
ISIC_0065283,1,0.210087,-0.530315,-0.187048
ISIC_0065292,0,-0.696001,-0.328566,-0.050823
ISIC_0065313,1,0.353817,1.333435,1.191273
ISIC_0065324,1,0.168999,0.095491,1.229343
ISIC_0065341,1,0.620029,-0.1179,0.050585
ISIC_0065346,1,0.651872,1.32539,0.777913
ISIC_0065351,1,-0.479842,-0.205888,0.118823
ISIC_0065360,1,0.621358,0.498879,1.434889
ISIC_0065378,0,-0.592671,0.094705,-0.18848
ISIC_0065390,0,-1.143314,-0.709137,0.070911
ISIC_0065394,0,0.437006,0.632596,0.70817
ISIC_0065421,1,1.071827,1.191008,0.47794
ISIC_0065449,1,0.68479,0.975456,1.320586
ISIC_0065463,1,0.164286,0.288121,1.221872
ISIC_0065468,1,0.421378,-0.031411,-0.493359
ISIC_0065469,1,-0.7455,0.971742,0.189765
ISIC_0065477,1,0.043963,-0.042207,0.398977
ISIC_0065480,0,0.746666,0.616168,-0.468317
ISIC_0065513,1,0.135429,0.876832,0.501327
ISIC_0065518,1,0.158824,0.504318,-0.079264
ISIC_0065521,1,0.929089,0.796576,0.756992
ISIC_0065525,1,1.319068,0.646825,0.496688
ISIC_0065535,1,0.519993,1.083352,0.576573
ISIC_0065537,1,0.608018,-0.091481,0.604208
ISIC_0065539,1,0.659488,0.72957,0.438338
ISIC_0065582,1,0.048114,1.255447,1.007554
ISIC_0065590,1,-0.254838,-0.435728,-0.74956
ISIC_0065597,1,0.370513,0.168423,0.233242
ISIC_0065622,1,0.711173,1.052728,1.193762
ISIC_0065658,1,0.232858,0.006071,1.033872
ISIC_0065714,1,0.0611,0.316906,0.250297
ISIC_0065727,1,0.428182,1.043686,0.191877
ISIC_0065728,1,0.588237,0.706719,0.955336
ISIC_0065735,1,0.524218,0.738399,0.989618
ISIC_0065740,1,0.08247,0.928287,-0.378508
ISIC_0065746,1,1.257997,0.631859,0.299793
ISIC_0065748,1,1.2641,1.081992,1.634092
ISIC_0065766,1,-0.508679,0.436633,0.702932
ISIC_0065774,1,1.25331,1.174256,0.216889
ISIC_0065775,1,-0.283365,-0.067599,0.481179
ISIC_0065796,0,0.001924,0.309162,-0.062593
ISIC_0065807,1,0.127925,0.864762,1.43367
ISIC_0065823,1,0.431511,1.594426,0.721691
ISIC_0065872,1,0.518986,-0.679426,0.135964
ISIC_0065882,0,0.007962,-0.815737,0.832913
ISIC_0065883,1,0.286162,0.325286,0.857438
ISIC_0065889,1,-0.009068,-0.241214,0.317849
ISIC_0065918,1,0.656643,-0.121722,0.595584
ISIC_0065943,1,0.697324,0.970694,0.303112
ISIC_0066001,1,0.38814,-0.495021,0.139906
ISIC_0066012,0,0.287426,1.017362,0.524276
ISIC_0066033,0,0.286266,-0.281041,0.627405
ISIC_0066053,0,-0.422504,0.911189,0.297357
ISIC_0066094,1,0.684811,-0.370511,0.80397
ISIC_0066101,1,0.87863,1.449943,1.255038
ISIC_0066105,1,0.033021,0.700356,-0.381224
ISIC_0066106,1,0.193623,0.848242,1.593333
ISIC_0066109,1,-1.388201,-0.670066,-0.518149
ISIC_0066114,1,0.607677,-0.110704,0.576519
ISIC_0066143,1,0.43816,0.343728,0.067104
ISIC_0066149,0,-1.041088,0.664494,-0.649342
ISIC_0066150,1,0.647217,0.491815,1.74512
ISIC_0066200,1,-0.528216,0.321045,-0.080198
ISIC_0066203,1,-0.552951,-0.556847,0.092307
ISIC_0066209,1,0.619251,0.358958,-0.029252
ISIC_0066213,1,1.066217,0.199465,1.12453
ISIC_0066223,0,-1.335301,-0.792166,-0.465913
ISIC_0066240,1,0.827516,1.927636,1.278937
ISIC_0066262,1,0.128859,0.868052,1.208799
ISIC_0066289,1,0.539355,1.065281,-0.056534
ISIC_0066314,0,-0.201902,-0.868737,0.479213
ISIC_0066321,0,-0.644427,-0.284498,-0.628043
ISIC_0066328,0,-0.715571,-0.439568,0.109546
ISIC_0066338,1,0.58181,-0.569319,0.987608
ISIC_0066354,1,-0.011954,1.051954,1.371093
ISIC_0066355,1,0.006774,0.936288,0.323426
ISIC_0066358,1,0.486845,0.304844,0.569329
ISIC_0066366,0,-0.337187,-0.86515,-0.289395
ISIC_0066378,1,1.053981,0.163714,1.553891
ISIC_0066379,1,0.143862,0.761486,-0.537729
ISIC_0066382,1,0.48713,0.419104,0.541304
ISIC_0066399,1,1.278905,1.269341,1.96467
ISIC_0066401,1,0.616436,-0.063257,-0.033251
ISIC_0066411,0,-1.074936,-0.668131,-0.406244
ISIC_0066412,1,-0.743702,-0.465903,-0.113135
ISIC_0066429,1,0.789339,1.109218,1.005572
ISIC_0066430,1,0.536207,0.681951,0.512666
ISIC_0066470,1,-0.526135,0.653025,-1.057596
ISIC_0066476,1,0.875554,1.226487,1.316918
ISIC_0066483,1,1.004746,0.129859,0.840986
ISIC_0066492,1,0.54625,0.279946,0.260802
ISIC_0066506,1,0.760436,0.740056,0.760486
ISIC_0066518,1,0.51602,1.553358,0.814577
ISIC_0066532,1,-0.058679,0.650596,0.975767
ISIC_0066564,1,1.267822,1.047122,0.090985
ISIC_0066588,1,0.508516,0.577572,0.796416
ISIC_0066626,1,-0.500398,0.324888,1.356672
ISIC_0066637,1,-0.198794,-0.444585,-0.247872
ISIC_0066659,1,0.004918,0.596787,0.901842
ISIC_0066671,1,-0.246046,0.273462,0.206547
ISIC_0066674,0,1.280418,-0.079152,-0.438444
ISIC_0066678,1,1.187772,0.162204,0.271519
ISIC_0066733,1,-0.110196,0.070752,0.481714
ISIC_0066739,0,-0.979373,-0.294873,0.646366
ISIC_0066740,0,-0.730497,0.238109,-0.129685
ISIC_0066749,1,0.23421,0.82198,0.344872
ISIC_0066750,1,-0.278888,0.099872,1.337786
ISIC_0066783,1,-0.991094,-0.289484,0.534057
ISIC_0066784,0,0.645771,0.547758,0.487681
ISIC_0066798,0,-0.543348,-0.983717,0.602542
ISIC_0066854,1,-0.346855,0.521131,0.20013
ISIC_0066878,1,0.862773,0.42668,0.797381
ISIC_0066882,1,0.192048,0.509758,0.071582
ISIC_0066889,0,-0.47303,-0.18659,0.228117
ISIC_0066935,1,1.320269,0.597049,1.08494
ISIC_0066952,1,0.296162,1.137187,0.572284
ISIC_0066992,1,0.52896,0.493498,0.314595
ISIC_0067006,1,1.516805,0.164985,0.79933
ISIC_0067008,1,-0.375278,-0.524598,-0.64456
ISIC_0067012,0,0.879309,0.646892,-0.389485
ISIC_0067027,0,0.288548,-0.463964,-0.027343
ISIC_0067054,1,0.461419,0.129447,0.131541
ISIC_0067077,0,0.309809,0.57388,0.308989
ISIC_0067094,0,-0.412763,-0.237413,0.143198
ISIC_0067097,1,1.081347,1.134691,0.511418
ISIC_0067120,1,1.487107,0.050566,-0.290476
ISIC_0067127,1,0.336611,-0.085609,0.726615
ISIC_0067156,0,-0.377203,-0.444706,-0.199046
ISIC_0067159,1,0.480331,-0.064679,-0.581717
ISIC_0067160,1,-0.509475,0.719316,-0.436792
ISIC_0067167,1,-0.465908,-0.21839,1.242288
ISIC_0067170,1,0.355042,1.141202,1.189034
ISIC_0067172,0,-0.922127,0.967174,-0.847005
ISIC_0067195,0,-0.466132,-0.170054,-0.042264
ISIC_0067205,1,0.063079,1.075455,1.003
ISIC_0067206,1,0.715208,1.358162,0.122693
ISIC_0067226,0,0.870831,0.454133,-0.20621
ISIC_0067227,0,-0.477423,-0.217024,-0.097797
ISIC_0067235,1,1.369467,0.610435,0.806238
ISIC_0067253,1,-0.847815,0.857515,-0.177866
ISIC_0067274,1,-0.003701,-0.503364,0.510165
ISIC_0067296,1,0.121112,0.588466,0.336123
ISIC_0067308,1,-0.772387,0.838704,0.217749
ISIC_0067318,1,-0.014753,0.654389,0.501663
ISIC_0067326,1,1.160007,-0.052753,0.560989
ISIC_0067333,1,0.382227,0.356851,1.089079
ISIC_0067338,0,-0.902168,-0.17592,-0.302438
ISIC_0067339,1,0.100181,1.079423,-0.335334
ISIC_0067390,0,-0.22029,-0.350984,-0.142705
ISIC_0067395,1,-0.910838,-0.391281,-0.106611
ISIC_0067397,0,0.200638,-0.632053,0.018831
ISIC_0067412,0,-0.95911,0.640332,0.592243
ISIC_0067417,1,0.331243,0.190472,0.630469
ISIC_0067418,1,0.751768,0.483775,0.740326
ISIC_0067427,0,-0.610988,0.048187,0.311046
ISIC_0067443,1,-0.220301,1.325295,0.091049
ISIC_0067458,1,0.282822,-0.597377,0.396031
ISIC_0067467,0,-0.717584,-0.380911,-0.138555
ISIC_0067476,0,-0.225831,-0.192658,0.084931
ISIC_0067485,1,0.04047,0.109136,-0.870859
ISIC_0067511,1,1.173417,0.290198,0.311735
ISIC_0067521,1,1.558366,1.345448,0.476893
ISIC_0067549,1,-0.471735,0.395842,0.056161
ISIC_0067550,0,0.584787,-0.373353,-0.268691
ISIC_0067562,0,0.479072,-0.244924,0.120524
ISIC_0067564,1,0.322386,0.806952,0.5913
ISIC_0067565,1,-0.198432,0.806577,0.559671
ISIC_0067577,1,0.238697,0.066529,1.16895
ISIC_0067597,1,-0.853814,0.651123,0.148705
ISIC_0067601,1,1.207207,0.793791,0.658327
ISIC_0067609,0,-0.293059,-0.039573,0.857375
ISIC_0067614,1,0.721473,0.791019,1.613585
ISIC_0067621,1,0.007941,-1.006867,0.001897
ISIC_0067653,1,0.123871,1.422726,1.136648
ISIC_0067667,1,0.971687,0.595263,0.433298
ISIC_0067695,1,1.774245,0.281843,0.493369
ISIC_0067696,1,-0.28013,0.54618,1.229038
ISIC_0067697,1,0.848489,-0.087039,-0.18767
ISIC_0067719,1,0.186309,1.056235,1.148028
ISIC_0067723,0,-0.049158,-0.052786,0.239233
ISIC_0067727,0,-0.190643,0.82014,0.277408
ISIC_0067733,1,0.724823,0.99954,1.073774
ISIC_0067743,1,1.050559,0.713852,0.380826
ISIC_0067789,1,0.16623,0.298282,0.986346
ISIC_0067798,1,0.773447,0.25659,0.617612
ISIC_0067801,0,-0.272274,0.917743,0.956847
ISIC_0067804,1,-0.904688,0.362604,0.606023
ISIC_0067805,1,0.562698,0.166659,0.717107
ISIC_0067808,1,0.809466,1.196123,1.14739
ISIC_0067830,1,0.390897,0.134367,0.413816
ISIC_0067840,0,-0.807725,-1.11435,0.250967
ISIC_0067857,1,0.227484,0.679934,-0.339967
ISIC_0067873,1,0.465447,1.055822,0.558293
ISIC_0067891,1,-1.389862,0.036151,-0.12035
ISIC_0067893,1,-0.43405,0.185744,0.776603
ISIC_0067905,1,0.446289,-0.442437,-0.30996
ISIC_0067933,1,-0.78755,-0.241611,-0.085447
ISIC_0067953,1,0.602455,1.261739,0.821519
ISIC_0067969,1,0.69783,0.545125,0.91982
ISIC_0067972,1,0.547535,-0.055928,0.203461
ISIC_0067979,1,0.359396,0.843821,-0.041552
ISIC_0067985,1,0.719968,1.654215,0.656616
ISIC_0068000,1,-0.117514,-0.676383,-0.397762
ISIC_0068012,1,1.678161,0.586793,0.072771
ISIC_0068015,1,-0.283978,-0.407378,0.941052
ISIC_0068048,1,-0.369842,0.880652,-0.192373
ISIC_0068080,1,0.988474,0.136224,1.082309
ISIC_0068100,0,-0.044331,-1.006143,-0.381063
ISIC_0068106,1,1.210979,0.575399,0.774416
ISIC_0068107,1,1.29731,0.67488,0.715535
ISIC_0068116,1,0.430965,0.484368,0.053051
ISIC_0068126,0,0.369551,0.118917,0.133414
ISIC_0068128,1,0.161666,0.303626,-0.252271
ISIC_0068144,0,-0.802433,-0.784659,-0.567963
ISIC_0068152,1,0.446033,0.730457,-0.205419
ISIC_0068153,1,0.635803,0.739347,1.63652
ISIC_0068166,1,1.235466,0.702811,0.422418
ISIC_0068168,0,0.594743,-0.627398,-0.270972
ISIC_0068176,1,1.111175,0.852406,0.537851
ISIC_0068184,0,-0.024347,0.073585,-0.232946
ISIC_0068215,0,0.621182,0.639934,0.525849
ISIC_0068217,0,-1.005149,-0.334418,0.554571
ISIC_0068218,1,0.510947,0.928222,0.04608
ISIC_0068223,0,-0.28053,0.127835,0.981422
ISIC_0068233,1,0.419712,0.698075,0.463221
ISIC_0068234,1,0.500366,1.007865,1.092312
ISIC_0068239,1,0.830157,0.212449,0.483107
ISIC_0068246,0,0.513776,-0.062575,0.65741
ISIC_0068259,0,-0.894657,0.594799,0.942309
ISIC_0068299,1,-0.372303,-0.196377,0.644588
ISIC_0068314,0,0.264618,-0.547765,0.970083
ISIC_0068381,1,0.313062,0.366201,0.359715
ISIC_0068382,1,0.481956,0.093061,-0.447374
ISIC_0068407,1,0.721725,0.804854,0.168026
ISIC_0068413,0,1.051677,0.452438,0.431395
ISIC_0068427,1,-0.472406,-0.159518,0.211456
ISIC_0068438,1,0.458376,0.637962,1.599185
ISIC_0068447,0,-0.135909,-0.58805,-0.999774
ISIC_0068460,1,0.866442,0.592585,1.287582
ISIC_0068477,1,1.367479,0.677114,-0.581751
ISIC_0068525,0,-0.614913,-0.623113,-0.683464
ISIC_0068528,1,-1.267577,-0.348836,0.190942
ISIC_0068530,0,-0.91255,-1.065264,-1.360978
ISIC_0068544,0,-0.414225,-0.924131,-1.038583
ISIC_0068560,1,-0.726056,-0.250646,-0.052637
ISIC_0068576,1,-0.805572,0.445866,0.058588
ISIC_0068580,1,0.914791,0.997761,0.798318
ISIC_0068610,0,0.049818,0.121212,-0.104236
ISIC_0068616,1,1.382264,0.620633,0.73567
ISIC_0068627,1,0.794167,0.501233,0.837041
ISIC_0068628,1,-0.090457,0.309316,1.113245
ISIC_0068633,1,-0.111238,-0.239469,0.516323
ISIC_0068677,1,-0.919043,-0.28085,0.807876
ISIC_0068696,1,1.009057,0.55547,1.119853
ISIC_0068727,1,0.44181,0.157792,0.500062
ISIC_0068744,1,0.640331,1.404491,0.613945
ISIC_0068776,1,-1.369945,-0.647641,-1.228488
ISIC_0068798,1,1.240422,0.998394,0.699986
ISIC_0068837,0,-0.029924,0.390711,-0.355217
ISIC_0068847,1,0.708497,0.519324,0.220649
ISIC_0068884,1,0.223594,0.229324,1.297496
ISIC_0068886,1,1.155997,1.129372,1.270776
ISIC_0068895,1,0.862561,1.037368,0.898737
ISIC_0068897,1,0.777146,0.434917,0.68902
ISIC_0068905,1,1.072714,0.618369,0.489095
ISIC_0068924,1,0.298175,0.6851,0.736437
ISIC_0068950,1,0.143926,0.788964,1.038287
ISIC_0068961,1,0.404365,0.891658,0.429182
ISIC_0068966,1,1.110024,0.335205,-0.012624
ISIC_0068975,1,-0.24785,1.239491,1.343943
ISIC_0068993,1,0.995247,0.144788,1.030072
ISIC_0069050,0,-0.333407,0.152111,0.111285
ISIC_0069056,0,0.624665,-0.128734,-0.144347
ISIC_0069058,1,-0.03609,0.159724,0.459508
ISIC_0069087,1,0.879084,0.618593,0.552472
ISIC_0069093,1,-0.269778,0.220352,0.336237
ISIC_0069105,1,0.612394,0.199899,-0.12849
ISIC_0069121,0,0.144152,0.128792,-0.146023
ISIC_0069124,0,0.107889,-0.270828,0.113522
ISIC_0069150,0,0.565085,-0.642053,-0.999608
ISIC_0069167,1,0.363925,0.877222,0.624801
ISIC_0069175,0,-0.446371,-0.456613,0.894328
ISIC_0069183,0,0.052798,-0.238018,-0.285519
ISIC_0069189,0,1.061152,0.726831,0.304953
ISIC_0069192,1,0.549717,1.168204,0.696494
ISIC_0069193,1,-0.095531,0.043318,1.990495
ISIC_0069204,1,0.303621,0.820989,1.139568
ISIC_0069210,1,1.151275,-0.613697,1.364292
ISIC_0069248,1,2.318137,1.452537,0.901966
ISIC_0069250,1,0.033523,0.800585,1.524651
ISIC_0069257,1,-0.877365,-0.79095,-0.146697
ISIC_0069260,1,-0.480391,0.368244,1.521783
ISIC_0069264,1,0.869764,0.238861,0.409667
ISIC_0069273,1,1.044353,-0.073564,0.543324
ISIC_0069274,0,0.454286,-0.760391,0.292895
ISIC_0069292,1,-0.047773,0.386044,0.978594
ISIC_0069330,0,-0.112372,-0.62366,-1.19657
ISIC_0069351,0,0.399198,1.230599,0.622368
ISIC_0069361,1,-0.239932,0.557506,1.036171
ISIC_0069370,1,0.613041,0.457588,1.279037
ISIC_0069373,1,1.578435,1.123692,1.385659
ISIC_0069379,0,-0.002767,-0.787333,0.181858
ISIC_0069385,1,0.480123,-0.727846,0.34171
ISIC_0069395,1,0.734272,0.22094,0.956497
ISIC_0069398,0,-0.774908,0.015082,-0.694619
ISIC_0069411,1,1.642967,1.341836,0.998442
ISIC_0069432,1,-0.098752,0.23597,0.86862
ISIC_0069475,1,0.246069,0.284948,1.353618
ISIC_0069481,1,0.199756,0.60723,1.176918
ISIC_0069486,0,-0.163371,-0.361399,-0.449828
ISIC_0069488,1,0.544141,-0.415314,-0.247338
ISIC_0069492,0,-0.03455,0.160505,-0.911895
ISIC_0069504,1,0.275959,0.184486,0.116364
ISIC_0069505,0,0.204526,-0.166679,-0.500578
ISIC_0069515,1,-0.104248,-0.790945,-0.024465
ISIC_0069536,1,-0.159844,0.790516,1.805345
ISIC_0069556,1,0.731464,-0.256411,0.857548
ISIC_0069558,1,-0.140516,0.796639,0.76406
ISIC_0069591,1,0.132816,-0.632408,-0.288866
ISIC_0069595,1,0.885203,1.14765,0.602341
ISIC_0069617,1,-0.014104,-0.003271,1.192731
ISIC_0069620,1,1.110115,1.200945,0.294163
ISIC_0069633,0,-0.689598,-0.42117,-0.039062
ISIC_0069635,1,0.792641,0.873111,1.037527
ISIC_0069638,1,0.24779,0.419677,1.026306
ISIC_0069645,0,0.045976,0.904026,0.389087
ISIC_0069667,1,0.90855,1.499853,1.706862
ISIC_0069668,1,0.516809,1.184103,0.080936
ISIC_0069669,1,-0.195954,-0.38786,1.172021
ISIC_0069698,0,-0.802067,0.180487,0.869214
ISIC_0069705,1,0.390056,0.597954,0.535833
ISIC_0069743,1,-0.867007,-0.297274,0.708662
ISIC_0069791,1,0.479096,0.594582,1.214601
ISIC_0069830,0,-0.629835,-0.690505,0.004095
ISIC_0069851,1,-0.380076,-0.536936,-0.069816
ISIC_0069859,1,0.098625,0.566508,-0.852016
ISIC_0069865,1,0.530837,0.49348,0.776988
ISIC_0069891,1,0.070112,-0.474899,0.562525
ISIC_0069908,1,-0.599272,0.136781,-1.267199
ISIC_0069918,1,0.325467,0.064522,-0.386548
ISIC_0069933,1,1.045889,1.037359,0.417445
ISIC_0069944,0,-0.618527,-0.699982,-0.49517
ISIC_0069946,1,1.078235,0.494393,1.021558
ISIC_0069952,0,-1.079657,-1.465239,0.409066
ISIC_0069967,1,1.230485,0.040063,1.48734
ISIC_0069970,1,-1.003226,0.350481,1.059832
ISIC_0069986,1,1.106482,1.199302,0.938442
ISIC_0069995,1,0.744831,1.376347,0.625674
ISIC_0069996,0,0.368072,0.467411,-0.621594
ISIC_0070003,0,0.080549,0.951685,0.968087
ISIC_0070009,1,-0.131852,0.86873,1.624646
ISIC_0070012,1,0.705977,1.051001,1.350357
ISIC_0070017,1,0.5341,-0.164259,0.554386
ISIC_0070032,1,0.86565,0.497478,1.078323
ISIC_0070046,1,0.802018,0.652083,0.665523
ISIC_0070048,0,0.217355,0.409155,-0.07881
ISIC_0070050,1,0.789325,0.630807,0.352789
ISIC_0070051,1,0.125063,0.78429,0.682215
ISIC_0070061,1,0.544134,0.453732,0.001229
ISIC_0070074,1,0.383318,1.199548,1.461955
ISIC_0070092,1,1.244943,-0.211079,0.604178
ISIC_0070110,1,0.298387,0.169706,0.818792
ISIC_0070136,0,-0.171953,0.543792,0.701347
ISIC_0070137,1,0.502171,0.762772,1.14694
ISIC_0070160,1,0.58355,0.383998,-0.11725
ISIC_0070163,1,0.955452,1.076244,1.309817
ISIC_0070170,1,1.661464,1.107267,0.854239
ISIC_0070210,0,1.276039,0.029174,1.339465
ISIC_0070215,1,0.282326,0.707415,0.52907
ISIC_0070217,1,0.39893,-0.952333,0.309569
ISIC_0070244,0,0.738589,-0.300524,-0.296563
ISIC_0070246,1,-0.241669,0.602735,1.508552
ISIC_0070248,1,-0.087997,0.670689,0.969342
ISIC_0070250,1,0.260959,1.190378,-0.319015
ISIC_0070253,1,0.610068,0.506507,-0.079135
ISIC_0070254,0,-0.295317,0.836338,0.229661
ISIC_0070285,1,0.889794,0.829793,1.202246
ISIC_0070308,1,1.492498,-0.596324,-0.321995
ISIC_0070313,1,0.388205,0.71973,0.596208
ISIC_0070342,1,0.903522,0.342384,0.996708
ISIC_0070351,1,-0.445286,-0.632506,0.499119
ISIC_0070352,1,-0.084733,0.24036,-0.087243
ISIC_0070383,0,-0.840156,-0.704203,-0.020738
ISIC_0070387,1,0.468058,-0.454231,1.184819
ISIC_0070403,1,0.265537,0.558765,0.942104
ISIC_0070412,1,0.938048,0.447505,0.680193
ISIC_0070419,1,0.77054,-0.025469,0.485115
ISIC_0070422,1,0.647827,-0.438553,0.688085
ISIC_0070432,1,1.550253,0.105179,0.678026
ISIC_0070435,1,1.237797,0.80874,1.764613
ISIC_0070447,1,0.59699,0.68033,0.816624
ISIC_0070463,1,1.058167,0.237492,1.455369
ISIC_0070551,1,0.292566,-0.361778,-0.140927
ISIC_0070566,1,1.50266,0.473687,1.679436
ISIC_0070581,1,0.797153,0.47303,0.768262
ISIC_0070585,1,0.40154,0.360695,0.416405
ISIC_0070588,1,1.409083,1.020652,0.483251
ISIC_0070593,1,0.17238,-0.216993,0.388946
ISIC_0070601,1,0.920064,0.530678,-0.460647
ISIC_0070651,0,-0.032,-0.279443,-0.525104
ISIC_0070666,1,0.857153,-0.232646,0.648021
ISIC_0070679,0,0.543233,-0.706757,-0.339471
ISIC_0070689,1,-0.394856,-0.542764,0.418006
ISIC_0070709,1,0.759309,-0.1658,0.320153
ISIC_0070711,1,-0.035946,0.47429,-0.323472
ISIC_0070731,1,0.610791,-0.476778,0.088852
ISIC_0070747,1,1.331182,0.209025,1.065419
ISIC_0070752,1,-1.482697,-0.60305,-0.293609
ISIC_0070782,0,-0.190885,-0.654219,0.462265
ISIC_0070784,1,0.591573,-0.048959,0.76046
ISIC_0070805,1,0.208681,-0.158285,0.067869
ISIC_0070814,1,-0.795757,0.533501,0.48615
ISIC_0070822,1,0.245188,0.818508,0.470899
ISIC_0070852,1,0.635053,0.474951,0.679164
ISIC_0070860,0,-0.435665,-0.107892,0.687334
ISIC_0070888,1,0.945606,0.617996,0.506775
ISIC_0070927,1,1.024749,-0.054979,-0.210512
ISIC_0070940,1,0.204314,0.864896,1.196377
ISIC_0070948,0,-0.823713,0.402732,0.024836
ISIC_0070951,0,0.539487,-0.422812,-0.293496
ISIC_0070961,1,0.751593,0.00506,0.537274
ISIC_0070974,1,0.782801,0.268137,0.191166
ISIC_0070992,1,0.919339,-0.056465,1.208055
ISIC_0071012,1,1.168619,0.593519,0.217706
ISIC_0071040,1,1.370867,2.027801,0.830881
ISIC_0071043,1,0.420213,0.428681,1.129831
ISIC_0071050,1,1.651824,1.145335,1.290147
ISIC_0071069,1,0.431779,1.082828,0.895094
ISIC_0071111,1,0.224451,0.674476,0.071267
ISIC_0071118,0,-0.254676,0.384128,-0.305257
ISIC_0071132,1,-0.504814,0.225916,-0.016534
ISIC_0071133,1,0.711541,1.200473,0.089994
ISIC_0071135,0,1.043818,0.539331,1.082306
ISIC_0071168,0,-1.685692,-0.597777,0.028884
ISIC_0071169,1,0.6512,-0.119679,0.066723
ISIC_0071171,0,-0.428362,0.26112,-0.696934
ISIC_0071180,1,-0.254809,0.950008,0.766176
ISIC_0071196,1,0.505508,1.607281,-0.218826
ISIC_0071208,1,1.38907,0.320068,0.108313
ISIC_0071245,1,-0.380105,-1.370137,-0.309798
ISIC_0071257,1,0.669955,0.3051,0.065567
ISIC_0071289,1,-0.127843,0.675532,0.841862
ISIC_0071300,0,0.442779,0.714791,0.851628
ISIC_0071303,1,0.455885,0.850812,0.200578
ISIC_0071335,1,-0.285703,0.196828,0.420029
ISIC_0071338,0,-0.473177,0.313193,-0.192808
ISIC_0071352,0,0.679738,0.045561,-0.367897
ISIC_0071367,1,0.032218,0.755865,0.128732
ISIC_0071388,1,0.890957,1.492135,1.169964
ISIC_0071430,1,1.049991,0.810868,0.76047
ISIC_0071434,1,0.067205,1.036537,0.136573
ISIC_0071457,0,0.246367,0.2967,0.108937
ISIC_0071458,1,-1.287209,-0.387285,-0.278851
ISIC_0071471,1,1.103772,0.035606,0.699078
ISIC_0071481,0,-0.20101,-0.732144,-0.409078
ISIC_0071492,1,1.170944,0.305153,0.210961
ISIC_0071508,0,-1.165127,-1.305232,-0.859031
ISIC_0071532,1,-0.771745,0.143146,0.412919
ISIC_0071536,1,1.11369,0.452585,1.240216
ISIC_0071550,1,-0.930931,-0.179111,0.796954
ISIC_0071559,1,-0.785654,-0.398085,-0.172176
ISIC_0071568,1,0.055052,-0.264442,0.546691
ISIC_0071576,1,1.61902,0.801351,1.066851
ISIC_0071586,1,-0.571639,0.098925,0.555669
ISIC_0071594,1,-0.261348,-0.174456,-1.053226
ISIC_0071647,0,0.039886,0.064621,0.350964
ISIC_0071651,1,-0.1243,-0.000432,-0.05969
ISIC_0071678,1,0.179805,0.036635,0.836215
ISIC_0071681,1,-0.121807,0.436036,-0.632705
ISIC_0071693,1,-0.317215,0.225924,0.455949
ISIC_0071707,1,0.481706,0.585107,1.594674
ISIC_0071733,0,0.580787,-0.089805,-0.170945
ISIC_0071735,0,-0.413878,-0.42877,0.419939
ISIC_0071740,1,0.626958,0.647704,0.996289
ISIC_0071754,0,-1.242268,-1.104299,-1.016622
ISIC_0071768,1,-0.611962,0.665219,-0.02073
ISIC_0071771,1,0.864276,0.89545,0.412651
ISIC_0071778,1,-0.674083,0.162032,0.583467
ISIC_0071783,1,-0.407321,0.468099,1.018259
ISIC_0071797,1,0.454684,-0.396701,0.942425
ISIC_0071806,1,-0.222181,0.951269,1.280521
ISIC_0071809,0,-0.420732,-0.990211,0.112855
ISIC_0071826,1,1.573558,-0.061378,0.683286
ISIC_0071834,1,0.595559,0.753508,0.253638
ISIC_0071857,1,0.453332,0.068234,0.193625
ISIC_0071869,1,0.623607,1.474098,0.786089
ISIC_0071875,1,1.142417,0.871155,1.313883
ISIC_0071892,1,-0.371082,0.184843,1.202865
ISIC_0071901,1,0.161287,0.234036,0.935488
ISIC_0071904,1,0.343221,0.236194,0.015657
ISIC_0071906,1,0.802079,0.27921,-0.179648
ISIC_0071913,1,-0.137755,-0.439207,-0.315821
ISIC_0071916,1,0.11002,0.391713,0.002485
ISIC_0071931,1,0.801389,-0.173889,-0.117308
ISIC_0071944,1,0.010877,0.988962,0.322268
ISIC_0071947,0,0.185433,0.395205,1.114673
ISIC_0071951,1,1.048447,0.685224,0.941651
ISIC_0071957,1,-0.50474,-0.879716,-0.982254
ISIC_0071966,0,0.158247,-0.299384,-0.825028
ISIC_0071972,1,-0.020196,-0.453515,0.350349
ISIC_0071988,1,1.31581,1.049315,1.088845
ISIC_0071996,1,0.210259,-0.43952,-0.134734
ISIC_0072001,1,0.420651,-0.371287,0.199187
ISIC_0072004,1,1.195487,0.089062,0.370616
ISIC_0072010,1,0.670478,0.895316,1.753629
ISIC_0072021,1,1.203306,0.253866,0.824743
ISIC_0072030,1,1.622979,-0.245248,1.578132
ISIC_0072041,1,-0.008901,0.052046,0.696407
ISIC_0072087,1,0.921751,0.712814,0.423287
ISIC_0072101,1,-0.14305,0.320355,-0.128693
ISIC_0072136,1,-0.109025,1.027115,0.521808
ISIC_0072157,1,0.515533,0.559751,1.530743
ISIC_0072171,1,0.208099,0.662561,0.539442
ISIC_0072173,1,0.023211,-0.080264,-0.076218
ISIC_0072174,1,0.26141,0.370637,0.315666
ISIC_0072175,1,1.387139,1.207643,0.93657
ISIC_0072182,1,0.361839,1.488188,1.163945
ISIC_0072195,1,0.265287,-0.575902,0.237486
ISIC_0072215,1,0.721391,0.50507,0.673408
ISIC_0072221,0,0.450973,1.134246,0.178298
ISIC_0072252,1,0.335906,0.581972,0.749458
ISIC_0072266,0,-0.273829,0.016816,0.268813
ISIC_0072271,1,-0.22579,-0.308035,-0.718603
ISIC_0072286,1,-0.148972,0.308132,-0.777295
ISIC_0072290,0,-0.673019,-0.422222,-0.337345
ISIC_0072292,1,-0.025401,0.682868,0.733218
ISIC_0072294,1,0.479375,-1.080609,0.090275
ISIC_0072335,0,0.207712,-0.537016,-0.80085
ISIC_0072353,1,1.787188,1.290527,1.363668
ISIC_0072371,1,-1.311989,0.169589,-0.486611
ISIC_0072375,1,0.625785,0.126169,0.695811
ISIC_0072377,1,0.806586,0.766575,0.639834
ISIC_0072382,1,-0.497557,1.018358,0.942229
ISIC_0072393,1,1.231153,0.912033,1.198408
ISIC_0072412,0,-0.587903,0.462125,1.088754
ISIC_0072418,1,0.777207,1.274746,0.18414
ISIC_0072422,1,1.500035,0.001363,-0.415864
ISIC_0072429,1,-0.739836,0.940936,0.80823
ISIC_0072441,1,0.646717,-0.468256,0.71116
ISIC_0072473,1,0.833902,0.579688,1.497725
ISIC_0072496,1,1.215815,1.06843,1.341858
ISIC_0072507,1,1.137753,0.405258,1.280678
ISIC_0072516,1,0.535988,0.369322,0.0198
ISIC_0072553,0,-0.178367,-0.547537,0.829402
ISIC_0072559,1,0.853484,0.465856,0.550742
ISIC_0072564,1,-0.025671,-0.126286,0.660941
ISIC_0072568,1,1.183097,1.332569,0.869371
ISIC_0072569,1,0.95905,0.675546,-0.217471
ISIC_0072576,0,-1.252764,-0.164663,0.518127
ISIC_0072582,1,0.158006,0.377293,0.848302
ISIC_0072601,1,1.315653,0.435087,0.589869
ISIC_0072604,0,-1.001396,-1.300438,-0.73138
ISIC_0072612,1,1.040619,0.782593,1.274839
ISIC_0072624,1,0.780832,1.282384,0.272771
ISIC_0072631,1,-0.204026,0.547054,0.031671
ISIC_0072641,1,0.417399,0.002087,0.988938
ISIC_0072642,1,0.080558,0.143831,-0.979968
ISIC_0072691,1,0.065418,0.196508,1.002218
ISIC_0072694,1,-0.405256,0.50694,-0.033987
ISIC_0072703,0,-0.004618,-0.752477,0.432534
ISIC_0072714,1,1.071353,0.882851,0.447542
ISIC_0072730,1,1.382668,0.501429,-0.285015
ISIC_0072733,1,0.7126,0.383889,-0.761266
ISIC_0072748,1,0.794779,1.113402,0.902247
ISIC_0072768,1,-0.065873,0.391771,0.41527
ISIC_0072773,1,-0.995791,-0.53661,-0.084661
ISIC_0072826,1,0.643393,0.253376,1.565137
ISIC_0072828,1,-0.255939,0.879918,0.417722
ISIC_0072837,0,-0.207702,0.070648,-0.728675
ISIC_0072843,1,-0.460238,0.476804,1.003107
ISIC_0072865,1,0.717671,-0.692786,0.175162
ISIC_0072876,1,0.99846,0.457386,0.220988
ISIC_0072893,0,-0.472715,-0.420496,0.565469
ISIC_0072917,1,0.949475,0.350625,0.16694
ISIC_0072943,0,-0.716034,-0.73666,-0.421389
ISIC_0072953,1,0.996836,0.905526,1.134887
ISIC_0072976,1,0.345524,1.750487,0.503687
ISIC_0072977,1,1.603796,0.875946,1.307231
ISIC_0072990,1,0.228248,0.452575,-0.335577
ISIC_0072991,1,0.059319,-0.417008,-0.712244
ISIC_0072997,0,0.217916,0.249653,0.008583
ISIC_0073015,0,-1.084614,-0.508278,0.351706
ISIC_0073032,1,0.705098,0.297807,1.382358
ISIC_0073043,0,0.309161,1.46745,0.547232
ISIC_0073044,1,0.88902,0.585857,0.972244
ISIC_0073075,1,-1.409331,-0.423359,0.257972
ISIC_0073086,0,-1.33312,-0.135164,-0.746108
ISIC_0073102,1,-0.092438,-0.509727,-0.219293
ISIC_0073115,1,0.581743,1.864149,0.598662
ISIC_0073119,1,-0.674764,-0.413513,0.930688
ISIC_0073135,0,-0.02661,-0.094557,0.224283
ISIC_0073136,1,0.653484,1.327817,1.599694
ISIC_0073147,1,-0.083311,-0.023787,0.797522
ISIC_0073156,1,-1.011394,0.259189,-0.571375
ISIC_0073173,1,1.231541,1.024852,0.613612
ISIC_0073227,1,0.519727,0.939563,0.286242
ISIC_0073238,1,1.306395,0.802077,0.887794
ISIC_0074311,0,-0.822574,0.123149,-0.64832
ISIC_0076742,0,-0.056102,-0.244509,0.21095
ISIC_0078703,0,-0.015438,0.799043,-0.546811
ISIC_0080539,1,0.254996,-0.323021,-0.296883
ISIC_0080817,0,0.020596,0.112429,-0.684925
ISIC_0081584,0,0.190448,0.948742,1.447865
ISIC_0082348,0,-1.324488,0.154144,-0.495901
ISIC_0082704,0,-0.946289,-0.708682,0.153627
ISIC_0084086,0,-0.690287,-0.126126,-0.697881
ISIC_0097500,0,0.252538,-0.053648,0.09774
ISIC_0098784,0,0.688785,-0.669965,-0.043806
ISIC_0101540,0,-0.645922,-0.596333,-0.356745
ISIC_0147869,0,-0.80306,0.071716,-0.640967
ISIC_0148751,0,-0.152012,-0.723707,-0.414106
ISIC_0150363,0,-0.062621,-0.155649,-0.076089
ISIC_0156642,0,0.620853,-0.505746,-0.709496
ISIC_0160831,0,-0.188377,0.95688,-0.647839
ISIC_0162967,0,0.116914,-0.823554,-0.317272
ISIC_0163812,0,0.181361,-0.464763,-0.233675
ISIC_0169604,0,-0.407994,-0.261402,-0.453195
ISIC_0170101,0,0.498037,-0.222248,0.121174
ISIC_0172020,0,-0.421728,-0.239032,-0.924035
ISIC_0174983,0,0.860862,0.142667,-0.888156
ISIC_0175530,0,-0.351666,0.772883,-0.60323
ISIC_0176781,0,0.185815,-1.353641,-0.745889
ISIC_0177304,0,-0.593789,-1.190844,-0.064974
ISIC_0178370,0,0.522571,-0.394169,0.678299
ISIC_0182020,0,0.311717,-0.371793,0.158745
ISIC_0182730,0,0.938588,-0.350672,-0.407535
ISIC_0183290,0,-0.270889,-0.443649,-0.574218
ISIC_0185547,0,0.486936,0.643486,-0.177471
ISIC_0185918,0,-0.732834,-0.576694,-0.09187
ISIC_0188432,1,0.594847,0.460693,0.128489
ISIC_0189336,0,-1.181787,-0.499531,-1.542356
ISIC_0189694,0,0.555795,0.4449,-0.11479
ISIC_0192490,0,1.046985,-0.598668,-1.47922
ISIC_0192596,0,0.007285,-0.472745,0.309891
ISIC_0192893,0,0.181494,0.090874,0.178099
ISIC_0193456,0,-0.112283,-0.046916,-0.127548
ISIC_0193907,0,0.184394,-1.213684,0.193992
ISIC_0197584,0,-0.608612,-0.525723,-0.587078
ISIC_0197873,0,-0.3072,-1.559569,-0.288241
ISIC_0198331,0,-1.224395,-0.715971,-0.952151
ISIC_0199116,0,-0.262685,-0.288257,0.276446
ISIC_0200153,0,-1.190454,-0.708935,-1.552804
ISIC_0201767,0,-0.921615,-0.349278,0.071567
ISIC_0202119,1,-0.668868,-0.527945,-0.804498
ISIC_0202167,0,-0.396474,-0.091458,-0.257106
ISIC_0204355,0,-1.516104,-0.18872,0.76693
ISIC_0205127,0,0.039555,0.955361,0.745612
ISIC_0206758,0,-0.009368,-0.312945,-0.32263
ISIC_0207268,1,-0.467119,-0.630157,0.97191
ISIC_0207349,0,0.195705,-0.352669,-0.609568
ISIC_0210282,0,-1.372885,-0.091421,-0.183034
ISIC_0210998,0,0.239918,0.057442,-0.394247
ISIC_0212774,0,0.879667,0.560149,0.730193
ISIC_0214186,0,-0.652981,-0.802383,0.237049
ISIC_0217267,0,-0.320045,0.38315,0.396734
ISIC_0218072,0,-0.339476,-0.393601,0.246153
ISIC_0218575,0,-0.338813,-0.014264,-0.265633
ISIC_0222117,0,-0.691997,-0.354004,-0.071962
ISIC_0222299,0,0.403704,-0.70444,0.137287
ISIC_0226072,0,0.376756,-0.768939,-0.400755
ISIC_0228772,0,-0.021929,-0.170751,-0.411112
ISIC_0231167,0,-1.632326,-0.523553,-0.591853
ISIC_0231745,0,-1.038574,-1.052192,-0.535517
ISIC_0232101,1,-0.335386,-0.161742,0.760223
ISIC_0233487,0,-0.033884,-0.165434,-0.395176
ISIC_0234248,0,-0.496457,-0.221084,-0.422004
ISIC_0238570,0,-0.546202,-0.867454,0.646352
ISIC_0238824,0,-0.237972,0.284355,-0.475503
ISIC_0239178,0,0.000149,-0.761034,0.163523
ISIC_0239949,0,0.034947,-0.449815,-0.827996
ISIC_0244240,0,0.369004,-0.102176,-0.240907
ISIC_0247197,0,-0.433575,-0.722057,-0.574183
ISIC_0247330,1,-0.333178,0.124218,0.665593
ISIC_0248628,0,1.008468,-0.566964,-0.650792
ISIC_0250064,0,-0.661628,0.151113,-0.164586
ISIC_0253516,0,-0.027865,0.581701,0.415241
ISIC_0254447,0,-0.720336,-0.153328,0.723887
ISIC_0254517,0,-0.075165,-0.83285,0.204047
ISIC_0255997,0,-0.136229,0.077842,-0.897122
ISIC_0256715,0,0.139162,-0.679198,-0.93365
ISIC_0256926,0,0.09917,-0.606894,-0.30296
ISIC_0257447,0,-0.134598,0.235381,0.702265
ISIC_0259179,0,-0.705343,0.356124,-1.212944
ISIC_0260290,0,-0.086518,-1.500916,-0.19594
ISIC_0260316,0,0.098043,-0.936995,0.109952
ISIC_0261253,1,0.186132,1.177131,0.233901
ISIC_0262770,0,-0.305933,0.405911,0.415492
ISIC_0263478,0,-0.642072,-1.057237,-0.119447
ISIC_0268187,0,-0.387728,-0.445928,-0.414032
ISIC_0268701,0,-0.543468,-0.17284,-0.342631
ISIC_0271408,0,0.230537,0.725405,-0.648483
ISIC_0272509,1,-0.01027,0.246104,0.125024
ISIC_0273046,1,0.61869,0.318398,0.273436
ISIC_0274382,1,-1.347905,0.487228,0.839622
ISIC_0277705,0,-0.245732,0.467387,-1.066786
ISIC_0280912,1,1.0244,0.700442,0.997732
ISIC_0281179,0,-0.174874,-0.666594,0.273181
ISIC_0281291,0,-0.369942,0.203964,-0.615005
ISIC_0283506,0,-0.861811,-0.816252,-0.901543
ISIC_0283541,0,0.333926,-0.320699,-0.53129
ISIC_0283957,0,-0.464382,0.041291,-0.053546
ISIC_0289478,0,0.511402,0.695399,-0.603559
ISIC_0292775,0,-0.73379,0.142642,-0.426415
ISIC_0293086,0,-0.229747,-0.489583,0.155837
ISIC_0294399,0,0.277295,0.05275,0.819865
ISIC_0294687,0,-0.245823,-1.430883,-1.084801
ISIC_0295323,0,0.353498,-0.576878,-0.605831
ISIC_0296109,0,0.999106,0.750059,-0.171611
ISIC_0296580,0,0.750263,0.075941,-0.321962
ISIC_0301568,0,-0.064105,0.838738,-0.808026
ISIC_0302804,0,0.583092,-0.585443,0.088009
ISIC_0305800,0,-0.189305,-1.254541,-0.359749
ISIC_0305928,0,-0.41621,-0.285293,-0.045572
ISIC_0310134,0,-0.237548,-1.72445,-0.586178
ISIC_0313507,0,0.61721,0.515298,-0.313365
ISIC_0315631,0,-0.107103,-0.57871,-0.09839
ISIC_0316668,0,-1.328582,-0.561874,-0.180733
ISIC_0319928,0,-0.844245,-0.60783,-0.878985
ISIC_0325771,0,-0.56094,0.187406,-0.811697
ISIC_0327225,0,1.128912,-0.214728,-0.134185
ISIC_0327406,1,-0.662549,0.644016,-0.057747
ISIC_0331124,0,0.328662,0.085051,-0.882664
ISIC_0331389,0,0.899758,0.484598,-0.60203
ISIC_0333091,1,0.548775,1.078765,0.246101
ISIC_0339930,0,-0.336045,-0.370499,-0.562158
ISIC_0340453,0,-0.482572,-0.872784,-0.964663
ISIC_0345607,0,0.943355,1.326828,-0.265619
ISIC_0346815,1,0.680021,1.122522,-0.019077
ISIC_0347984,0,0.907736,0.512373,-0.360381
ISIC_0348633,0,-0.317358,0.112722,-1.083807
ISIC_0350472,0,0.275553,-1.146278,-0.563714
ISIC_0351547,0,-0.770139,-0.377387,0.290948
ISIC_0355177,0,-0.220799,-0.259738,-0.316676
ISIC_0356611,0,-0.434442,-0.802463,-0.514498
ISIC_0356904,0,-0.518698,0.101764,-0.441596
ISIC_0357043,0,-0.112941,0.471549,-0.094506
ISIC_0359307,0,0.728412,-0.288011,1.117328
ISIC_0360367,0,-0.941729,-0.74574,0.419979
ISIC_0360988,0,-0.619488,-0.051323,-0.606938
ISIC_0361149,0,-0.447933,-0.969372,-0.576337
ISIC_0363130,0,-0.622143,-1.053198,-0.68553
ISIC_0367225,0,-0.494009,0.114371,0.656189
ISIC_0370008,0,-0.529835,-0.021446,-0.59053
ISIC_0372902,0,-0.27906,0.026279,-0.015292
ISIC_0374029,0,-0.898093,-0.651812,-0.616806
ISIC_0375034,1,-0.400206,0.771414,0.456247
ISIC_0377965,0,0.41117,0.271769,-0.380215
ISIC_0378399,0,0.306085,0.779953,-0.007419
ISIC_0385633,0,-0.295834,-0.326067,0.124782
ISIC_0386664,0,0.839161,-0.166029,0.159859
ISIC_0392105,0,1.049088,-0.092177,0.043812
ISIC_0394030,0,-0.715551,-1.00966,-0.458287
ISIC_0394140,0,-0.374898,-0.286623,0.410741
ISIC_0394157,0,-0.424945,-0.037197,-0.711417
ISIC_0397464,0,0.047089,0.659196,0.031046
ISIC_0399142,0,-0.228253,0.494118,0.213499
ISIC_0399220,0,-0.538941,-0.940187,0.128268
ISIC_0403458,0,0.292942,0.779914,1.22628
ISIC_0409276,0,-0.484037,0.3285,-0.417838
ISIC_0411688,0,1.50579,0.988087,0.796582
ISIC_0413154,0,0.267599,-0.148262,-0.661797
ISIC_0413173,0,0.593578,-0.536408,-0.388441
ISIC_0413563,1,0.143451,0.720578,-0.778386
ISIC_0413804,0,-0.811352,-0.07336,-0.372106
ISIC_0418738,0,-0.915514,0.33505,-1.275976
ISIC_0420249,0,-0.354645,0.533778,0.707691
ISIC_0420777,0,-0.720144,-0.922661,-0.232685
ISIC_0422299,0,-0.959897,-0.682444,-0.639136
ISIC_0423483,0,0.480256,-0.027895,1.156852
ISIC_0428257,0,-0.68453,-0.652748,-0.504185
ISIC_0428383,0,-0.88673,-0.262691,-0.049159
ISIC_0429825,1,-0.37926,-0.196644,0.284544
ISIC_0430356,0,-0.528558,-0.051385,-0.961216
ISIC_0430837,0,-0.736688,-0.597686,0.320319
ISIC_0432236,0,-0.359629,0.240897,-0.3892
ISIC_0437978,0,-0.759681,0.236083,-0.177368
ISIC_0438136,0,-0.12919,-1.084808,-1.123603
ISIC_0439726,0,-0.71204,-0.477385,0.964258
ISIC_0440582,0,-0.19267,-0.312074,-0.873402
ISIC_0440848,0,0.504605,-0.18459,-0.819691
ISIC_0443835,0,0.419516,-0.13875,-0.873293
ISIC_0448195,0,-0.264563,-0.823898,0.023091
ISIC_0448485,0,-0.571331,-0.793633,-0.678584
ISIC_0450295,0,-0.192231,0.952477,-1.270863
ISIC_0455743,0,0.493383,0.393188,-0.799466
ISIC_0458561,0,-0.349207,0.934906,-0.239758
ISIC_0463755,0,0.178765,0.821239,0.12122
ISIC_0465385,0,-0.594769,0.110752,-0.775487
ISIC_0465476,0,0.158114,-0.83438,-0.437059
ISIC_0469314,0,-0.892159,-0.383383,-0.987065
ISIC_0472513,0,-0.618952,0.865436,-0.818033
ISIC_0473135,0,0.167997,-0.731359,-0.523582
ISIC_0475506,0,-0.059459,-0.570589,-0.565061
ISIC_0476606,0,-0.425265,-0.68476,-0.997885
ISIC_0479264,0,0.489517,0.018481,-0.189493
ISIC_0481702,0,0.646249,0.226901,-0.7906
ISIC_0482585,0,0.768976,0.742482,0.080302
ISIC_0483289,0,1.118655,-0.416282,-0.120948
ISIC_0484171,0,-0.313603,0.964118,0.359958
ISIC_0485417,0,-0.98185,-0.356734,-0.453507
ISIC_0485529,0,0.305873,-0.191356,-0.74292
ISIC_0485881,0,0.406875,0.00679,0.341854
ISIC_0485914,0,-0.338373,-0.954183,-0.573408
ISIC_0485996,0,0.916675,-0.159508,-0.098456
ISIC_0489267,1,-0.263019,0.106995,-0.394886
ISIC_0490442,0,0.219728,-0.457187,-0.051924
ISIC_0490714,0,-0.664502,-0.206684,-0.724567
ISIC_0497390,0,0.839713,-0.601836,0.03615
ISIC_0501108,1,0.113642,1.133034,0.225798
ISIC_0501843,0,0.937988,-0.484805,-1.292008
ISIC_0502582,1,1.302705,1.150874,0.759323
ISIC_0504165,1,0.310184,1.092332,0.025451
ISIC_0504730,0,0.792256,0.094951,0.584531
ISIC_0510617,0,-0.307593,0.436015,0.219906
ISIC_0510774,0,-0.219444,-0.297693,0.000521
ISIC_0511526,0,-0.341742,0.993652,0.305871
ISIC_0519386,0,0.979804,-0.471904,1.089333
ISIC_0519705,0,-0.713715,-0.522417,0.401495
ISIC_0519719,0,-0.793907,-0.055325,0.345008
ISIC_0522926,0,-0.75422,-0.124369,-0.849416
ISIC_0523125,0,0.074332,0.479241,-0.513264
ISIC_0525687,0,0.384292,-0.817296,0.110442
ISIC_0527170,0,-0.110716,-0.170684,0.218754
ISIC_0527350,0,-1.337042,-0.638668,-0.603288
ISIC_0528044,1,-0.209297,0.571783,0.617685
ISIC_0533122,1,0.469933,0.168315,1.269818
ISIC_0533930,0,-1.075818,-0.049766,-0.317187
ISIC_0535416,0,0.158643,-0.07176,0.268713
ISIC_0536321,0,-0.936346,-0.142918,-0.697974
ISIC_0536433,0,0.694061,0.327654,0.011646
ISIC_0538042,0,-1.26128,-0.435597,-0.126342
ISIC_0541345,0,-1.008767,-0.724768,-1.069144
ISIC_0543351,0,-0.460757,-0.176744,-1.050132
ISIC_0546980,0,-0.470212,-0.126387,0.177592
ISIC_0552911,0,-0.121815,0.01365,-0.327169
ISIC_0553565,0,-0.945003,-0.797657,-1.111162
ISIC_0553932,0,-0.644348,-0.916546,-0.709005
ISIC_0558485,0,-0.297947,-0.166308,0.127963
ISIC_0561249,0,-0.268,-0.405563,-0.388783
ISIC_0561634,0,0.341331,-0.782555,-1.060037
ISIC_0563516,0,0.213171,0.354425,-0.738984
ISIC_0563533,0,-0.390211,-1.101711,-0.903564
ISIC_0565743,0,-0.187253,-0.429194,0.184549
ISIC_0567814,0,0.679404,-0.016062,-1.175017
ISIC_0568867,0,-1.156875,0.646996,0.264333
ISIC_0572205,1,-1.117735,0.586739,0.153375
ISIC_0579047,0,0.14124,0.778216,-0.472118
ISIC_0579562,0,0.708308,0.836154,0.264399
ISIC_0580054,0,0.054047,-0.834541,-0.89463
ISIC_0588322,0,-0.96011,-0.364242,-0.05842
ISIC_0588855,0,0.019824,-0.749738,-0.490986
ISIC_0591011,0,-0.408323,0.1543,-0.810752
ISIC_0591226,0,-0.503161,-0.19596,-0.526355
ISIC_0592973,0,-0.295594,-0.089843,-0.863427
ISIC_0593591,0,0.252116,-0.132183,0.195095
ISIC_0594534,0,-0.287542,-0.202243,-1.038116
ISIC_0594695,0,-0.739006,-0.799135,0.188776
ISIC_0595080,0,-1.00086,-1.032794,-0.673484
ISIC_0597218,0,-0.561318,-0.501388,0.006646
ISIC_0599047,0,-0.418495,-0.844968,-0.396562
ISIC_0602494,0,-0.098818,-0.180695,0.008834
ISIC_0604532,0,-0.074137,0.285477,-0.676022
ISIC_0609067,0,0.466964,0.333197,-0.626238
ISIC_0610477,0,-1.177976,-0.812107,-0.435329
ISIC_0610849,0,0.313954,0.652104,-0.243539
ISIC_0612080,0,-0.064526,-0.140996,0.335515
ISIC_0613014,0,-0.195365,-0.975428,-0.114111
ISIC_0616491,0,-0.239162,-1.575871,-0.759181
ISIC_0620587,0,-0.225293,-0.601376,0.025888
ISIC_0623284,0,0.36734,-0.410101,-0.612083
ISIC_0624498,1,-0.513576,0.109014,0.582329
ISIC_0624779,0,-1.171183,-0.702613,-0.775776
ISIC_0626501,0,0.050179,0.930069,0.066054
ISIC_0627979,0,-0.775542,0.000824,-0.838573
ISIC_0633835,0,-1.130203,-0.725065,-0.781039
ISIC_0634107,0,-0.653259,-0.874836,-0.058337
ISIC_0638857,0,0.043998,-0.877986,0.015654
ISIC_0638889,0,-0.263102,0.139209,0.60155
ISIC_0640770,0,0.863132,-0.097892,-0.962192
ISIC_0640806,0,0.062703,0.031024,0.242042
ISIC_0641173,0,-0.371345,-0.802766,-0.972337
ISIC_0641480,0,-0.714122,-1.198322,-0.713175
ISIC_0644590,0,-0.381195,-0.419319,-0.436819
ISIC_0645116,0,-1.508578,-0.562047,-0.808853
ISIC_0645454,1,0.146655,-0.529133,-0.670801
ISIC_0645477,0,0.301833,0.739824,-0.041426
ISIC_0645834,0,0.040402,-0.927724,-0.049183
ISIC_0647224,1,-1.19773,-0.958144,-0.378184
ISIC_0650126,0,0.796659,-0.346021,-0.022297
ISIC_0651114,0,-0.56553,-0.726499,0.008416
ISIC_0651353,0,-0.052518,-0.230662,0.085004
ISIC_0653633,0,0.568265,-0.443979,-0.291822
ISIC_0653706,0,0.257779,-0.730065,0.20585
ISIC_0654846,0,0.23118,0.333498,-0.926388
ISIC_0655635,0,-0.019403,0.292837,-0.666168
ISIC_0656395,0,0.181927,-0.337275,-0.097257
ISIC_0659400,0,-0.964004,-0.196352,-0.418436
ISIC_0663588,0,-1.10822,-0.304472,-0.182638
ISIC_0663824,0,-0.07455,-0.856392,-1.072923
ISIC_0663941,0,-0.924681,-1.007175,-1.082691
ISIC_0667763,0,0.22593,0.045984,0.056434
ISIC_0668772,0,0.111317,0.576479,-0.208517
ISIC_0674746,0,0.234947,-0.442416,-0.783944
ISIC_0678758,0,-1.218191,-1.001352,-0.711531
ISIC_0679494,0,-1.076092,-1.018269,-0.304506
ISIC_0679553,0,1.069669,0.409495,-0.464582
ISIC_0679781,0,-0.426233,-0.148075,-0.382505
ISIC_0682543,0,-0.170771,-0.327336,0.050958
ISIC_0683389,0,0.151957,0.1929,0.193894
ISIC_0687593,0,-0.02613,0.706823,0.273559
ISIC_0691454,0,-0.192736,-0.666573,-0.272251
ISIC_0692990,0,-0.527781,0.569786,-0.584132
ISIC_0693902,0,-0.55671,-0.709195,-1.382179
ISIC_0694677,0,0.1177,-0.224835,-0.518162
ISIC_0695029,0,-0.109728,-0.34689,-1.253115
ISIC_0696303,0,-0.301717,-0.748749,-1.224904
ISIC_0697953,0,-0.78423,-0.874311,-0.287982
ISIC_0698821,0,-0.785883,0.581313,0.000304
ISIC_0702876,0,-0.030469,0.608124,-0.82464
ISIC_0706692,0,-0.311465,-0.338661,-0.253002
ISIC_0708542,0,-0.051947,-1.354017,0.533342
ISIC_0708552,0,1.381538,-0.001232,-0.18726
ISIC_0710431,0,-1.016114,0.435632,-0.510714
ISIC_0711360,0,0.220517,0.472336,-0.266729
ISIC_0719631,0,0.377001,0.251427,-1.075321
ISIC_0726170,0,0.481132,-0.433607,-1.324487
ISIC_0728350,0,-0.584976,-0.641601,-0.335107
ISIC_0732375,0,-0.983794,-0.998896,-0.088754
ISIC_0740449,0,-0.067369,-0.540233,-0.658041
ISIC_0741694,0,-0.960287,0.255353,-1.134422
ISIC_0744870,0,-0.46507,-0.787513,0.563971
ISIC_0746397,0,-0.572459,-0.048515,-0.808921
ISIC_0749263,0,-0.478394,-0.620663,-0.641443
ISIC_0753112,0,-0.434117,0.588058,-0.066327
ISIC_0753491,0,-0.695918,-0.28981,0.274037
ISIC_0757147,0,-0.774188,-0.534982,0.119793
ISIC_0758797,0,0.042951,0.137554,-0.053595
ISIC_0759561,0,-0.371793,0.247039,1.013931
ISIC_0760740,0,-0.8066,-1.202593,-0.989113
ISIC_0765584,0,-1.182883,-1.086827,-1.093313
ISIC_0765585,0,-0.390328,-0.585365,-0.648975
ISIC_0765973,0,-0.406415,-0.368966,-0.644003
ISIC_0766328,0,0.142405,-0.444305,-1.215759
ISIC_0770920,0,0.338348,0.878441,-0.531556
ISIC_0772836,0,-0.2346,-0.472011,0.113479
ISIC_0773096,0,-0.547518,-0.335246,0.734013
ISIC_0776189,0,0.97056,-0.245674,-0.137724
ISIC_0778327,0,-0.01954,-0.700126,0.074044
ISIC_0779920,1,-0.594673,-0.264008,0.003917
ISIC_0781315,0,-0.589484,-0.768722,-0.500303
ISIC_0781380,0,1.487288,0.469333,0.709149
ISIC_0783513,0,-0.464407,-0.176538,-0.66597
ISIC_0786233,0,0.444768,-0.839894,0.336597
ISIC_0787229,0,0.700599,-0.908387,-0.471014
ISIC_0789732,0,-0.257514,-0.187812,-0.913955
ISIC_0799535,0,-0.522552,-0.604652,-1.255425
ISIC_0801281,0,-0.327231,0.023393,-0.29902
ISIC_0804420,0,0.300546,-0.285382,0.426859
ISIC_0805941,0,-0.235028,-0.167554,-0.257971
ISIC_0806138,0,-0.11129,-0.595671,-0.109781
ISIC_0806140,0,0.302466,-0.545322,0.1825
ISIC_0806303,0,-0.76472,-0.381443,0.076493
ISIC_0808203,1,0.971249,0.301799,0.340387
ISIC_0813342,0,1.159398,0.466789,-0.176944
ISIC_0813423,0,0.575257,0.063294,0.157158
ISIC_0817140,0,-0.486284,-0.081481,-0.298293
ISIC_0817654,0,0.043288,-0.319049,-0.177109
ISIC_0821520,0,-1.540257,-0.969957,-0.8063
ISIC_0822116,0,-0.097428,-0.141859,-1.162861
ISIC_0822238,0,-0.517532,0.230656,0.568677
ISIC_0826998,0,-0.539728,0.344864,0.227546
ISIC_0830131,0,-0.026203,0.360287,-0.406659
ISIC_0830217,0,-0.805906,-0.537776,0.244313
ISIC_0830806,0,-1.363639,-0.644224,-1.197284
ISIC_0834745,0,-0.843202,0.020337,-0.59923
ISIC_0839675,0,-1.360276,-1.119065,0.233576
ISIC_0844312,1,-0.025181,-1.321137,0.212899
ISIC_0845105,0,-0.442322,0.452991,-0.301548
ISIC_0862350,1,-0.136183,0.5325,0.27618
ISIC_0862745,1,0.940056,-0.004969,-0.672603
ISIC_0865706,0,-0.881916,-0.328938,0.25686
ISIC_0867503,0,-0.388148,-0.165466,-0.192631
ISIC_0870751,0,-0.530678,-0.934295,-1.02959
ISIC_0871853,0,-0.45473,-0.471092,-0.001623
ISIC_0872145,0,0.654015,0.143222,-0.830419
ISIC_0874261,0,-0.253519,0.40442,-0.506495
ISIC_0878793,0,-0.921645,-0.354893,0.020748
ISIC_0879097,0,-0.653429,-1.029254,-0.45522
ISIC_0883408,0,-0.192989,-0.119646,-0.66345
ISIC_0884550,0,-1.456142,-1.173846,-0.693972
ISIC_0887530,0,0.333805,-0.410958,-0.209928
ISIC_0887792,0,-0.563313,-0.141473,0.059227
ISIC_0890398,0,0.34828,1.166947,0.326433
ISIC_0894785,0,-0.662768,-0.03492,0.135553
ISIC_0897248,0,-0.573747,0.327004,0.296603
ISIC_0897526,0,0.62479,-0.202597,0.322404
ISIC_0897876,0,-0.230266,0.720389,-0.86721
ISIC_0899961,0,0.791748,0.975755,0.611762
ISIC_0900349,0,-0.98726,-0.13996,-0.660819
ISIC_0904712,0,0.155572,-0.011254,-0.247488
ISIC_0905367,0,0.35409,0.140498,0.267851
ISIC_0906465,0,-0.09894,-0.296915,-0.884653
ISIC_0908367,0,-0.121631,-0.202718,1.158719
ISIC_0911264,1,0.694524,-0.170495,0.351741
ISIC_0911448,0,0.36861,0.114478,-0.161453
ISIC_0912291,0,-0.100652,0.189902,-0.31361
ISIC_0914168,1,0.138555,0.15713,0.208452
ISIC_0914251,0,0.182442,-0.151296,-1.031062
ISIC_0918078,0,-0.723659,-1.161383,-0.372291
ISIC_0919467,0,-1.289606,-0.880275,-0.454677
ISIC_0922552,0,-0.826647,-0.236693,0.338174
ISIC_0924902,0,0.316028,-1.304436,-0.751909
ISIC_0927854,0,0.256634,0.042097,0.049126
ISIC_0929483,0,0.289975,-0.384178,-0.476872
ISIC_0929517,0,-1.077699,0.519885,-0.068712
ISIC_0937261,0,-0.081611,-0.128197,0.465413
ISIC_0939648,0,0.931271,-0.110897,-0.182048
ISIC_0941085,0,-0.463542,-0.376654,0.477712
ISIC_0941332,0,-0.298401,0.45497,1.404404
ISIC_0942056,0,-0.988049,0.638296,-0.191459
ISIC_0944273,0,0.578763,0.056931,0.449423
ISIC_0945844,0,-0.81776,-0.720202,0.282458
ISIC_0946787,1,-1.213819,-0.379357,-0.144911
ISIC_0946923,0,0.081972,-0.699368,-1.088047
ISIC_0951519,0,-0.211869,-0.480114,0.481987
ISIC_0952221,0,-0.529552,-1.135789,-0.516042
ISIC_0953317,1,0.900894,-0.374452,0.748823
ISIC_0953675,0,-1.23149,-0.448149,-0.717935
ISIC_0958701,0,-0.758538,0.230372,-0.463453
ISIC_0959863,0,-0.429701,-0.079943,-0.821537
ISIC_0961235,1,-0.242989,-0.583027,-0.909055
ISIC_0962121,1,-0.785129,0.3714,0.074845
ISIC_0962787,0,-1.246726,-0.669799,-0.437
ISIC_0963531,0,0.616909,-0.085043,-0.207523
ISIC_0963536,0,-0.297971,0.118015,-0.722006
ISIC_0966527,0,1.016536,0.410104,-0.715672
ISIC_0973194,0,0.344437,-1.06656,-0.488174
ISIC_0974833,0,-0.38523,-0.912143,-0.626068
ISIC_0975874,0,0.690711,-0.005567,-0.882301
ISIC_0976232,0,0.197894,-0.79303,-0.95833
ISIC_0979974,0,0.088542,0.382578,-0.893079
ISIC_0981639,1,-1.204416,-0.536843,0.078576
ISIC_0982757,0,0.163061,0.381712,-1.084975
ISIC_0982855,0,-0.056356,-0.118531,-0.015967
ISIC_0990298,1,0.919281,0.903412,0.57982
ISIC_0998962,1,-1.444906,-0.651686,-1.054567
ISIC_1002979,0,0.507946,0.183173,-0.941863
ISIC_1004416,0,0.394998,0.330808,-0.182358
ISIC_1008321,0,-0.053672,-1.17216,0.28146
ISIC_1008609,0,-0.523037,-0.497892,0.252688
ISIC_1009042,1,0.224075,0.093812,-0.233633
ISIC_1014075,0,0.688406,0.457312,0.259721
ISIC_1017377,0,-0.315873,0.252066,-0.747233
ISIC_1018265,0,-0.423586,-0.338352,-0.584992
ISIC_1020369,0,-0.438871,-0.854386,0.398933
ISIC_1020968,0,-0.369746,-0.607393,-1.127569
ISIC_1023339,0,0.061703,-0.182612,0.10399
ISIC_1023354,0,-0.786928,-1.020007,-0.645228
ISIC_1026382,0,-0.33431,0.569153,1.101048
ISIC_1027512,0,-0.626352,-0.586937,-0.942369
ISIC_1034397,0,-0.484165,0.451142,0.697887
ISIC_1035480,0,-1.412689,0.343976,0.113101
ISIC_1037315,1,0.260346,0.708079,-0.087652
ISIC_1037945,0,0.684166,-0.011266,-0.230167
ISIC_1039970,0,-1.082293,-0.753646,-0.220584
ISIC_1040340,0,-0.082503,0.32269,-0.526325
ISIC_1042960,0,-0.598771,-0.752603,-0.231948
ISIC_1043267,0,-0.224233,-0.566622,-1.35699
ISIC_1046678,0,0.943098,0.493042,-0.330745
ISIC_1048077,0,-0.266074,-0.235228,-0.065986
ISIC_1048913,0,-0.805641,-1.271226,-0.089455
ISIC_1050000,0,-0.680608,0.344992,0.31129
ISIC_1053427,0,-1.008287,-1.493659,0.333547
ISIC_1054090,0,-1.287397,-0.007326,-1.04083
ISIC_1057521,0,1.154955,0.143491,0.41453
ISIC_1059525,0,0.051661,-1.377315,0.142678
ISIC_1067390,0,-0.413052,0.355857,-0.970452
ISIC_1067985,0,-0.091233,0.465003,0.311123
ISIC_1068686,1,0.203415,-0.457796,0.007501
ISIC_1069587,0,1.024365,-0.832364,0.25531
ISIC_1071355,1,0.863289,0.854353,0.078791
ISIC_1072321,0,0.41414,-0.833096,-0.805108
ISIC_1074939,0,-0.297032,0.081415,0.204105
ISIC_1075605,0,-0.340294,-0.374001,0.218899
ISIC_1076091,0,0.054774,-0.242815,-0.064103
ISIC_1076474,0,0.304973,-0.751504,-0.111326
ISIC_1077375,0,-0.377166,-0.640713,-0.219336
ISIC_1078854,0,-0.077766,-1.125583,-0.467424
ISIC_1080647,0,-0.407292,0.226643,0.061284
ISIC_1081051,0,0.563912,-0.901374,-0.306405
ISIC_1081430,0,-0.147906,0.115522,-0.394763
ISIC_1083681,0,-0.378841,-0.358268,0.328109
ISIC_1089617,0,0.311883,-0.387274,-0.958096
ISIC_1091626,0,-0.219083,-0.937837,-1.185263
ISIC_1092432,0,0.245824,-0.146175,0.780202
ISIC_1097830,0,0.53529,-0.087309,-0.708271
ISIC_1102075,0,0.026137,-0.736018,0.137825
ISIC_1102391,0,-0.416281,0.088655,-1.428399
ISIC_1104374,0,0.786621,0.041747,-0.297048
ISIC_1105263,0,-0.666653,-0.267245,0.240371
ISIC_1108178,0,0.192644,0.180135,-1.053533
ISIC_1108204,0,0.573152,-0.507383,0.423969
ISIC_1109641,0,-0.31532,0.142598,-0.287138
ISIC_1110583,1,-1.009767,-0.854146,-0.570124
ISIC_1113265,0,0.446337,-0.605498,-0.350359
ISIC_1113629,0,0.145452,0.054334,1.061127
ISIC_1114966,0,-0.029238,-0.059504,0.871706
ISIC_1115013,0,-0.215531,0.078677,0.233272
ISIC_1115160,0,0.249697,-0.784249,0.008512
ISIC_1117369,0,0.190596,-0.397272,0.374668
ISIC_1118894,0,-0.652713,0.339372,-0.238119
ISIC_1120654,0,0.038469,-0.373652,0.458092
ISIC_1122023,0,-0.637927,0.700843,0.130414
ISIC_1124434,1,-0.650018,-0.492737,0.089019
ISIC_1131588,0,-0.652374,-0.116303,-0.031347
ISIC_1132496,1,-0.137151,0.084263,-0.238554
ISIC_1132788,0,0.129486,0.482815,-0.217282
ISIC_1132966,0,-0.983992,-0.641136,-0.187106
ISIC_1135213,0,-0.594839,-0.069637,-0.610437
ISIC_1137915,0,0.22704,0.674536,-1.094703
ISIC_1140410,0,-0.021492,0.290739,0.66289
ISIC_1142933,0,-0.712808,-0.135383,-1.074771
ISIC_1142962,0,0.353735,-0.166116,-0.918055
ISIC_1144024,0,0.578686,-0.427796,-0.135566
ISIC_1146341,0,-0.243536,-0.770726,0.532793
ISIC_1149693,0,-0.763036,-0.31845,-0.258795
ISIC_1150482,0,-0.08375,0.176828,-0.474177
ISIC_1152559,0,0.171266,-0.579863,-0.820311
ISIC_1154109,0,-0.770662,0.12505,-0.320091
ISIC_1155782,0,0.385201,-0.053952,-0.194927
ISIC_1159891,1,0.875235,0.229433,0.087855
ISIC_1161370,0,-0.726389,-0.193995,-0.273311
ISIC_1165548,0,0.567695,0.2088,-0.519085
ISIC_1166522,0,-0.396632,-0.138372,0.129936
ISIC_1166678,0,-0.300946,-0.245455,-0.550039
ISIC_1166740,0,0.123058,0.085741,0.403146
ISIC_1169724,0,0.001538,0.318147,-0.592963
ISIC_1175170,0,-0.009638,0.199805,0.066202
ISIC_1175291,0,0.395508,0.785956,0.173522
ISIC_1175776,0,-0.170852,0.626827,0.067353
ISIC_1177153,1,0.421184,0.089103,-0.01846
ISIC_1177505,1,0.939352,-0.052218,-0.268206
ISIC_1178518,0,-0.924038,-0.586459,0.275517
ISIC_1185006,0,0.63053,0.123734,-0.403241
ISIC_1189461,0,-0.091254,0.739736,-0.130489
ISIC_1192835,0,-0.104346,0.569575,-0.168918
ISIC_1193108,0,-1.256939,-0.107007,-0.789232
ISIC_1194944,0,0.279954,0.283141,-0.422101
ISIC_1195689,0,-0.717673,-1.271612,-1.241496
ISIC_1197584,0,-0.579792,0.311072,-0.122276
ISIC_1200192,1,1.529798,0.734608,0.940734
ISIC_1200689,0,0.097281,-0.426693,-0.563504
ISIC_1202785,0,-0.232241,0.104604,-0.668892
ISIC_1202976,0,-0.040536,-0.552243,0.291819
ISIC_1205826,0,-0.478839,-0.675561,-1.179084
ISIC_1208705,0,-0.802423,-1.090111,-0.758373
ISIC_1210011,1,1.00843,0.542666,0.012907
ISIC_1210565,0,-0.434635,-0.868558,0.137442
ISIC_1211506,0,-1.246411,-1.040701,-0.960622
ISIC_1216139,0,-0.410592,-0.011685,-0.884452
ISIC_1216201,0,0.55691,0.266739,-0.441231
ISIC_1216698,0,0.326932,-0.00449,1.235627
ISIC_1217314,0,-1.157668,0.112132,0.110353
ISIC_1220154,0,0.223373,-1.16479,-0.412293
ISIC_1223648,0,-0.083109,-0.132307,-0.219624
ISIC_1223849,0,0.262151,-0.149479,-0.094492
ISIC_1224329,0,-0.553494,0.45857,1.041698
ISIC_1225511,0,-0.259572,0.020082,0.128101
ISIC_1226440,0,-0.413444,-0.352074,-0.513805
ISIC_1226882,0,0.365139,-1.049655,-0.727675
ISIC_1228845,0,-0.612048,0.275316,0.099746
ISIC_1231419,1,-0.049029,-0.716665,0.368239
ISIC_1231722,0,-0.079325,-0.32801,0.361093
ISIC_1233104,0,-0.607965,-1.187275,-0.817461
ISIC_1234463,0,-0.183681,-1.135803,-1.056655
ISIC_1241817,1,0.841404,1.029344,-0.153325
ISIC_1247683,1,1.569875,0.921585,0.309784
ISIC_1251639,0,-0.328004,0.107335,-0.609968
ISIC_1251811,0,-0.704019,-0.697369,-0.162343
ISIC_1253960,0,-0.644658,-0.56627,-1.025006
ISIC_1254469,1,-1.000657,-0.817447,-0.870957
ISIC_1258763,0,0.036203,-0.294604,0.059385
ISIC_1258986,0,0.492835,-0.922671,-1.253843
ISIC_1260545,0,0.857711,-0.942999,-0.334586
ISIC_1264576,0,1.248644,-0.314213,-0.008434
ISIC_1264725,0,0.174713,-1.278667,-1.150395
ISIC_1264950,0,-0.329086,-0.350892,0.778471
ISIC_1265382,0,0.146826,-0.092044,-0.359673
ISIC_1265755,0,0.677917,0.077757,0.009893
ISIC_1269461,0,-0.065721,-1.059018,-0.971732
ISIC_1280780,0,0.907863,-0.524811,0.301009
ISIC_1285870,0,-0.579553,-0.197573,-0.697386
ISIC_1287370,0,0.240414,0.679926,1.102368
ISIC_1290821,0,-0.864446,-0.400242,-0.387753
ISIC_1292607,0,-0.393502,0.083041,0.30848
ISIC_1293403,0,-0.586892,0.027531,0.129091
ISIC_1293743,0,-0.002796,0.537802,-0.940487
ISIC_1294049,0,-0.657927,-0.804498,-0.148553
ISIC_1296490,0,-0.881368,-0.172738,0.140066
ISIC_1300967,0,-0.333805,-0.179837,-0.006628
ISIC_1305537,0,0.080148,0.075613,-0.179746
ISIC_1306020,0,-0.255912,-0.412614,0.296265
ISIC_1306790,0,-0.646588,-0.236258,0.556593
ISIC_1308081,0,0.579737,0.535275,-0.857489
ISIC_1308649,0,-0.335088,-0.882847,0.186525
ISIC_1312827,0,-0.487963,-0.207933,-0.387203
ISIC_1314502,0,0.535995,0.166347,-0.176788
ISIC_1315123,0,-0.873751,-0.697503,-0.381748
ISIC_1323048,0,1.052569,-0.426943,0.64509
ISIC_1323743,0,-0.341204,0.104536,-0.081013
ISIC_1327515,0,0.731517,-0.21877,-0.768497
ISIC_1328488,0,0.300361,0.515484,-0.551295
ISIC_1328804,0,0.224612,0.465369,-0.011422
ISIC_1330008,1,-0.877809,-0.113087,-0.285813
ISIC_1331993,0,-0.387202,-0.508126,-0.640946
ISIC_1332766,0,-0.324272,-0.662522,0.449983
ISIC_1334038,0,0.39728,-0.081066,-0.640798
ISIC_1334438,0,-0.089396,-0.674421,-0.088764
ISIC_1336351,0,-0.784201,0.421102,-0.755652
ISIC_1337726,0,-0.972582,-0.765834,0.189237
ISIC_1342117,0,-1.62719,0.480542,0.113131
ISIC_1343302,1,0.325025,0.667661,-0.772991
ISIC_1343433,0,-0.563507,0.130085,0.282104
ISIC_1344537,0,0.377499,0.975772,0.394746
ISIC_1348538,0,-0.17761,-0.161387,-0.226172
ISIC_1348843,0,0.931576,1.684434,0.213451
ISIC_1350519,0,0.508232,0.407696,-0.641959
ISIC_1351604,0,0.475675,0.132432,0.371126
ISIC_1352841,0,0.57651,-0.588071,-0.608122
ISIC_1353668,0,0.194207,-0.722071,-0.332869
ISIC_1356715,1,-0.362831,-1.243163,-0.824365
ISIC_1358527,0,-0.258924,0.390429,0.039042
ISIC_1359533,0,0.262212,-0.055221,0.46897
ISIC_1366765,0,0.005717,0.28411,0.032286
ISIC_1367610,0,1.260876,0.375235,-1.050475
ISIC_1368336,0,-0.978252,-0.282123,-0.092693
ISIC_1369273,0,-0.704844,0.966019,1.239279
ISIC_1369967,1,0.518421,1.107461,-0.113956
ISIC_1370142,0,0.259496,0.119567,0.469193
ISIC_1372928,1,0.75426,-0.016071,0.412186
ISIC_1373468,0,0.720545,0.359576,-0.5097
ISIC_1375476,1,-0.299825,0.200046,0.208215
ISIC_1377409,0,-1.050995,-0.840472,0.143815
ISIC_1379405,0,0.121438,-0.190477,-0.033619
ISIC_1379601,0,0.277292,-0.570549,-0.7327
ISIC_1380069,0,0.110962,-0.415578,-0.478853
ISIC_1382271,0,-0.459543,0.748461,-0.433422
ISIC_1382677,0,-0.279218,-0.529501,-0.36027
ISIC_1383822,0,0.061983,-1.064737,0.159134
ISIC_1384527,0,1.431361,-0.237001,0.596363
ISIC_1387456,0,-1.099134,-0.376584,0.011484
ISIC_1388297,0,-0.254705,-0.134992,-0.127571
ISIC_1389141,0,0.067196,-0.461275,-0.193127
ISIC_1389563,0,-0.515177,-0.526429,-0.190072
ISIC_1390308,0,-1.205818,-0.514211,-0.907027
ISIC_1394786,0,-0.058763,-0.344773,0.259957
ISIC_1396573,0,-0.208094,-0.371935,-0.342412
ISIC_1396767,0,0.071982,-0.515884,-0.138488
ISIC_1398618,0,-0.68346,-0.863161,-0.450927
ISIC_1399572,0,-0.456693,-0.286913,-1.3235
ISIC_1402840,0,-1.313259,0.265065,-0.316379
ISIC_1403974,0,-0.378855,-0.826073,-0.214212
ISIC_1410408,0,-0.047739,-0.448842,-0.943838
ISIC_1412843,1,-0.395737,-0.119958,0.002249
ISIC_1413120,0,0.853262,0.768054,0.288095
ISIC_1413242,0,-1.151067,-0.941798,-1.316093
ISIC_1414751,0,-0.686744,0.640778,0.324925
ISIC_1418304,0,-0.253998,0.063295,-1.026762
ISIC_1423737,1,0.881744,0.188153,-0.138442
ISIC_1426331,0,0.406501,-1.155468,-0.461117
ISIC_1431777,0,0.089284,-0.008849,0.309316
ISIC_1432058,0,0.186129,-0.034604,-0.357926
ISIC_1434141,0,0.758981,0.396207,0.462341
ISIC_1436929,0,-0.10951,0.168381,-1.351693
ISIC_1438269,0,-0.957677,0.015854,-0.426721
ISIC_1440063,0,0.633275,-0.120515,-0.469274
ISIC_1440377,0,0.251164,0.226486,-0.6011
ISIC_1441260,0,-0.548392,-0.522562,-0.447435
ISIC_1444154,0,-0.14958,0.827127,0.111025
ISIC_1445277,0,-0.754554,-0.14355,-0.635508
ISIC_1450548,0,0.697789,-0.353588,-0.091348
ISIC_1452314,0,-0.728636,-0.937041,-0.504835
ISIC_1452549,0,-0.529147,-0.502187,-1.107585
ISIC_1453146,0,0.309495,-0.147527,0.150146
ISIC_1453671,0,-1.735992,-1.004955,-0.976686
ISIC_1453899,0,-0.094434,-0.453282,0.195388
ISIC_1457687,0,-0.881759,0.804394,-1.270195
ISIC_1460249,0,0.369572,-0.476167,-1.094347
ISIC_1460932,1,-0.186666,-0.249413,0.442197
ISIC_1461068,0,-0.228919,0.092568,-0.490075
ISIC_1461507,0,-0.576514,-0.429066,0.200029
ISIC_1470245,0,0.439231,0.500214,-0.652927
ISIC_1470250,0,-0.364979,-0.069534,0.011528
ISIC_1470934,0,0.554605,-0.605737,-0.602215
ISIC_1471329,0,0.110979,0.076422,0.351967
ISIC_1472731,0,-0.898805,-0.141593,0.64094
ISIC_1472777,0,-0.877394,-0.697561,0.234114
ISIC_1473511,0,-0.8358,-0.100184,-0.353259
ISIC_1473522,1,-0.125485,0.138838,0.315741
ISIC_1475598,0,-0.052929,-0.085905,-0.607309
ISIC_1476361,0,-0.63487,0.007789,-0.921879
ISIC_1477056,0,-0.47823,-0.799006,-0.444069
ISIC_1477990,0,-0.731683,-0.579535,0.027663
ISIC_1479949,0,-0.241731,-0.415931,-0.036035
ISIC_1484525,0,-0.691649,-0.066925,-0.566587
ISIC_1484659,1,-0.004205,-0.226003,0.219903
ISIC_1488727,0,0.859349,-0.674104,-1.35697
ISIC_1490986,0,-1.360965,-0.245431,-0.137499
ISIC_1492055,0,-0.620449,0.680438,0.335612
ISIC_1495182,0,0.420463,-0.650731,0.063672
ISIC_1495793,0,0.759561,0.468552,-0.735482
ISIC_1496194,0,0.780146,-0.710998,0.666365
ISIC_1497525,0,0.308551,0.344643,-1.231221
ISIC_1497800,0,0.261321,-0.760002,-0.901994
ISIC_1499915,0,0.199686,0.770129,0.92468
ISIC_1501483,0,0.339166,-0.390533,0.430847
ISIC_1504257,0,-0.228369,0.076434,-0.527158
ISIC_1507583,0,-0.138099,0.204136,-0.373863
ISIC_1508215,0,-0.00339,-0.461536,0.037798
ISIC_1509635,0,0.209211,-0.690261,0.376034
ISIC_1513720,0,0.838284,-0.478849,0.13175
ISIC_1514401,0,-0.529008,-0.31045,-0.245627
ISIC_1515947,0,0.018336,-0.678953,-0.191186
ISIC_1519891,0,0.404525,-0.73942,-0.098254
ISIC_1520897,0,1.123486,1.259314,0.239611
ISIC_1522266,0,-0.404355,-0.006788,0.104285
ISIC_1525284,0,-0.59704,-0.617401,-0.244819
ISIC_1530981,0,1.033337,0.122909,0.894841
ISIC_1531204,0,-0.909355,-0.054381,-0.403245
ISIC_1532403,0,-0.203187,-1.071515,-0.130556
ISIC_1532684,0,0.563735,-0.245408,-0.192493
ISIC_1533305,0,0.398404,-0.501523,-1.134387
ISIC_1534391,0,-0.932886,-0.568378,-0.431441
ISIC_1543544,0,0.275186,0.027218,-0.273993
ISIC_1543770,0,-0.637417,-0.670102,-1.179674
ISIC_1545544,0,-0.164752,-0.684962,-0.653958
ISIC_1550721,0,-1.279065,-0.295115,-0.802058
ISIC_1552232,0,0.361471,0.133026,0.001454
ISIC_1554992,0,-0.434471,-0.401574,-0.298915
ISIC_1558504,1,1.403519,-0.101011,-0.098152
ISIC_1560272,0,0.22638,0.414042,-0.111499
ISIC_1560455,0,-0.340422,0.221573,-0.035552
ISIC_1565767,0,-0.514443,0.128425,0.169398
ISIC_1566215,0,0.421109,0.049448,-0.304705
ISIC_1566428,1,1.193856,0.689497,0.783571
ISIC_1566931,0,0.475297,-0.203476,-0.616608
ISIC_1568268,0,-1.227297,-0.105365,-0.491826
ISIC_1569775,0,-0.828998,-0.174021,-0.291488
ISIC_1570390,0,0.165558,0.182275,-1.321158
ISIC_1576437,0,-1.071862,-1.217361,0.104705
ISIC_1578253,0,0.275987,0.862762,-0.16461
ISIC_1578399,0,-1.252243,-0.207631,-1.006425
ISIC_1579745,0,0.199746,-1.004573,-0.9823
ISIC_1580034,0,-0.224493,-0.344282,-0.146822
ISIC_1584535,0,-0.557241,-1.565518,-0.836566
ISIC_1585370,0,-0.318841,-0.027075,-0.928432
ISIC_1585511,0,0.098088,-0.077334,0.417471
ISIC_1589997,1,-0.256957,0.488258,0.216676
ISIC_1590725,0,-1.012408,-0.374414,-0.252098
ISIC_1590829,0,-0.101954,-0.734487,-0.343478
ISIC_1595103,0,-0.290386,-0.166761,-1.32798
ISIC_1595325,0,-0.100498,-1.130559,-0.721929
ISIC_1595658,0,-0.407836,-0.559392,-0.717853
ISIC_1597566,0,0.24145,-0.532366,0.772368
ISIC_1598039,0,-0.741507,-0.417828,-0.626155
ISIC_1601532,1,0.728656,0.897466,-0.217006
ISIC_1601784,0,0.100953,-0.441029,-1.175782
ISIC_1603834,0,0.085866,-0.715127,-1.587538
ISIC_1604845,0,-0.266051,0.317748,-0.37497
ISIC_1605629,1,0.475361,-0.488863,-1.258659
ISIC_1605945,1,1.121167,0.821028,0.735703
ISIC_1607865,0,0.360262,-0.80919,0.425023
ISIC_1608524,0,-0.190876,0.156111,0.185387
ISIC_1608727,0,-0.128523,-0.813441,-1.118787
ISIC_1611503,0,-0.579251,-0.101191,0.073125
ISIC_1612350,0,-0.2665,-0.324296,-0.283061
ISIC_1615485,0,-0.758002,-0.455903,-0.720281
ISIC_1615996,0,1.05113,0.209615,-0.171807
ISIC_1616031,1,-1.617467,0.964137,-0.498119
ISIC_1619470,0,-0.599754,-0.764644,-1.121178
ISIC_1619814,0,-0.258317,1.045969,0.117948
ISIC_1620401,1,-0.308131,0.707471,0.074309
ISIC_1628539,0,0.285104,-0.841673,0.19601
ISIC_1630301,1,0.371802,1.059616,0.990948
ISIC_1632313,0,0.963279,0.147658,0.699204
ISIC_1632696,0,0.209821,0.510029,0.131833
ISIC_1637536,0,0.335154,-0.29328,0.23713
ISIC_1637588,0,0.149005,-0.423248,-0.100392
ISIC_1638357,0,0.33645,-0.631201,-0.395878
ISIC_1638436,0,-0.670267,0.813582,0.087819
ISIC_1640823,0,-0.414735,-0.876616,0.067017
ISIC_1641823,0,0.806105,0.203245,-0.328171
ISIC_1644520,0,0.378705,-0.598407,-0.264039
ISIC_1650523,0,0.015148,0.671582,0.835881
ISIC_1654318,0,-0.829392,-0.555881,-1.471117
ISIC_1654342,1,-0.964187,0.227193,0.370943
ISIC_1655513,0,-0.061451,-0.132613,-0.483021
ISIC_1658623,0,-1.072173,-0.345015,-0.899719
ISIC_1661837,0,0.001834,-0.61534,-0.118106
ISIC_1663144,0,0.164278,0.29513,-0.423081
ISIC_1668831,0,-1.320111,0.946504,0.341842
ISIC_1670165,0,-0.16949,-0.293781,-0.38465
ISIC_1672821,0,-0.440802,-0.202856,-0.474895
ISIC_1674754,0,1.040138,-0.1245,-0.169034
ISIC_1676261,0,-0.620277,-0.389947,-0.800818
ISIC_1681964,0,0.400115,0.514224,-0.265598
ISIC_1684127,1,-0.837877,0.524795,0.297258
ISIC_1684829,0,-0.239406,0.228684,-0.880451
ISIC_1685962,1,0.339375,0.268146,0.434569
ISIC_1686556,0,0.56185,0.407933,-0.368337
ISIC_1687004,0,-0.272927,-0.970918,-0.500984
ISIC_1689678,0,-0.269584,0.056213,-0.400744
ISIC_1690909,0,0.503923,-1.014533,-1.044408
ISIC_1693458,0,-0.01649,-0.851073,-0.404796
ISIC_1693572,1,0.992746,1.377201,0.770261
ISIC_1694817,1,0.028117,-0.195758,-0.290798
ISIC_1695424,0,-0.781454,0.543443,-0.394968
ISIC_1696516,0,-1.04548,-0.613622,-0.023598
ISIC_1696845,0,0.319138,0.58457,-0.010189
ISIC_1698119,0,-0.031257,-0.432277,-0.05046
ISIC_1700051,0,-1.008755,-0.363559,-0.532865
ISIC_1706912,1,-0.960262,0.385746,-0.669495
ISIC_1708591,1,-0.261598,-0.20194,-1.107367
ISIC_1711134,0,-0.974859,-0.192632,-0.701965
ISIC_1711185,0,-0.492705,-0.679903,-0.196039
ISIC_1711973,0,-0.614833,-0.273296,-0.572233
ISIC_1714941,0,-0.18333,-0.802903,-1.238402
ISIC_1718403,0,-0.426082,0.141131,-0.536442
ISIC_1720840,0,-1.167752,0.727107,-0.209617
ISIC_1720856,0,-0.540705,-0.979639,-0.080106
ISIC_1722909,0,-0.335113,-0.315175,0.55863
ISIC_1727826,0,-0.337416,-1.260945,-0.508112
ISIC_1729223,1,0.262382,0.009523,-0.457241
ISIC_1729351,0,0.011238,0.564263,0.947854
ISIC_1731109,0,-0.034441,-0.615187,-0.4864
ISIC_1732527,0,0.299674,-0.449244,0.475433
ISIC_1733794,0,-0.535637,-0.393724,-0.212446
ISIC_1735204,0,-0.395683,-1.142318,-0.26239
ISIC_1736735,0,-0.375499,-0.588848,-1.187555
ISIC_1737600,0,0.122151,0.063369,-0.491329
ISIC_1738738,0,0.351936,-0.488082,0.074008
ISIC_1739667,0,-0.172278,-0.813503,-0.182946
ISIC_1740912,0,-0.724491,0.000629,-0.889354
ISIC_1744817,0,0.640892,-0.964202,-0.587304
ISIC_1745182,0,-0.825992,-0.414176,-0.161255
ISIC_1745731,0,0.588528,0.254544,-0.452691
ISIC_1752943,1,0.444398,0.058915,0.771078
ISIC_1753877,0,-0.804664,-0.80023,-0.321314
ISIC_1757941,0,-0.786821,-0.302658,-0.326959
ISIC_1758558,0,-0.166051,0.15439,0.450244
ISIC_1761083,0,0.120196,-0.026139,0.72521
ISIC_1761799,0,-0.058887,0.056316,0.382393
ISIC_1763577,0,0.202558,0.271825,-0.016895
ISIC_1768733,0,0.119107,0.509922,-1.119203
ISIC_1772828,0,0.445796,-0.613345,-0.165427
ISIC_1774797,0,-0.141145,0.126899,-1.275886
ISIC_1776777,1,-0.891841,-0.569873,0.103068
ISIC_1777398,0,-0.784993,-0.879888,-0.52622
ISIC_1781273,0,-0.73081,-0.255675,-0.589581
ISIC_1782545,0,-0.670936,-0.562509,-0.397479
ISIC_1782911,0,-0.909698,0.47794,0.283006
ISIC_1783062,0,0.159184,1.192807,-0.03023
ISIC_1784255,0,-1.165517,-0.562307,0.593998
ISIC_1784613,0,0.794436,0.390317,-0.230737
ISIC_1785627,1,0.315021,0.029585,0.929826
ISIC_1788979,0,-0.783653,-0.495096,0.007241
ISIC_1790808,0,-0.633069,0.36301,0.402665
ISIC_1793624,0,0.162035,-0.003666,0.558416
ISIC_1793821,0,0.10435,0.647697,0.312354
ISIC_1794249,0,-0.846527,0.131522,-1.053226
ISIC_1795529,0,-0.742029,0.060359,0.22514
ISIC_1797795,1,-0.451533,0.234738,-0.693943
ISIC_1798471,0,0.177609,-0.045197,-0.072647
ISIC_1802502,0,0.330627,-0.664119,-0.4031
ISIC_1805163,0,0.04457,0.149301,0.012317
ISIC_1805602,0,0.572871,0.315354,0.725718
ISIC_1805921,0,0.273921,-1.079479,-0.818863
ISIC_1806179,0,-0.228641,0.587559,-0.627438
ISIC_1807276,0,-0.170702,0.254886,0.574201
ISIC_1809444,0,-0.403776,-0.431425,0.043727
ISIC_1814941,1,1.613094,0.514829,0.326855
ISIC_1818238,1,1.406901,0.928218,0.575746
ISIC_1819071,0,-0.506819,-0.582223,-0.247747
ISIC_1819358,0,-0.303534,-0.53293,-1.200759
ISIC_1831600,0,-0.283627,0.038553,-0.198464
ISIC_1834920,1,-0.933691,-0.262386,0.006142
ISIC_1835041,0,0.76201,-0.269774,-1.099453
ISIC_1838876,0,0.077834,-0.235485,0.22146
ISIC_1838888,0,-0.421857,-0.154923,-1.215238
ISIC_1843053,0,0.780216,0.274956,-0.276351
ISIC_1847556,0,-0.518746,0.573934,-0.084081
ISIC_1848300,0,0.421683,-1.079556,-0.483087
ISIC_1850196,0,0.410416,0.549092,0.69413
ISIC_1850388,0,-0.228566,-0.748628,0.305992
ISIC_1850674,1,-0.545129,-0.607631,0.235108
ISIC_1851112,0,-0.004475,-0.504417,0.246386
ISIC_1851605,0,0.058533,-1.015736,-0.663723
ISIC_1856556,0,0.082754,0.465579,-0.871954
ISIC_1858237,0,-1.029152,-0.564925,0.117266
ISIC_1858989,0,-1.104244,-0.388939,0.463384
ISIC_1859923,0,-0.009333,-0.445697,-0.888976
ISIC_1860707,0,0.276432,0.252254,-0.40867
ISIC_1862691,0,-0.640749,0.057469,-0.822129
ISIC_1863917,0,0.347056,0.400617,-0.191457
ISIC_1868816,0,-0.823858,-1.132226,0.376395
ISIC_1869829,0,-0.989719,-0.7825,-0.344541
ISIC_1870309,0,0.170459,-1.299043,-1.252438
ISIC_1870415,1,-0.252355,-0.420699,0.45861
ISIC_1871890,0,-0.365097,-0.425335,-0.639878
ISIC_1872823,0,-0.29454,-0.207817,-1.293641
ISIC_1874480,0,-0.303448,-0.914183,0.322687
ISIC_1877535,0,0.164381,-0.428684,0.262586
ISIC_1881133,1,-0.843213,-0.885173,-0.639162
ISIC_1883330,0,-0.083153,-0.17972,-0.096629
ISIC_1884256,0,-0.38991,0.610925,0.118018
ISIC_1885174,0,-0.100726,1.245721,0.19749
ISIC_1886756,0,-0.136738,-0.334239,0.363332
ISIC_1888865,0,0.018377,1.038254,-0.497877
ISIC_1894133,0,0.027108,0.161582,-0.76328
ISIC_1897507,0,0.639584,0.615818,0.575055
ISIC_1899683,0,-0.251248,-1.374564,0.213635
ISIC_1906141,0,0.011315,-0.375043,-0.414365
ISIC_1910158,0,-1.144433,0.199547,0.118126
ISIC_1911193,0,-1.42998,0.114716,-0.699864
ISIC_1912589,0,-0.633961,-0.438122,-0.939475
ISIC_1915890,0,-0.338788,-0.079781,-0.62656
ISIC_1919324,0,-0.531871,-0.34278,-0.182072
ISIC_1920685,0,-0.421424,-0.733562,-0.487435
ISIC_1922084,0,0.820791,0.376465,-0.100995
ISIC_1923467,0,-0.083678,-1.441198,0.420152
ISIC_1924949,0,-1.643427,0.098031,0.33288
ISIC_1925590,0,-0.244555,0.144825,-0.503434
ISIC_1925623,0,0.170652,-0.087576,-0.16059
ISIC_1925632,0,0.949778,0.516723,-1.280129
ISIC_1926656,0,-0.15564,-0.961938,-0.102626
ISIC_1927858,0,-0.783824,-0.535427,-1.006458
ISIC_1929937,0,-0.796786,-1.060525,-0.102618
ISIC_1930598,0,-0.78361,0.357027,-0.033543
ISIC_1932064,0,-0.866521,-0.683692,-0.354622
ISIC_1937197,0,0.894228,0.778075,0.010119
ISIC_1937955,0,0.081056,-0.322381,0.348378
ISIC_1939413,1,1.270525,0.775282,1.456599
ISIC_1944650,0,-0.415652,-0.780533,0.281434
ISIC_1945381,0,-0.394082,-0.057174,0.0053
ISIC_1947833,0,-0.751767,-0.629263,-0.753231
ISIC_1948545,1,1.446717,0.461899,0.634824
ISIC_1949126,0,0.128039,-0.822044,-0.060149
ISIC_1952599,0,-0.556446,-0.530156,-0.510491
ISIC_1952749,1,-0.063571,-0.004485,0.173598
ISIC_1955991,0,1.273337,0.279024,0.540975
ISIC_1956354,0,0.142996,-0.379573,-0.447418
ISIC_1956504,1,0.61078,0.023853,-0.813053
ISIC_1957685,0,0.537125,0.554237,0.730428
ISIC_1960468,0,-0.018248,0.455549,-0.208157
ISIC_1961064,0,-0.226481,0.214627,0.045461
ISIC_1962844,0,0.543974,-0.481292,-0.382964
ISIC_1962845,0,-0.095397,-0.54707,-0.290676
ISIC_1964243,0,0.5571,-0.242259,-0.267702
ISIC_1968421,1,0.022879,-0.021902,-0.550775
ISIC_1971254,0,-0.108169,-0.575566,-0.050143
ISIC_1974152,0,0.003764,0.312019,-0.128602
ISIC_1974281,0,0.202677,0.070914,-0.18548
ISIC_1975042,1,-0.626595,-0.220982,-0.734681
ISIC_1976571,0,0.543456,0.224577,-0.33385
ISIC_1977265,0,0.255529,-0.152176,0.633381
ISIC_1977315,0,-0.786031,-0.108473,-0.003304
ISIC_1978947,0,-0.381162,-0.175988,-0.513542
ISIC_1979534,1,1.005434,0.838659,0.372805
ISIC_1983754,0,0.835159,0.565847,0.720676
ISIC_1985436,0,0.266524,0.357499,-0.096662
ISIC_1985569,0,-0.198498,0.167578,1.042217
ISIC_1985763,0,-0.292444,-0.872751,-0.152254
ISIC_1988058,0,-0.442012,0.142347,-0.395383
ISIC_1988080,0,0.519142,0.177406,-0.754133
ISIC_1988335,0,1.031503,-0.619,-0.024153
ISIC_1996356,0,-0.264047,1.217485,-0.793143
ISIC_2000319,0,0.186361,-0.58132,-0.899733
ISIC_2000959,0,-0.614905,-0.172705,0.034988
ISIC_2002605,0,-0.336694,-0.413441,-1.040796
ISIC_2006783,0,0.857586,0.003571,0.432072
ISIC_2007034,0,0.693605,0.440336,0.201055
ISIC_2007396,1,1.162048,0.856854,-0.058482
ISIC_2008230,0,-0.277658,-0.368477,0.524948
ISIC_2011145,0,-0.061426,0.432615,0.250092
ISIC_2011408,0,0.295753,-0.608834,-0.279797
ISIC_2015441,0,0.107168,-0.700945,-0.497362
ISIC_2021175,0,-0.403094,-1.033168,0.255449
ISIC_2021321,0,0.53088,-0.405497,0.483608
ISIC_2023592,0,-0.306228,-0.88009,-0.1753
ISIC_2027392,0,-0.098038,-1.267821,-0.187046
ISIC_2029418,0,-1.548144,-0.253347,-0.708246
ISIC_2030997,0,0.548807,-0.489771,-0.36593
ISIC_2031626,0,0.640175,0.130398,-0.261446
ISIC_2033237,1,-0.404574,0.200671,0.208694
ISIC_2034687,0,-0.740227,0.357272,-0.72807
ISIC_2038024,0,0.61873,0.09952,0.353456
ISIC_2039579,0,0.417538,-1.073383,-0.543831
ISIC_2046891,0,0.101943,0.737566,0.413047
ISIC_2050512,0,0.289714,0.248666,-0.345824
ISIC_2050638,0,0.02225,-0.703529,-0.197468
ISIC_2051278,0,-0.105129,0.235452,0.400455
ISIC_2051564,0,-1.614004,-0.911825,-0.637806
ISIC_2054066,0,-0.760593,-0.502106,0.53528
ISIC_2054180,0,0.111435,0.003271,-0.042854
ISIC_2056104,0,-0.840157,-0.587738,0.379463
ISIC_2057184,0,0.841933,0.257893,-0.305704
ISIC_2058516,0,0.297651,-0.236547,0.262724
ISIC_2059085,0,0.117913,0.513797,-0.761089
ISIC_2064934,0,0.062468,-0.620692,-0.899214
ISIC_2067576,0,-0.862379,-0.137897,-0.033191
ISIC_2070595,0,0.080646,-0.936878,-0.717757
ISIC_2071966,1,0.206817,1.031715,0.836544
ISIC_2072219,1,-1.146159,-0.315771,-0.966662
ISIC_2074764,0,-0.221584,-0.341612,0.116451
ISIC_2075121,0,-0.165798,-0.243598,-0.827802
ISIC_2075372,0,-0.810851,-1.548344,-1.300603
ISIC_2075546,0,0.300441,-0.027394,-0.948517
ISIC_2076902,0,-0.339758,-0.313379,-0.42519
ISIC_2077116,1,-1.345001,-0.763801,-1.058224
ISIC_2078053,0,0.377981,-1.425058,0.219486
ISIC_2085855,0,-0.229288,-0.253639,-1.063844
ISIC_2086540,0,-0.470894,-0.079107,-0.074765
ISIC_2087913,0,0.779909,0.37769,-0.963911
ISIC_2089231,0,-0.911888,-0.385801,-0.593596
ISIC_2092911,0,-0.347387,-0.414523,-1.129525
ISIC_2094429,0,0.240059,0.148747,-0.729082
ISIC_2095347,0,-0.483154,-0.256614,0.169535
ISIC_2096695,0,0.593913,-0.250809,-0.76115
ISIC_2100640,0,-0.357248,-1.006491,0.207778
ISIC_2105563,1,-0.959985,-0.658881,-1.300324
ISIC_2106823,0,0.233633,-1.080965,0.649203
ISIC_2108849,1,0.896237,0.356023,-0.116131
ISIC_2119925,0,-1.699826,-0.834084,-0.679349
ISIC_2122488,0,0.990315,-0.324808,0.069309
ISIC_2123159,0,-0.767391,-0.068243,-0.698294
ISIC_2124148,0,1.186738,-0.299371,-0.782297
ISIC_2124213,0,0.099255,-0.674682,-0.329203
ISIC_2126035,0,0.34089,0.144803,-0.578794
ISIC_2126084,0,0.074783,-0.479706,-0.350263
ISIC_2126575,0,-0.087522,-0.875901,0.196516
ISIC_2129020,0,-0.580913,-0.472419,-0.061977
ISIC_2131707,0,-0.853239,-1.390826,-0.852792
ISIC_2131962,0,-0.858506,0.002004,-0.201941
ISIC_2133938,0,-0.000992,0.170055,-0.291371
ISIC_2134975,0,-0.591557,-0.266445,-0.736651
ISIC_2136533,0,-0.054707,-0.165637,-0.398552
ISIC_2139752,0,0.16521,0.539318,0.393042
ISIC_2141003,0,0.1869,-0.225991,0.275547
ISIC_2142639,0,-0.509683,-0.244486,-0.658086
ISIC_2143002,0,-0.814596,-0.4821,-0.244865
ISIC_2146346,0,-0.33565,-0.602183,1.143831
ISIC_2147549,0,-0.723096,-0.581914,-0.674344
ISIC_2151178,0,0.434618,-1.168879,0.297287
ISIC_2151727,0,-1.394851,-0.255852,-0.647832
ISIC_2151846,0,-0.108352,0.313827,-0.289554
ISIC_2151856,0,-0.6032,-0.61668,-0.407166
ISIC_2152875,0,0.398889,-1.028292,-0.777422
ISIC_2153301,0,-0.292644,-0.021691,-0.667505
ISIC_2153401,1,0.59565,-0.181571,-0.57788
ISIC_2153686,1,0.215821,0.678945,0.378011
ISIC_2159510,0,-0.247277,-0.807691,0.329596
ISIC_2160913,0,0.165284,-0.480675,-0.324524
ISIC_2161819,0,-0.049452,-0.118877,-1.576171
ISIC_2161864,0,-0.523342,-0.390771,-0.472313
ISIC_2162728,0,0.150755,-0.820676,-0.628599
ISIC_2163734,0,0.341084,0.76137,-0.367509
ISIC_2166661,0,-0.502213,-0.314909,-0.831561
ISIC_2166957,0,0.62282,-0.835215,0.084219
ISIC_2167209,0,-0.215702,-0.662018,-0.249556
ISIC_2171940,0,-0.103033,-0.736905,0.066445
ISIC_2173158,0,-0.384579,-0.118382,-0.020497
ISIC_2175855,0,-0.306507,-0.388462,0.62321
ISIC_2177748,0,0.343442,-0.556182,-0.531801
ISIC_2178032,0,1.02869,-0.237415,-0.565954
ISIC_2178689,0,0.020612,-0.7439,-0.785102
ISIC_2183722,0,0.103665,0.074592,-0.916327
ISIC_2192973,0,-0.072226,-0.276097,-0.519767
ISIC_2193761,0,0.256288,-1.254474,-0.193603
ISIC_2196127,0,0.056699,-1.124676,-0.960228
ISIC_2197722,0,-0.560528,0.172548,0.144638
ISIC_2198823,1,0.376648,0.658309,0.128361
ISIC_2200197,1,1.276107,0.716669,0.79703
ISIC_2200924,0,0.980096,0.332409,0.298302
ISIC_2202486,0,-0.597982,-0.445452,-0.429816
ISIC_2203239,0,-0.517663,0.670525,-0.53508
ISIC_2203247,0,-0.599482,-0.887065,-0.458091
ISIC_2206284,1,-0.074577,-0.333463,0.199756
ISIC_2208006,0,-0.222481,0.513391,0.432139
ISIC_2209697,0,-0.488196,-0.798465,-0.390871
ISIC_2211136,0,0.071588,-0.377159,0.29112
ISIC_2212473,1,0.02821,-0.170624,0.776148
ISIC_2214766,0,-1.193772,-0.804485,0.606256
ISIC_2215276,0,0.430441,0.689378,0.533972
ISIC_2219050,0,0.14944,1.155345,0.121742
ISIC_2221217,1,0.563007,0.849625,0.927264
ISIC_2222091,0,-0.114192,0.149617,0.683324
ISIC_2222879,0,-0.347889,-0.040961,-1.115329
ISIC_2225927,0,0.143042,0.478302,0.061024
ISIC_2226940,0,0.311535,-0.539546,0.234646
ISIC_2228511,0,0.056656,0.091892,0.004803
ISIC_2231191,0,-0.19667,-0.596771,-0.425518
ISIC_2232442,1,0.468304,0.380467,-0.942204
ISIC_2232883,0,-0.18702,0.278263,-0.229156
ISIC_2234076,0,0.307179,-0.650785,-0.87326
ISIC_2238901,0,-0.25539,-0.109747,-0.70711
ISIC_2241388,0,0.617073,-0.160955,0.236314
ISIC_2241755,0,0.371413,-0.326096,-0.272062
ISIC_2244564,0,0.160626,0.676983,-0.932405
ISIC_2245069,0,0.180435,-0.059494,-0.059588
ISIC_2245325,0,-0.496487,-0.694665,0.449643
ISIC_2245709,0,-0.134837,0.421408,0.398057
ISIC_2246150,0,0.096147,-0.316277,0.027817
ISIC_2252958,0,-0.744945,0.460793,0.346753
ISIC_2253931,0,0.326851,-0.387811,-1.045794
ISIC_2255411,1,-0.203409,0.172536,0.320566
ISIC_2256461,0,-0.544818,-0.526061,-0.827928
ISIC_2259190,0,-0.388335,-0.921069,-0.723536
ISIC_2259861,0,1.073962,0.04619,0.647525
ISIC_2260249,0,-0.419246,-0.559325,-0.030004
ISIC_2266011,0,0.810559,0.292767,-0.605112
ISIC_2266312,0,0.682047,0.408479,0.035146
ISIC_2266715,0,0.25241,-0.609433,-0.668002
ISIC_2266857,0,-0.097488,0.92304,-0.406536
ISIC_2268341,1,1.313471,0.382137,-0.115673
ISIC_2271767,1,0.611062,-0.05517,-0.52992
ISIC_2272218,1,0.5989,-0.333659,0.143331
ISIC_2275181,0,-1.116219,-0.497175,-0.262872
ISIC_2276141,0,0.051095,0.294548,0.142936
ISIC_2279679,0,-0.60459,-0.330724,-0.619854
ISIC_2283509,1,0.400717,0.321358,-0.168427
ISIC_2283628,0,1.082324,0.814476,-0.76582
ISIC_2286175,0,-0.440277,-1.353507,-0.492784
ISIC_2287083,0,-1.061699,0.245017,-0.16194
ISIC_2287151,0,-0.072716,1.062005,-0.000661
ISIC_2291059,0,0.183006,-0.089541,-1.079069
ISIC_2293230,0,-0.917334,0.144607,-0.101186
ISIC_2294790,0,0.114038,-0.247484,0.164807
ISIC_2298440,0,0.516995,0.582787,-0.560495
ISIC_2299749,0,-0.932395,-0.339412,0.375371
ISIC_2299862,0,-0.638334,-0.540025,-0.869859
ISIC_2304753,0,-0.303128,0.287668,-0.467837
ISIC_2307760,0,0.612373,-1.327211,-0.138336
ISIC_2309744,1,1.443277,0.418898,0.170782
ISIC_2310935,1,1.359594,0.862263,0.521148
ISIC_2311665,1,0.092761,0.652316,0.53307
ISIC_2312766,0,-0.271402,-0.091771,-0.364934
ISIC_2316159,0,-0.051627,-0.590216,-0.412899
ISIC_2320481,1,0.028826,0.714877,-0.288802
ISIC_2321671,0,0.705779,-0.84329,-0.258969
ISIC_2323082,0,-0.587309,-1.070132,-0.195689
ISIC_2324728,0,-0.786627,-0.553163,-1.861424
ISIC_2328829,0,-0.547702,-0.810011,-0.097431
ISIC_2331656,0,0.05892,0.273209,-0.789513
ISIC_2332127,0,-0.00357,-0.242784,-0.376367
ISIC_2333274,0,0.647681,0.416116,0.019138
ISIC_2337650,0,0.415067,-0.258838,0.590052
ISIC_2337786,0,0.337682,-0.743682,-0.253249
ISIC_2341100,0,0.623513,0.726302,0.618833
ISIC_2341875,1,0.183382,0.753621,0.341963
ISIC_2345504,0,-0.791526,-0.419932,-0.292125
ISIC_2349743,0,0.143911,0.15579,0.096119
ISIC_2349994,0,0.123089,-0.105741,0.740899
ISIC_2354070,0,0.298209,0.74437,-0.717455
ISIC_2355374,0,-0.558455,-0.792693,-0.107029
ISIC_2355513,0,1.13273,1.087071,-0.754984
ISIC_2364150,1,0.013459,0.616878,0.293924
ISIC_2365588,0,-0.096334,-0.411048,-0.224074
ISIC_2366172,0,0.696819,-1.603813,0.364051
ISIC_2366652,0,0.735818,0.391477,0.12426
ISIC_2366727,0,-0.047151,-0.884894,-0.18121
ISIC_2371495,0,-0.295745,-1.834408,-0.700199
ISIC_2372468,0,-0.294628,0.518976,-0.196555
ISIC_2375394,0,-1.271666,-0.121798,0.181405
ISIC_2376016,0,-0.181149,-0.181075,0.053991
ISIC_2376758,0,0.538546,-0.425365,0.127488
ISIC_2377039,0,-0.092704,-0.415212,0.053516
ISIC_2378211,0,-0.564967,-0.005322,-0.872107
ISIC_2378428,0,-0.110968,-0.36562,-0.255669
ISIC_2379024,0,0.002697,-0.457828,-0.088469
ISIC_2379379,0,0.825859,-1.004283,0.242047
ISIC_2379908,0,0.022354,-0.178498,-0.614856
ISIC_2380341,0,0.427763,-0.350151,-0.786202
ISIC_2383335,0,0.460574,0.673639,-0.410531
ISIC_2384274,0,-1.102383,-0.654207,-0.493268
ISIC_2386961,0,-0.60525,-0.185519,-0.015821
ISIC_2391053,0,-0.710838,-0.068169,-0.242869
ISIC_2394181,0,-0.672503,0.336054,0.207864
ISIC_2394780,0,0.254988,0.395329,0.204959
ISIC_2395624,0,0.295074,-0.487208,0.046007
ISIC_2396791,0,0.569765,0.026301,0.338233
ISIC_2398511,0,-0.448735,0.38683,0.443057
ISIC_2399613,0,-0.231843,0.258981,-1.153776
ISIC_2400177,0,-0.427503,0.08144,0.067068
ISIC_2406492,1,-0.601788,0.272078,0.914917
ISIC_2410240,0,-0.846808,-0.644971,-0.197404
ISIC_2410736,0,0.101981,-0.739016,0.48741
ISIC_2412113,1,-0.269931,0.759123,0.227895
ISIC_2412888,0,-0.161565,-1.049566,-0.706243
ISIC_2415803,0,-0.253965,-0.705546,-0.757
ISIC_2418276,0,0.748127,-0.130326,-0.507261
ISIC_2421696,0,-0.95159,-1.269838,-0.407158
ISIC_2424673,0,-1.377847,-0.434157,-0.839446
ISIC_2426937,0,-0.776673,-1.261158,-0.782995
ISIC_2430137,0,-0.973339,-0.596611,-0.116669
ISIC_2430937,0,0.244333,-0.094821,0.429355
ISIC_2431690,0,-0.003269,0.299441,-0.552215
ISIC_2432848,0,1.016165,0.46178,0.665452
ISIC_2433965,1,-1.110618,0.10263,0.106361
ISIC_2436560,0,0.140208,0.39039,-0.302353
ISIC_2438917,0,-0.540375,-0.068387,-0.358849
ISIC_2440407,0,-0.42539,-1.42318,-0.508432
ISIC_2445475,0,0.148407,0.264166,-0.493224
ISIC_2445765,0,0.274277,-0.099057,0.288847
ISIC_2447578,1,1.181863,0.553131,0.294614
ISIC_2449919,0,-0.25697,-0.627247,-0.550986
ISIC_2454898,0,-1.272702,-1.581695,-1.081753
ISIC_2456538,0,-0.275327,-0.71747,0.034678
ISIC_2457024,0,-0.537748,0.759515,0.313977
ISIC_2457132,0,0.568623,0.334212,-0.790222
ISIC_2457859,0,0.275878,0.047295,-0.021005
ISIC_2458253,0,0.81924,0.193687,0.791837
ISIC_2458609,0,-0.70884,-0.212471,0.36865
ISIC_2461360,0,1.146396,0.842715,-0.006282
ISIC_2463014,0,-0.354755,-1.391536,-0.848625
ISIC_2465895,0,-0.713238,-0.566545,-0.821731
ISIC_2466892,0,-1.257388,-1.095355,0.01329
ISIC_2467623,0,-1.014683,0.013557,-0.336978
ISIC_2468509,0,-0.328063,0.073764,0.996452
ISIC_2470790,0,-0.323876,0.089005,0.48094
ISIC_2470795,0,-0.493411,-1.238031,-0.233694
ISIC_2476624,0,-0.362705,-0.211836,-1.344879
ISIC_2479134,0,-1.036208,-0.272215,-0.750779
ISIC_2479512,0,-1.362051,-0.624312,-0.038028
ISIC_2481044,1,-1.869208,-1.230183,-0.204018
ISIC_2482061,0,-0.111442,-0.312884,-0.176712
ISIC_2482653,0,-0.639965,-0.42662,-1.269894
ISIC_2483825,0,-0.030049,0.7056,0.902016
ISIC_2486088,0,0.801314,-0.296665,-0.448554
ISIC_2487188,0,0.086432,-0.525673,-0.268269
ISIC_2489146,0,-0.923554,-0.170929,-0.411168
ISIC_2489504,0,-0.076512,-0.800124,-1.118324
ISIC_2490481,0,-1.244724,-0.621931,-0.469891
ISIC_2494956,0,-0.768102,-0.444778,-0.545744
ISIC_2498064,0,-0.619033,-1.188216,-0.596986
ISIC_2498215,0,0.652135,0.227262,-0.70931
ISIC_2500254,0,0.580111,0.522469,-0.092147
ISIC_2502558,0,-0.327441,-0.084607,-0.185332
ISIC_2506200,0,-0.302499,-0.311919,0.228757
ISIC_2507845,0,-1.669806,-0.892634,-0.493278
ISIC_2508901,0,0.619959,-0.643551,-0.600257
ISIC_2509304,0,-0.349493,-0.053872,-0.117569
ISIC_2513018,1,1.042069,0.268017,0.607268
ISIC_2513481,0,0.287895,-0.235497,-0.709394
ISIC_2513933,0,0.101208,-0.08182,-0.327004
ISIC_2514994,0,-0.662871,-0.741911,0.056544
ISIC_2517072,0,0.631327,0.048816,0.176717
ISIC_2518672,0,0.301052,0.153938,0.325378
ISIC_2518896,0,-0.296078,-0.900588,-0.63647
ISIC_2519121,0,0.058989,-0.369988,-0.413895
ISIC_2520840,0,-0.055495,-0.611197,-0.88671
ISIC_2521424,0,-0.235177,-0.265127,-0.640123
ISIC_2523776,0,-0.346261,-0.39778,-0.057626
ISIC_2524005,0,-0.200014,-0.522935,-0.404398
ISIC_2526170,0,0.454884,0.690195,0.070865
ISIC_2528656,0,-0.476576,0.336881,0.478163
ISIC_2532039,0,-1.023052,-1.328204,-0.468162
ISIC_2532544,0,-0.455092,-0.838479,-0.335434
ISIC_2535382,0,-0.778419,-1.721617,-0.334963
ISIC_2535541,1,0.673967,0.347577,-0.026459
ISIC_2536779,0,-0.705418,-0.857695,-0.793237
ISIC_2545299,0,-0.034385,0.60732,0.480155
ISIC_2546644,0,-0.20937,-0.54209,-0.047066
ISIC_2547431,0,-0.50479,-1.363469,-0.224819
ISIC_2554114,0,0.324896,0.949335,0.847534
ISIC_2555494,0,0.261727,0.331161,-0.287839
ISIC_2558816,0,-0.332801,0.744764,-0.094134
ISIC_2559074,0,0.128071,-0.083809,-0.136065
ISIC_2560463,0,-0.127116,-0.741011,0.349415
ISIC_2562668,0,0.172114,0.386467,0.055841
ISIC_2563374,0,-0.420259,-1.480811,-0.25167
ISIC_2563568,0,-0.729401,-0.26906,0.156007
ISIC_2563948,1,1.230168,-0.245349,0.386844
ISIC_2565154,0,-1.359105,-1.034442,-0.782443
ISIC_2565206,1,0.990054,0.567919,0.607401
ISIC_2565986,0,-0.817404,-0.745726,-0.969715
ISIC_2569851,0,-0.183457,0.245044,-0.612049
ISIC_2577938,0,-0.549044,0.474637,-1.118019
ISIC_2583592,0,-0.464052,-0.24458,-0.827648
ISIC_2585066,0,-1.356848,-0.399499,-1.243104
ISIC_2587955,0,-0.480661,-0.576752,-0.137593
ISIC_2596574,0,-0.281914,-0.801099,-0.206692
ISIC_2597678,0,0.817513,-0.129586,-0.7076
ISIC_2598575,0,-0.987908,-0.055738,-0.808179
ISIC_2603420,0,0.076933,-0.170763,-0.929955
ISIC_2605120,0,-0.072003,0.111491,-0.401615
ISIC_2612661,0,-0.672267,-0.46428,0.100309
ISIC_2614347,0,0.108215,-0.448902,-0.789765
ISIC_2616327,0,-0.431928,-0.313558,-0.10668
ISIC_2616719,0,0.121366,-1.170267,0.081323
ISIC_2619533,0,0.860841,-0.289133,-1.550424
ISIC_2620357,0,-1.219219,-0.863294,-0.289645
ISIC_2621288,0,-0.941138,-0.480663,0.130943
ISIC_2622189,0,0.560669,-0.043735,-0.362487
ISIC_2625894,0,-0.300189,-1.297041,-0.028842
ISIC_2631789,0,-0.585169,-0.46796,-0.480361
ISIC_2633745,0,-0.589186,-0.90391,-0.786381
ISIC_2634356,0,-0.53692,-0.839068,-0.904018
ISIC_2635051,0,0.720066,-0.940149,-0.662374
ISIC_2638895,0,-0.629089,-0.781493,-0.458632
ISIC_2639144,0,-0.217821,-0.302553,0.370103
ISIC_2642742,0,0.786343,0.330888,0.612201
ISIC_2642873,0,-0.129333,-0.608282,-0.597123
ISIC_2644988,0,-0.809847,-0.136056,0.188702
ISIC_2647198,0,0.334136,-0.830928,-0.977589
ISIC_2647453,0,0.593234,-0.488734,0.024782
ISIC_2647643,0,-0.108492,-0.501832,-0.623705
ISIC_2652721,0,-0.593507,-0.959102,0.097751
ISIC_2658858,0,0.369698,0.305259,-0.041322
ISIC_2660216,0,-0.657792,-0.460654,-0.582855
ISIC_2661598,0,0.210364,0.149147,-0.318087
ISIC_2663597,1,0.719232,-0.037475,0.269973
ISIC_2664946,0,-0.594547,0.080017,0.493512
ISIC_2668481,1,0.083286,0.040908,0.140072
ISIC_2670475,0,-0.070031,-1.129892,-0.206786
ISIC_2670619,0,0.704721,0.324087,0.704139
ISIC_2673511,0,-0.995019,-0.824489,-0.165705
ISIC_2679689,0,0.441604,0.087337,0.007724
ISIC_2680588,0,-0.229932,-0.080094,-0.319129
ISIC_2680640,0,-0.770876,-0.10144,-0.678867
ISIC_2681497,0,0.740618,0.159601,-0.832361
ISIC_2682861,0,-0.316185,0.325646,0.599097
ISIC_2685523,0,1.150359,-0.166199,-1.155525
ISIC_2687641,0,-1.027724,-1.367943,0.320852
ISIC_2690597,0,0.242596,-1.08778,-0.179154
ISIC_2693412,0,0.359693,-1.10997,-0.867835
ISIC_2698722,0,-0.019284,-0.756681,-0.568954
ISIC_2700320,1,-0.039748,0.603949,0.204467
ISIC_2702929,0,-0.532174,0.78761,0.313435
ISIC_2703002,0,0.339982,0.306693,0.221731
ISIC_2704046,0,-0.257082,-1.091167,-0.579671
ISIC_2707664,0,-0.647824,-0.588267,-0.703765
ISIC_2714572,0,-0.551649,0.481229,0.888858
ISIC_2714907,0,0.608738,0.348341,0.042328
ISIC_2717192,1,0.07625,0.030143,-0.347055
ISIC_2720426,0,-0.438116,-0.398919,-0.348893
ISIC_2720971,1,0.024346,0.552606,-0.118051
ISIC_2721699,0,-0.9738,-0.162653,-0.062795
ISIC_2724278,0,0.459918,0.954481,-0.536945
ISIC_2724529,1,-0.146659,-1.236146,-1.08801
ISIC_2727016,0,0.861869,-0.745054,-0.691627
ISIC_2728024,0,-0.458491,-0.737157,-0.578718
ISIC_2729109,0,-1.10031,-0.249319,-0.066058
ISIC_2731621,0,-0.834512,0.126408,-0.843233
ISIC_2732573,0,-1.223588,-1.143894,-0.703717
ISIC_2733043,0,-0.638418,-0.221463,0.79025
ISIC_2733056,0,0.189308,-0.06322,-0.400496
ISIC_2736880,0,-0.645303,0.304834,-0.441147
ISIC_2739449,1,0.269279,0.563746,0.845218
ISIC_2739547,0,1.166536,-0.366771,0.46387
ISIC_2740756,0,0.102447,-0.572285,0.000185
ISIC_2741583,0,0.049067,-0.2943,0.105672
ISIC_2741857,0,-0.097249,-0.744332,0.10265
ISIC_2742786,0,0.524505,0.383131,-1.417863
ISIC_2743014,0,-0.539187,-0.472313,0.371646
ISIC_2746860,0,-0.739247,-0.645428,0.200891
ISIC_2748736,0,-0.06562,0.211577,0.250886
ISIC_2748873,0,0.60349,0.391548,0.221632
ISIC_2750230,1,1.168906,0.530955,-0.281861
ISIC_2752919,0,-0.03339,0.065481,0.189189
ISIC_2753279,0,-0.659132,-0.59674,-0.64178
ISIC_2757355,1,1.076884,0.063708,-0.420184
ISIC_2757370,1,0.469263,0.360939,0.03553
ISIC_2758999,0,-0.356113,-0.147383,0.174531
ISIC_2768150,0,-0.419241,0.359929,-1.314015
ISIC_2768787,0,0.509906,-0.11314,0.50441
ISIC_2769292,0,-0.537891,-0.333667,0.643457
ISIC_2771979,0,-0.074922,0.688466,-0.603611
ISIC_2772066,0,0.333722,0.128432,0.165539
ISIC_2772217,0,-0.603661,0.130602,-1.263131
ISIC_2772581,0,-0.100055,-0.710599,-0.629138
ISIC_2772616,0,0.399642,-1.011689,-0.424874
ISIC_2776906,1,0.524343,1.290567,0.022442
ISIC_2778131,0,0.826634,0.060159,0.244578
ISIC_2779787,0,0.501979,0.068658,-0.066869
ISIC_2783450,0,-0.1554,-0.568315,-1.077586
ISIC_2784664,0,1.081829,0.216557,0.851412
ISIC_2784686,0,-0.950725,-0.815866,-0.924508
ISIC_2784965,0,-0.406884,-0.734048,-0.984129
ISIC_2795397,0,-0.210096,0.632546,0.020542
ISIC_2797576,0,-0.909743,0.145535,-0.818859
ISIC_2798803,0,-0.114957,-0.911844,-0.488666
ISIC_2799447,0,0.523805,-0.390976,0.7224
ISIC_2800198,0,-1.094316,-0.87809,-0.508658
ISIC_2801008,0,0.131203,-0.82492,0.056024
ISIC_2804864,0,-0.635039,-1.393947,-1.145879
ISIC_2805573,0,-0.896296,-1.127041,0.317011
ISIC_2805634,0,0.116108,0.533249,1.005814
ISIC_2807121,0,-0.482791,0.592619,0.577007
ISIC_2808323,0,-1.173836,-0.581436,-0.34498
ISIC_2808622,0,0.081527,0.019746,-0.536558
ISIC_2809019,0,0.162084,0.188815,0.488622
ISIC_2818530,0,0.578864,-0.752123,0.212896
ISIC_2819721,0,1.175436,0.020965,0.212562
ISIC_2819798,0,-1.066392,-1.107079,-0.249988
ISIC_2822622,0,-1.289136,0.083597,0.439287
ISIC_2822718,1,-0.667271,0.769093,0.460092
ISIC_2823287,1,0.525591,0.509846,0.030531
ISIC_2826618,0,-0.343968,-0.083753,0.319521
ISIC_2826766,0,-0.638302,0.124855,-0.30193
ISIC_2829088,0,0.662481,0.463417,-0.426736
ISIC_2833213,0,-0.48458,-1.59567,-0.044875
ISIC_2839431,0,-0.820883,-0.769175,-0.8856
ISIC_2841488,0,-0.59813,-0.606916,0.100943
ISIC_2843245,0,0.708017,0.443525,0.178587
ISIC_2843983,0,0.032479,0.664364,0.681916
ISIC_2844085,0,-0.749939,-0.960227,-0.350244
ISIC_2844539,1,0.075792,0.184283,0.544028
ISIC_2847555,0,-1.02988,0.537319,-0.09438
ISIC_2849353,0,0.118356,-0.319254,0.334245
ISIC_2850215,1,0.855982,0.316576,0.274055
ISIC_2851852,0,-1.104309,-0.99628,-0.516692
ISIC_2852805,0,-0.181741,0.663926,-0.708748
ISIC_2853290,0,-0.114782,-0.499953,-0.515039
ISIC_2854303,0,0.511808,-0.44349,-0.262744
ISIC_2854610,0,-1.53925,0.035097,-0.843156
ISIC_2856521,0,0.498429,0.569242,0.936408
ISIC_2858419,0,-0.019356,0.093491,-0.499745
ISIC_2860618,0,-0.48505,0.326289,-0.329145
ISIC_2861793,0,0.577347,-0.61746,-1.116225
ISIC_2863397,0,-0.788443,-0.333052,-1.130073
ISIC_2864893,0,-0.284322,0.289895,0.030363
ISIC_2867416,1,-0.915931,-0.507091,-0.901296
ISIC_2868199,0,0.425873,-0.185864,1.105466
ISIC_2872107,0,-0.89002,-0.857189,-0.593977
ISIC_2874218,0,-0.484868,-0.142152,-1.289216
ISIC_2876073,0,-1.023002,-0.589241,-0.849635
ISIC_2876105,0,0.118601,-0.373209,0.184553
ISIC_2879267,0,-0.229586,-0.31889,0.1984
ISIC_2882237,0,-0.32499,-0.952627,-0.172725
ISIC_2882945,0,-0.300997,-0.639538,0.690594
ISIC_2884038,1,-0.016181,0.277437,-0.154279
ISIC_2885086,0,0.357225,0.050435,-1.191553
ISIC_2887355,0,-0.649856,-0.257102,-0.560037
ISIC_2893340,0,-0.437023,0.28568,-0.044968
ISIC_2894223,0,0.580216,0.606603,0.352689
ISIC_2902328,0,0.085138,-0.920184,-0.405972
ISIC_2904067,0,0.429206,1.194082,0.446073
ISIC_2904474,0,0.059558,-0.395278,0.102925
ISIC_2908315,0,-0.784094,-1.568477,-0.378514
ISIC_2909153,0,-0.520886,-0.065954,-0.123545
ISIC_2910705,0,-0.366172,-0.606722,-0.09837
ISIC_2911251,0,0.04318,0.403413,-0.499549
ISIC_2914160,0,-0.485076,0.627075,-0.706144
ISIC_2915747,0,-0.339976,-0.332519,-0.212159
ISIC_2916677,0,-0.010558,-0.078283,-0.994327
ISIC_2916754,1,0.655667,-0.162925,0.610219
ISIC_2918117,0,-0.487311,0.167993,0.082557
ISIC_2918128,0,0.42618,0.746261,0.000811
ISIC_2922104,0,0.112309,0.085451,-1.104071
ISIC_2924968,0,0.078663,-0.046386,-0.274266
ISIC_2927587,0,-0.354445,0.062473,-1.161341
ISIC_2927673,0,-0.428448,-0.763313,-0.495268
ISIC_2928274,0,0.107832,0.366281,0.042831
ISIC_2930792,0,-0.144335,-0.401968,0.101976
ISIC_2935987,0,-0.499906,-0.865109,-0.282549
ISIC_2936321,0,-0.725947,0.606657,0.841763
ISIC_2937407,0,0.380695,-0.258104,0.478473
ISIC_2937642,1,0.865911,-0.238801,0.518613
ISIC_2940684,0,0.228915,0.437269,0.319479
ISIC_2945324,0,-0.037184,0.624258,-0.133927
ISIC_2945891,0,-0.229362,-0.978685,0.533618
ISIC_2946577,0,-0.125432,-0.364276,0.012236
ISIC_2948811,0,0.852103,0.178966,0.133814
ISIC_2948896,0,-0.403507,-0.405024,-0.555917
ISIC_2953279,0,-0.796001,-0.404417,-0.054611
ISIC_2954564,0,0.319868,0.149764,-0.44054
ISIC_2957732,1,-1.345407,0.127972,-0.775905
ISIC_2964397,0,-0.499551,0.227967,0.112688
ISIC_2967024,1,0.573126,-0.615828,-0.065405
ISIC_2969968,0,-0.615186,-0.653779,-1.711484
ISIC_2970409,0,-0.102151,-0.269824,-0.869347
ISIC_2974214,1,0.158037,0.681108,-0.399532
ISIC_2975167,1,0.359582,0.514202,-0.936331
ISIC_2975580,1,1.582835,0.782746,0.010702
ISIC_2977718,0,-0.163917,-0.258545,-0.461237
ISIC_2979268,1,-0.49123,-0.15768,-0.427681
ISIC_2980578,0,0.19152,0.029421,-0.120568
ISIC_2987579,0,-0.08074,-0.457935,0.621963
ISIC_2987613,1,1.209279,0.793488,0.974526
ISIC_2987630,0,0.07861,-0.263417,-1.131696
ISIC_2987677,0,0.210045,0.334554,0.236819
ISIC_2991354,1,-0.876766,-0.073902,0.977652
ISIC_2993032,0,0.585707,-0.836097,-0.46246
ISIC_2993517,0,0.114111,-0.885211,-0.561261
ISIC_2997601,0,-0.611177,-0.260291,0.071037
ISIC_2998367,0,-1.148575,0.848526,-1.076519
ISIC_2999018,0,-1.371375,-0.665184,-0.027696
ISIC_3000569,0,0.519677,-0.894436,-0.289362
ISIC_3002956,1,0.403481,0.719594,-0.307982
ISIC_3006279,0,0.911866,0.048554,0.389538
ISIC_3009493,0,-0.323389,0.410993,-0.419006
ISIC_3009564,0,-0.180317,0.170842,-0.142447
ISIC_3009877,1,-0.245564,0.987403,-0.480626
ISIC_3012778,0,-0.581752,0.368594,0.372196
ISIC_3013468,0,-0.541451,-0.809965,-0.8018
ISIC_3013569,0,-0.456732,-0.360873,0.232521
ISIC_3016754,0,0.829968,0.128089,0.550377
ISIC_3018550,0,0.327737,0.292143,-0.005002
ISIC_3019509,0,1.043342,0.586628,0.435456
ISIC_3021188,0,6.3e-05,-0.824771,-1.289916
ISIC_3025889,1,0.072137,0.149344,-0.597412
ISIC_3026660,0,0.759062,1.349223,-0.775531
ISIC_3028754,1,-1.470457,0.13952,-0.704493
ISIC_3031102,0,-0.426907,-0.556971,-0.950432
ISIC_3031937,0,-0.439684,-0.006912,-0.69287
ISIC_3039880,0,0.199887,0.281494,-0.128188
ISIC_3043219,0,-0.562253,0.624671,-0.233956
ISIC_3043475,0,0.186192,-0.076645,-0.154781
ISIC_3045939,1,0.751344,0.629504,0.187276
ISIC_3046905,0,-0.688797,-0.724958,-0.850098
ISIC_3049506,0,-0.422229,0.715388,-0.567654
ISIC_3058627,0,-0.226917,-0.719091,-1.185545
ISIC_3058800,0,-0.708711,-0.173673,-0.719802
ISIC_3059367,0,0.177267,-1.327245,0.135195
ISIC_3060145,0,-0.419297,0.511307,-0.282005
ISIC_3060248,0,-0.734753,-0.655828,0.99707
ISIC_3063260,0,-0.684854,0.000613,-0.632946
ISIC_3064807,0,-0.01451,-0.090763,0.035247
ISIC_3065032,1,0.918075,-0.466357,-0.926133
ISIC_3065253,0,-0.911578,0.208725,-0.039023
ISIC_3067522,0,1.198493,-0.637416,-0.470282
ISIC_3067885,0,0.774561,0.113274,-0.195226
ISIC_3069695,1,1.427327,0.357702,0.638726
ISIC_3070206,0,-0.720587,-0.00366,-0.411294
ISIC_3072311,0,0.479557,-0.142729,0.169049
ISIC_3072382,0,0.5264,-0.396856,0.306374
ISIC_3073339,0,-0.669109,-0.175014,-0.330267
ISIC_3073634,0,-0.087562,-0.845651,-0.248959
ISIC_3074949,0,0.319718,-0.325532,-0.299033
ISIC_3077674,1,0.514998,-0.054253,0.3345
ISIC_3084213,0,-0.437732,-0.157217,-0.867993
ISIC_3084322,0,-0.555668,0.238333,0.359557
ISIC_3086579,0,-0.380563,-0.52979,-0.193899
ISIC_3087402,0,1.125574,0.400088,-0.277978
ISIC_3093026,1,-1.33765,0.23785,0.980156
ISIC_3094758,1,0.420235,1.081837,1.020022
ISIC_3096949,0,-0.43691,-0.242437,-0.073745
ISIC_3098750,0,-0.934838,-0.358703,-0.562143
ISIC_3105136,0,-0.371768,0.43307,-0.000722
ISIC_3105924,0,-0.361552,-1.065228,-0.755373
ISIC_3106058,0,-0.170822,-0.022753,-0.286615
ISIC_3110909,0,-0.340551,0.230454,0.248685
ISIC_3114020,0,-0.574415,-1.058453,-0.433789
ISIC_3116288,0,-1.022384,0.079908,-0.779985
ISIC_3123377,0,-0.024437,-0.107558,-0.840717
ISIC_3123711,0,-0.661698,-1.616554,-0.753864
ISIC_3124612,0,-0.658616,0.974977,0.036165
ISIC_3133127,0,0.56361,-0.428851,-0.150336
ISIC_3136228,0,0.538065,1.428127,-0.788655
ISIC_3147084,1,0.755235,0.027474,0.210539
ISIC_3148533,0,-0.02607,-0.486129,-0.950074
ISIC_3148886,1,-0.254589,0.285662,-0.987527
ISIC_3151260,0,-0.456676,0.228969,-0.10984
ISIC_3152541,0,0.270726,0.66248,-0.651477
ISIC_3157046,0,0.005201,0.36976,0.37057
ISIC_3159924,1,-0.501105,-0.092233,-0.376374
ISIC_3161477,0,-0.834013,-0.725257,-0.422233
ISIC_3163773,0,0.103044,-1.247858,-0.639045
ISIC_3166276,0,-1.02787,0.437363,0.478565
ISIC_3166535,0,-0.142421,1.069162,-0.029189
ISIC_3169133,0,-1.31129,-0.200432,-0.468951
ISIC_3170155,0,-1.034198,-0.390755,-0.235988
ISIC_3171104,0,-0.068192,0.228196,-0.473093
ISIC_3179296,0,0.116892,0.124341,0.532445
ISIC_3180213,0,0.295049,0.443465,-0.26068
ISIC_3181358,0,-0.541329,0.595296,-0.304206
ISIC_3181394,0,0.01896,0.572895,0.131497
ISIC_3183782,0,1.109122,0.245437,-0.424767
ISIC_3188062,0,0.323547,0.244361,-0.373768
ISIC_3190566,0,-1.51514,-0.136541,-1.36404
ISIC_3193774,0,0.329534,-0.514446,0.659089
ISIC_3195720,0,0.392252,0.088524,0.243937
ISIC_3198111,0,-1.527557,-0.568642,-0.140123
ISIC_3198731,0,-0.659963,-0.577287,-0.950418
ISIC_3203344,1,-1.061731,-0.625824,0.957444
ISIC_3205354,0,-0.094779,0.025925,0.547644
ISIC_3207651,1,-0.310096,1.131882,0.581002
ISIC_3209501,0,-1.028118,0.011824,-0.933444
ISIC_3211915,0,-0.261684,-0.296029,-0.680001
ISIC_3212050,0,-1.347161,-0.419812,-0.052658
ISIC_3212781,0,-0.047527,-0.267996,0.33299
ISIC_3213469,0,-0.904409,0.329607,-0.393809
ISIC_3218227,0,-1.364919,-0.556244,-0.418504
ISIC_3222447,0,0.481932,-0.603638,-0.523642
ISIC_3225754,0,0.389458,0.068459,-0.46717
ISIC_3230874,0,-0.295158,-0.302703,-0.092774
ISIC_3232329,0,0.496952,0.665817,-0.304851
ISIC_3234816,0,-0.161282,-0.184863,-0.861001
ISIC_3234899,0,-0.770547,0.30321,-0.587442
ISIC_3234908,0,-0.982958,0.212973,-0.390511
ISIC_3236964,0,0.925176,0.780719,-0.702045
ISIC_3238687,0,-0.429112,-0.488078,-0.695862
ISIC_3239813,0,-0.369112,-0.124029,-0.567325
ISIC_3246746,0,0.324711,-0.418202,-1.189675
ISIC_3249704,0,0.709293,-0.149376,-0.29525
ISIC_3249783,0,-0.961781,-0.077195,-0.260878
ISIC_3251486,0,-0.774386,0.102557,-0.523867
ISIC_3251773,0,0.616283,0.261617,0.513987
ISIC_3253098,0,0.505271,-0.243189,-0.877389
ISIC_3254309,0,-0.593543,-0.936975,0.221945
ISIC_3256116,0,0.620659,0.150757,0.341242
ISIC_3256887,0,0.989407,1.317492,0.282706
ISIC_3260571,0,0.267236,-0.351182,0.286719
ISIC_3267196,0,0.02567,-1.028306,0.357265
ISIC_3269018,0,-0.423202,-0.150173,-0.523546
ISIC_3272999,0,-0.409706,0.079802,0.606364
ISIC_3273370,0,-0.621525,-0.481958,-1.041949
ISIC_3274493,0,-0.506709,-0.775952,-0.547673
ISIC_3277722,0,-0.033257,-0.624457,0.405126
ISIC_3278303,0,0.772657,0.04565,-0.702723
ISIC_3281565,1,-0.024154,0.138958,0.319906
ISIC_3283317,0,0.113074,-0.356867,-0.53681
ISIC_3286956,0,0.527109,0.205417,-0.215012
ISIC_3288342,0,-0.036998,-0.357105,-0.556462
ISIC_3289098,0,0.701669,-0.775852,-0.865496
ISIC_3289574,0,0.350547,0.130871,-0.726608
ISIC_3289651,0,-0.489518,-0.64391,-0.591843
ISIC_3291765,0,-0.274757,-0.80131,-1.41929
ISIC_3292151,0,0.383671,-0.363936,0.135551
ISIC_3295750,0,-0.486564,-0.45066,-0.122337
ISIC_3296136,0,-1.256525,0.810229,-0.042426
ISIC_3298596,0,-1.002757,-0.478216,-0.63926
ISIC_3300710,0,0.632622,0.662453,-0.284454
ISIC_3301933,1,-0.482542,-0.303198,0.311252
ISIC_3303825,0,-0.528746,-0.388482,-1.134148
ISIC_3304982,0,-0.486314,-0.042589,0.265466
ISIC_3305055,0,0.922216,0.025049,1.609886
ISIC_3305153,0,0.523727,-0.074529,-0.052009
ISIC_3306135,0,-0.625277,0.135411,-0.850084
ISIC_3310364,0,-0.059888,0.56855,0.093187
ISIC_3310625,0,-0.63148,-1.351273,-0.844347
ISIC_3312201,0,-0.320176,-0.384498,-0.498304
ISIC_3313317,0,0.06563,0.312193,0.504766
ISIC_3313701,0,0.005799,-0.288649,-1.106604
ISIC_3314555,0,0.022562,-0.240936,-0.225022
ISIC_3315146,0,-0.458261,0.171356,0.443816
ISIC_3319229,1,-0.046018,1.016489,0.288529
ISIC_3323866,1,0.919879,-0.330375,0.03276
ISIC_3327201,0,1.135959,0.419518,0.351537
ISIC_3328295,0,-0.708511,0.147622,-1.153888
ISIC_3329255,0,-0.197974,0.262237,0.295797
ISIC_3335505,0,-1.151539,-0.0078,-0.435379
ISIC_3336353,0,-0.712753,-0.615084,-0.6017
ISIC_3338629,1,0.90021,0.991854,-0.188172
ISIC_3342474,0,0.368759,-0.034815,0.416035
ISIC_3343475,1,0.572913,-0.25508,0.669955
ISIC_3346045,0,0.312518,0.901757,-0.738773
ISIC_3349562,0,-0.501054,-0.625308,-1.206399
ISIC_3351880,0,-1.148236,-0.45112,-0.061326
ISIC_3352799,0,0.498683,0.787963,0.451835
ISIC_3352962,0,-0.557778,-0.230626,-0.536405
ISIC_3356355,0,-0.13011,-0.318444,-1.512059
ISIC_3356776,0,-0.472472,-0.613527,-0.589432
ISIC_3361955,0,0.222527,-0.844327,-0.239458
ISIC_3365692,0,-0.920746,-1.183386,-0.639916
ISIC_3368468,0,-0.279311,-0.061297,-0.332389
ISIC_3370062,0,0.263647,-0.235987,0.702231
ISIC_3372067,0,0.033853,-0.589599,-0.483965
ISIC_3372750,1,-0.985808,-1.065909,-0.426636
ISIC_3374533,0,-0.115568,-0.414418,-1.023868
ISIC_3376976,0,-0.293995,-0.481052,-0.738252
ISIC_3377082,0,0.76471,-0.328166,-0.342559
ISIC_3378691,0,0.452227,-0.632439,-0.061464
ISIC_3380212,0,0.085061,-0.444643,-0.068213
ISIC_3382231,0,0.502756,-0.208602,0.609655
ISIC_3384884,0,0.011369,-0.750021,0.529775
ISIC_3386656,0,-0.472755,0.199997,-1.314877
ISIC_3386753,0,0.294138,-0.223944,-0.081377
ISIC_3389695,1,-1.505564,-0.830741,-0.698595
ISIC_3389704,0,-0.021361,0.276381,0.863338
ISIC_3390057,0,-0.229445,-0.330903,-0.83293
ISIC_3391254,0,-0.129488,-0.550187,-0.522071
ISIC_3391427,1,0.565588,0.923555,0.038039
ISIC_3392433,0,-0.328677,-0.154776,-0.52419
ISIC_3392451,0,-0.841026,0.30764,-1.009534
ISIC_3394080,0,-0.469013,-0.722584,-0.795631
ISIC_3395488,0,-0.558838,0.906533,0.652992
ISIC_3397174,0,0.040906,-0.465204,-0.255165
ISIC_3397377,0,-0.232484,-0.14386,-0.369158
ISIC_3399603,0,0.292993,0.32619,0.176148
ISIC_3401631,0,1.396618,0.59931,-0.034697
ISIC_3401777,0,-0.015829,-0.663236,0.405267
ISIC_3409824,0,0.289726,-0.42484,-0.289584
ISIC_3410193,0,0.369776,-0.086581,-0.288456
ISIC_3413138,0,-0.553036,0.139443,0.99752
ISIC_3416107,1,-0.140323,-0.203145,1.281806
ISIC_3416324,0,-0.743442,-0.307384,-1.226548
ISIC_3418245,0,0.176335,-0.058199,-0.412126
ISIC_3418978,0,0.405745,0.384502,-0.325779
ISIC_3424207,0,-0.407995,0.247589,-0.671076
ISIC_3425388,0,-1.153641,-0.355034,-1.121621
ISIC_3428523,0,-0.846263,-0.803234,0.732689
ISIC_3429835,0,-0.09353,-0.805533,0.396374
ISIC_3430311,0,0.203938,0.235719,0.929471
ISIC_3430447,0,-0.091423,-1.017891,-0.430012
ISIC_3430953,0,-0.098608,0.831293,-0.098185
ISIC_3431915,0,-1.039918,-0.947842,-0.445407
ISIC_3432650,0,0.654077,0.127135,-0.409074
ISIC_3433060,0,-0.077778,0.366287,0.197133
ISIC_3435596,1,1.162269,0.5648,0.915257
ISIC_3436033,1,0.466533,0.912498,0.199674
ISIC_3436139,0,0.342817,-0.239105,-0.37431
ISIC_3439215,0,0.790667,-0.86203,-1.206388
ISIC_3440004,0,0.247602,-0.887752,-0.682833
ISIC_3440813,0,0.492241,-0.122855,-0.331382
ISIC_3444719,0,0.750151,0.475759,1.292686
ISIC_3445468,0,0.729614,0.717709,0.920066
ISIC_3446357,1,0.479461,0.064827,0.596935
ISIC_3447311,0,0.119917,0.235135,-0.619411
ISIC_3447331,0,0.171536,0.462561,0.089307
ISIC_3448546,0,0.65938,-0.77599,-0.269114
ISIC_3448630,0,-1.293158,0.692154,0.476114
ISIC_3449290,0,-0.934631,-0.454353,0.196672
ISIC_3452564,0,0.561006,-0.171549,-0.137489
ISIC_3453832,0,-0.627433,-0.692213,-0.814437
ISIC_3459981,0,0.536149,-1.022671,-1.374808
ISIC_3460125,0,0.219023,-0.31244,-1.031183
ISIC_3463156,0,0.113231,-0.060483,-0.564476
ISIC_3464344,1,0.103199,-0.362868,0.048438
ISIC_3466769,0,-0.435731,-0.760982,-1.056035
ISIC_3471815,0,-1.087113,-0.125569,-1.540372
ISIC_3474472,0,0.484316,0.182741,-0.959664
ISIC_3474609,0,0.59919,-1.039621,0.271669
ISIC_3474681,0,-0.626697,-0.513696,-0.182496
ISIC_3475142,0,-0.113429,0.101602,-1.023217
ISIC_3475660,1,1.230025,0.044524,-0.802548
ISIC_3475932,0,-0.148647,-0.808617,-0.617259
ISIC_3478437,0,0.539662,-0.456089,0.476362
ISIC_3478473,1,-0.029401,0.645788,-0.30986
ISIC_3481133,0,-1.238021,1.054489,1.65941
ISIC_3485482,0,0.929303,0.368618,0.989309
ISIC_3485583,0,-0.118969,-0.440361,0.539005
ISIC_3487151,0,-0.838505,-0.579645,-0.714091
ISIC_3492490,0,0.46945,0.140218,-0.156801
ISIC_3493866,0,-0.958829,0.517382,0.291126
ISIC_3494219,0,-0.529388,-0.156872,-0.09979
ISIC_3495113,0,0.245484,-0.843684,-0.62298
ISIC_3495799,0,-0.430413,-0.823525,-0.31835
ISIC_3496800,0,0.15783,-0.15034,-0.095351
ISIC_3501997,0,-0.073265,-0.366763,-0.670451
ISIC_3503213,0,-0.462248,-0.938015,-0.616563
ISIC_3503302,0,0.070918,0.415021,-1.143033
ISIC_3505339,0,-1.079854,-1.152265,-0.232044
ISIC_3506204,0,0.742138,-0.028979,0.231955
ISIC_3509838,0,-0.356634,-0.45415,-0.031654
ISIC_3513288,0,0.014055,-0.584674,-0.109112
ISIC_3513367,0,-0.105554,-0.060433,1.016565
ISIC_3518299,0,-0.386626,-0.417075,-1.126453
ISIC_3519679,1,0.364699,-0.648934,0.044686
ISIC_3520591,0,-0.355617,-0.680276,-0.102809
ISIC_3520709,0,-0.500168,0.309902,-0.45384
ISIC_3520750,0,-0.909102,-0.099509,-0.863366
ISIC_3521671,0,0.37672,-1.014927,-1.131606
ISIC_3529778,0,-0.307741,-0.448164,-0.189181
ISIC_3530422,0,-1.111807,0.62226,-0.84431
ISIC_3541663,0,0.136528,-0.085067,-0.071729
ISIC_3544821,0,0.500201,-0.496703,-0.260924
ISIC_3545622,0,0.183606,0.530151,-0.2183
ISIC_3549225,0,-0.714656,-0.890023,-0.700964
ISIC_3552245,0,-0.02908,0.282798,0.404756
ISIC_3552318,0,-0.708104,-0.797445,-0.27718
ISIC_3556039,0,-0.337106,-0.74553,-0.406126
ISIC_3556980,0,-0.256971,0.0781,0.335622
ISIC_3558747,0,-0.136925,0.533214,0.360887
ISIC_3559222,0,-0.160055,-0.500235,0.161098
ISIC_3560519,0,0.294728,-0.091965,-0.621265
ISIC_3561065,1,0.308803,-0.180732,-1.25862
ISIC_3564136,0,-1.209681,-0.060857,-0.291589
ISIC_3564461,0,-0.961376,0.208154,-1.060881
ISIC_3565564,1,0.107438,0.796027,-0.927545
ISIC_3566243,0,-1.214407,-1.16347,-0.813216
ISIC_3568218,0,0.080617,-0.270097,0.617994
ISIC_3568801,0,0.470734,-0.247524,-0.59959
ISIC_3571523,0,0.567553,-1.208792,-0.094505
ISIC_3573969,0,-0.558837,-0.297491,-0.276282
ISIC_3575862,0,0.053566,-0.703206,-0.856184
ISIC_3576000,0,-0.221033,0.356196,-1.269054
ISIC_3576066,0,-1.380914,-0.220624,-0.108778
ISIC_3578186,0,-0.904308,-0.074145,0.628628
ISIC_3582787,0,0.056837,0.73448,0.154012
ISIC_3585381,0,0.825689,0.863324,-0.90289
ISIC_3586669,0,0.383664,-0.290177,0.328277
ISIC_3586824,0,0.183636,-0.473397,-0.720032
ISIC_3590167,1,-0.636869,-0.566674,0.071756
ISIC_3590814,0,0.55164,-0.437654,-0.01595
ISIC_3590997,0,-1.227714,-0.605798,0.126562
ISIC_3591332,0,-0.471491,0.306425,0.704448
ISIC_3593161,0,0.090576,-1.01211,-0.44773
ISIC_3596877,0,-0.712577,-0.211545,-0.265424
ISIC_3596927,0,0.009148,0.050391,-0.255706
ISIC_3597812,0,-1.563921,-0.570253,0.643147
ISIC_3598244,0,-0.279325,0.305002,-0.708141
ISIC_3601224,0,-1.300541,-1.422148,-1.367425
ISIC_3608788,0,-0.029861,-0.001527,0.540837
ISIC_3609379,0,-0.401293,-0.879012,-0.565101
ISIC_3610783,0,1.361747,0.671936,0.695368
ISIC_3613012,0,-0.130695,-0.763151,-1.001388
ISIC_3613392,0,0.988142,0.801794,-0.196265
ISIC_3617159,0,0.273143,-0.870264,-0.367046
ISIC_3623368,0,0.016462,-0.966119,0.318987
ISIC_3624318,0,-1.312495,-0.364764,-1.320194
ISIC_3632419,0,-0.116253,-0.890535,0.414066
ISIC_3633306,0,-1.01496,-0.724775,-0.373305
ISIC_3635014,0,1.304781,-0.2608,-0.352792
ISIC_3637551,0,1.097907,-0.091003,-0.186238
ISIC_3642043,0,-0.26809,-0.133317,-0.704138
ISIC_3646670,0,0.484308,0.236184,0.131744
ISIC_3649113,0,0.182286,-0.293659,-0.10326
ISIC_3649632,0,-0.104694,-0.527881,-0.745982
ISIC_3649766,0,0.538662,0.323733,-0.604152
ISIC_3650533,0,-0.114308,-0.506331,0.082201
ISIC_3651451,0,-0.191861,0.273634,0.646845
ISIC_3652847,0,-0.059528,-0.76739,-0.01039
ISIC_3652884,0,-1.19069,-0.704802,-0.187649
ISIC_3653492,0,0.462718,0.347151,-1.468095
ISIC_3654454,0,0.906025,-0.679045,0.209274
ISIC_3655327,0,-0.265232,0.528388,-0.299819
ISIC_3663705,0,-0.14274,0.702689,0.597545
ISIC_3664380,0,-0.155807,-0.234067,-0.053705
ISIC_3666094,0,-0.753439,-1.428592,-0.51836
ISIC_3666219,0,0.782382,0.318483,-0.294016
ISIC_3671963,0,-0.227751,0.442349,-0.988526
ISIC_3673080,1,1.293957,0.532547,1.410837
ISIC_3673517,0,-0.078096,0.785001,-0.259375
ISIC_3676643,0,-0.124545,0.548354,-0.546402
ISIC_3677945,0,-0.0145,0.652592,0.108899
ISIC_3679789,0,0.172043,0.490438,-1.289666
ISIC_3684488,1,0.144016,0.981008,1.077228
ISIC_3685448,0,-1.567574,0.049158,0.264196
ISIC_3685955,0,-0.045474,-0.53715,-0.659871
ISIC_3686179,0,0.109842,0.365953,0.365965
ISIC_3686329,0,-0.50673,-0.743888,0.608474
ISIC_3687259,0,0.016443,-0.013732,-0.647883
ISIC_3688362,0,-0.411339,-0.079211,-1.389218
ISIC_3688407,0,-0.406063,0.575456,0.950629
ISIC_3689759,0,-0.488452,-0.508536,-0.335487
ISIC_3690890,1,-0.551329,-0.351867,-0.101395
ISIC_3691320,0,0.681198,-0.937207,-1.123243
ISIC_3696488,1,0.497903,0.136466,0.862589
ISIC_3696726,0,-0.048457,-0.051587,0.396478
ISIC_3700351,0,0.061749,0.294288,-0.331525
ISIC_3701563,0,-0.332379,-0.645888,-0.330843
ISIC_3702669,0,-0.87034,-0.129754,-0.249163
ISIC_3704157,0,-0.616534,0.392542,0.017558
ISIC_3706743,0,-0.952729,-0.057197,0.207259
ISIC_3708739,0,-0.742511,-0.350236,0.210589
ISIC_3716504,0,0.388028,0.896296,-0.13152
ISIC_3716686,0,-0.883523,-0.467884,0.061314
ISIC_3717983,0,-0.308804,0.71912,0.475069
ISIC_3727059,0,0.623605,-0.272214,-0.082832
ISIC_3728352,0,0.465385,0.105307,-0.416639
ISIC_3729849,0,-0.074044,0.113545,-0.403716
ISIC_3730327,0,-0.931154,-0.276518,-0.952725
ISIC_3734674,0,-0.193432,0.358395,0.106241
ISIC_3736075,0,0.744693,0.257705,-1.166885
ISIC_3737487,0,-0.883826,-0.490663,-1.226521
ISIC_3737739,0,0.508923,-1.399088,-0.500098
ISIC_3738751,1,0.797003,1.283611,0.767994
ISIC_3743283,0,0.151233,-1.275301,-0.513312
ISIC_3744940,0,0.514968,-0.086048,-0.006702
ISIC_3746471,0,-0.634959,-0.435354,-0.89241
ISIC_3747979,0,0.172674,-0.043959,0.216107
ISIC_3750329,1,0.618051,0.285274,-0.802965
ISIC_3751090,0,-0.124788,8.4e-05,-0.239329
ISIC_3751172,0,-0.787934,-0.280595,0.34629
ISIC_3757004,0,-0.409114,-0.47734,0.125039
ISIC_3760796,0,-0.576399,0.291052,-0.351605
ISIC_3761253,0,0.701741,0.833001,-0.337862
ISIC_3762459,0,-0.605558,-0.202933,-0.459641
ISIC_3763984,1,1.157599,0.700376,0.536101
ISIC_3764173,0,0.342881,-0.206777,0.035584
ISIC_3767325,0,0.168461,-0.155054,-0.634335
ISIC_3770380,0,-0.729246,-0.708632,-0.906914
ISIC_3771332,0,0.073031,-0.837684,-0.474589
ISIC_3775417,1,-0.760176,-0.271164,-0.488606
ISIC_3777798,0,0.574507,0.126686,-0.489024
ISIC_3779093,0,-0.129555,-0.535819,-0.913195
ISIC_3779424,0,-0.960877,-0.422677,-1.217258
ISIC_3784812,0,-0.040418,-0.809045,-0.197855
ISIC_3786075,0,-0.313765,-0.486969,0.882331
ISIC_3786438,0,0.269366,-0.040804,-0.271542
ISIC_3787339,0,0.794336,0.230439,0.250755
ISIC_3787504,0,0.944835,0.593876,-0.426519
ISIC_3789239,0,-0.103165,-0.409752,-0.317806
ISIC_3791309,0,1.213529,-0.005378,-0.173563
ISIC_3792196,0,0.104034,-1.026965,-0.218841
ISIC_3797095,0,0.182457,0.271927,-0.746266
ISIC_3799267,0,0.084703,0.331931,0.599262
ISIC_3800541,0,0.811293,-0.334228,-0.115837
ISIC_3800974,0,0.326704,0.110713,0.63122
ISIC_3805025,0,0.305461,-0.070551,0.105507
ISIC_3809998,0,0.58744,0.151107,-0.705095
ISIC_3810274,0,0.792899,0.763862,-0.283834
ISIC_3812485,0,0.813101,0.04715,-0.831611
ISIC_3814807,0,-0.300127,-0.599584,-0.18842
ISIC_3816833,0,0.463715,-0.350582,-1.182318
ISIC_3817292,0,0.716851,0.3305,-0.141524
ISIC_3819893,0,-0.094934,-0.089109,0.170091
ISIC_3820669,0,0.184439,-0.578967,0.037603
ISIC_3824206,1,-0.632365,0.937898,0.497988
ISIC_3825641,0,-0.081521,0.066191,-0.46793
ISIC_3826001,0,0.314891,0.345297,-0.992706
ISIC_3826102,0,0.779901,-0.949503,-0.134461
ISIC_3833013,0,-1.298769,-0.466663,-0.784788
ISIC_3836576,0,0.111734,-0.39991,-0.934146
ISIC_3837132,0,0.094728,0.287667,0.658661
ISIC_3842916,1,0.364506,0.145702,0.348821
ISIC_3844404,0,0.964874,0.312214,-0.385395
ISIC_3850432,0,0.769748,-0.092182,0.584042
ISIC_3856233,0,-0.760175,0.053349,0.327089
ISIC_3856662,0,-0.436342,-0.300498,0.398414
ISIC_3857463,0,-0.675181,0.457109,0.016165
ISIC_3868662,0,-0.608038,-0.992877,0.004302
ISIC_3869533,0,-0.512472,0.183692,-0.199549
ISIC_3871225,0,0.209305,0.120733,1.111336
ISIC_3877643,0,0.492531,-0.40215,-0.649132
ISIC_3878174,0,0.275041,0.247521,-0.626632
ISIC_3880324,0,0.544712,0.406287,-0.17981
ISIC_3882374,0,0.202891,-0.984625,-0.307786
ISIC_3884221,0,0.854828,-0.958826,0.307375
ISIC_3885041,0,-1.023361,-0.445743,-1.384418
ISIC_3885808,0,-0.681435,-0.155943,-0.504559
ISIC_3886458,0,-0.716904,-0.675934,-0.614605
ISIC_3888713,0,-0.571631,0.116635,0.024557
ISIC_3892947,0,0.351424,-0.54323,0.235889
ISIC_3893354,0,-0.478353,-1.222081,-1.016692
ISIC_3897960,0,0.803863,0.883084,-0.213692
ISIC_3898738,0,-0.484151,-0.133035,-0.073995
ISIC_3899323,0,-0.510497,0.049443,-0.153708
ISIC_3900049,0,0.06618,-0.027469,0.058529
ISIC_3901421,0,0.120333,-0.927595,-0.166046
ISIC_3902917,0,0.194969,-0.374924,0.777044
ISIC_3909039,1,0.505611,0.074668,-0.96068
ISIC_3909443,0,-1.557266,-1.082283,-0.722539
ISIC_3912838,0,-0.895095,-0.777252,-0.793955
ISIC_3913709,0,0.484614,-0.124566,-1.413819
ISIC_3914140,0,-0.993153,-0.284079,-0.654028
ISIC_3916064,0,-0.763709,-0.19994,0.497734
ISIC_3919752,0,0.158813,-0.456818,-0.119844
ISIC_3920274,0,-0.154052,0.175379,-0.41165
ISIC_3922580,0,-0.677402,-0.406091,-0.136928
ISIC_3922602,0,-0.405125,-0.579631,-1.153817
ISIC_3923443,0,-0.160115,0.14023,-0.568691
ISIC_3926019,0,-0.989437,-1.10339,-0.640761
ISIC_3926305,0,-0.470583,-0.315702,-0.492029
ISIC_3926397,0,-0.807613,-0.412273,-0.52604
ISIC_3928910,0,0.441619,0.165796,1.348975
ISIC_3932879,0,-0.79413,-0.110874,-0.115945
ISIC_3933658,0,-0.335355,-0.907093,0.526999
ISIC_3934537,0,-0.172748,-1.11953,0.174634
ISIC_3936223,1,1.169892,0.965418,-0.773037
ISIC_3941123,1,0.741492,0.343726,0.976601
ISIC_3941147,0,0.799567,-0.648713,-0.844837
ISIC_3942075,0,0.892322,0.624036,0.407323
ISIC_3944634,1,0.36868,-0.548458,-1.170601
ISIC_3945116,0,-1.052099,-0.468565,-0.073291
ISIC_3945916,0,-1.196217,-0.281053,-0.423079
ISIC_3947143,0,-0.221733,0.409725,0.538662
ISIC_3947876,0,-0.921948,0.160468,-1.151184
ISIC_3948754,0,-0.201777,-0.093437,0.195527
ISIC_3950753,0,-1.137145,-0.675103,-1.092327
ISIC_3952030,0,0.076162,0.335971,-0.559267
ISIC_3952694,0,0.070539,-1.505243,0.243062
ISIC_3959570,0,0.443901,-1.330701,-0.34096
ISIC_3961101,0,-0.148081,-0.162134,-1.3508
ISIC_3961647,0,0.306282,-0.447207,-0.709411
ISIC_3963183,1,-0.716726,0.027785,0.878071
ISIC_3965087,1,0.304306,0.648984,-0.031739
ISIC_3965872,0,-0.430073,-0.787057,-0.239716
ISIC_3966064,0,-0.419774,-0.489187,-0.258196
ISIC_3967213,0,-0.016259,0.041797,-0.666768
ISIC_3971712,0,-0.121581,0.716731,-0.243025
ISIC_3973431,0,-1.347378,-0.807697,-0.189632
ISIC_3975133,0,0.201016,-0.672972,-0.52795
ISIC_3975743,0,-0.334904,0.561969,0.371504
ISIC_3978280,0,0.435388,0.333914,-0.833179
ISIC_3979323,0,-0.580951,-0.996164,-0.367203
ISIC_3979826,1,0.510249,-0.115875,0.627374
ISIC_3981101,0,0.067039,0.080089,-0.512024
ISIC_3981425,0,0.042991,-0.120363,0.013475
ISIC_3984167,0,-0.210933,-0.617094,0.317264
ISIC_3985031,1,-1.677947,-0.436308,-0.512307
ISIC_3985782,0,-0.122481,-0.713051,-0.267731
ISIC_3989526,0,-1.57182,-0.119432,-0.687552
ISIC_3992223,0,-0.647405,-0.114682,0.077561
ISIC_3993510,0,-0.163304,-0.025354,-0.281548
ISIC_3993924,1,-0.05072,-0.20569,0.294662
ISIC_3994250,0,-1.016778,-0.745593,-0.591906
ISIC_3994656,0,-0.386907,-0.404585,0.139543
ISIC_3996796,1,1.259612,0.898104,0.143165
ISIC_4000087,0,-0.749814,-0.877912,-0.428399
ISIC_4001990,0,-1.161995,-0.309464,-0.438803
ISIC_4007322,0,-0.198846,-0.269533,0.199855
ISIC_4009870,1,0.4822,-0.311486,0.256792
ISIC_4011169,0,-0.081111,-0.716328,-0.700967
ISIC_4013189,0,-0.380457,-0.388683,-0.082026
ISIC_4014307,0,-0.280083,-1.193499,-0.912178
ISIC_4015508,0,-0.817769,0.191801,0.040442
ISIC_4018813,0,0.872361,-0.157133,0.382717
ISIC_4019724,0,-1.093194,-1.991232,-0.737322
ISIC_4022621,0,1.516829,0.381543,-0.321461
ISIC_4023381,0,-0.52433,-1.143518,-1.028627
ISIC_4024062,0,-0.020029,0.464994,0.053539
ISIC_4026019,0,0.044473,-0.223003,0.073217
ISIC_4026540,0,0.36414,0.917459,-0.243844
ISIC_4026569,0,-0.139708,-0.429473,-0.004681
ISIC_4026808,0,-0.423981,-0.366454,0.267165
ISIC_4032636,0,-0.581077,-0.751004,-1.441846
ISIC_4033676,0,0.241195,0.279709,0.761548
ISIC_4034244,0,0.089353,0.062971,0.438579
ISIC_4034644,0,-0.123755,-0.443529,-0.480128
ISIC_4035599,0,0.086821,-0.828056,-0.25157
ISIC_4038618,0,0.16438,-0.587323,-0.625724
ISIC_4042619,0,0.03348,-0.585376,-0.049519
ISIC_4043580,0,-0.368915,-0.730664,-1.029498
ISIC_4044751,0,0.303966,0.588408,-0.577556
ISIC_4045323,0,-0.22484,-0.666862,-0.051372
ISIC_4045781,0,-0.74389,-0.413314,0.021536
ISIC_4049598,0,0.221779,0.974397,1.082633
ISIC_4052597,0,-0.627881,-0.446759,0.155943
ISIC_4055288,0,0.27513,-0.553099,0.27232
ISIC_4055361,0,1.018229,-0.021987,-0.365715
ISIC_4055833,0,-1.011033,0.214454,-0.411058
ISIC_4062017,0,0.270743,-0.317847,0.024584
ISIC_4064936,0,-0.83494,-0.761909,0.192874
ISIC_4066094,0,0.640544,0.256367,0.204252
ISIC_4066726,0,-0.023244,0.509765,-0.058805
ISIC_4067693,0,0.325352,0.214461,-0.423923
ISIC_4069690,0,-1.090521,-0.15486,0.031594
ISIC_4069836,0,0.085255,0.565759,0.384736
ISIC_4070687,0,-0.761199,0.142524,-0.42694
ISIC_4071825,0,-0.507587,0.284117,-0.462151
ISIC_4074537,0,-0.58401,-0.395459,-0.640206
ISIC_4076162,0,-0.758689,0.355066,-0.317422
ISIC_4079108,0,-0.194544,-0.285529,-0.74618
ISIC_4081632,0,-0.652139,0.13483,0.726667
ISIC_4084359,0,-0.159258,-0.226971,0.749646
ISIC_4086323,0,0.349591,0.086599,-0.473183
ISIC_4087267,0,0.260677,0.26254,-0.078582
ISIC_4088444,0,0.109307,0.273844,-0.484516
ISIC_4088647,0,-0.382087,-0.660507,-0.449961
ISIC_4093484,0,-0.75277,-0.458326,-0.480623
ISIC_4097868,1,-0.730248,-0.616216,0.336902
ISIC_4099058,0,-0.170488,-0.153357,-0.708812
ISIC_4099428,0,0.283477,-0.450049,0.292787
ISIC_4102922,0,-0.276896,-0.500194,-0.399021
ISIC_4103653,0,-0.23632,-0.735179,0.604923
ISIC_4105234,0,0.136354,-0.214994,0.042049
ISIC_4107250,0,-0.029572,-1.590842,-0.792325
ISIC_4107717,0,-0.960098,-1.400463,-0.123988
ISIC_4108397,0,-0.823782,-0.902906,0.638796
ISIC_4114269,0,-0.82678,-1.298181,-0.81527
ISIC_4116224,0,-0.449716,-0.300986,0.59428
ISIC_4116770,0,-0.582545,-0.215222,-0.329132
ISIC_4118762,0,1.218491,0.845478,0.097028
ISIC_4119029,0,0.901075,1.226107,-0.173962
ISIC_4120174,1,-0.086302,0.751518,1.046723
ISIC_4123109,0,-0.592219,-0.162965,-0.606286
ISIC_4128129,0,0.374423,0.524524,0.220065
ISIC_4128342,0,-0.449081,0.509752,0.251233
ISIC_4129321,0,0.193238,0.729336,-0.917187
ISIC_4129376,0,-0.525487,-0.441472,-1.334174
ISIC_4130167,0,-0.724766,-0.77731,-0.925574
ISIC_4130478,0,0.544379,0.650448,-0.385189
ISIC_4131353,0,-0.875901,-0.671786,0.33907
ISIC_4131697,0,0.372027,0.515785,-0.869283
ISIC_4132082,0,-0.838494,-0.707747,-0.208331
ISIC_4136351,0,-1.189203,-0.656089,0.171558
ISIC_4136591,0,-0.238419,0.98883,0.323498
ISIC_4136663,0,0.347653,0.010167,-0.001912
ISIC_4136832,0,0.490271,-0.179258,0.08979
ISIC_4137545,0,-0.675788,-0.539116,-0.33141
ISIC_4138377,0,-0.660602,-0.367725,-1.129618
ISIC_4139260,0,0.123028,-0.76066,-0.334835
ISIC_4141315,0,-0.226417,-0.044192,-0.273933
ISIC_4141898,0,-0.280004,0.58228,-0.615863
ISIC_4142019,0,-0.183583,-0.285834,-1.271927
ISIC_4148086,0,-1.097293,-0.901105,-0.559513
ISIC_4151356,0,-0.809467,-0.4834,-0.83103
ISIC_4153234,0,-0.303672,-0.629095,-1.097075
ISIC_4153542,0,-0.945092,-0.236125,0.484334
ISIC_4153687,0,-0.868536,-1.134302,-0.52927
ISIC_4154293,0,-0.791587,-0.214667,-0.551384
ISIC_4156010,0,0.022303,-0.588924,0.036948
ISIC_4161113,0,-0.042063,-0.532387,-0.812422
ISIC_4163686,1,-0.68476,-0.220543,-1.012229
ISIC_4163843,0,0.124061,-1.214221,-0.414155
ISIC_4164882,0,-0.601832,0.299967,0.044135
ISIC_4166490,0,0.598255,-0.51597,-1.069652
ISIC_4168757,0,-1.158911,-0.502145,-0.851867
ISIC_4170698,1,0.269248,0.422884,0.873607
ISIC_4172470,0,0.072397,0.259914,0.128991
ISIC_4174592,0,0.372281,0.430723,-0.989652
ISIC_4174983,0,-1.170227,0.031726,-0.147096
ISIC_4175400,0,1.04397,0.237829,-1.395552
ISIC_4177043,0,-0.06479,-0.000648,-0.139142
ISIC_4177450,1,-0.154894,0.237513,-0.064278
ISIC_4182801,0,0.516647,-0.185922,0.698812
ISIC_4183816,0,0.044794,0.520234,-0.793073
ISIC_4184050,0,0.07857,-0.835692,-0.688476
ISIC_4184101,0,0.358611,0.425082,0.043641
ISIC_4185719,0,-0.06947,-0.70153,-0.423954
ISIC_4187485,0,-0.265543,0.804025,1.59392
ISIC_4187627,0,-0.666635,-0.368764,-0.1225
ISIC_4189981,0,-0.693621,-0.215438,-0.912804
ISIC_4190900,0,-0.536267,0.587728,-0.025187
ISIC_4191202,0,0.012536,0.264986,-0.693359
ISIC_4193253,0,0.195411,-0.830469,0.543436
ISIC_4197990,0,0.39408,-0.368421,0.968696
ISIC_4201891,0,-0.080578,-0.196028,-0.623047
ISIC_4208361,0,-0.897422,0.820624,0.002883
ISIC_4212044,0,-0.392224,-0.708921,-0.752249
ISIC_4216750,0,1.066671,-0.262803,-0.155457
ISIC_4219589,0,-0.39588,-0.814989,0.021343
ISIC_4220010,0,0.405507,0.363259,0.927704
ISIC_4220326,0,0.602725,-0.375985,-0.446886
ISIC_4222275,0,-0.124558,-0.678199,-0.117314
ISIC_4223155,1,-1.221848,-1.087948,-0.145633
ISIC_4223734,0,-1.222105,-0.781706,-0.451633
ISIC_4224064,0,0.062607,-0.663564,-0.624006
ISIC_4226395,0,-0.571826,-0.359074,-0.567096
ISIC_4226975,0,-1.195167,0.46843,-0.124468
ISIC_4229473,1,0.68116,0.961403,-1.036941
ISIC_4231346,0,-1.253338,0.305769,-0.784734
ISIC_4232756,0,0.516288,-0.503143,0.107074
ISIC_4232761,0,-0.54156,-0.054944,-0.007861
ISIC_4236274,0,-0.291201,-0.637483,-0.56303
ISIC_4237064,0,-0.268035,-0.713095,-0.952683
ISIC_4240225,1,-0.029559,0.800334,0.315326
ISIC_4241907,0,-0.084805,-1.280808,-1.66538
ISIC_4243283,0,0.842402,0.556671,0.478553
ISIC_4246086,0,-0.408825,-0.469143,-0.265414
ISIC_4247149,0,-0.328445,0.528815,-0.694567
ISIC_4248013,0,-0.869265,0.269903,-0.06004
ISIC_4249893,0,-1.055936,-0.558015,-0.526567
ISIC_4252268,0,-0.724003,-0.551558,-0.270557
ISIC_4252285,0,0.025478,-0.377072,-0.182072
ISIC_4252887,0,0.044181,0.401936,0.367342
ISIC_4253346,0,-0.966666,-0.171131,0.046953
ISIC_4255013,0,-1.007834,-1.213061,-0.692993
ISIC_4257634,0,-0.71065,-0.53546,-0.440466
ISIC_4259290,0,0.088869,0.703162,0.333235
ISIC_4263521,0,0.169671,-0.125655,-0.55502
ISIC_4264600,0,-1.05096,-1.224168,-1.024334
ISIC_4266157,0,0.015157,-0.10371,-0.95
ISIC_4266533,1,0.214765,-0.149144,-0.258502
ISIC_4269227,0,-1.06849,-0.147371,-0.840887
ISIC_4271108,0,-0.583307,-0.263714,-0.356332
ISIC_4272317,0,0.119823,-0.801687,-0.741379
ISIC_4274519,0,-0.265477,0.062972,-0.401493
ISIC_4277207,0,-1.423622,-1.207199,-1.298878
ISIC_4280835,0,-0.51566,-0.938612,-0.110397
ISIC_4286715,0,-0.401325,-0.110017,-1.184498
ISIC_4288307,0,0.279593,0.037886,-0.112303
ISIC_4288845,0,0.143506,0.328753,-0.590386
ISIC_4289906,0,0.255062,-0.557253,0.938901
ISIC_4292708,0,0.71131,0.287266,-0.430928
ISIC_4292879,0,-0.513057,0.136452,-0.87701
ISIC_4293419,0,1.377201,-0.013641,0.099602
ISIC_4294705,0,-0.257983,-1.11466,-0.351339
ISIC_4296456,0,-0.309177,-0.321688,-0.68703
ISIC_4298624,0,-0.485552,-0.794745,-0.736074
ISIC_4298761,0,-0.196743,0.234001,-0.157961
ISIC_4303228,0,0.258354,-0.553435,0.668898
ISIC_4307205,0,0.484178,0.402926,-0.313562
ISIC_4307626,0,0.864069,0.264911,-0.360879
ISIC_4308751,1,-0.097151,0.504261,0.150122
ISIC_4311777,0,-0.523523,-0.54939,-0.37884
ISIC_4312841,0,-0.524488,-0.049123,-0.158595
ISIC_4314089,0,-1.204979,-0.663578,-0.703253
ISIC_4320200,0,-0.55968,-0.858869,-0.868151
ISIC_4322723,0,0.057656,-0.322076,-1.169575
ISIC_4322954,0,0.424496,-0.172484,-0.007965
ISIC_4323070,0,-0.518857,-0.107632,-0.273203
ISIC_4325452,0,0.089429,-0.548344,-0.281826
ISIC_4326917,0,-0.028089,-0.451374,0.549687
ISIC_4328662,0,0.1469,-0.23942,-0.469581
ISIC_4329176,0,-0.707853,-0.053001,-0.885557
ISIC_4331481,0,0.903276,0.55291,0.0508
ISIC_4332846,0,-0.763632,-0.715972,-0.884057
ISIC_4332885,0,0.176412,0.059738,-0.563854
ISIC_4341261,0,-0.201439,-0.954603,-1.176643
ISIC_4343552,0,-0.343076,0.827289,-0.833225
ISIC_4343836,0,0.666325,-0.017961,-0.812628
ISIC_4344870,0,0.137271,0.17775,-0.575104
ISIC_4345000,0,0.746317,0.109375,0.312154
ISIC_4347535,1,1.196162,0.358929,1.204799
ISIC_4348579,0,0.337665,0.126552,-0.514459
ISIC_4348994,0,-0.048939,-0.906098,-0.483797
ISIC_4350093,0,0.280406,-0.822544,-0.133045
ISIC_4352700,0,-0.537181,0.663967,-1.172471
ISIC_4354896,0,-0.332676,0.572061,-0.951446
ISIC_4357596,0,-0.023902,-1.082616,-0.698356
ISIC_4358550,0,0.423772,0.09948,-0.088403
ISIC_4359258,0,0.213068,0.201181,0.071974
ISIC_4362713,1,0.373867,-0.467944,-0.109297
ISIC_4363398,0,1.280933,-0.192109,-0.150968
ISIC_4363603,0,-0.062136,1.027553,0.105318
ISIC_4368650,0,-0.83164,0.13762,-1.251295
ISIC_4369035,0,0.259692,-0.289817,0.080571
ISIC_4371210,0,0.394462,-0.31251,0.726446
ISIC_4372519,0,-0.169695,-0.148854,-0.126894
ISIC_4374554,0,1.041196,-0.342384,-0.240916
ISIC_4374944,0,0.732926,0.674717,-0.517749
ISIC_4375524,0,-1.709974,-0.849046,-0.507443
ISIC_4377208,1,1.007394,1.051736,0.211106
ISIC_4378189,1,0.464464,0.543874,0.257762
ISIC_4382115,0,-0.864224,-0.331686,0.122947
ISIC_4383671,0,0.169164,-0.345853,-0.484834
ISIC_4384341,0,-0.703045,-0.345804,-0.035001
ISIC_4384861,0,-0.142444,0.143353,-0.452907
ISIC_4391909,0,-0.214404,-0.611586,-0.032658
ISIC_4393521,0,-0.332324,0.45157,-1.331878
ISIC_4393704,0,-0.26666,0.291943,-0.267409
ISIC_4394524,0,-0.553965,-0.16908,0.421993
ISIC_4396553,0,-0.543233,-0.114137,-0.564471
ISIC_4397068,0,-0.12891,-0.775772,-0.479988
ISIC_4398011,1,0.555599,0.950009,1.040409
ISIC_4401524,0,-0.692291,-1.22171,-0.306339
ISIC_4404772,1,0.292387,1.414405,0.412178
ISIC_4407580,0,-0.581697,0.283922,0.926208
ISIC_4408559,1,1.52168,0.187712,1.020046
ISIC_4411889,0,1.262289,0.944355,0.422504
ISIC_4412555,0,0.024737,-0.216832,-0.795646
ISIC_4414811,0,0.326918,-0.681678,0.281246
ISIC_4417495,0,-0.677225,-0.780757,-0.053453
ISIC_4418545,0,-0.044086,-1.320643,0.350823
ISIC_4419686,0,-0.739923,-0.159349,0.419992
ISIC_4425604,0,-0.934168,-0.324705,-0.475775
ISIC_4425657,1,0.037618,-0.97986,-0.08719
ISIC_4425766,0,-0.120265,-0.428749,-0.569086
ISIC_4427755,0,0.040923,-0.460628,-0.830753
ISIC_4428769,0,0.559592,0.187116,0.020058
ISIC_4432898,0,-0.583633,-0.761831,-0.238602
ISIC_4433832,0,0.219768,-0.001736,0.589983
ISIC_4434803,0,1.102635,-0.570269,-0.399407
ISIC_4436342,0,0.621647,0.45336,-0.791656
ISIC_4438786,0,0.321343,-0.361287,-0.138242
ISIC_4442490,0,0.292034,-0.58549,-0.820471
ISIC_4443373,0,-1.260412,-0.453271,-0.892342
ISIC_4445729,0,-0.729397,-0.606691,-0.359899
ISIC_4446385,0,-1.662347,0.136344,-0.395387
ISIC_4448959,0,-0.666972,-0.758415,-0.749827
ISIC_4451735,0,0.007462,-0.164388,0.733229
ISIC_4453506,0,-0.289244,-0.062886,0.402183
ISIC_4459125,0,-0.186445,-0.517414,0.110034
ISIC_4459528,1,0.207995,0.252041,-0.552224
ISIC_4460849,0,0.340189,-1.0264,-0.516142
ISIC_4462476,0,0.761462,0.259422,0.220158
ISIC_4462773,0,0.436499,-0.519331,-0.785062
ISIC_4463086,0,-0.434885,-0.179952,-0.703749
ISIC_4468129,0,0.063536,0.233693,-0.44444
ISIC_4468148,0,0.162112,0.808917,-0.475256
ISIC_4468549,0,-0.286138,-0.560884,-1.393582
ISIC_4470206,0,-0.141351,0.068605,-0.45715
ISIC_4471367,0,-0.321662,-0.011861,-0.709064
ISIC_4472903,0,-0.721641,0.0554,-0.04508
ISIC_4474170,0,-0.496697,-0.194131,-0.223172
ISIC_4474352,0,0.298704,-0.259692,0.015422
ISIC_4475268,0,1.12355,-0.444586,0.002839
ISIC_4475657,0,0.876436,-0.295154,0.140432
ISIC_4477599,0,-0.731304,-0.851661,-1.017641
ISIC_4481362,0,-0.048972,-0.430802,0.175774
ISIC_4482610,0,-0.850578,-0.708821,0.549587
ISIC_4494516,0,-0.121039,-0.127357,-0.044169
ISIC_4495099,0,-0.540289,0.600573,-0.343828
ISIC_4502605,0,-0.657146,-0.702353,-0.515809
ISIC_4505178,0,-0.256697,0.611358,0.706456
ISIC_4507700,0,0.218199,1.043674,-1.087717
ISIC_4508511,0,-0.129579,-0.412862,0.047755
ISIC_4508878,1,0.935964,1.037053,0.270761
ISIC_4509525,0,0.844199,-0.077122,-0.437124
ISIC_4509925,0,0.141438,0.851511,1.313985
ISIC_4517738,1,0.635288,0.412991,1.001442
ISIC_4518384,0,0.894855,-0.512649,0.110593
ISIC_4519298,0,-0.117653,-0.341153,-0.242942
ISIC_4521222,0,0.373229,0.545515,0.941113
ISIC_4523382,1,0.575174,0.54969,0.362696
ISIC_4523565,0,-0.433482,-0.034667,-0.035203
ISIC_4524488,0,0.711903,0.589437,-0.583033
ISIC_4525317,1,0.241117,1.116048,0.073201
ISIC_4526581,0,-0.075334,-0.652057,-1.285557
ISIC_4527661,0,-0.331741,-0.700771,0.437543
ISIC_4529092,0,-0.250035,0.787824,-0.910433
ISIC_4529363,0,-0.568902,-1.195894,-0.527553
ISIC_4530249,0,-0.271162,0.682537,-0.01459
ISIC_4532303,0,-0.084114,-0.259729,0.390989
ISIC_4533833,0,0.502985,-1.123305,0.276768
ISIC_4534608,0,0.18267,0.185716,0.254291
ISIC_4535099,0,-0.02608,-0.819781,-0.848319
ISIC_4536407,0,-1.344334,-0.15755,-1.027301
ISIC_4536709,0,-0.342682,0.657376,0.452191
ISIC_4538207,0,0.244252,-1.105405,-0.310627
ISIC_4538489,0,-1.045872,-0.333756,-1.356593
ISIC_4538661,0,-0.121508,-0.145375,-0.334599
ISIC_4539674,0,-1.060598,-0.921185,-0.09065
ISIC_4540332,0,-0.297654,-0.314109,-0.49922
ISIC_4541530,0,-0.264048,-0.691378,-1.279224
ISIC_4544879,0,-1.265769,-0.880523,-0.913987
ISIC_4548632,0,-0.612994,-0.332825,-1.052579
ISIC_4548995,0,0.754942,0.55897,-1.113938
ISIC_4552230,0,0.340184,-0.452727,-0.367826
ISIC_4553633,0,-0.451515,-0.670545,-0.271224
ISIC_4554381,0,-0.510928,-0.269978,0.75956
ISIC_4554863,0,-0.852505,0.975406,0.177629
ISIC_4559115,0,-0.636593,-0.780613,-1.003574
ISIC_4563766,0,-0.958141,-0.946552,0.020836
ISIC_4564163,0,-0.264047,-0.256033,0.395506
ISIC_4564960,0,1.070107,0.641122,0.897669
ISIC_4566439,0,-0.158728,-0.317748,-0.318489
ISIC_4568084,0,-0.945582,-0.918714,-0.922728
ISIC_4568425,1,0.501058,0.450948,0.57128
ISIC_4569077,0,-1.166488,-0.37195,-0.224165
ISIC_4570724,0,-0.63756,0.030968,0.058502
ISIC_4573624,0,-0.340941,-0.899929,-0.86053
ISIC_4574865,0,0.238832,-0.471349,-0.245363
ISIC_4579262,0,-0.95945,-0.717797,-0.634566
ISIC_4580926,0,-0.925404,-1.357704,-0.714828
ISIC_4582670,0,-0.325144,0.077627,-0.083668
ISIC_4587506,0,-0.36677,-0.303022,-1.085952
ISIC_4589609,0,-0.520067,0.422288,0.108257
ISIC_4590810,0,-0.896589,-0.363564,-0.593633
ISIC_4591316,0,-1.027134,-1.39232,-0.176576
ISIC_4595741,0,-0.035382,0.680007,0.119455
ISIC_4596803,0,-0.915924,0.153241,0.158108
ISIC_4597707,0,0.283031,-0.18285,-0.591485
ISIC_4601527,0,0.165887,-0.626193,-0.024278
ISIC_4602691,0,-1.471205,-0.486149,-0.804922
ISIC_4603706,0,0.860174,-0.956488,-0.054911
ISIC_4604654,0,0.066578,0.325125,-0.724392
ISIC_4606646,0,-0.0488,-0.452526,0.198144
ISIC_4607215,0,-0.842117,-0.643088,0.01351
ISIC_4610600,0,0.131666,-0.438522,0.031916
ISIC_4613437,0,-0.468353,-0.533088,0.553643
ISIC_4614129,0,-0.359825,-0.834842,0.299233
ISIC_4614604,0,0.295016,0.038744,-0.440419
ISIC_4619789,1,0.01309,0.524059,-0.646224
ISIC_4619903,1,0.310034,-0.10576,0.503716
ISIC_4620053,0,0.086228,-0.888614,-0.124917
ISIC_4620425,0,-0.169181,0.184789,0.035179
ISIC_4623351,0,-0.622613,-0.570215,-0.078751
ISIC_4624973,0,0.515659,-0.176309,0.536417
ISIC_4629662,0,0.055954,-0.65988,-0.367529
ISIC_4631711,0,-0.846624,-0.434699,-0.809785
ISIC_4632020,0,0.984543,-0.148686,0.360556
ISIC_4634128,0,0.189354,-0.339978,-0.571028
ISIC_4640181,1,0.21632,0.187412,-0.772899
ISIC_4640293,0,-0.247927,-0.275246,-0.047892
ISIC_4641968,0,-0.61182,0.207756,0.15183
ISIC_4642190,0,0.280519,0.012842,-0.439832
ISIC_4642695,0,-0.282997,0.00626,-0.58135
ISIC_4643298,0,-0.978777,2.6e-05,-0.152505
ISIC_4644299,0,-0.36193,-0.699349,-0.27683
ISIC_4645995,0,0.341906,-0.20943,-0.925879
ISIC_4646228,0,-0.171182,-0.097423,-0.596565
ISIC_4646815,0,0.209305,-0.568978,-0.152178
ISIC_4648593,0,0.063522,-0.349589,-0.379424
ISIC_4649440,1,-0.837786,0.432475,0.045947
ISIC_4652186,0,-1.123884,-0.547428,0.497269
ISIC_4653167,0,0.421936,0.206686,0.18934
ISIC_4653503,1,0.517009,-0.166098,-0.141857
ISIC_4654443,0,-0.359445,-0.909003,-1.303613
ISIC_4654965,0,0.97772,0.312888,-0.482856
ISIC_4658487,0,0.026706,0.247558,-0.167012
ISIC_4659355,0,1.28166,0.234248,-0.593753
ISIC_4663883,0,-0.641262,0.675453,-0.614456
ISIC_4666619,0,-0.750484,-0.256374,0.387274
ISIC_4672131,0,-0.105919,0.005685,0.269879
ISIC_4673648,0,0.37328,-0.811459,0.540113
ISIC_4678416,0,-0.138224,-0.821698,-0.082509
ISIC_4679971,0,-0.887017,-0.871782,-0.502505
ISIC_4680417,0,-0.5089,-0.418204,0.601646
ISIC_4684860,0,-0.778289,-0.040756,-0.168678
ISIC_4686317,0,0.120417,-0.292746,-0.580012
ISIC_4691689,1,0.43246,-0.225811,-0.725935
ISIC_4691943,0,0.918443,-0.419429,-0.096196
ISIC_4692454,0,-1.141491,-0.728779,-0.658365
ISIC_4692567,0,-0.534214,-0.277082,-0.633949
ISIC_4695051,0,-1.318131,-0.619672,-0.70398
ISIC_4695396,0,-0.437261,-0.397806,-0.89353
ISIC_4697037,0,-0.257657,0.239348,-0.991709
ISIC_4699066,0,-0.306868,-0.776867,0.5361
ISIC_4699989,0,-0.911791,-0.840654,-0.077159
ISIC_4701063,0,-0.563177,-0.372531,-0.1181
ISIC_4701900,0,0.838129,0.359275,0.101559
ISIC_4702522,0,0.417263,0.218734,0.217895
ISIC_4705662,0,-0.21006,-0.887687,-0.444154
ISIC_4707475,0,-0.782619,-1.913526,-0.024916
ISIC_4708642,0,-0.424915,-0.835767,0.732439
ISIC_4713698,0,-1.50876,-0.96067,0.466503
ISIC_4715386,0,-0.471195,0.075977,-0.537453
ISIC_4718237,0,-1.062097,-0.406826,-1.116647
ISIC_4718313,0,-1.170592,0.315856,-1.061433
ISIC_4720306,0,0.604545,-0.206977,-1.093299
ISIC_4721599,0,-0.153538,-0.683677,-1.017622
ISIC_4723378,0,-0.705565,-0.57573,0.151728
ISIC_4724660,0,-0.418564,-1.561849,-0.626083
ISIC_4728167,0,-0.251335,-0.645629,-0.603215
ISIC_4728200,0,-0.520071,-0.848373,-0.790571
ISIC_4728589,0,-1.787611,-0.851963,-1.687395
ISIC_4728968,0,0.053661,-0.648295,0.701321
ISIC_4730066,1,-0.671714,-1.259564,-1.313755
ISIC_4730433,0,0.663618,1.278902,-0.360346
ISIC_4731791,0,0.098727,-0.787127,-0.392728
ISIC_4732241,0,-0.786292,-0.035399,0.43393
ISIC_4732684,0,-1.047084,-0.001767,0.524523
ISIC_4734111,0,1.256065,0.176184,-0.698972
ISIC_4734950,0,-0.5628,0.300991,0.258973
ISIC_4735959,0,-0.351561,-0.02701,0.204973
ISIC_4738636,0,0.431204,-0.276039,-0.667447
ISIC_4745475,0,-0.101097,-0.819696,-0.858875
ISIC_4746361,0,0.515163,-0.166203,-0.504673
ISIC_4748605,0,0.315283,0.014735,-0.027476
ISIC_4750271,1,0.059296,0.227362,-0.091395
ISIC_4752144,0,-0.020613,0.576155,0.007665
ISIC_4756167,0,-0.492354,-0.601365,0.057333
ISIC_4756979,0,0.078874,-1.081788,-0.265897
ISIC_4762702,0,-0.038526,-0.107922,-0.329956
ISIC_4764568,0,-0.590598,0.086463,-0.972648
ISIC_4765919,0,0.337086,-0.509541,0.503608
ISIC_4768512,0,-0.17735,-0.573462,-0.22931
ISIC_4770073,0,-0.379196,-0.619912,0.41742
ISIC_4771769,0,0.818943,0.180913,-0.219464
ISIC_4777536,0,0.3588,-0.171263,-0.309902
ISIC_4780541,0,0.703103,-0.089478,-0.7892
ISIC_4780727,1,0.23487,0.225134,-0.112497
ISIC_4781169,0,-0.500934,0.177402,0.312162
ISIC_4781223,1,0.450772,0.535814,0.379865
ISIC_4782878,0,-0.694121,0.005064,-0.038454
ISIC_4786412,0,-1.036217,-0.590607,-0.530081
ISIC_4787403,0,-0.596155,-0.702987,-0.244201
ISIC_4789377,0,-0.636383,0.168724,-1.363802
ISIC_4789784,0,-0.292212,-0.62332,0.407724
ISIC_4791589,0,0.190496,0.242566,-0.230932
ISIC_4793961,0,-0.422161,-0.266746,0.29511
ISIC_4794052,0,-0.79366,0.192913,0.242754
ISIC_4796100,0,-0.702648,-0.515711,-0.754593
ISIC_4798962,0,0.406633,-0.971269,0.349078
ISIC_4801737,0,0.032423,-0.309067,0.251539
ISIC_4803943,0,-0.156441,-0.270813,-1.28908
ISIC_4804158,0,0.077918,-0.031333,-0.08456
ISIC_4806829,0,-1.086008,-0.085976,-0.262024
ISIC_4808298,0,-0.698456,-0.891875,-1.144502
ISIC_4810142,1,0.633193,-0.621748,0.204917
ISIC_4810485,0,0.143055,-0.453915,-0.568295
ISIC_4810500,0,-0.030028,-0.542235,-0.285048
ISIC_4811165,0,0.409919,0.393743,0.739371
ISIC_4811593,0,-0.479213,-0.440033,-1.01105
ISIC_4814912,0,-0.29197,0.060056,-0.170101
ISIC_4819371,0,-0.882316,-0.65715,-0.196226
ISIC_4821309,0,0.203597,-0.308352,1.012002
ISIC_4826037,0,-0.150432,0.16551,0.285973
ISIC_4826449,0,0.152452,-0.772348,0.415464
ISIC_4829706,0,-0.129119,-0.447653,-0.907798
ISIC_4834687,0,0.842243,0.84659,0.940766
ISIC_4836699,0,0.354777,0.830303,0.387821
ISIC_4837536,0,0.269952,-0.99151,-0.631236
ISIC_4838916,0,0.311172,-0.14236,0.329568
ISIC_4842269,0,-0.396484,0.542213,-0.191011
ISIC_4843102,0,0.277992,-0.264943,0.034035
ISIC_4846741,0,-0.42895,-0.90281,-1.21285
ISIC_4847584,0,0.349342,-0.046533,-0.242012
ISIC_4848047,0,-1.085385,0.331038,-0.81375
ISIC_4850678,0,-0.11127,-0.51567,-0.65182
ISIC_4851652,0,-0.454516,-0.101556,1.007399
ISIC_4853597,0,-0.585413,-0.744154,-0.658089
ISIC_4856536,0,0.156817,-0.099608,0.767803
ISIC_4863784,0,-1.448108,-0.833842,-1.272261
ISIC_4864523,0,0.891284,0.356381,-0.303176
ISIC_4867043,0,-1.038704,-0.547429,-0.606914
ISIC_4868926,0,-0.633984,-0.69605,-0.932933
ISIC_4870676,0,-0.036766,-0.116803,0.072346
ISIC_4871616,0,0.482516,0.111766,-0.509296
ISIC_4873045,0,-0.811868,-0.119091,-0.525745
ISIC_4874581,1,-0.975077,0.253629,-1.211217
ISIC_4875370,0,0.971993,0.462011,0.001289
ISIC_4876193,0,-0.541533,-0.673243,0.811957
ISIC_4876378,0,-0.413225,-0.01872,-0.542829
ISIC_4879187,0,-0.889657,-0.753098,0.458634
ISIC_4882123,0,-0.39926,0.161121,-1.107263
ISIC_4882389,0,-0.224109,0.256968,-0.827357
ISIC_4884394,0,0.516233,-0.106259,0.27663
ISIC_4884803,0,0.265275,-0.229689,-0.84823
ISIC_4885444,0,-0.061734,-0.689704,-1.073512
ISIC_4887874,0,0.134331,-0.283986,0.022228
ISIC_4887995,0,-0.246555,-0.580609,0.104096
ISIC_4890201,0,-0.965981,1.064964,0.173879
ISIC_4894802,0,-0.351555,0.439117,-0.093187
ISIC_4894929,0,-0.94578,-0.742041,-0.798952
ISIC_4897852,0,-0.066594,0.099459,-0.199951
ISIC_4898865,0,-0.149511,0.095381,-1.407952
ISIC_4899386,0,0.219721,-0.112599,0.035934
ISIC_4900077,0,0.358634,-0.337697,-0.77139
ISIC_4903988,0,0.276847,0.126455,-0.646081
ISIC_4906385,0,0.12879,-1.065563,0.783019
ISIC_4907595,0,-0.465559,-1.044888,-0.328339
ISIC_4911407,0,-0.068843,-0.718109,-0.760465
ISIC_4912684,0,-0.308901,-0.846598,-0.449194
ISIC_4915897,0,0.419842,-0.793518,-0.352149
ISIC_4916704,1,0.955643,0.643444,0.374745
ISIC_4918571,0,-0.007055,-1.48511,0.544906
ISIC_4921413,0,-0.362672,-0.503107,-1.223934
ISIC_4923095,0,-0.257866,0.239097,0.956254
ISIC_4924690,0,-0.44809,0.712803,-0.575323
ISIC_4926448,0,-1.020505,-0.258707,-0.396777
ISIC_4926788,0,-0.161497,-0.114918,-0.607661
ISIC_4927943,0,-0.452606,-0.317366,-0.27636
ISIC_4930632,0,-0.338895,-0.519179,-0.154922
ISIC_4933735,0,0.313941,0.848211,0.591489
ISIC_4936610,0,-0.57328,-0.652125,-0.640504
ISIC_4936662,1,-0.303626,-0.662192,-1.413516
ISIC_4938638,0,0.260415,0.454538,0.222412
ISIC_4938791,0,-0.987312,-0.573652,-0.442545
ISIC_4938994,1,-0.709928,0.081816,0.825542
ISIC_4943797,0,-0.319109,-0.112149,-1.463619
ISIC_4945233,0,-0.545054,-0.304205,-0.379774
ISIC_4949672,0,0.666899,0.055093,-0.67417
ISIC_4950467,0,-0.305571,0.231358,0.26425
ISIC_4951035,0,-0.575442,-0.990518,-0.538617
ISIC_4951213,0,0.43457,-0.483945,-0.617182
ISIC_4955457,0,0.272166,-0.845709,-0.40453
ISIC_4956965,0,-0.240343,-0.200075,0.059191
ISIC_4957216,0,0.083213,1.310437,-0.126092
ISIC_4957315,0,-0.481613,-0.248412,-1.369445
ISIC_4958006,0,0.050185,0.210481,-0.173199
ISIC_4958578,0,1.605582,-0.508363,-0.010513
ISIC_4960406,0,-0.048705,-0.144455,0.660265
ISIC_4960784,1,1.03814,0.336544,-0.365177
ISIC_4961708,0,0.509029,-0.237686,-0.039742
ISIC_4964478,0,0.296357,0.278269,-1.47464
ISIC_4965832,0,-0.048289,-0.38628,-0.440645
ISIC_4966148,0,-0.157103,-1.041214,0.151903
ISIC_4966865,0,0.539426,-0.79673,-0.264629
ISIC_4967639,0,-0.742205,-0.599585,-0.493149
ISIC_4969996,0,-0.560783,0.477043,-0.920641
ISIC_4973549,0,0.077265,0.189738,-1.175715
ISIC_4973666,0,0.413873,-0.330249,-0.796691
ISIC_4974868,0,0.024445,-0.149746,0.24563
ISIC_4976189,0,-0.470114,-0.395359,0.077749
ISIC_4978039,0,-0.302304,-0.339402,-1.724006
ISIC_4978697,0,-0.077051,0.401792,-0.169731
ISIC_4980079,0,-0.116787,-0.350247,-0.189073
ISIC_4980328,0,-0.232526,-0.332406,-0.322972
ISIC_4980656,1,0.371642,1.365359,1.126305
ISIC_4981135,0,-0.777009,-1.285377,-0.559072
ISIC_4984668,0,-0.593387,0.545356,-0.274012
ISIC_4985027,1,-0.548852,0.295236,0.58935
ISIC_4998826,0,-0.63768,-0.179893,0.135237
ISIC_5005253,0,-0.398463,-0.589701,-0.467466
ISIC_5005869,0,0.098505,-0.241349,0.590766
ISIC_5005961,0,-0.288315,-1.139964,-0.569653
ISIC_5008399,0,-0.624205,-1.344661,0.00136
ISIC_5010212,1,0.430341,0.574232,0.026923
ISIC_5011583,0,0.031631,-0.730908,-0.472075
ISIC_5015378,0,-0.34989,-0.226354,-0.34974
ISIC_5017874,0,0.064543,0.377652,-0.110871
ISIC_5021861,1,0.120937,-0.587821,-0.230089
ISIC_5022895,0,0.103753,0.030134,-0.396298
ISIC_5026709,0,0.497137,-0.678625,0.284402
ISIC_5028203,0,-0.978081,-1.500065,0.077563
ISIC_5029636,0,-0.621791,-0.778896,0.393672
ISIC_5031549,0,-0.119562,-0.757693,0.558111
ISIC_5037784,1,-0.28207,-0.000219,-1.016302
ISIC_5039396,0,0.459981,-0.255675,-0.877209
ISIC_5039895,0,-0.48244,-0.55604,-0.891652
ISIC_5041679,0,0.517875,-0.871885,-0.268147
ISIC_5044438,1,-0.578334,0.180033,0.785685
ISIC_5046082,1,-0.179087,0.285221,0.059864
ISIC_5046340,0,-0.936783,-1.028401,-0.019191
ISIC_5048124,0,0.200697,-0.577334,-0.511089
ISIC_5048571,0,-0.069837,-0.136888,0.563179
ISIC_5049165,0,-0.453498,-0.513044,0.185412
ISIC_5049365,0,-0.971498,-1.339698,0.134214
ISIC_5055871,0,-0.249258,-0.681986,-0.356211
ISIC_5059476,0,-0.197616,-0.02765,-0.489399
ISIC_5063476,0,0.725948,0.119124,0.296089
ISIC_5065245,0,-0.562472,-0.82562,-0.340248
ISIC_5065360,0,-0.697924,-0.555396,-0.169476
ISIC_5067317,0,0.250596,-0.93438,0.740296
ISIC_5071555,0,0.698056,-0.78155,-0.629648
ISIC_5073160,0,0.751252,0.018274,-0.403791
ISIC_5081382,0,-0.366895,-0.09785,0.58835
ISIC_5082596,0,-0.217753,0.458712,-0.483145
ISIC_5087951,0,-0.258936,-0.424611,-0.638984
ISIC_5091996,1,-0.247987,-1.075501,0.250806
ISIC_5092834,0,-0.173704,-0.318267,-1.071917
ISIC_5097947,0,-0.436793,0.438095,0.645581
ISIC_5098778,0,1.01655,0.502128,-0.421009
ISIC_5099569,0,-0.048066,0.236531,-1.059719
ISIC_5100319,0,-0.066925,0.600488,-0.802096
ISIC_5101111,0,-1.353443,-0.405161,0.923464
ISIC_5102688,0,-0.199896,-1.233817,-0.88723
ISIC_5104731,0,-0.525148,-0.252497,-0.076454
ISIC_5108076,0,-1.005464,-0.983864,0.261281
ISIC_5110133,0,0.153281,1.119595,-0.043283
ISIC_5110505,0,-0.778724,-0.624544,-0.765718
ISIC_5111521,0,0.045576,0.885106,0.344988
ISIC_5116614,0,-0.961365,-0.677631,-0.652987
ISIC_5122042,0,0.021892,-0.354144,-0.956877
ISIC_5122220,0,-1.078769,-0.151557,-0.449601
ISIC_5123817,0,0.360318,0.87531,-0.103228
ISIC_5126638,0,-0.502887,-0.939039,-0.2392
ISIC_5127759,0,0.04378,-1.059107,-0.579822
ISIC_5132214,0,-0.330113,-0.417089,0.143798
ISIC_5140952,1,-0.011738,-0.555505,-0.674276
ISIC_5141844,0,-0.642143,-0.185456,-0.362742
ISIC_5147292,1,-0.268891,-0.730592,-0.383184
ISIC_5148474,0,1.055205,0.340721,0.556311
ISIC_5149162,0,-0.314861,-0.305547,-0.003051
ISIC_5150200,0,-0.0245,0.418814,0.530728
ISIC_5150938,0,0.205506,-0.729463,-0.434662
ISIC_5152000,0,0.060905,-0.52011,0.465124
ISIC_5152859,0,-0.062572,-1.070169,-0.921508
ISIC_5153848,0,-0.648164,0.007939,0.274984
ISIC_5156491,1,1.039587,0.705796,1.00503
ISIC_5157775,0,-1.189353,-0.969941,-0.479633
ISIC_5157799,0,0.490518,0.456814,-0.465345
ISIC_5164416,0,0.347064,-0.532452,0.699388
ISIC_5166636,0,-0.278049,-0.243124,-0.557337
ISIC_5167209,1,-0.415759,-0.282688,-0.386276
ISIC_5170766,0,0.455646,-0.332627,0.734403
ISIC_5174685,0,-0.509146,-0.228563,0.262274
ISIC_5176419,0,-1.614162,-0.359367,-0.23436
ISIC_5178031,0,-0.985582,-0.385202,-0.810053
ISIC_5179503,0,-0.691117,-1.336388,-0.046372
ISIC_5179620,0,-0.166933,-0.28041,-0.238263
ISIC_5179884,0,-0.305071,-0.651279,-0.186896
ISIC_5181177,0,-0.157141,0.1684,-0.086469
ISIC_5182148,0,0.144031,0.556375,-0.44402
ISIC_5190484,0,0.418553,0.974854,-0.723259
ISIC_5190920,0,-0.113204,-0.036709,-0.116243
ISIC_5191344,1,0.380169,0.376909,0.806934
ISIC_5194331,0,-0.675751,0.533175,-0.575442
ISIC_5194705,0,-0.450271,0.879581,-0.364516
ISIC_5198780,0,0.065765,-0.125438,-0.473616
ISIC_5202231,0,-0.275447,-0.497049,-0.172192
ISIC_5203791,0,0.29437,1.019562,0.247239
ISIC_5204408,0,-0.384292,0.944508,-0.407215
ISIC_5204796,0,-0.039057,0.372969,0.707274
ISIC_5206218,0,0.218239,-0.138033,0.085715
ISIC_5207050,0,-0.060048,-0.164098,0.416466
ISIC_5213829,0,-0.946922,-0.232045,-0.570321
ISIC_5216586,1,1.14413,1.265166,1.166395
ISIC_5218530,0,-0.404308,-0.453678,-0.541896
ISIC_5218773,0,-1.069622,-1.023259,-0.365655
ISIC_5219334,0,-0.877534,-0.811403,-0.463408
ISIC_5220698,0,0.074905,-0.927789,-0.515555
ISIC_5221917,0,-0.070109,-0.217187,-0.670101
ISIC_5223096,0,-0.534797,-0.008445,-1.078109
ISIC_5223280,0,0.126571,0.551011,0.684622
ISIC_5226353,0,-0.180198,-0.844,-0.729501
ISIC_5226371,0,-0.140225,-0.744219,0.0235
ISIC_5229861,0,-0.559315,-1.027378,-0.171964
ISIC_5230371,0,0.035763,-0.496143,-0.470806
ISIC_5231145,0,-0.605378,-0.086305,-0.283771
ISIC_5233226,0,0.164568,-1.096915,0.510588
ISIC_5233769,0,0.281788,-0.194223,0.334888
ISIC_5234605,0,-1.85655,-0.154492,0.737999
ISIC_5237059,0,0.008852,-0.224015,-0.528193
ISIC_5238111,0,0.526735,-0.152968,0.222801
ISIC_5238649,0,0.546236,-0.390539,0.353011
ISIC_5239607,0,0.290795,-0.820483,-0.93561
ISIC_5239856,0,0.502576,1.494179,0.607364
ISIC_5240387,0,1.36405,0.706765,0.042669
ISIC_5240648,0,-0.239873,0.029883,-0.654638
ISIC_5242216,0,-0.024606,-0.291287,-0.133951
ISIC_5247383,0,0.111358,-0.274225,-0.318404
ISIC_5247508,1,0.142552,1.014752,-0.417566
ISIC_5247560,1,0.342297,-0.255781,-0.096523
ISIC_5248948,0,-0.751337,-1.682089,-0.462598
ISIC_5258657,1,0.770236,0.545201,0.252948
ISIC_5261146,0,-0.152707,0.322115,1.068549
ISIC_5267208,1,0.523548,0.487349,0.995564
ISIC_5272345,0,0.306292,0.070731,-0.430488
ISIC_5272837,0,-0.526178,-0.285669,-0.480508
ISIC_5273029,0,0.215649,0.82691,0.106933
ISIC_5275138,0,0.241346,-0.157511,-0.247062
ISIC_5278307,0,-0.167644,0.664979,0.545977
ISIC_5281485,0,1.029251,0.161252,-0.050391
ISIC_5281576,0,0.123288,-0.105403,-0.642994
ISIC_5281762,0,-1.399421,-0.093139,-0.296636
ISIC_5281908,0,0.022652,0.17037,-0.015139
ISIC_5282642,0,1.188152,0.730288,-0.626131
ISIC_5284935,0,0.290655,-0.235919,0.641067
ISIC_5287679,0,-0.076108,-0.849725,-1.131494
ISIC_5287748,0,-0.375398,0.053349,-0.027263
ISIC_5288404,0,-0.559927,-0.672972,-0.616725
ISIC_5290521,0,-0.215188,-0.352965,-0.314659
ISIC_5294540,0,-0.16676,-0.678395,-0.596901
ISIC_5296963,1,-0.766351,-0.612766,-0.472656
ISIC_5297660,0,0.777892,0.614032,-0.298345
ISIC_5298216,0,0.266358,0.131762,0.543777
ISIC_5298608,0,0.523151,1.320721,0.798683
ISIC_5300774,0,-0.554984,-0.579117,0.132253
ISIC_5301938,0,0.173806,0.17291,-0.284789
ISIC_5305288,0,0.296484,-0.337834,-0.088416
ISIC_5306427,0,-0.139065,-0.956962,-0.218303
ISIC_5307086,0,-0.131956,0.477202,1.050698
ISIC_5307210,0,0.524836,0.764172,-0.717267
ISIC_5308066,0,0.124597,-0.081324,-0.201127
ISIC_5309572,0,0.033918,-0.535436,-0.255828
ISIC_5309814,0,-0.394019,-0.697031,-0.73023
ISIC_5312584,0,0.036293,-0.927812,0.055093
ISIC_5312710,0,-1.238263,0.088887,0.078085
ISIC_5313574,0,1.081148,0.339916,0.849574
ISIC_5315062,1,0.934894,0.796817,0.598791
ISIC_5315125,0,0.179804,-0.907325,-0.007255
ISIC_5315486,0,-0.029037,-0.645376,-0.681195
ISIC_5316803,0,-0.43784,0.613944,0.440751
ISIC_5318217,0,-0.031577,-0.417023,-0.98026
ISIC_5320483,0,-0.405601,-0.106262,-1.185162
ISIC_5323725,0,-0.017328,-0.651748,1.433195
ISIC_5324623,0,0.677091,0.853031,0.587336
ISIC_5324987,0,0.219903,-0.503163,-0.466204
ISIC_5325805,0,-1.024138,-0.202961,0.511727
ISIC_5327271,0,-0.292949,-1.241127,0.001091
ISIC_5330187,1,0.424515,1.130551,0.054277
ISIC_5333058,0,0.544843,-0.710345,-0.619593
ISIC_5335139,0,0.339524,-0.770801,-1.005413
ISIC_5336007,0,-0.555712,-0.584151,-0.669908
ISIC_5336548,0,0.136626,-1.049291,-1.021646
ISIC_5338721,0,0.044937,-0.109493,-0.236228
ISIC_5343231,1,0.177299,-0.204772,1.138894
ISIC_5347727,0,0.456961,0.430495,0.485951
ISIC_5347806,0,-0.342994,-0.240707,0.018199
ISIC_5352684,0,-0.471837,-0.388142,-0.532902
ISIC_5353986,0,1.454885,0.396836,-0.343338
ISIC_5354202,0,-0.409769,-0.403221,-0.949993
ISIC_5354827,0,-0.23295,-1.05737,-0.111756
ISIC_5355302,0,-0.345616,-0.023033,-0.234149
ISIC_5356775,0,-1.223712,-0.706179,-0.201105
ISIC_5357288,0,-0.798776,-0.025703,-1.075473
ISIC_5358548,0,-0.784841,-0.474053,0.128704
ISIC_5358568,0,0.399364,0.032829,-0.787352
ISIC_5359416,0,0.339705,-0.01834,-0.258881
ISIC_5360921,0,-0.425422,-0.661099,-0.757341
ISIC_5361404,0,-0.961135,0.326232,-0.112977
ISIC_5362038,0,-0.108099,-0.205732,-0.881093
ISIC_5362869,0,-0.451184,-0.382968,-0.196532
ISIC_5363229,0,-0.363429,-0.866499,-0.993894
ISIC_5364330,0,0.293829,0.777177,-0.504247
ISIC_5366657,0,-0.761206,-0.255287,-0.349533
ISIC_5367118,1,0.363001,-0.294003,0.522936
ISIC_5370803,0,-0.591276,-0.551593,-0.441169
ISIC_5376036,0,0.621267,-0.233718,-0.025445
ISIC_5377237,0,0.34463,-0.621334,0.54086
ISIC_5377693,0,0.098895,0.349206,0.027824
ISIC_5377977,0,-0.161019,-0.40567,-0.396066
ISIC_5381712,0,-0.310282,-0.977771,0.066278
ISIC_5382189,0,-1.727931,-0.699445,0.306681
ISIC_5383064,0,-0.02379,1.024229,0.094576
ISIC_5385528,0,-0.555368,0.113195,-0.026113
ISIC_5386244,0,-0.145201,-0.391607,-1.051906
ISIC_5388485,0,-0.090886,0.392398,0.115085
ISIC_5388493,0,-0.439959,-0.410942,-0.702511
ISIC_5390932,0,0.42727,-0.337924,-0.732343
ISIC_5391190,0,0.790678,-0.085263,0.312114
ISIC_5391758,1,-0.035864,0.446786,-0.096414
ISIC_5392118,0,-1.09934,-0.3217,-0.791406
ISIC_5393367,0,-1.423055,-1.088698,0.177564
ISIC_5396394,0,0.607758,0.414929,0.681554
ISIC_5397483,0,0.889722,1.322068,-0.1591
ISIC_5397818,0,-0.036899,-0.318431,0.3611
ISIC_5400609,0,0.475412,-0.123435,0.0805
ISIC_5403296,0,0.145484,-0.221453,1.00426
ISIC_5404908,0,0.823109,0.437636,0.38044
ISIC_5405889,0,0.13756,0.558214,-0.38186
ISIC_5406677,0,0.04192,0.410739,0.752612
ISIC_5409902,0,-0.061586,-1.059672,-0.757372
ISIC_5410481,0,-0.65744,0.212639,0.723438
ISIC_5413788,0,-1.111281,-1.181792,-0.725844
ISIC_5414609,0,-0.593429,-1.610676,-0.218156
ISIC_5415749,1,0.919055,1.382048,0.245768
ISIC_5415761,1,0.105361,0.05638,0.271371
ISIC_5416978,0,0.046042,0.6877,0.254941
ISIC_5420979,0,-0.688514,-1.102717,-1.026072
ISIC_5422432,0,-0.034997,-0.99146,-0.650198
ISIC_5422940,0,0.225281,-0.780794,0.226003
ISIC_5423896,0,-0.163228,-0.185612,0.259639
ISIC_5425721,1,-0.07342,-0.514793,-0.133837
ISIC_5426854,0,0.003522,-0.223575,-0.48197
ISIC_5433087,0,0.600892,-0.203608,0.430847
ISIC_5434055,0,-0.00112,-0.495556,-0.135691
ISIC_5434229,0,1.010766,-0.404312,-0.227415
ISIC_5437785,0,-0.044991,0.425561,-0.168686
ISIC_5438156,0,-0.593821,-0.238164,-0.132596
ISIC_5439597,0,-1.088805,-1.168496,-0.267516
ISIC_5441247,0,0.255169,-0.382785,0.138472
ISIC_5442578,0,-0.284918,-0.672726,-0.24119
ISIC_5442834,0,0.621097,-0.195673,0.804356
ISIC_5443837,0,-0.82729,-0.196458,-0.677594
ISIC_5449076,1,-0.93018,-0.614902,-1.183083
ISIC_5454766,0,0.099723,-0.019373,0.353247
ISIC_5457229,0,-0.486659,-0.256912,0.089728
ISIC_5457889,0,-0.88237,-1.41022,-0.512548
ISIC_5458290,0,-0.279157,-0.867042,-1.179721
ISIC_5458933,0,0.463606,-0.75625,-0.735291
ISIC_5459256,0,0.104668,0.114069,0.667432
ISIC_5468164,0,0.302771,-0.753331,-1.349725
ISIC_5476277,0,0.283238,-0.985008,-0.332348
ISIC_5476463,0,-1.518413,-1.577995,0.026529
ISIC_5476770,0,0.008665,0.30892,-0.752923
ISIC_5481211,0,0.819026,-0.452708,0.514025
ISIC_5482426,0,-0.004443,0.123815,-0.22669
ISIC_5482805,0,0.121859,0.340299,-0.381672
ISIC_5483119,0,0.005974,0.304264,-0.712171
ISIC_5484086,0,0.554601,-0.372821,-0.297136
ISIC_5484776,0,0.071603,0.323563,-0.473217
ISIC_5485661,0,1.044627,0.020172,-0.056541
ISIC_5485674,0,0.349559,-0.282894,-0.609333
ISIC_5486460,0,-0.160319,0.445782,0.229551
ISIC_5486725,0,0.36584,-0.227458,-1.083142
ISIC_5490257,0,0.291491,-0.471345,0.108718
ISIC_5490352,0,-1.081454,0.282862,-1.134281
ISIC_5491641,0,0.037529,0.298075,-0.639497
ISIC_5495413,1,0.260664,-0.983121,0.028902
ISIC_5498202,0,0.293482,-0.29862,0.653486
ISIC_5498651,0,0.614823,0.230573,-0.209963
ISIC_5499139,0,-0.667715,-0.456879,-0.266091
ISIC_5501183,0,-1.046614,0.644121,0.043391
ISIC_5501795,0,0.362855,0.3341,-0.625612
ISIC_5502342,0,-0.072083,0.533584,-0.287824
ISIC_5503634,0,-0.091344,-0.129682,-0.16577
ISIC_5504286,0,-0.419846,0.034022,-1.218901
ISIC_5504560,0,-0.428515,0.198848,0.329897
ISIC_5507066,0,-0.107057,0.192511,-0.767899
ISIC_5508076,0,-0.103048,0.381132,-0.718786
ISIC_5509212,0,-0.800618,-0.649402,-0.770219
ISIC_5509946,0,-1.188833,-0.545309,-1.11721
ISIC_5510604,0,-0.963332,-0.421999,-0.366763
ISIC_5514594,0,-0.14305,-0.434015,-0.375221
ISIC_5518557,0,0.027669,0.064942,-0.804888
ISIC_5518595,0,-0.718847,-0.113856,-0.777117
ISIC_5519357,0,0.484888,-1.452431,0.087639
ISIC_5520533,0,-0.573045,0.434723,-0.474445
ISIC_5525765,0,-0.899002,-0.680301,-0.354774
ISIC_5526879,0,0.57573,-0.570096,-0.24201
ISIC_5527224,1,0.163221,0.402726,1.015728
ISIC_5527447,0,0.102721,-1.066792,0.213802
ISIC_5529924,0,-0.763886,-0.35315,-0.653028
ISIC_5530598,0,0.713244,-0.647647,-0.593002
ISIC_5536710,0,0.444394,-0.085464,1.0864
ISIC_5537876,0,0.440779,-0.075002,-0.15741
ISIC_5538169,0,-1.174172,-1.426983,-0.028295
ISIC_5539001,0,-0.762894,-0.163334,-0.065151
ISIC_5545874,0,0.653202,0.631832,-0.888645
ISIC_5546488,0,-0.718363,-0.768138,-0.387088
ISIC_5546806,0,-0.238768,-0.752854,0.638769
ISIC_5547318,0,-0.013765,-0.745896,1.339975
ISIC_5548914,0,0.00514,-0.136212,-0.6509
ISIC_5550263,0,0.172111,0.470207,-0.102311
ISIC_5552066,0,0.744016,-0.180249,-0.582537
ISIC_5552381,0,-0.358607,0.34491,0.532346
ISIC_5555140,0,-0.568619,-0.668221,-0.275119
ISIC_5555700,0,0.104545,0.132167,-0.570726
ISIC_5557025,0,-0.448611,-0.192219,-0.631245
ISIC_5557806,0,0.876704,-0.326658,-1.128244
ISIC_5559165,0,-0.064961,-1.025275,0.25865
ISIC_5559730,0,-0.993496,-0.812429,0.224067
ISIC_5563553,0,-1.066858,-0.472662,-0.861179
ISIC_5564757,0,0.126744,1.226446,0.255079
ISIC_5565517,0,-0.002874,0.693147,0.324393
ISIC_5566396,0,-1.175,-0.932512,-0.743226
ISIC_5568525,0,-0.141702,-0.67401,-0.608405
ISIC_5568834,0,-0.536307,-0.783134,-0.127221
ISIC_5569091,0,0.382578,0.659551,-0.197213
ISIC_5569568,0,-0.253694,0.577681,0.372947
ISIC_5573566,0,-0.409853,-0.948691,-0.619385
ISIC_5576250,0,-0.854716,0.298162,-0.794801
ISIC_5576354,1,0.248087,-0.157238,1.016867
ISIC_5578239,0,-0.295361,-0.709502,-0.236975
ISIC_5578611,0,-0.573859,-0.532026,-0.481843
ISIC_5580000,0,0.252036,-0.168028,0.619259
ISIC_5581297,1,0.25078,0.364148,0.632581
ISIC_5581931,1,0.525752,0.974371,0.720691
ISIC_5581936,0,-0.142176,-0.995948,-0.889437
ISIC_5583159,0,0.161954,-1.24431,-0.234585
ISIC_5584185,0,0.179681,0.00295,-0.751179
ISIC_5585279,0,0.695588,0.070351,-0.831909
ISIC_5586765,0,0.070805,0.272112,-0.118005
ISIC_5588968,0,0.832245,-0.023186,-0.148515
ISIC_5591622,0,-1.402708,-1.367222,-0.318015
ISIC_5595054,0,-1.444473,-0.040993,-0.194141
ISIC_5599298,0,-0.237319,-0.940043,-0.549175
ISIC_5602724,0,-0.276042,-0.635793,-1.451657
ISIC_5602826,1,1.370142,0.769658,1.018775
ISIC_5607452,0,-0.511327,-0.203133,-0.906884
ISIC_5607702,0,-0.348033,-0.920867,-0.855564
ISIC_5608998,0,-1.324235,-0.550727,-0.255138
ISIC_5610222,0,-0.024442,-0.555511,-1.156812
ISIC_5611010,0,-1.357884,-1.254757,0.313588
ISIC_5611104,0,-0.566293,0.041128,-0.605911
ISIC_5611515,0,0.243588,-0.166812,0.077303
ISIC_5614300,0,1.208506,0.508424,-0.202731
ISIC_5614446,0,-0.479525,0.893444,0.098258
ISIC_5615694,0,-0.533769,0.291575,-1.055956
ISIC_5616806,0,-1.246768,-0.476551,-0.651161
ISIC_5619654,0,0.012652,-0.492185,-1.257944
ISIC_5620802,1,-0.233966,0.256199,-0.650646
ISIC_5622348,0,-0.539708,0.194374,-1.053815
ISIC_5623844,0,-0.47888,0.291269,0.34237
ISIC_5623973,0,0.177962,-0.16485,0.516116
ISIC_5624273,0,-0.114519,0.387825,0.307137
ISIC_5625747,0,-1.097615,-0.885592,-0.608551
ISIC_5628615,0,-0.194295,-0.311506,-1.334302
ISIC_5629390,0,0.623789,-0.177754,0.115484
ISIC_5634573,0,1.217912,0.688183,0.557832
ISIC_5641619,0,-0.562357,-0.929324,-0.134565
ISIC_5642824,1,0.191612,0.345341,0.654266
ISIC_5644242,0,0.491827,0.213394,-0.569702
ISIC_5646706,0,-1.294419,-0.098749,-0.926487
ISIC_5647554,0,-0.389986,-0.307361,-0.132468
ISIC_5647697,0,-0.240854,-0.902187,-0.467489
ISIC_5648111,0,-1.131947,-0.683947,-1.480233
ISIC_5650816,0,0.563951,-0.546157,-0.719425
ISIC_5651106,0,0.094795,-0.526058,-0.696941
ISIC_5652135,0,0.077699,-0.09335,-1.434567
ISIC_5656921,0,-0.012579,-0.255352,-0.027884
ISIC_5658900,0,-0.771553,-1.369998,-0.560199
ISIC_5659295,0,0.417983,-0.521285,-0.355076
ISIC_5662381,0,0.482794,1.2615,0.159467
ISIC_5666345,0,1.217118,-0.388126,0.14838
ISIC_5671175,0,-0.027142,0.247529,0.288699
ISIC_5673859,0,-0.653684,-1.17133,0.150755
ISIC_5673994,0,-0.223111,0.309607,-0.013852
ISIC_5674396,0,-0.470258,-1.075197,-0.103409
ISIC_5675703,0,0.140669,0.618774,0.816729
ISIC_5679004,0,-0.418348,0.195622,0.232759
ISIC_5679942,0,-0.118224,-0.151,0.472562
ISIC_5682259,0,0.00554,-0.719591,0.034265
ISIC_5688950,0,-1.120326,-0.918785,-0.34684
ISIC_5697228,0,-0.328843,-0.917782,-0.334794
ISIC_5699175,0,-0.833122,-0.524142,-0.106642
ISIC_5702591,0,-0.086438,0.282972,-1.072367
ISIC_5703909,0,-0.517067,-0.179423,0.164509
ISIC_5705973,0,-1.162144,0.50615,-1.008527
ISIC_5706192,0,-0.000476,0.437344,0.042205
ISIC_5706908,0,-0.509215,0.694153,-0.316458
ISIC_5706956,0,-1.055844,0.450104,-0.056697
ISIC_5707761,0,-0.066603,-0.544177,0.003145
ISIC_5709247,0,0.223185,-0.637759,-0.518849
ISIC_5709878,0,-0.476967,-0.485435,-0.374103
ISIC_5714285,0,1.38715,0.500114,-0.674324
ISIC_5714411,1,1.29437,0.513833,0.289407
ISIC_5716385,0,-0.508501,0.245588,-0.391763
ISIC_5717433,0,0.226814,0.228161,-1.199346
ISIC_5718805,0,0.059255,-0.355272,-0.467443
ISIC_5721110,0,-0.036167,-0.501188,-0.145417
ISIC_5721677,0,-0.569875,0.49386,0.277727
ISIC_5722914,0,-1.043494,-1.15089,0.127551
ISIC_5729818,0,-0.793205,-1.224597,0.050181
ISIC_5732201,1,-1.267634,-0.267972,-0.013571
ISIC_5732374,0,-0.627564,-1.019599,-0.666459
ISIC_5732487,0,-0.459529,0.138058,0.09964
ISIC_5736292,0,0.654771,0.146129,-0.20591
ISIC_5736624,0,-1.252562,-0.443992,-0.956788
ISIC_5736979,0,-0.86572,0.698236,-0.538092
ISIC_5737704,0,0.958468,0.033679,0.819787
ISIC_5738369,0,0.263378,0.268601,-0.066875
ISIC_5744196,1,0.024113,-0.673834,-0.283358
ISIC_5746904,0,0.592428,-0.29494,-0.560197
ISIC_5747486,1,0.349102,0.617729,0.672376
ISIC_5747942,1,0.239091,-0.516835,0.620954
ISIC_5751956,0,-0.317819,1.162058,-0.434702
ISIC_5754023,0,-0.716471,-0.149265,-0.040234
ISIC_5754070,0,-0.732099,0.608187,-0.191095
ISIC_5754233,0,-0.943427,-0.482885,-0.457009
ISIC_5755836,0,-0.446483,-0.457415,0.104285
ISIC_5758316,0,-0.127588,0.092049,-0.661421
ISIC_5762714,1,0.425404,1.214805,0.813456
ISIC_5765854,0,0.563446,0.094506,-0.363851
ISIC_5768032,0,-0.428221,0.302542,0.089304
ISIC_5768602,0,1.118387,0.42051,-0.100083
ISIC_5768749,0,0.167343,0.720366,-0.564484
ISIC_5769654,0,0.464908,-0.566069,-0.442502
ISIC_5771106,0,-0.807278,0.406644,-0.082868
ISIC_5772144,0,-0.875328,-0.496621,-1.184685
ISIC_5772938,0,-0.409729,-0.440493,0.417604
ISIC_5776158,0,-0.289461,0.63303,-0.756246
ISIC_5777181,0,1.343638,0.829078,0.225583
ISIC_5777697,0,-0.115468,-0.034342,0.766001
ISIC_5778927,0,0.022959,-0.727264,-1.076049
ISIC_5783440,0,-0.00343,-0.936754,-1.037874
ISIC_5785408,0,-0.195074,-0.998568,-0.378835
ISIC_5787312,0,-1.090146,-0.633746,-1.352825
ISIC_5787517,0,-0.415963,-0.670561,0.509234
ISIC_5789052,0,0.744476,-0.42411,-0.191594
ISIC_5789263,0,0.203317,-0.253971,-0.085505
ISIC_5789994,0,0.403458,-0.905084,0.129012
ISIC_5790319,0,0.252061,0.658081,-0.403955
ISIC_5791954,1,-0.945352,-0.865145,-0.030052
ISIC_5793600,0,-0.618854,-0.651707,-0.661499
ISIC_5795486,0,-1.046101,-0.844218,-0.711671
ISIC_5796736,0,-0.975394,-1.318835,0.083963
ISIC_5797404,0,-0.123479,-0.098531,0.150454
ISIC_5797942,0,-0.040382,-0.631741,-0.045379
ISIC_5798015,0,-0.67913,-1.030204,-0.796662
ISIC_5798331,0,-0.898502,0.355009,-0.712256
ISIC_5805349,0,0.058997,-0.004495,-0.860833
ISIC_5807112,0,-0.664027,-0.635588,-0.292463
ISIC_5807608,0,-0.191729,-1.074937,-1.063907
ISIC_5808758,0,0.950903,-1.068816,0.099376
ISIC_5810196,0,0.249046,-0.189223,-0.316807
ISIC_5810696,0,-0.153236,0.233756,0.106176
ISIC_5813642,0,0.796291,-0.787685,0.233988
ISIC_5816399,0,0.114472,-0.762753,0.347368
ISIC_5820693,1,-0.774825,-0.767211,-0.903999
ISIC_5821131,0,-0.243089,-0.782836,0.03229
ISIC_5821293,0,-0.087195,0.058896,-0.226526
ISIC_5822017,0,-1.27549,0.16675,-1.017343
ISIC_5823292,0,1.279874,-0.156869,0.039627
ISIC_5823859,0,0.316859,-1.175585,-0.146518
ISIC_5826878,0,-0.333748,0.893517,0.315121
ISIC_5830274,0,-0.3783,0.14886,-0.907865
ISIC_5831880,0,-1.180309,-0.133302,0.172738
ISIC_5832901,0,0.587209,-0.515256,-1.056782
ISIC_5833015,0,0.35817,-0.053276,-1.106753
ISIC_5833422,0,0.576638,-0.904167,-0.669715
ISIC_5835414,0,-0.415027,-0.401257,-0.403372
ISIC_5835765,0,0.540575,-0.433564,-1.102171
ISIC_5837098,0,0.909318,1.091872,0.22403
ISIC_5839679,0,-0.225961,-0.27437,-0.330836
ISIC_5840341,0,0.504004,-0.868263,-0.602271
ISIC_5843614,1,0.268975,-0.26712,0.60295
ISIC_5848892,0,1.331316,0.207527,-0.174278
ISIC_5849178,0,-0.141521,-0.773138,-0.248362
ISIC_5850699,0,-0.209834,-1.22671,-1.005372
ISIC_5852396,0,-0.541446,-0.799266,-0.152136
ISIC_5854552,0,-0.270943,-0.177727,-0.066951
ISIC_5857303,0,0.812528,0.207429,-0.450909
ISIC_5859812,0,-1.148235,-1.538603,-0.039745
ISIC_5866419,0,0.309211,0.04964,0.229863
ISIC_5867911,1,0.227594,1.127974,0.775577
ISIC_5868291,1,0.751448,0.425972,0.582508
ISIC_5874357,0,-0.544772,-0.507529,-1.072562
ISIC_5877211,0,0.796236,-0.776431,-0.520808
ISIC_5877410,0,-0.453421,0.194897,0.720424
ISIC_5879418,0,0.071306,-0.851864,-0.355069
ISIC_5879789,0,-0.11709,0.331565,1.216933
ISIC_5881453,0,0.156869,-0.511212,0.220859
ISIC_5883331,0,-0.479911,0.205706,0.857253
ISIC_5884700,0,0.152959,-0.234896,-0.421165
ISIC_5885403,0,-0.389925,-0.19002,0.830674
ISIC_5888212,0,-0.496703,-0.439338,0.092274
ISIC_5895384,0,0.281694,0.318902,-0.145813
ISIC_5897134,0,1.467223,-0.108044,-0.606276
ISIC_5897799,0,-0.891415,-0.729757,-0.423369
ISIC_5900778,0,0.652614,-0.243927,0.19725
ISIC_5903193,0,-0.056104,-0.44151,0.273709
ISIC_5904116,0,-0.360045,-0.936671,-0.53947
ISIC_5907931,0,-0.355882,0.262567,0.116765
ISIC_5908780,0,0.837273,0.428036,-0.337622
ISIC_5909403,0,-0.834406,-0.685621,-1.183148
ISIC_5909451,0,0.158905,-0.804401,-0.816299
ISIC_5910595,0,0.919882,0.098331,-0.273365
ISIC_5910975,0,-0.165023,-0.13281,0.105418
ISIC_5913155,0,-0.587251,-1.056778,-0.159287
ISIC_5916208,0,-0.296398,-0.206051,0.40688
ISIC_5919355,0,-1.108898,-0.596828,-1.212292
ISIC_5920470,0,-1.098158,-1.167852,-1.294356
ISIC_5921777,0,0.208179,0.217873,0.625902
ISIC_5922588,1,0.873871,1.128725,0.183569
ISIC_5922931,0,-0.425896,-0.318553,-0.495905
ISIC_5923430,0,0.148837,0.244903,0.273948
ISIC_5926550,0,-0.939397,-0.033972,0.770235
ISIC_5929687,0,-0.360315,0.293242,-0.474711
ISIC_5931552,0,-0.222913,-0.589735,0.467334
ISIC_5932383,0,0.506079,-0.006574,-0.495281
ISIC_5933341,0,-0.676477,-0.11291,-0.257689
ISIC_5934239,0,-0.374004,0.079578,0.604913
ISIC_5934948,0,-1.202815,-0.845277,0.082833
ISIC_5935362,0,-1.549006,-0.811177,-0.261083
ISIC_5938680,0,-0.363837,0.2603,0.461182
ISIC_5941314,0,-0.096099,-1.17759,-0.086401
ISIC_5942564,0,0.312461,-0.30308,0.184939
ISIC_5948805,0,-0.231945,-0.145274,1.174506
ISIC_5948901,0,-0.036457,0.314842,-0.412667
ISIC_5951430,0,0.304103,1.091949,-0.981999
ISIC_5952650,0,-1.502707,-0.632612,0.612523
ISIC_5955057,1,-0.365463,-0.28309,0.398907
ISIC_5959795,0,-0.614577,-0.024454,-0.298315
ISIC_5960641,0,0.279161,0.056471,0.240539
ISIC_5960765,0,-0.102777,0.615379,0.050835
ISIC_5961092,0,-0.639247,0.026232,-0.955365
ISIC_5961333,0,0.555377,-0.042583,-0.356212
ISIC_5961619,0,0.790452,-0.230709,0.45237
ISIC_5964173,0,-0.427289,0.159234,-0.006435
ISIC_5964676,0,0.506593,0.808355,-0.276325
ISIC_5966190,0,0.441423,-0.395625,-0.188891
ISIC_5971574,0,-0.376114,0.207255,-0.618913
ISIC_5971591,0,0.52044,0.254031,0.617082
ISIC_5974838,0,0.267765,0.007702,-1.392214
ISIC_5979783,0,-1.251112,-0.452518,-0.520612
ISIC_5979807,0,0.155824,-0.616004,-0.928376
ISIC_5980439,0,-0.307842,-0.211935,0.451062
ISIC_5982769,0,-0.761223,-0.000462,0.052226
ISIC_5983500,1,-0.567066,-0.0259,-0.566099
ISIC_5988539,0,0.760007,-0.500055,0.842035
ISIC_5992534,0,-0.080749,0.207985,0.389879
ISIC_5992826,0,-0.62283,-0.582005,-0.172945
ISIC_5993356,0,0.222276,0.010567,-1.14447
ISIC_5993530,0,-1.924022,-0.515712,0.794678
ISIC_5994007,0,0.064696,-0.361485,-0.692927
ISIC_5994286,0,-0.329287,-0.114066,0.476846
ISIC_5994645,0,0.210141,-0.150395,-0.116098
ISIC_5998926,0,0.922384,0.455299,0.355855
ISIC_5999002,0,-1.027032,0.191324,-0.41471
ISIC_6000407,0,-1.020433,-0.410628,-1.283125
ISIC_6001716,0,0.063398,-0.094013,-0.903029
ISIC_6001936,0,-0.914502,0.096155,-1.299388
ISIC_6002694,0,1.013709,-0.810211,-0.24914
ISIC_6003500,0,0.060665,-0.779518,-0.433578
ISIC_6004197,1,0.339446,-0.21618,-0.461762
ISIC_6006795,0,-1.137896,-0.915188,0.382895
ISIC_6008974,0,-0.857548,-0.303228,-0.796184
ISIC_6013764,0,-0.653446,-0.701914,-0.373422
ISIC_6017148,0,-0.482021,-0.701064,-0.915386
ISIC_6017985,1,-1.283221,-0.665725,0.378228
ISIC_6019374,0,-0.16615,0.25875,0.316095
ISIC_6020636,0,-0.423277,-1.668901,-0.407923
ISIC_6023504,0,-0.543603,0.050138,-0.035068
ISIC_6023518,0,-0.604587,-0.587914,0.402225
ISIC_6024335,1,-0.178484,0.651015,0.398299
ISIC_6025721,0,0.534902,-0.130626,-0.710994
ISIC_6026759,0,0.50301,0.172082,-0.481934
ISIC_6027459,0,0.141037,-0.537972,-0.017899
ISIC_6028082,0,-0.800941,-0.28619,0.026282
ISIC_6032520,0,-0.316632,-0.637382,0.85672
ISIC_6033222,0,-0.122207,-0.835004,-0.312526
ISIC_6036959,0,1.032751,0.330758,0.263298
ISIC_6037869,0,0.409048,-0.212474,0.036595
ISIC_6038355,0,-0.813852,0.372976,0.173868
ISIC_6038490,0,-0.578779,-0.362479,-0.129843
ISIC_6052437,0,-0.543815,-0.601127,-0.508927
ISIC_6052702,0,-0.547351,-0.680923,-1.13579
ISIC_6052860,0,-1.388964,-0.739198,0.198837
ISIC_6054977,0,0.584966,-0.653785,0.036809
ISIC_6056121,1,-0.133393,0.251821,0.180542
ISIC_6056692,0,-0.758246,-0.355681,0.367023
ISIC_6062536,0,-0.713218,0.164646,-0.288611
ISIC_6062657,0,-0.599729,-0.987065,0.443634
ISIC_6065301,0,-0.130143,0.176934,-0.679511
ISIC_6066292,1,-0.534701,-0.209309,0.106391
ISIC_6067430,0,-0.27251,-0.941906,-0.458742
ISIC_6069236,0,0.406185,0.93954,0.070397
ISIC_6072777,0,-0.35971,0.513326,0.379449
ISIC_6088194,0,0.251603,-0.010063,1.432237
ISIC_6089318,1,-0.538224,0.408634,0.607578
ISIC_6090057,0,-0.000832,-1.23424,-0.722837
ISIC_6093728,0,-1.320895,-1.061858,0.669905
ISIC_6098768,0,-0.400858,-0.124545,-1.445277
ISIC_6099476,0,-0.871367,-0.530037,-0.396186
ISIC_6101007,0,0.650542,-0.071569,0.589
ISIC_6105084,0,-0.764695,0.513407,-0.464011
ISIC_6108795,0,0.30706,-0.221462,-0.367454
ISIC_6111078,0,-0.775071,-0.590805,-0.690382
ISIC_6113524,0,-0.463694,-0.761826,-0.529782
ISIC_6114646,0,0.582575,-0.767866,-0.14507
ISIC_6118204,0,-0.534406,-1.365064,-0.720031
ISIC_6118824,0,-0.446076,-0.322517,-0.823678
ISIC_6119202,1,0.164294,-0.157903,-0.023848
ISIC_6119208,0,-0.461878,0.348414,-1.040061
ISIC_6119830,0,0.081045,-0.254152,0.083504
ISIC_6124481,1,0.000132,-0.033569,0.900308
ISIC_6125358,0,-0.46228,0.050063,0.721704
ISIC_6125652,1,1.41122,0.724545,0.877499
ISIC_6126554,0,0.626224,-0.593019,0.560888
ISIC_6126620,0,0.045197,0.131503,0.173171
ISIC_6127074,0,0.254557,0.426702,0.594805
ISIC_6128108,0,-0.560017,-0.740657,-0.063636
ISIC_6131393,0,-0.483874,-0.222505,-0.228787
ISIC_6132976,0,0.569757,0.042862,0.478051
ISIC_6145261,0,-0.518811,-1.110944,-0.16197
ISIC_6148533,0,-1.275149,-0.275395,-1.168254
ISIC_6155782,0,0.135725,0.695568,-0.997979
ISIC_6155981,0,0.091469,-0.002353,0.043116
ISIC_6157226,0,0.169531,1.574288,-0.044317
ISIC_6159783,0,0.328585,0.812908,0.270542
ISIC_6162308,0,-1.246748,0.072497,-0.149913
ISIC_6162545,0,-1.086271,0.037226,0.332613
ISIC_6166247,0,-0.021717,-0.673586,-0.652299
ISIC_6168754,0,0.196421,-0.809407,-0.850343
ISIC_6171084,0,-0.918839,-1.077084,-1.01586
ISIC_6174156,0,0.359133,-1.590201,-0.094445
ISIC_6176182,0,1.309886,0.927916,-0.159345
ISIC_6178088,0,-0.494978,-1.462157,-0.760529
ISIC_6178099,0,0.045949,1.103463,-0.288282
ISIC_6180870,0,-0.872397,-0.954161,-0.655001
ISIC_6184891,1,0.690496,0.469452,-0.912767
ISIC_6188469,0,-0.299871,0.296174,-0.006694
ISIC_6188574,0,-0.534168,-1.134528,-0.350983
ISIC_6192289,0,0.024508,0.221229,-0.173906
ISIC_6199335,0,-0.760973,0.480004,-0.96545
ISIC_6201199,0,-0.358413,-0.29779,0.297272
ISIC_6201338,0,0.492656,-0.910492,-0.653279
ISIC_6201695,0,0.211168,-0.596098,-1.013425
ISIC_6207688,0,-0.006133,-0.044535,-0.38514
ISIC_6207818,0,0.740123,0.27856,0.142247
ISIC_6208107,0,-1.301909,0.476927,-0.981625
ISIC_6208222,0,0.033214,-0.071361,-0.312201
ISIC_6208508,0,-0.386808,0.125337,0.671545
ISIC_6208708,0,0.312448,-0.436181,-0.208723
ISIC_6208762,0,-0.486928,-0.980551,-0.415602
ISIC_6209119,0,-0.548894,-0.805223,0.167356
ISIC_6210962,0,-0.495831,0.403223,0.243657
ISIC_6215631,0,0.126741,0.146357,0.393913
ISIC_6220625,1,0.328216,1.002416,-0.379136
ISIC_6220953,0,-0.370517,-0.41484,-0.788929
ISIC_6225409,0,0.380141,0.78566,0.486549
ISIC_6227397,0,1.13736,1.099986,0.689666
ISIC_6227920,0,0.213543,-0.812408,0.052603
ISIC_6228471,0,0.254591,-0.868989,-0.686565
ISIC_6228963,1,0.675584,1.105392,0.341445
ISIC_6231450,0,0.002671,-0.245662,-0.037907
ISIC_6234702,0,-0.572948,-0.868887,-0.212583
ISIC_6239663,0,-0.811245,-0.579687,-0.281522
ISIC_6247668,0,-0.281886,-0.607954,0.335678
ISIC_6250970,0,-0.868852,-0.958688,-0.533697
ISIC_6253295,0,-0.733067,-0.559301,-0.124015
ISIC_6254731,0,0.315099,-0.804513,-0.231275
ISIC_6255113,1,0.281606,-0.831542,0.774112
ISIC_6255494,0,0.528878,0.335588,-0.045461
ISIC_6256797,0,-0.296899,0.073828,-0.795552
ISIC_6258744,0,0.335259,-0.217854,-1.27629
ISIC_6260086,0,-1.137175,-0.923662,-0.587246
ISIC_6260969,0,0.324656,-0.411318,-0.20799
ISIC_6265473,0,-0.152229,-0.474551,-0.045254
ISIC_6268546,0,-0.482509,-0.060239,-0.051862
ISIC_6269414,0,-0.1429,0.420606,-0.322501
ISIC_6269543,0,0.573109,0.277938,0.849621
ISIC_6271218,0,-0.942681,-0.254579,-0.066837
ISIC_6271913,0,0.202571,-0.450613,-1.28481
ISIC_6272501,0,-0.196985,-0.500004,-0.988134
ISIC_6274085,0,-0.430092,-0.306171,0.234786
ISIC_6278273,1,0.206156,0.874451,0.901065
ISIC_6280523,0,-0.076775,0.09461,-0.638075
ISIC_6284012,0,0.790283,0.631004,0.122959
ISIC_6284312,0,0.609978,-0.043697,-0.521534
ISIC_6285076,0,-0.634171,0.434239,-0.66961
ISIC_6285925,1,0.446261,0.458892,-0.86115
ISIC_6289346,0,-0.099131,-0.812102,0.190927
ISIC_6292348,0,0.132789,-0.736829,-1.188309
ISIC_6293107,0,-1.063134,-0.272744,0.461538
ISIC_6297317,0,0.320856,-0.90695,0.605138
ISIC_6298228,0,0.260345,0.849449,0.335567
ISIC_6298726,0,-1.590891,-0.100988,-0.466354
ISIC_6299036,1,0.545736,-0.705964,-0.426172
ISIC_6310591,0,-0.016435,-0.230565,0.505151
ISIC_6313487,1,0.109665,0.435105,0.241151
ISIC_6317162,0,-0.474248,0.199975,-0.000681
ISIC_6320497,0,-0.36685,0.018143,-0.570724
ISIC_6323420,0,1.299113,0.089018,-0.012969
ISIC_6324832,0,-0.803322,-1.195906,0.702873
ISIC_6326803,0,-0.782901,-1.077917,-0.811017
ISIC_6330529,0,-0.109144,0.144852,0.108608
ISIC_6334958,0,0.41862,0.292025,-0.36587
ISIC_6336926,0,1.16201,0.079867,-0.38149
ISIC_6339509,0,-0.549743,-0.35805,0.956531
ISIC_6340564,0,-0.901225,-0.013994,-0.444668
ISIC_6340792,0,-1.248297,-0.074709,-0.849497
ISIC_6342224,0,0.987862,-0.969115,0.029158
ISIC_6344073,0,-0.417568,-1.665611,-0.602556
ISIC_6345354,0,-0.872641,-0.854859,-0.375869
ISIC_6348638,1,0.280145,0.328323,0.275774
ISIC_6352565,1,0.939106,-0.138147,0.345038
ISIC_6352730,0,-0.315904,-0.992048,-1.408837
ISIC_6356149,1,-0.065122,0.042513,0.031822
ISIC_6356522,0,-0.488653,0.143428,-0.36389
ISIC_6356803,0,1.353438,-0.257842,-1.142903
ISIC_6357263,0,0.349561,-0.051649,-0.971555
ISIC_6358752,0,0.915896,0.175044,0.337662
ISIC_6362735,0,-0.797439,0.203263,-0.823091
ISIC_6366417,1,0.069785,0.702727,-0.274318
ISIC_6366631,0,0.525217,-0.698761,0.231708
ISIC_6370597,0,0.541241,-0.00924,-0.099311
ISIC_6370748,0,0.176089,0.193137,-0.761136
ISIC_6370977,0,-0.535648,-0.979045,-1.492413
ISIC_6373500,0,-0.252061,-0.777326,0.171278
ISIC_6373689,0,-1.245824,-0.524506,0.255033
ISIC_6375439,0,-0.572086,0.552173,0.077753
ISIC_6377613,1,1.270789,0.536114,-0.425312
ISIC_6377622,0,0.123356,-0.861948,-0.624922
ISIC_6377883,0,-0.39368,-0.200201,0.049501
ISIC_6378169,0,0.11505,-0.428595,-0.137504
ISIC_6380209,0,0.024634,0.364245,0.100869
ISIC_6381197,0,-0.981149,0.500006,0.475199
ISIC_6381785,0,0.030367,-0.160504,-0.351245
ISIC_6381852,0,0.436468,-0.417721,-0.083746
ISIC_6381981,0,-0.3569,-0.650498,0.836004
ISIC_6382207,0,-0.127655,-0.167282,-0.898362
ISIC_6383486,0,-1.23104,-0.597215,-0.422374
ISIC_6384906,0,-0.676267,-0.490881,-0.276095
ISIC_6384927,0,0.264545,-0.081965,0.062783
ISIC_6384997,0,-0.21598,0.174399,0.019416
ISIC_6385074,0,0.387751,-0.549303,0.32921
ISIC_6385296,0,0.263808,0.34402,0.087589
ISIC_6385627,0,0.815115,0.25287,-0.316483
ISIC_6390738,0,0.106144,-0.744102,-0.179736
ISIC_6392089,0,-0.731196,-0.55946,-0.893093
ISIC_6392461,1,-0.900805,-0.851532,-0.000955
ISIC_6392478,0,-0.445411,0.010817,-1.023455
ISIC_6393611,0,-0.861402,0.36898,-1.205435
ISIC_6398283,1,0.198585,0.673282,-0.60026
ISIC_6398669,1,1.067844,0.701919,-1.402948
ISIC_6400232,0,0.067952,0.105269,-0.124403
ISIC_6400714,0,-0.447331,-0.222398,-0.799822
ISIC_6401657,0,-0.127753,-0.603154,-0.924826
ISIC_6404049,1,1.046046,0.895727,1.183096
ISIC_6406517,0,-0.827717,-0.370091,-0.087762
ISIC_6410859,1,-0.501762,0.156486,0.351224
ISIC_6413346,0,-0.663695,-0.863856,0.202014
ISIC_6414435,0,-0.751333,-0.423822,-0.926497
ISIC_6416533,0,0.111527,-0.984482,0.793123
ISIC_6423860,0,-0.140318,-0.114892,-0.398767
ISIC_6423964,0,-0.321442,-0.660896,-0.774207
ISIC_6425888,0,0.237669,-0.449313,0.064838
ISIC_6427157,0,-0.726741,-0.666977,-0.766477
ISIC_6428021,0,-0.730715,-1.089977,-0.115132
ISIC_6430210,0,-0.294085,-1.059339,0.436721
ISIC_6434210,0,0.163035,-0.308905,0.127047
ISIC_6435644,0,-1.328172,0.402454,0.259243
ISIC_6440229,0,0.170267,-0.11681,0.530316
ISIC_6441128,0,0.888854,-0.891225,-0.246277
ISIC_6442221,0,-0.513514,-1.209249,-0.192681
ISIC_6443700,0,-0.738493,-0.152736,-0.107881
ISIC_6443984,0,-0.271852,0.547528,0.075281
ISIC_6444989,0,-0.585285,-0.468406,-0.528324
ISIC_6445453,0,-0.303301,0.075045,-0.431208
ISIC_6446753,0,1.364673,0.892669,0.260961
ISIC_6446779,0,-0.478707,0.618146,-0.612918
ISIC_6447663,0,-0.479074,-0.143434,-0.287653
ISIC_6447681,0,-0.030337,-0.453963,0.988331
ISIC_6448312,0,-0.397883,-0.405771,-0.649562
ISIC_6448654,0,-0.56843,0.315535,0.036068
ISIC_6449065,0,0.220784,-0.06364,0.590492
ISIC_6450034,1,-0.936216,-0.400742,0.618815
ISIC_6451703,0,-1.422447,-0.649021,-0.516196
ISIC_6452498,0,0.731502,0.850407,-0.180849
ISIC_6455702,0,0.077198,-0.678682,-1.073385
ISIC_6458982,0,0.326399,0.309687,-0.914397
ISIC_6460137,0,-1.168659,-0.389438,-0.497281
ISIC_6463417,0,-0.246223,-1.201363,-1.279731
ISIC_6464772,0,0.694145,-0.223677,-0.905668
ISIC_6469202,0,-0.197062,-0.05314,-0.638771
ISIC_6471212,0,-0.15614,-0.622676,-0.629513
ISIC_6475049,0,-0.542689,0.139445,0.123898
ISIC_6478506,0,-1.013827,-0.736702,-0.417639
ISIC_6483504,0,-0.09612,0.047512,-0.564823
ISIC_6486856,0,0.357178,0.251727,-1.202751
ISIC_6487069,0,-0.709649,-0.351485,-0.469144
ISIC_6487809,0,0.505488,0.549704,-0.518278
ISIC_6488658,0,0.032296,-0.045876,0.019924
ISIC_6489993,0,0.086002,-0.690958,-1.112663
ISIC_6496370,1,0.270254,0.567482,-0.98168
ISIC_6496765,0,-0.461146,-0.722743,-0.397777
ISIC_6497135,0,0.614509,0.488802,-0.309183
ISIC_6498634,0,-0.702331,0.112754,0.259139
ISIC_6507412,0,0.410457,-0.683553,-0.665435
ISIC_6507492,0,0.25978,0.213041,-1.363145
ISIC_6507640,0,-0.704505,-0.924853,-0.720436
ISIC_6507792,0,-0.400368,0.220157,0.776097
ISIC_6511689,0,-0.14686,-0.225266,-0.979924
ISIC_6512653,1,1.152874,1.349913,0.632196
ISIC_6515546,0,0.681186,-0.881849,-0.528206
ISIC_6517082,0,0.571693,1.483912,0.317084
ISIC_6517663,0,-0.051945,-0.347007,0.551923
ISIC_6517852,0,-0.13227,0.548193,0.545501
ISIC_6520237,0,-0.488366,-0.097875,-0.429583
ISIC_6523459,0,0.559196,-0.153903,-0.818102
ISIC_6523645,1,0.042451,-0.767996,0.152997
ISIC_6526489,1,0.288735,0.584531,0.239651
ISIC_6529073,0,-0.777287,-0.468377,0.853623
ISIC_6529819,0,-0.575046,-0.833451,-0.588068
ISIC_6531118,0,-0.57203,-0.744496,0.600254
ISIC_6532137,0,0.443548,-0.707306,-1.441098
ISIC_6533176,0,0.041196,-0.238458,-0.732939
ISIC_6535558,1,-0.096134,0.001341,-0.049171
ISIC_6536232,0,0.206015,-0.248427,0.242023
ISIC_6539127,1,0.682542,-0.74347,0.21146
ISIC_6541615,1,-0.538929,-0.027733,-0.519632
ISIC_6544382,0,-0.257685,-0.48048,-1.192064
ISIC_6546903,0,-1.008448,-1.007862,-0.382661
ISIC_6546981,0,0.296576,-0.135333,-0.682953
ISIC_6547707,0,0.101564,0.107199,0.582793
ISIC_6548307,0,-0.668751,-1.469476,-0.601633
ISIC_6548734,0,-0.759707,-0.174252,-0.681058
ISIC_6550761,0,0.149365,-0.379902,0.8951
ISIC_6552552,0,-0.869168,0.655184,-0.800694
ISIC_6553389,0,-0.223921,-0.294266,-0.682508
ISIC_6553579,0,-0.286635,-0.422894,-0.487218
ISIC_6556622,0,0.324414,0.911389,0.015289
ISIC_6557194,0,0.762671,0.919369,0.255573
ISIC_6557642,0,0.946351,0.413985,-0.483655
ISIC_6558697,0,-0.691456,0.576465,-0.077657
ISIC_6559840,0,0.388802,-0.152898,-0.90179
ISIC_6561111,1,0.446446,1.042786,0.648883
ISIC_6562871,0,0.082315,-0.033789,0.429992
ISIC_6566042,0,-0.41791,-0.349128,-0.189184
ISIC_6569060,0,0.471681,-0.518631,-0.75627
ISIC_6570611,0,0.219566,-0.334043,-0.046759
ISIC_6571597,0,0.449898,0.293825,-0.535241
ISIC_6576397,0,0.468899,0.249224,-0.369694
ISIC_6577632,0,-0.364843,-0.435668,-0.509832
ISIC_6577767,0,1.246852,-0.176133,1.53568
ISIC_6581765,0,-1.576074,0.25189,0.089048
ISIC_6588853,0,-0.128102,0.196606,0.366455
ISIC_6588982,0,-0.745391,-1.495853,-1.291575
ISIC_6590303,0,-0.342959,-0.742802,0.09122
ISIC_6592334,0,-0.532604,0.454316,-0.979166
ISIC_6595186,0,1.355857,0.722264,-0.339541
ISIC_6604862,0,-1.075789,-1.025443,-0.689148
ISIC_6605122,0,0.418373,-0.394349,0.359455
ISIC_6606131,0,-0.907498,-0.145915,0.016344
ISIC_6606767,0,-1.028674,-0.663477,0.032817
ISIC_6609379,0,-0.26374,-0.073675,0.179084
ISIC_6609484,0,0.473267,0.564932,0.227308
ISIC_6613079,0,0.215361,0.404197,0.002063
ISIC_6613150,1,0.786363,0.588724,0.656723
ISIC_6616542,0,1.061372,0.124182,-0.504747
ISIC_6617618,0,-0.386054,0.33548,-0.678446
ISIC_6617840,0,-0.954622,-0.009795,-0.420846
ISIC_6618652,0,-0.116496,0.592095,-0.84512
ISIC_6618851,0,-0.093487,-0.959933,-0.237517
ISIC_6618943,0,-0.616143,0.345873,-1.085619
ISIC_6620377,1,-0.871075,0.150224,-0.141369
ISIC_6620748,1,-0.792367,0.585544,0.043463
ISIC_6625102,1,-0.148718,-0.699109,0.532901
ISIC_6626544,0,0.825855,0.532776,-0.012729
ISIC_6628544,0,-0.123415,-0.099022,-1.019108
ISIC_6633906,0,0.639519,-0.127994,0.7397
ISIC_6634951,1,0.61856,0.517792,0.40906
ISIC_6635590,0,-0.054277,-0.845519,0.116599
ISIC_6635699,0,-1.137557,-0.858427,-0.298369
ISIC_6637542,0,-0.392733,0.200335,-0.797179
ISIC_6639094,0,0.133929,0.440253,0.641299
ISIC_6640227,0,0.211589,0.337809,0.224483
ISIC_6640686,0,-0.352951,0.068683,0.046598
ISIC_6640753,0,-1.016894,-0.14848,-1.027397
ISIC_6642608,0,-1.067223,-0.988334,-0.225367
ISIC_6644659,0,0.923347,0.452494,-0.026356
ISIC_6644834,0,-0.195676,0.047236,-0.158637
ISIC_6646939,1,-0.79438,-1.166258,-0.398034
ISIC_6647306,0,0.419878,0.228547,-0.349306
ISIC_6652978,0,0.054419,0.023751,-0.35753
ISIC_6653311,0,0.184902,0.041395,0.751005
ISIC_6654619,0,-0.079803,-0.072731,-1.069108
ISIC_6657600,0,-0.36574,0.542561,-0.400346
ISIC_6661691,0,-0.290136,-0.420756,-0.404917
ISIC_6661904,0,-0.300139,-0.046472,-0.600757
ISIC_6663112,0,-0.155415,-0.551963,-0.250489
ISIC_6666329,0,0.575726,-0.415015,0.670758
ISIC_6668093,1,1.019432,0.578141,0.654714
ISIC_6668197,0,0.407392,0.441813,-0.787459
ISIC_6670242,0,-0.333427,0.039462,0.467933
ISIC_6672654,0,0.151213,0.353704,0.522415
ISIC_6673506,0,0.499481,-0.915797,-0.047319
ISIC_6673956,0,-0.622987,0.20543,0.095304
ISIC_6674653,0,-0.376544,-0.232991,-0.170882
ISIC_6674797,1,0.347073,0.680761,0.790872
ISIC_6676647,0,0.411583,0.298912,0.348898
ISIC_6676776,0,-0.915656,-1.07185,-0.488459
ISIC_6678508,0,-0.314583,-0.021603,-0.8109
ISIC_6681802,0,0.34132,-0.598644,-0.265188
ISIC_6683370,0,-0.596544,-1.222909,-0.35984
ISIC_6684042,0,0.165868,0.962041,-0.115862
ISIC_6685513,0,-0.34736,-0.356137,0.072293
ISIC_6685532,0,-0.331128,-0.288391,0.042664
ISIC_6687927,0,-0.769992,-0.368397,-0.407209
ISIC_6688311,0,-0.736297,0.274161,0.486079
ISIC_6688417,1,-0.620462,0.449491,-1.033223
ISIC_6691962,0,-0.594,-0.840818,0.235129
ISIC_6692344,1,-0.649404,-1.281212,0.527519
ISIC_6694724,0,0.451259,0.293823,0.421055
ISIC_6697013,0,-0.427167,-0.553757,0.035215
ISIC_6697332,0,0.439981,0.189978,-0.871521
ISIC_6699854,0,-0.800038,-0.688228,-0.518389
ISIC_6701139,0,-0.824771,-0.167068,-1.780782
ISIC_6703027,0,-0.764915,-0.869198,-0.45358
ISIC_6704623,0,0.379511,-1.281794,-1.301603
ISIC_6705966,0,0.714988,-0.647043,-0.968489
ISIC_6707990,0,-1.108025,-0.562362,-0.45497
ISIC_6709052,0,-0.267006,0.907702,-0.856006
ISIC_6710082,0,-0.418812,-0.573122,-0.57809
ISIC_6710411,0,1.266237,-0.94571,-0.260386
ISIC_6712342,0,-1.25254,-0.412034,0.730381
ISIC_6714082,1,0.036859,0.673616,0.604859
ISIC_6714923,1,0.4325,0.34456,0.134373
ISIC_6715897,0,-1.140749,-0.474707,-0.431714
ISIC_6717322,0,-0.272923,-1.006497,-0.825067
ISIC_6717452,0,-0.540477,-0.543763,-0.427738
ISIC_6717727,0,0.053265,0.48547,-0.86901
ISIC_6718969,0,-0.877378,0.047599,0.846431
ISIC_6721869,0,-0.339945,-0.117374,0.996857
ISIC_6722934,0,-0.034369,0.065912,0.112898
ISIC_6723937,0,-0.263688,0.243805,0.440343
ISIC_6731470,0,0.202278,-0.252827,0.210745
ISIC_6732560,0,-0.218245,-1.309584,0.028197
ISIC_6733338,0,-0.290484,-0.303536,0.714003
ISIC_6734679,0,-1.330727,0.101394,-0.470792
ISIC_6735970,0,-0.670718,0.06211,-0.037882
ISIC_6737771,0,-0.53301,-1.480079,-1.089632
ISIC_6739241,0,-0.904672,-0.26907,-0.954155
ISIC_6741865,0,1.069386,-0.426817,-0.439589
ISIC_6745554,0,0.401074,0.238381,0.555328
ISIC_6752060,0,-0.737335,-0.382533,-0.10692
ISIC_6754835,0,0.509767,-0.493819,-0.348142
ISIC_6755132,0,1.125103,-0.412646,-0.404524
ISIC_6756517,0,-0.524741,-0.1029,0.00438
ISIC_6758042,0,-0.183667,-0.468236,-0.031698
ISIC_6759173,0,0.081965,0.627059,0.347948
ISIC_6761269,0,0.230687,-0.221344,-0.446972
ISIC_6763221,0,-1.538353,0.362962,-0.209225
ISIC_6766153,0,-0.2122,-0.211678,-0.003601
ISIC_6767038,0,-1.216636,-0.776495,-0.777863
ISIC_6767569,1,0.165134,1.355151,1.132168
ISIC_6768006,0,-0.195693,-0.914115,-0.481215
ISIC_6771810,0,-1.106593,-0.120629,-0.349771
ISIC_6773367,0,-0.082766,-1.163798,-0.563063
ISIC_6774326,0,0.246093,-0.322927,-0.439647
ISIC_6777714,0,0.491758,-1.191802,0.413491
ISIC_6778515,0,-0.853308,-0.928025,-0.958254
ISIC_6779421,0,0.259219,-0.850212,-0.511566
ISIC_6780471,0,-1.011838,-1.550119,-0.521459
ISIC_6780662,0,-0.047759,-0.310544,0.868638
ISIC_6780901,0,-1.471656,-0.754652,0.493375
ISIC_6784593,1,-0.41202,-0.253366,0.43138
ISIC_6785041,0,-0.515618,-1.335654,-0.270439
ISIC_6785249,0,-0.14868,-1.104083,-1.034097
ISIC_6785680,1,-0.181005,0.453031,0.51109
ISIC_6790780,0,0.511325,-0.104914,1.066239
ISIC_6792899,1,-0.173134,0.760201,-0.297679
ISIC_6793603,0,-0.458605,-0.662637,-1.100084
ISIC_6793830,0,-0.57583,-0.421211,-0.540067
ISIC_6793983,0,0.207576,-0.161344,-0.037215
ISIC_6800044,0,-1.269749,-0.212008,-0.39435
ISIC_6801680,0,-0.80624,-0.770034,-0.074546
ISIC_6801988,0,-0.483747,-0.854959,-0.725738
ISIC_6803432,0,0.838472,-0.110025,0.128485
ISIC_6805527,0,0.022708,-1.062603,0.313467
ISIC_6806124,0,-0.746295,-0.121358,-0.797339
ISIC_6806545,0,-0.438656,-0.130608,-0.122144
ISIC_6808543,0,-0.457024,-0.141169,0.110355
ISIC_6809191,0,0.213842,0.161087,-0.665407
ISIC_6809586,1,1.154586,-0.77711,-0.033292
ISIC_6811363,0,-0.435706,-0.170008,-0.55097
ISIC_6813359,0,-0.588992,1.042784,-0.062531
ISIC_6814221,0,-0.636706,-0.241289,-0.292739
ISIC_6815524,0,-0.027824,0.065565,-0.711591
ISIC_6821316,1,0.337992,0.569941,1.04982
ISIC_6822870,0,-0.411614,0.087378,-0.51421
ISIC_6824842,0,-1.597066,-0.415729,-0.191519
ISIC_6828587,0,-0.401124,-0.427374,-0.424204
ISIC_6828892,0,-0.690709,-1.093816,-0.48698
ISIC_6829008,1,-0.059729,-0.886199,0.088155
ISIC_6831108,0,0.665229,-0.170605,-0.713627
ISIC_6831482,0,-0.197228,-0.417906,-0.306859
ISIC_6839272,0,0.615639,0.316199,-0.035266
ISIC_6844752,0,-0.397011,-0.962336,-5.7e-05
ISIC_6854940,0,1.153373,-0.382239,-1.141219
ISIC_6855540,0,1.175126,0.416742,-0.094348
ISIC_6856140,0,0.178945,-0.189884,0.505239
ISIC_6860222,0,0.67481,-1.106414,-0.246651
ISIC_6868089,0,-0.766377,-0.477188,-0.834966
ISIC_6870208,0,-0.759618,0.229513,-0.4624
ISIC_6875745,1,1.033759,0.67619,0.450331
ISIC_6876281,0,-0.156039,-1.340201,-1.153793
ISIC_6877295,0,-0.756765,-1.001164,-0.145822
ISIC_6878417,0,-0.844087,0.681931,0.381664
ISIC_6882080,0,-0.293164,-0.55248,0.234249
ISIC_6882582,0,0.732249,-0.211181,0.968559
ISIC_6882733,0,-0.518046,-0.119209,-0.370098
ISIC_6888402,0,-0.070242,-0.897464,0.053834
ISIC_6891226,0,-0.159631,0.197599,-0.41284
ISIC_6892286,1,0.703963,-0.332409,-0.408487
ISIC_6892561,0,-0.363512,-0.822151,-0.281145
ISIC_6895016,0,-0.103392,-0.70058,-0.516234
ISIC_6899527,1,1.207099,0.880875,0.454671
ISIC_6901969,0,-0.003294,-0.64708,0.22433
ISIC_6905623,0,-0.164893,0.91803,0.167783
ISIC_6906476,0,0.14706,-0.942779,0.458655
ISIC_6907218,0,0.77561,-0.465664,-0.164217
ISIC_6908183,0,-0.436203,-0.139964,0.111001
ISIC_6909624,0,0.666233,-0.336782,0.387265
ISIC_6912233,0,-0.260628,-0.7229,0.141279
ISIC_6912979,0,-0.331111,-0.867231,0.030668
ISIC_6913045,0,-1.106097,-0.932921,-0.326605
ISIC_6913272,0,-0.334414,-0.628425,-0.567942
ISIC_6914698,0,0.087536,-0.828211,-1.013035
ISIC_6915759,0,1.339402,-0.171846,0.262197
ISIC_6916213,0,-0.483151,-0.36573,-0.802931
ISIC_6916924,0,-0.21772,-1.04231,-1.678115
ISIC_6917681,0,0.711014,-1.049833,0.85024
ISIC_6918995,0,0.571162,0.090413,-0.521616
ISIC_6919856,0,-0.191817,-0.087101,-0.270983
ISIC_6920867,0,-0.754946,0.489684,-0.294208
ISIC_6926118,0,-1.4572,-0.202252,-0.686625
ISIC_6927363,0,0.114614,-0.520658,-1.01903
ISIC_6931712,0,-0.126134,0.679977,-0.777026
ISIC_6937199,0,-0.957657,-0.55691,-0.95439
ISIC_6937905,0,0.066757,-0.15999,0.621888
ISIC_6938608,0,0.396311,0.396221,0.40308
ISIC_6942437,0,-0.409098,-0.067365,-0.173493
ISIC_6945634,1,-0.871612,-0.01072,-0.076363
ISIC_6945921,0,-0.623539,-0.155659,-0.10263
ISIC_6946260,0,-0.318222,-0.881203,-1.013549
ISIC_6948604,0,0.576202,0.334603,0.869151
ISIC_6951506,0,-1.328211,-0.223605,0.429808
ISIC_6952773,0,-0.300911,-1.047228,-1.197417
ISIC_6954782,0,-0.191962,-0.372285,-0.100411
ISIC_6959281,1,-0.035155,-0.334161,-0.103154
ISIC_6960446,0,0.137231,-0.342691,-0.576259
ISIC_6961503,1,1.355707,0.134547,-0.33161
ISIC_6963954,0,-0.640552,-0.865065,-0.755378
ISIC_6964131,0,-0.208032,0.107749,-1.367193
ISIC_6966001,1,-0.628255,-0.349771,0.803283
ISIC_6966230,0,-0.053844,-0.244349,0.382514
ISIC_6967143,0,-1.12244,-0.591298,-0.832584
ISIC_6968422,0,-0.546207,-0.052182,0.126191
ISIC_6970607,0,-0.406031,-0.140264,-0.794163
ISIC_6971606,1,0.505604,0.585868,-0.241678
ISIC_6973257,0,-0.326053,0.815998,-0.502653
ISIC_6974830,0,1.354139,-0.278344,0.408649
ISIC_6976570,0,0.295482,-0.661828,-1.151677
ISIC_6978997,0,0.449874,0.556139,0.109516
ISIC_6981061,0,-0.46761,-0.709565,-0.327834
ISIC_6982386,1,1.039342,0.293866,0.565204
ISIC_6983970,0,-0.57835,0.004446,0.558414
ISIC_6985114,0,-0.043006,-0.08057,-0.876343
ISIC_6985859,0,-0.060231,0.158789,-0.897881
ISIC_6988514,0,0.196345,0.009207,-0.336764
ISIC_6990973,0,0.419289,-0.738947,0.563731
ISIC_6991849,0,1.144364,0.432445,-0.285469
ISIC_6993129,0,0.217419,-0.756265,-0.818906
ISIC_6995731,0,-0.89829,-0.073541,0.509435
ISIC_6996553,0,-0.406595,-0.323371,-0.797461
ISIC_6997433,0,0.349729,-0.0524,0.245122
ISIC_7004652,0,-0.366039,0.064199,-0.153488
ISIC_7008335,0,0.704547,0.22828,-0.180302
ISIC_7008969,0,-0.855152,-0.040806,0.252219
ISIC_7010552,0,0.736112,0.578247,0.356308
ISIC_7011122,0,0.155921,0.010917,-0.167372
ISIC_7012881,0,-0.304433,-0.404744,-0.384981
ISIC_7013005,0,-0.290002,-0.45766,-0.637256
ISIC_7016261,0,1.211695,1.144617,-0.219903
ISIC_7017387,0,-0.563182,-1.082923,-0.762566
ISIC_7017547,0,-0.750881,0.058121,0.542074
ISIC_7022381,0,0.833056,0.437141,-0.308185
ISIC_7024807,0,-1.4017,0.152743,0.194857
ISIC_7025208,0,-0.171295,-0.275174,-0.531855
ISIC_7025487,0,-0.178726,-0.184808,-0.107045
ISIC_7030404,0,-0.986539,0.802802,-0.329846
ISIC_7030488,0,-0.545918,-1.622684,-0.736611
ISIC_7032028,0,0.09711,1.104097,0.497935
ISIC_7034769,0,-1.119348,0.161565,-0.077505
ISIC_7035246,1,0.193836,-0.19041,0.388842
ISIC_7035368,0,-0.780268,0.086911,-0.484192
ISIC_7039203,0,0.794321,0.064122,-0.458846
ISIC_7043369,1,-1.147379,0.51584,-0.271103
ISIC_7044184,0,0.15568,0.489274,-0.031416
ISIC_7045042,0,1.353738,0.076848,0.053685
ISIC_7047780,0,-0.623066,0.026105,1.134766
ISIC_7050122,0,0.443955,-0.383646,0.133788
ISIC_7051167,0,-0.710615,-0.42728,-0.126866
ISIC_7052658,0,-0.855367,0.086342,-0.612656
ISIC_7053271,0,0.429834,-1.261746,-0.399377
ISIC_7057495,0,0.72726,0.231061,-0.414254
ISIC_7059794,0,0.660069,-0.622713,-0.698235
ISIC_7062293,0,-0.088329,-0.469331,-0.110836
ISIC_7066723,0,-0.131285,0.407649,-0.466994
ISIC_7068674,0,0.252702,-0.34865,0.082176
ISIC_7070020,1,-0.337636,0.466039,1.054934
ISIC_7071944,0,-0.913424,-0.247761,-0.210916
ISIC_7074321,1,0.437809,0.768837,0.776137
ISIC_7075474,1,-0.212842,-0.524183,-1.427824
ISIC_7077047,0,-0.064318,0.206958,0.570807
ISIC_7079349,1,0.104598,0.089762,1.274539
ISIC_7080584,0,-0.586061,-0.289744,-0.538324
ISIC_7084553,1,-0.62433,-0.606782,0.261287
ISIC_7090336,0,-0.254333,-0.731867,-0.182444
ISIC_7095615,0,-0.723826,-0.454589,-0.660866
ISIC_7096389,0,1.259501,0.087133,0.981232
ISIC_7096885,1,1.042646,0.303009,0.003134
ISIC_7097665,0,-0.756577,-0.790122,-0.359773
ISIC_7097931,1,0.225257,-1.110344,0.158093
ISIC_7098141,1,0.645464,0.787754,-0.109419
ISIC_7100755,1,-0.124885,-0.523707,0.429222
ISIC_7100813,0,-0.117597,0.494426,-0.279911
ISIC_7101810,0,0.418345,-0.301911,-0.323629
ISIC_7102028,0,-0.813398,-1.31561,-0.422838
ISIC_7104307,0,1.759541,0.83359,0.423226
ISIC_7107030,0,-0.947814,-0.226521,-0.105383
ISIC_7108282,0,0.97706,0.372993,-0.417705
ISIC_7109582,0,-1.065988,-0.465702,-0.410196
ISIC_7110531,1,1.198951,0.609013,-0.081691
ISIC_7110699,0,-0.866776,0.003929,-0.716441
ISIC_7114660,0,-0.017169,0.145337,-0.521926
ISIC_7124160,0,-0.034944,0.327309,0.384254
ISIC_7125023,0,-0.431041,-0.789575,-0.369869
ISIC_7127760,0,-0.233162,-0.368935,-0.352824
ISIC_7128007,0,-0.364435,-0.513595,0.120309
ISIC_7128811,0,-0.627247,-0.271163,-1.219141
ISIC_7129085,0,0.368825,0.081793,-0.488444
ISIC_7129901,0,-0.289151,-1.381222,-0.997547
ISIC_7130929,1,0.490894,-0.239149,0.298522
ISIC_7131359,0,-0.01385,0.134795,0.078881
ISIC_7131689,0,0.453917,-0.529642,0.122994
ISIC_7131973,0,-0.173432,-0.003613,-0.364696
ISIC_7132685,0,-0.563642,-0.614165,0.183522
ISIC_7134821,0,-0.809751,0.210283,-0.502726
ISIC_7136995,0,-0.89857,-0.054087,-0.100243
ISIC_7137773,0,-0.364003,-0.276228,0.689776
ISIC_7137995,0,-0.884382,-1.087405,-0.682941
ISIC_7138875,0,-0.002655,-1.265557,0.497103
ISIC_7139908,0,-0.740012,-0.357015,-1.207563
ISIC_7140778,0,0.332455,0.421061,-0.48335
ISIC_7141153,0,-0.314346,0.327598,-0.806168
ISIC_7141361,0,0.463105,-0.867183,-0.747485
ISIC_7144739,0,-1.414946,-0.478326,0.49355
ISIC_7145788,0,-0.205746,-0.50079,-0.832376
ISIC_7147713,0,-0.811528,-0.558912,-0.112534
ISIC_7147898,0,0.842802,0.737038,0.227134
ISIC_7152347,0,0.196584,-0.178399,-1.065224
ISIC_7161002,0,-0.443978,-0.345542,0.726425
ISIC_7161069,0,-1.247628,-0.281089,-0.273479
ISIC_7161651,0,0.095233,0.18243,-0.916772
ISIC_7162343,0,-0.010891,0.216699,0.208909
ISIC_7162711,0,-0.004502,-0.38598,0.529445
ISIC_7164403,0,-0.236322,0.479183,-0.226601
ISIC_7167479,0,0.053056,0.412733,-0.043538
ISIC_7167811,0,-0.142841,0.561571,0.664091
ISIC_7168122,0,-0.019188,-0.807457,-0.77881
ISIC_7169653,0,-1.2019,0.008419,-0.314725
ISIC_7171090,0,-0.447736,0.211536,0.754618
ISIC_7172145,0,0.488436,1.059093,0.458264
ISIC_7175697,0,-0.41765,-0.07556,-0.231785
ISIC_7176034,0,0.227306,-0.239934,0.159036
ISIC_7180096,0,-0.453746,0.560466,0.813999
ISIC_7180418,0,0.410195,-1.026951,0.186857
ISIC_7180438,0,-0.723872,-1.060878,-0.598986
ISIC_7181296,1,0.859735,0.501193,0.229026
ISIC_7183212,1,-0.296129,-0.643941,-0.547749
ISIC_7184722,0,-0.898784,-0.374028,-0.748963
ISIC_7185036,0,-0.835247,-0.535984,-0.227551
ISIC_7185913,0,-0.008599,-0.062684,-0.302164
ISIC_7186677,0,-0.459113,0.277282,0.612315
ISIC_7189490,0,0.183882,-0.284883,-0.589112
ISIC_7190243,1,-0.575162,-0.119605,0.317878
ISIC_7196249,0,0.811213,0.767759,-0.503908
ISIC_7198887,0,0.11767,-0.807057,-0.684109
ISIC_7203184,0,-0.542019,-1.174768,0.0013
ISIC_7205745,1,-0.450556,-0.00789,-0.323317
ISIC_7206167,0,-0.887492,-0.616173,-0.130816
ISIC_7208412,0,-0.128748,-0.442941,-0.989003
ISIC_7210119,0,-0.880807,-0.92741,0.335552
ISIC_7210296,0,-0.178645,0.127954,-0.402365
ISIC_7212271,0,-0.048979,-0.069801,0.007582
ISIC_7215208,0,-0.129602,-0.495093,-1.110617
ISIC_7215375,0,-0.337417,-0.558606,-0.266966
ISIC_7216266,0,-0.754038,0.662492,0.05114
ISIC_7218890,1,0.260833,0.489799,-0.414859
ISIC_7223327,0,0.833358,-0.116588,0.224606
ISIC_7225978,0,-0.63768,-0.57899,-0.858707
ISIC_7226381,0,0.152048,0.125674,-0.013349
ISIC_7227223,0,-0.320272,-0.125603,-0.346876
ISIC_7231192,0,-0.982855,-0.678999,-0.334969
ISIC_7233368,1,0.211409,-0.293352,0.845121
ISIC_7235128,1,0.382365,0.091292,0.119148
ISIC_7235371,0,0.329232,0.702129,-0.12922
ISIC_7236365,1,0.453825,0.880056,0.88629
ISIC_7236842,0,0.683217,0.665213,-1.280632
ISIC_7240424,0,-0.600596,-0.003015,-0.080101
ISIC_7242312,0,1.239635,1.214712,0.464726
ISIC_7242542,0,-0.275104,-0.165082,-0.276774
ISIC_7244604,0,0.468472,-0.031689,-0.645453
ISIC_7246852,0,-0.336956,0.070317,-0.571506
ISIC_7249063,0,0.586969,-0.29977,-0.313484
ISIC_7251402,0,-0.379518,-0.392074,-0.038035
ISIC_7253401,1,-0.181726,-0.439891,-0.526429
ISIC_7254359,1,1.420442,-1.30782,0.365919
ISIC_7254389,0,-0.96259,0.667462,-0.613347
ISIC_7260013,0,-0.864356,0.298536,-0.436726
ISIC_7260492,0,0.111596,-0.417189,-0.545287
ISIC_7260977,0,0.353662,0.127693,-0.491395
ISIC_7262685,0,0.238962,0.480974,-0.227453
ISIC_7264251,0,0.295934,-1.462661,-1.545697
ISIC_7266462,0,0.002059,0.034057,-0.589617
ISIC_7266604,0,0.524019,0.708956,-0.75104
ISIC_7268123,0,0.45287,0.030849,-0.59778
ISIC_7268804,0,-1.039463,-0.489651,-0.078751
ISIC_7271718,0,1.071076,0.68815,0.149528
ISIC_7271745,0,0.121725,-0.552181,-0.965163
ISIC_7276156,1,0.767984,0.143508,0.768554
ISIC_7277310,0,-1.195935,-1.05824,-0.515867
ISIC_7278885,0,-0.636888,-0.476337,-0.380177
ISIC_7282415,0,-0.811876,0.193833,-0.426666
ISIC_7283084,0,-0.618842,-0.718993,0.35001
ISIC_7284399,0,-0.409073,0.602514,0.272864
ISIC_7287303,1,0.154156,-0.39621,0.056152
ISIC_7287540,0,-0.376602,-0.144215,-0.383629
ISIC_7288818,0,1.080174,0.211651,-1.173031
ISIC_7292983,0,0.357746,0.013143,0.570902
ISIC_7293518,1,0.659696,-0.470027,0.311975
ISIC_7293697,0,-0.078852,-0.118906,-0.079011
ISIC_7295035,1,-0.819,0.376821,-0.289613
ISIC_7296201,0,0.442264,-0.677655,0.263703
ISIC_7296463,0,-1.165983,-0.317219,-0.217476
ISIC_7297078,0,-0.808749,-0.157478,0.244197
ISIC_7298784,0,-0.600239,-1.116948,-0.412103
ISIC_7299025,0,0.378508,0.886924,0.031997
ISIC_7299650,0,-0.283095,-0.292751,-0.46861
ISIC_7300631,0,0.054574,-0.793626,-0.797608
ISIC_7301963,0,-0.909983,-0.016574,0.411589
ISIC_7302456,0,0.202901,0.182351,0.643136
ISIC_7303761,0,0.130881,-0.975978,-0.61336
ISIC_7306131,0,-0.759519,-0.73903,-0.150247
ISIC_7306535,0,-0.554163,-0.016474,0.139232
ISIC_7312551,0,0.178809,0.163536,0.479994
ISIC_7312977,1,-0.052421,-0.629297,-0.299093
ISIC_7313348,0,-0.070668,-0.752654,-0.354214
ISIC_7319169,0,-0.893836,-0.265445,0.270935
ISIC_7319686,0,0.282054,-0.130456,-1.208643
ISIC_7320371,1,0.718322,0.40141,0.91732
ISIC_7323761,0,0.365598,-0.130945,-0.225149
ISIC_7327423,1,0.504237,0.635495,-0.930072
ISIC_7329395,0,0.554805,-0.104956,0.070014
ISIC_7330564,0,-0.432825,-1.117291,-0.003494
ISIC_7331345,0,1.1339,-0.02921,0.925147
ISIC_7333928,0,-0.867313,-1.030136,-0.438133
ISIC_7334117,0,-0.006142,0.74411,0.72085
ISIC_7335659,0,-0.012645,-0.563455,-0.232575
ISIC_7336383,0,-0.378185,-0.153772,0.131911
ISIC_7339533,0,-0.212478,-0.833721,0.015911
ISIC_7340112,0,-0.869939,-1.434811,-0.609087
ISIC_7340247,0,-0.576035,-0.778014,-1.061707
ISIC_7340926,0,0.060642,-0.158889,-0.020776
ISIC_7341401,0,0.181845,0.932281,-0.118615
ISIC_7342636,0,-0.648085,0.284743,0.197056
ISIC_7342840,0,-0.327782,-0.766834,-0.038677
ISIC_7349440,1,-1.395574,-0.848103,0.271589
ISIC_7349772,1,0.252132,0.919883,-0.408525
ISIC_7351007,0,0.499709,-0.419783,-0.681814
ISIC_7351443,0,0.321441,0.101802,-0.312467
ISIC_7351939,0,0.610214,0.149617,-0.54739
ISIC_7353400,0,-0.998947,-0.194039,-0.159368
ISIC_7354733,0,0.906509,0.596078,0.114385
ISIC_7357474,0,-0.215106,0.508261,-0.008134
ISIC_7358691,0,-0.708285,1.161734,-1.215524
ISIC_7364041,0,0.007493,0.002067,0.494072
ISIC_7365615,0,0.172148,0.17545,0.488995
ISIC_7365889,0,-0.465575,-1.792532,0.064404
ISIC_7368239,0,-0.964318,0.278254,-0.395369
ISIC_7369312,0,0.345346,-0.911689,-0.614724
ISIC_7369690,0,0.412017,1.221678,-0.808666
ISIC_7373074,0,-0.064095,0.788577,1.008793
ISIC_7376906,0,-0.782275,-0.49508,-0.090146
ISIC_7378303,0,0.22143,0.26404,-1.059771
ISIC_7380353,0,0.162134,-0.01238,0.170496
ISIC_7381224,0,0.132588,-0.029062,0.016648
ISIC_7384382,0,0.264326,-0.386475,-0.289859
ISIC_7387061,0,-0.882274,-0.075804,-0.42628
ISIC_7394897,0,-0.717435,-0.394029,-0.965111
ISIC_7397447,0,-0.445467,-0.109754,0.274395
ISIC_7400458,0,0.701792,0.021639,0.558989
ISIC_7404937,0,-0.567042,-0.209315,-0.324654
ISIC_7407847,0,-0.822917,-0.891519,-1.082805
ISIC_7409889,0,-0.014736,-0.039715,-0.189821
ISIC_7412327,1,0.139257,0.423696,0.166094
ISIC_7412559,0,-0.615928,-0.189662,0.651967
ISIC_7413149,0,-0.26697,-0.114967,-0.88049
ISIC_7413786,0,0.451681,-0.016007,-0.026184
ISIC_7415335,0,-1.177395,-0.485747,0.734833
ISIC_7416587,0,0.225598,-0.957832,-0.199095
ISIC_7418723,0,-0.299609,-0.047512,0.135425
ISIC_7421214,0,0.268602,0.47361,0.823837
ISIC_7423852,0,0.540081,-0.108169,0.735858
ISIC_7424320,0,-0.032466,-0.358107,-0.097175
ISIC_7428248,0,-0.783001,-0.679181,-0.430788
ISIC_7429127,0,-1.163274,-0.254197,-0.760793
ISIC_7430054,0,0.838903,0.501131,0.068797
ISIC_7433993,0,0.149204,-0.186125,-1.569632
ISIC_7438013,0,0.339295,-0.006513,0.110423
ISIC_7440724,0,-1.137485,0.262375,-0.106284
ISIC_7441957,0,-0.391011,-0.095003,-0.091821
ISIC_7443391,0,-0.621833,-0.422547,-0.14394
ISIC_7448231,0,0.04695,0.216204,-0.125331
ISIC_7450481,0,0.794853,-0.855018,-0.880351
ISIC_7452410,0,0.934062,-0.238151,-0.229744
ISIC_7452503,0,0.418522,-0.656139,-0.151575
ISIC_7453676,1,-0.023361,1.03853,-0.338855
ISIC_7454487,0,-0.281126,-0.206661,-0.78848
ISIC_7454512,0,0.301278,-0.80754,-1.183486
ISIC_7454679,0,0.607695,-0.156676,0.028409
ISIC_7454699,0,-0.814937,-0.026901,-0.216343
ISIC_7455460,0,0.1913,0.292426,-0.631199
ISIC_7460111,0,0.483192,-0.032951,-0.610247
ISIC_7460560,0,0.005609,-0.384635,-1.313239
ISIC_7462746,0,0.046785,0.1604,0.410371
ISIC_7462953,1,0.911947,1.532667,1.352517
ISIC_7466175,0,0.326188,-0.554257,-0.270454
ISIC_7466678,1,0.777696,0.741771,0.063755
ISIC_7468304,0,-0.012489,-0.146612,1.051348
ISIC_7475827,0,-0.376002,-1.484693,-0.104883
ISIC_7477006,0,-0.341376,0.570743,0.872053
ISIC_7482149,0,0.542348,-0.487631,0.64478
ISIC_7484618,0,-0.291359,-0.737745,0.220438
ISIC_7484771,0,-0.510579,0.816009,1.238086
ISIC_7487840,0,-0.203,0.3186,-0.671172
ISIC_7489564,1,1.214011,0.536188,0.416856
ISIC_7489895,0,-0.581803,-1.014643,-0.744425
ISIC_7491389,0,-1.351207,0.330017,-0.521106
ISIC_7492046,0,-0.665639,-0.599725,-0.000986
ISIC_7492530,0,-0.531467,-0.559982,-0.326868
ISIC_7492682,0,-0.339562,-0.890921,-1.010193
ISIC_7494625,0,0.19503,-0.179392,-0.515218
ISIC_7498132,0,-0.319304,-1.063342,-0.519355
ISIC_7499769,0,-0.901208,-0.894205,-0.183543
ISIC_7501061,0,0.853019,0.750866,0.027114
ISIC_7503950,1,-1.224869,-0.439234,0.847137
ISIC_7505254,0,-1.479087,-0.706161,-0.750088
ISIC_7505369,0,0.358741,0.06042,-0.635711
ISIC_7507286,0,0.240917,0.22124,0.597371
ISIC_7508320,0,-0.525914,0.731497,-0.894087
ISIC_7509837,0,-0.284985,-0.923936,-0.825657
ISIC_7511557,0,-1.167351,-0.889145,-0.394785
ISIC_7513677,0,0.3192,0.254145,0.436058
ISIC_7515794,0,-1.359795,0.141721,0.256928
ISIC_7517082,0,-0.75596,-0.693684,-0.623527
ISIC_7518524,0,-0.677907,-0.356331,-0.228517
ISIC_7518798,0,0.205331,-0.185794,-0.553232
ISIC_7519274,0,-0.256144,-0.924777,-0.479039
ISIC_7519557,0,-0.144372,-0.262269,1.055854
ISIC_7519627,0,-0.879695,-0.978973,-1.310281
ISIC_7520843,1,0.514846,0.072207,-0.055437
ISIC_7521698,0,-0.527488,-0.114071,-0.565738
ISIC_7526530,0,-0.613976,-0.754343,-0.254271
ISIC_7526548,0,0.028367,-0.356326,-0.241159
ISIC_7528996,0,0.61,0.722417,-0.235342
ISIC_7530414,0,0.281557,-0.165647,0.064986
ISIC_7532154,0,0.38318,-0.119698,0.171122
ISIC_7533216,0,-0.145308,0.079409,-0.144655
ISIC_7533983,0,0.340226,-0.421078,-0.961323
ISIC_7534592,0,-0.964284,-0.543352,-0.886879
ISIC_7535412,0,0.004763,-1.011275,-0.626506
ISIC_7536704,1,0.483067,0.277368,-0.087595
ISIC_7539727,0,-0.66513,0.753186,0.503721
ISIC_7543736,0,-0.28865,-0.907923,-0.532368
ISIC_7544537,0,-0.252493,-0.521631,-1.278032
ISIC_7545340,0,0.442189,0.008486,-0.772087
ISIC_7545432,1,0.427805,-0.178256,0.503721
ISIC_7550510,0,0.421458,-0.561841,0.249001
ISIC_7555812,0,-0.188503,-0.71053,-0.603364
ISIC_7558912,0,0.393751,-0.069969,-0.48245
ISIC_7562175,0,-0.229114,0.264522,-0.672987
ISIC_7562708,0,-0.580229,-1.449444,-0.322152
ISIC_7563744,0,0.481517,-1.204658,-1.509765
ISIC_7563949,0,0.192892,0.160402,-1.176318
ISIC_7564545,0,0.410593,1.368753,-0.513724
ISIC_7565128,0,-0.526583,-0.631397,-1.11593
ISIC_7566505,0,-0.764266,-0.021858,-0.518416
ISIC_7567699,0,0.432604,0.672112,0.073328
ISIC_7570343,0,-0.120238,0.331373,0.179726
ISIC_7572137,0,0.247102,-0.011181,0.255641
ISIC_7575246,0,0.011207,0.662606,-0.070505
ISIC_7575815,0,1.092629,-0.034629,-0.394276
ISIC_7575957,0,0.233384,-0.496552,0.219901
ISIC_7579316,0,0.983646,0.12752,1.373894
ISIC_7580408,0,0.07269,0.462676,-0.285173
ISIC_7581199,0,-0.299406,-0.392816,-0.559739
ISIC_7582818,0,0.666399,0.124934,-0.454163
ISIC_7583134,0,-1.076608,-0.116586,-1.03166
ISIC_7586566,0,0.183726,0.239241,0.422056
ISIC_7587513,0,0.038147,-0.882313,-0.165544
ISIC_7587869,0,0.104401,0.893741,0.28697
ISIC_7590292,0,0.541912,0.128977,-0.369984
ISIC_7592920,0,0.469672,0.10468,0.252938
ISIC_7594601,0,0.067929,-0.823692,-0.476005
ISIC_7596681,0,-0.128961,-0.563274,0.349414
ISIC_7599444,0,-0.683295,0.147473,-0.215179
ISIC_7600621,0,-0.073651,-0.724321,-0.045406
ISIC_7601403,0,0.398742,0.044021,-0.414454
ISIC_7604596,0,0.261846,0.293448,-0.334059
ISIC_7604870,0,1.150504,0.595635,-1.013034
ISIC_7605678,0,-0.314551,-0.473278,-0.758454
ISIC_7612992,1,-0.310186,0.371874,1.03564
ISIC_7614221,1,-0.409765,-0.345742,-0.588795
ISIC_7618133,0,-0.314681,0.305293,0.042698
ISIC_7619234,0,1.029545,0.100662,-0.802129
ISIC_7620514,0,1.155694,0.339434,0.193857
ISIC_7621389,0,-0.289002,0.163549,0.48775
ISIC_7621412,0,-0.386713,0.156463,-0.464172
ISIC_7623407,0,-1.144547,-0.467314,0.175159
ISIC_7626256,1,0.493383,-0.474694,-0.70021
ISIC_7629589,0,-0.081838,0.097422,-0.268002
ISIC_7630208,0,0.452203,0.310352,0.844144
ISIC_7630831,0,-0.699691,-0.319628,-0.846225
ISIC_7632525,0,-0.066229,-1.031812,-0.06042
ISIC_7633960,0,0.892619,0.701713,-0.37553
ISIC_7636321,0,0.607558,-0.68845,0.161134
ISIC_7637091,0,0.347763,0.02174,-0.696029
ISIC_7637597,0,-0.556452,-0.025162,0.18999
ISIC_7641956,0,0.286839,0.181685,-0.728131
ISIC_7642142,0,-0.303967,0.997079,-0.51326
ISIC_7642500,0,-0.610177,-0.868227,-0.450017
ISIC_7642591,0,-0.622273,0.204889,-0.529237
ISIC_7648726,0,-0.863201,-0.67843,-0.437799
ISIC_7650369,0,-0.429584,-0.691191,0.047409
ISIC_7651838,0,0.38794,-0.243256,-0.713808
ISIC_7651944,0,-0.486931,-0.394967,-0.472116
ISIC_7658133,0,0.317128,-0.462307,-0.208018
ISIC_7658276,0,-0.299426,-0.836706,-0.453458
ISIC_7658729,1,-1.259919,-1.420334,-0.965094
ISIC_7662910,1,0.97276,0.741609,0.529617
ISIC_7662993,0,-1.201627,0.374976,0.920695
ISIC_7663476,0,-0.33113,-0.573229,-0.532435
ISIC_7664137,0,-0.182237,0.947365,-0.165139
ISIC_7666224,0,0.320281,0.74386,-0.327179
ISIC_7667157,0,0.184236,-0.015808,-0.616923
ISIC_7670149,0,1.325288,-0.500352,0.915637
ISIC_7670304,0,0.537663,-0.080156,-0.855931
ISIC_7670817,0,-0.182247,-1.197849,-0.649973
ISIC_7672106,0,-0.358576,0.413581,0.011821
ISIC_7677876,0,0.49286,-0.043027,-0.239357
ISIC_7680333,0,0.258572,-0.199395,-0.685734
ISIC_7681490,0,-0.132701,0.397567,0.10316
ISIC_7682938,0,-0.353001,-0.157944,-0.352215
ISIC_7685761,0,0.27263,0.131537,0.325234
ISIC_7685920,0,0.9768,-0.401444,-0.24519
ISIC_7693611,1,0.399931,0.188232,-0.135872
ISIC_7693995,0,-0.299697,-0.779865,-0.172491
ISIC_7694028,0,0.369404,1.176935,-0.053488
ISIC_7694069,0,-0.048136,0.291673,-0.554638
ISIC_7696538,0,-0.398685,0.567035,-0.954675
ISIC_7697022,0,-0.140863,-0.540954,-0.90032
ISIC_7699223,0,-0.779569,-0.388255,-0.432249
ISIC_7702483,0,-0.311042,0.500433,-0.129509
ISIC_7702857,0,0.268052,0.334327,-0.556768
ISIC_7711947,0,-1.066213,-0.157226,0.211612
ISIC_7714981,0,0.184799,0.205889,0.189362
ISIC_7717907,0,0.926082,0.804834,-1.552889
ISIC_7724635,0,-0.294147,0.431291,-0.169391
ISIC_7724764,0,-0.672302,-0.687159,-0.347215
ISIC_7727830,0,-0.480528,0.084105,-0.797946
ISIC_7728263,0,0.762272,-0.419103,0.144247
ISIC_7732765,0,0.65752,0.468235,0.055776
ISIC_7738955,0,0.128654,0.690072,0.55651
ISIC_7740023,0,0.312476,0.977868,0.549338
ISIC_7740744,0,-0.026894,0.706454,0.539129
ISIC_7746479,0,-0.110001,-0.693228,0.35304
ISIC_7746898,0,0.083064,-0.35783,-1.145239
ISIC_7747712,1,0.901554,-0.214547,-0.388523
ISIC_7747998,0,-1.276822,-0.271034,-0.931443
ISIC_7748144,0,-0.366427,-0.319607,-1.049133
ISIC_7748311,1,-0.1745,-0.299964,0.096379
ISIC_7755096,0,-0.445011,0.426109,-0.500078
ISIC_7755106,0,0.498048,0.060236,-0.850363
ISIC_7755875,0,-0.345538,0.226697,-0.228009
ISIC_7758102,0,-1.179916,-0.751728,-0.724545
ISIC_7759376,0,0.21503,0.079791,-0.102657
ISIC_7759913,0,-0.730413,-0.519238,-0.628151
ISIC_7761711,0,-0.379588,0.239291,-0.049373
ISIC_7763042,1,-0.564771,0.118061,-0.942404
ISIC_7763831,0,-0.329854,-1.113024,0.092759
ISIC_7764987,0,-0.579406,-0.639425,-0.698307
ISIC_7765349,1,-0.275604,-0.459478,0.128409
ISIC_7766007,0,-0.143725,-1.319129,-0.152726
ISIC_7768567,0,0.4286,0.11547,-1.025222
ISIC_7775535,0,0.199076,-0.149189,-1.292088
ISIC_7776719,0,-0.104081,-0.262517,-0.275533
ISIC_7777873,0,-1.059906,-0.70711,-0.009529
ISIC_7779155,0,-1.003272,-0.304403,-1.231288
ISIC_7781213,0,0.515133,-0.075673,-0.263752
ISIC_7783346,0,-0.181842,-0.130084,-1.194476
ISIC_7785723,1,-0.151282,-0.051016,0.151257
ISIC_7787118,0,-0.213882,-0.536714,-0.031186
ISIC_7788318,1,-0.321689,0.9389,0.643911
ISIC_7788814,0,-0.265935,0.269617,0.198141
ISIC_7789452,0,0.549417,-0.557453,-0.605421
ISIC_7795549,0,-0.998301,-0.912938,-0.993593
ISIC_7797655,1,0.263853,0.777261,-0.42541
ISIC_7797853,0,-0.392088,-0.383684,-0.0918
ISIC_7798358,0,-0.08049,-0.183581,-0.563571
ISIC_7798403,0,-0.849807,-0.028465,-0.189141
ISIC_7799968,0,0.218141,-0.542364,-0.613729
ISIC_7800706,0,0.870704,0.460146,-0.273488
ISIC_7801289,0,-0.340416,-0.000889,-0.378954
ISIC_7802213,0,-0.380954,0.362635,-0.436756
ISIC_7803114,0,1.117063,-0.39346,-0.1662
ISIC_7803163,0,-0.210093,-0.493818,-0.593188
ISIC_7806612,0,0.363981,-0.486192,-0.825402
ISIC_7806926,0,0.106034,0.299258,-0.713518
ISIC_7809510,1,0.634943,0.741471,-0.150378
ISIC_7811951,0,-0.329295,-0.754704,0.902708
ISIC_7814144,0,-0.540682,0.582511,-0.788297
ISIC_7820005,0,0.833187,-0.2818,0.551557
ISIC_7822725,0,0.305368,-0.432586,0.476519
ISIC_7824688,0,-0.164967,-0.514426,0.51338
ISIC_7826557,0,-0.859278,-0.595119,-0.600271
ISIC_7830756,0,-0.431343,-1.179349,-0.884052
ISIC_7831274,0,0.490355,0.033988,-0.499856
ISIC_7833008,0,-0.212824,0.398097,-0.554728
ISIC_7833178,0,0.405023,0.109336,0.369773
ISIC_7835257,0,-0.698421,-0.35397,-0.195346
ISIC_7837503,0,-0.803731,-0.179402,-0.731748
ISIC_7839712,1,0.149591,0.454619,0.236379
ISIC_7839741,0,-0.920487,0.22012,-0.920539
ISIC_7840728,0,0.89315,0.516794,-0.773898
ISIC_7844565,0,0.376904,-0.66348,-0.67058
ISIC_7844825,1,-0.799094,0.784473,-0.595871
ISIC_7846309,0,0.452265,0.226767,-0.687975
ISIC_7850786,0,-0.566946,-0.800918,-0.610414
ISIC_7852890,0,0.214245,0.605835,-0.815079
ISIC_7853136,0,0.003792,0.003555,-0.159419
ISIC_7858034,0,0.01256,-0.029211,-1.011552
ISIC_7860137,0,-0.958802,-1.23086,-0.738064
ISIC_7865214,0,0.31649,0.467089,-0.799642
ISIC_7867077,0,0.158598,0.59023,0.610169
ISIC_7869255,0,-0.46612,-0.340961,-1.14987
ISIC_7870290,0,-0.147131,0.08877,0.426125
ISIC_7873541,0,0.39132,-0.241142,0.246163
ISIC_7875088,0,-0.504727,0.021095,0.079018
ISIC_7875959,0,-0.704176,-0.336124,-0.206607
ISIC_7877488,0,-1.249263,0.947701,-0.54156
ISIC_7881017,0,-0.636583,-0.635944,-0.904629
ISIC_7883190,1,-0.062814,-0.437027,-1.122616
ISIC_7885010,0,0.676145,0.384625,-0.619735
ISIC_7885531,0,-0.34212,0.131228,0.476386
ISIC_7888517,0,-0.381672,-0.598828,0.585645
ISIC_7888672,0,-0.161444,-1.143395,-0.518205
ISIC_7889838,0,1.029866,-1.350982,-1.159226
ISIC_7892362,0,-0.280271,-0.393862,-0.724785
ISIC_7895093,0,0.669838,0.302566,1.238597
ISIC_7896667,0,0.629743,0.040795,-1.252699
ISIC_7897925,1,-0.202432,-0.232793,0.006018
ISIC_7898061,0,0.404212,-0.079809,0.014162
ISIC_7899041,1,0.575064,0.903776,0.767923
ISIC_7900295,0,-0.4833,-0.689965,-1.496578
ISIC_7901891,0,0.722356,-0.480602,0.285367
ISIC_7903838,0,-0.869056,-0.607465,-1.02593
ISIC_7904250,0,0.817592,0.04011,0.464622
ISIC_7906421,0,-0.731671,-0.237534,0.004865
ISIC_7912104,0,-1.033113,0.411051,-0.37203
ISIC_7912183,0,-0.288616,0.136075,-0.508148
ISIC_7914631,1,-0.185694,-0.310121,-0.655907
ISIC_7915065,0,0.126707,0.330825,-0.651481
ISIC_7919133,0,0.245409,0.595113,-0.25998
ISIC_7921023,0,-0.795524,0.331084,-0.342912
ISIC_7923008,0,0.141036,-0.433927,-1.054924
ISIC_7927525,1,-0.977004,0.930597,-1.06942
ISIC_7928137,0,0.697816,-0.121723,0.696416
ISIC_7933945,0,-0.513118,-0.358442,-0.143199
ISIC_7935007,0,-0.731408,-0.092874,-0.880271
ISIC_7935462,0,1.246136,-0.585575,0.541747
ISIC_7935989,0,0.218145,1.266033,0.34518
ISIC_7936755,1,0.534598,0.168912,0.956882
ISIC_7937065,0,-0.721043,-0.723254,-0.239864
ISIC_7938688,0,0.392714,-0.206623,-0.317287
ISIC_7939816,1,-0.273162,-0.797602,0.051779
ISIC_7942881,1,1.5355,0.699997,0.116743
ISIC_7945429,0,1.102592,0.10961,-0.034758
ISIC_7947847,0,-1.211381,-0.838381,-0.584672
ISIC_7948290,1,-0.1455,-0.353344,-0.121953
ISIC_7951202,0,0.069513,-0.8024,1.027717
ISIC_7953039,0,1.050803,0.806188,0.410098
ISIC_7956417,0,-0.707403,-0.615395,-0.269773
ISIC_7959386,0,-0.621171,-0.530114,0.412306
ISIC_7960321,1,0.781133,-0.272492,0.636932
ISIC_7961365,1,-0.617707,-0.798391,0.912297
ISIC_7966295,0,0.843961,-0.067373,0.37872
ISIC_7967108,0,0.31278,-0.137796,-0.05687
ISIC_7967397,0,0.096302,-0.569785,1.393316
ISIC_7972996,0,-1.288872,-0.670216,-0.671742
ISIC_7973296,0,-0.621043,-0.809776,-0.280284
ISIC_7973598,1,0.808168,1.038062,0.29542
ISIC_7973601,0,-0.034704,-0.413279,-0.057724
ISIC_7976724,0,0.397221,0.080197,-0.037457
ISIC_7976934,0,0.277934,-0.033583,-0.13132
ISIC_7980339,0,-1.009603,-0.294698,0.637736
ISIC_7980387,0,-0.204098,0.197174,-0.171323
ISIC_7981097,0,-1.301166,-0.616499,-0.558487
ISIC_7984080,0,-0.459348,0.034344,-0.426851
ISIC_7984569,0,-0.145671,0.39522,0.586286
ISIC_7984646,0,0.356467,-0.09592,-1.132787
ISIC_7988794,0,-0.505686,-1.11023,0.318615
ISIC_7994337,0,0.33447,-0.37319,-0.57071
ISIC_7997132,0,-0.572021,-1.205291,-0.384938
ISIC_7999342,0,-0.675707,-1.325221,-0.662007
ISIC_8001757,0,0.742007,-0.271025,-0.987357
ISIC_8002729,0,-1.178827,-1.564187,-0.945577
ISIC_8006094,0,-0.408189,-0.677748,-1.11173
ISIC_8007849,0,0.524654,0.666054,0.554457
ISIC_8008242,0,0.121436,-1.150137,-0.208172
ISIC_8009880,0,-0.184179,-0.550832,-1.346383
ISIC_8010862,0,-0.806436,0.514475,-0.405322
ISIC_8011058,1,0.249161,-0.582066,0.485398
ISIC_8013225,0,-0.677553,0.208434,0.269647
ISIC_8015541,0,-0.059447,-0.088357,0.033572
ISIC_8020153,0,-0.038501,0.454828,-0.583213
ISIC_8021960,0,-0.102279,-0.012906,-0.937944
ISIC_8023705,0,-0.300452,-0.835568,0.250814
ISIC_8024841,0,-0.235999,-0.816617,0.606895
ISIC_8025644,0,-0.036136,-0.691758,-0.770262
ISIC_8027899,1,-0.535817,-0.000259,0.541656
ISIC_8028631,0,0.018678,-1.648735,-0.608708
ISIC_8029613,0,-0.213002,-0.203129,-0.622976
ISIC_8030914,0,-0.318042,-0.374002,-0.135168
ISIC_8033373,0,0.269733,-0.133001,-0.29044
ISIC_8035608,0,-0.497684,-0.384286,0.046506
ISIC_8036175,0,0.068575,-0.143775,0.451202
ISIC_8036544,0,-0.284179,-1.032998,0.016827
ISIC_8040024,1,0.557352,-0.349829,0.288047
ISIC_8041078,0,-0.495372,-0.45794,0.326883
ISIC_8041550,0,0.257192,-0.071725,-0.006417
ISIC_8043299,0,-0.47975,-1.057066,-0.417775
ISIC_8048162,0,0.92201,-0.269032,0.07817
ISIC_8048668,0,0.717978,0.536249,-0.621492
ISIC_8051628,0,-0.611376,-1.11532,-0.537676
ISIC_8052769,1,1.174424,0.39097,0.421876
ISIC_8060329,0,-0.608425,0.517289,0.274717
ISIC_8064866,0,0.248581,0.370421,-0.159592
ISIC_8065001,0,-0.380955,-0.955518,-0.455081
ISIC_8065633,0,0.808299,-0.234125,-0.292354
ISIC_8066110,1,-0.556387,-0.17271,-0.038234
ISIC_8066660,0,-0.811872,0.293415,0.311179
ISIC_8068693,1,-0.602947,-0.181128,-0.358431
ISIC_8071637,1,0.527875,-0.408697,-0.680511
ISIC_8073036,0,0.082218,-0.041335,0.257203
ISIC_8073555,1,0.926847,1.199217,0.569701
ISIC_8077943,0,-0.300369,-1.100722,-0.066512
ISIC_8082460,0,-0.376963,-1.074323,-0.127994
ISIC_8082988,0,-0.05912,-0.703883,0.546885
ISIC_8086526,0,-0.894571,-0.817758,0.395588
ISIC_8087949,1,-1.097269,-0.15768,0.13985
ISIC_8094432,0,-0.825532,-0.198756,-0.617039
ISIC_8095877,0,-0.48087,0.102696,-0.108722
ISIC_8096177,0,-0.87031,-1.066239,-0.079812
ISIC_8100185,0,-0.373854,-0.063323,0.311454
ISIC_8101493,0,-0.372416,-0.047392,0.396334
ISIC_8104064,0,-1.31371,-0.368367,-1.023232
ISIC_8105020,0,-0.036348,-0.069897,-0.683657
ISIC_8106899,1,-0.161822,-0.670652,-0.195596
ISIC_8108090,0,0.047862,-0.318702,-0.512251
ISIC_8108099,1,-0.365613,-0.049323,0.138037
ISIC_8108870,0,0.741284,-0.527154,0.216571
ISIC_8109460,0,-0.778293,-0.202554,-0.513275
ISIC_8120622,0,-1.406804,-0.977431,0.561746
ISIC_8121679,0,0.103718,0.131492,-0.259107
ISIC_8124482,0,-0.96357,1.017665,-0.080497
ISIC_8124900,1,-0.097423,-0.103993,-0.062773
ISIC_8127323,0,-0.419236,0.259694,-0.900704
ISIC_8127394,0,0.580824,0.342061,-0.377783
ISIC_8127578,0,0.408059,1.16934,-0.379908
ISIC_8128335,0,0.288857,-0.561633,-0.412741
ISIC_8130596,0,0.509432,0.126407,-0.591781
ISIC_8133350,1,1.018028,-0.100894,0.634879
ISIC_8133871,0,0.017789,-0.907743,-0.21962
ISIC_8135400,0,0.26009,-0.269326,-0.421214
ISIC_8135931,0,0.155832,0.268692,0.852133
ISIC_8138363,1,0.104741,-0.914667,-0.654832
ISIC_8139762,0,-0.313612,0.475749,0.144408
ISIC_8140072,0,0.007698,0.599457,-0.463941
ISIC_8143286,0,-0.461781,-0.460157,-0.057757
ISIC_8145260,0,-0.006021,-1.053841,-0.998091
ISIC_8145348,1,0.764201,0.628175,0.818945
ISIC_8147189,0,-0.329485,0.149771,-0.492828
ISIC_8147542,0,-0.147634,-0.36469,0.376777
ISIC_8150108,0,0.076538,0.484993,0.387546
ISIC_8152423,0,-0.307354,-0.879013,-0.751197
ISIC_8153123,0,1.53498,0.486743,0.5534
ISIC_8154363,0,0.637731,-0.115681,-0.371846
ISIC_8156101,0,0.031241,-1.012362,0.030374
ISIC_8158081,0,0.381336,-0.763254,-0.12251
ISIC_8159718,0,-0.508612,-1.03056,-0.264813
ISIC_8159779,0,-0.711449,-0.405257,-0.040126
ISIC_8160596,0,0.363704,1.063403,-0.670357
ISIC_8161933,0,-0.445832,-0.073479,-0.278383
ISIC_8163269,0,-0.101218,0.097929,-0.654288
ISIC_8165906,0,-0.098848,-0.092758,-0.365132
ISIC_8167374,1,0.433498,-0.294767,0.175098
ISIC_8168598,0,-0.408096,-0.678457,-0.279505
ISIC_8169564,0,-0.858528,-0.962637,-1.075922
ISIC_8170849,0,-0.873057,-0.608602,-1.202397
ISIC_8171432,1,-1.122085,-0.084676,-0.084645
ISIC_8172822,1,0.65256,0.812188,0.667867
ISIC_8173531,0,-1.263587,0.266901,-0.062526
ISIC_8174881,0,-0.109809,-0.383431,-0.830565
ISIC_8174951,0,0.306124,-0.146098,-1.250806
ISIC_8175453,1,1.097584,0.985624,0.550415
ISIC_8176449,0,-0.075264,0.06796,0.978414
ISIC_8181142,0,-0.261606,-0.612412,-0.418201
ISIC_8184471,0,-0.645975,0.177258,0.613195
ISIC_8188797,0,-0.257498,-0.521389,-0.320532
ISIC_8190708,0,-0.308774,-0.707216,-0.656948
ISIC_8194371,0,-0.300679,0.586968,-0.400461
ISIC_8194467,0,-1.119029,-0.500622,-0.577291
ISIC_8194835,1,0.414751,1.03736,-0.25545
ISIC_8195528,0,0.690222,-0.98634,-1.037045
ISIC_8195604,0,-0.577461,0.499526,-1.172488
ISIC_8197240,0,-1.426671,-0.043431,0.570479
ISIC_8199467,0,-0.672658,-0.271786,-0.261522
ISIC_8205879,0,-0.218931,-0.661992,-0.447998
ISIC_8206667,0,0.278603,-0.105111,-0.116948
ISIC_8207162,0,0.27934,-1.516987,-0.39608
ISIC_8207974,1,-1.189322,-0.75499,-0.62068
ISIC_8211214,0,0.090693,0.742229,-0.929562
ISIC_8214287,0,-1.84111,0.253575,0.400905
ISIC_8222254,0,-0.052305,-0.629132,-0.136802
ISIC_8224270,0,-1.349746,-0.732039,0.682444
ISIC_8234773,1,0.544778,-0.277609,-0.891506
ISIC_8241457,0,1.18496,1.093547,1.263753
ISIC_8244535,0,0.149668,0.519572,-0.551237
ISIC_8246858,0,-0.441363,-0.70908,-0.7062
ISIC_8248922,0,-1.153227,-0.557341,-0.747942
ISIC_8249565,0,-0.585176,-1.394824,0.391482
ISIC_8249854,1,1.159111,-0.221819,0.515119
ISIC_8252406,1,0.944997,0.25285,1.192802
ISIC_8253317,0,-0.284182,0.352203,1.185881
ISIC_8253326,0,-1.007766,-0.807813,-0.399118
ISIC_8255784,0,-0.185677,0.129356,0.254729
ISIC_8257549,0,-0.83236,-1.335877,0.160607
ISIC_8263489,1,-0.611154,-0.063231,0.743581
ISIC_8263741,0,0.047852,-1.298081,-0.280229
ISIC_8265105,0,-0.384736,-0.966834,-0.381499
ISIC_8266094,0,0.351922,-0.044864,-1.037013
ISIC_8268025,0,-0.945292,-0.669402,0.963482
ISIC_8274622,0,0.581464,-0.10441,0.566664
ISIC_8278458,1,-0.011926,0.324267,0.982831
ISIC_8278688,0,0.342137,-0.247088,-0.225402
ISIC_8278912,0,0.009987,-0.547798,-0.327669
ISIC_8281208,1,-0.371118,-0.201423,-0.626604
ISIC_8282404,0,0.138516,0.271089,0.544698
ISIC_8284685,0,-0.792016,-1.24369,-0.324395
ISIC_8287726,0,-0.491216,-0.601442,-1.079058
ISIC_8290994,0,0.912457,0.42039,0.919609
ISIC_8292179,0,-0.064146,0.235003,-0.192351
ISIC_8292279,0,-1.40899,-0.535122,-0.022599
ISIC_8295152,0,-0.295034,-0.467728,-0.973733
ISIC_8295306,0,-0.483429,-0.767926,-0.186152
ISIC_8295834,0,-0.020292,-1.06538,-0.33302
ISIC_8296881,0,0.25511,0.328344,0.112329
ISIC_8297563,0,-0.558002,-0.066702,0.452087
ISIC_8298434,0,0.313225,-0.377039,0.783815
ISIC_8300954,0,0.069721,-0.259588,-0.377217
ISIC_8301536,0,-0.971001,0.429052,-0.332289
ISIC_8306983,0,0.182114,-0.461719,0.100002
ISIC_8310944,0,0.131303,-0.130138,-0.558416
ISIC_8316125,0,-0.947816,-0.361312,-1.555763
ISIC_8319768,0,-0.325374,-1.101463,-0.163757
ISIC_8320640,0,-0.084613,0.218712,0.602142
ISIC_8321148,0,0.052706,0.196194,-0.009234
ISIC_8324870,0,-0.837116,-0.14503,-0.39762
ISIC_8325226,1,0.7902,-0.014692,-0.188199
ISIC_8325260,0,1.016285,0.79948,0.745559
ISIC_8325569,0,1.388373,0.167285,-0.438596
ISIC_8330906,0,-0.264533,-0.566607,0.165476
ISIC_8338755,0,-0.419797,0.665069,0.306531
ISIC_8340256,0,1.039199,-0.357112,0.44337
ISIC_8343285,0,0.13444,-0.329894,-0.196015
ISIC_8344196,0,0.286956,-0.038851,-0.969503
ISIC_8344345,1,0.337643,0.607051,-0.488775
ISIC_8348712,0,0.573833,-0.485154,-0.624752
ISIC_8350973,0,-0.183227,-0.248809,0.001699
ISIC_8352392,0,-0.094362,0.174372,-0.351638
ISIC_8353090,0,-0.885337,-0.633661,-0.787276
ISIC_8354042,0,-0.990682,-1.394084,-0.470944
ISIC_8355344,0,-0.239171,-1.44347,-1.122252
ISIC_8355446,1,0.073882,-0.519565,1.336634
ISIC_8356468,0,-0.570213,-0.426345,-0.106812
ISIC_8357415,0,-0.838052,-0.73189,-0.312357
ISIC_8357420,0,-0.490232,-0.579574,0.31239
ISIC_8357679,0,0.79246,-0.227112,-1.417693
ISIC_8359258,0,-0.071526,-0.236491,-0.336519
ISIC_8362891,0,1.184115,0.017308,-0.599151
ISIC_8363069,0,-0.32882,0.100839,-0.77171
ISIC_8363485,0,-0.189443,0.062108,0.051512
ISIC_8366864,0,-0.815326,0.568072,-0.693816
ISIC_8368872,0,-0.523064,-0.950743,-0.840143
ISIC_8373462,0,-0.068941,-0.653353,-1.057649
ISIC_8374889,1,0.233318,-0.709697,-0.827557
ISIC_8375123,0,-0.175879,-1.227909,-0.459138
ISIC_8378321,0,0.405635,0.596241,0.117176
ISIC_8380904,0,0.480808,-0.293076,-0.087313
ISIC_8382969,0,-0.276852,-0.800242,-0.437046
ISIC_8383600,0,-0.185872,-0.148653,-1.101017
ISIC_8384985,0,-0.021384,0.053003,-0.306478
ISIC_8388593,0,0.904513,0.083586,-0.441834
ISIC_8389361,0,-0.038124,0.49034,-0.996274
ISIC_8389650,0,0.440746,-0.74736,-0.849645
ISIC_8389839,0,-0.073411,0.305962,-0.258218
ISIC_8393181,0,-1.101113,-0.522276,0.428274
ISIC_8397011,0,-0.45929,-0.671903,-0.7175
ISIC_8397077,0,0.862594,0.09653,0.371378
ISIC_8397285,1,0.994701,-0.312083,-0.234701
ISIC_8398000,0,-1.156735,0.598339,0.821914
ISIC_8401332,0,-0.340445,-0.724752,-0.785633
ISIC_8406262,0,-0.12804,0.634924,-0.597803
ISIC_8409024,0,-0.72734,-0.80138,0.117914
ISIC_8409262,0,0.328266,0.71913,-0.252639
ISIC_8412096,0,-1.372381,-0.981329,-0.278436
ISIC_8414396,0,-1.417263,-0.526531,-0.937259
ISIC_8414421,0,0.070702,-0.166737,-0.572559
ISIC_8417873,1,0.726344,0.266303,-0.374014
ISIC_8419663,0,-0.149424,-0.084621,0.54338
ISIC_8423248,0,-0.781319,-0.778225,-1.077985
ISIC_8423326,0,0.086931,-0.273987,-0.313067
ISIC_8425541,0,0.57951,-0.249142,0.056407
ISIC_8427534,0,-1.001834,-0.830318,-0.468053
ISIC_8428097,0,-0.000236,0.797311,0.398706
ISIC_8429798,0,0.217646,-0.380378,-0.310752
ISIC_8431648,0,-0.265338,-0.165675,-0.623968
ISIC_8433108,0,0.774409,0.112441,-0.242435
ISIC_8433608,0,0.33374,-0.503498,-1.01938
ISIC_8435105,0,-1.12268,-0.028425,-0.154838
ISIC_8436194,1,-0.303347,0.506581,-0.037256
ISIC_8436492,0,-1.218938,-0.433755,0.197493
ISIC_8436666,0,0.036456,0.105892,-0.570439
ISIC_8438811,0,-1.02793,0.124531,-0.691188
ISIC_8440070,0,0.255045,0.055433,0.075415
ISIC_8441905,0,-0.361899,-0.053624,0.322821
ISIC_8447658,0,0.096925,0.296775,-0.836423
ISIC_8451869,0,-0.131707,0.10275,-0.335101
ISIC_8452205,0,-1.172011,-0.846902,0.029121
ISIC_8458843,0,-0.190031,-0.167376,-0.617314
ISIC_8462070,0,0.044653,-0.593846,0.14215
ISIC_8462364,0,-0.025261,0.173735,-0.239857
ISIC_8463871,0,0.655581,-0.454523,-0.789401
ISIC_8468512,0,-0.217112,-0.638798,0.624906
ISIC_8477065,0,-1.081194,-0.770571,0.006519
ISIC_8478591,0,0.174063,-0.288111,-0.357045
ISIC_8479104,0,-0.594616,-0.15728,-0.08054
ISIC_8479913,0,-0.458163,-0.080779,-0.529061
ISIC_8481979,0,0.266147,-0.548809,-1.048219
ISIC_8483382,1,0.742292,-0.448425,0.269372
ISIC_8483458,0,-0.442027,-0.839748,-0.550334
ISIC_8484660,0,0.122324,0.489992,0.391584
ISIC_8485716,1,-0.375859,0.228599,-1.082737
ISIC_8492957,0,0.547958,0.38304,0.416875
ISIC_8493108,1,-0.377374,0.749156,-0.778878
ISIC_8495875,0,0.300783,0.103564,-0.643878
ISIC_8496052,1,0.685694,0.471359,0.195912
ISIC_8497457,1,-0.099945,0.100215,-0.333353
ISIC_8502341,0,-0.116591,-0.813444,-0.572201
ISIC_8502869,0,-0.518095,-0.157263,-0.706334
ISIC_8503961,0,-0.230452,0.503003,-0.275119
ISIC_8504479,0,-0.637731,-0.330555,-0.910662
ISIC_8504492,0,0.209729,-0.591283,0.30412
ISIC_8505243,0,-0.021032,-0.315409,-0.086014
ISIC_8505412,0,-0.123213,0.499377,-0.340455
ISIC_8509219,1,-0.002181,1.276297,0.332472
ISIC_8510848,0,-0.475599,0.475721,0.85456
ISIC_8513112,0,0.164595,0.063518,0.677395
ISIC_8516223,0,-0.84797,0.373213,-0.461654
ISIC_8521610,1,-0.54246,0.564663,1.132018
ISIC_8523143,0,0.353696,0.694717,-0.742584
ISIC_8523262,0,0.225215,0.099635,0.10467
ISIC_8525786,0,-0.271448,0.04405,-0.531963
ISIC_8527092,1,0.190522,0.509144,0.07251
ISIC_8527737,0,-0.247376,-0.132644,0.719705
ISIC_8530010,0,0.221309,1.121055,-0.462582
ISIC_8535134,0,-0.250239,-0.532088,-0.680213
ISIC_8535451,0,-0.677856,-0.476654,-0.374104
ISIC_8535943,0,-1.006297,-0.475183,-0.349146
ISIC_8539990,0,-0.516593,-0.186102,0.199975
ISIC_8543040,0,-0.224351,-0.034503,-0.536856
ISIC_8545097,0,-1.406807,0.393399,-1.29016
ISIC_8551124,0,-0.193406,-0.151748,0.531936
ISIC_8555379,0,0.564909,-0.756287,0.46916
ISIC_8559515,0,-1.012397,-1.065066,0.025675
ISIC_8559778,0,-0.086716,-0.018714,-1.067468
ISIC_8560106,1,0.505757,-0.400072,-1.170163
ISIC_8561963,0,0.268145,-0.652414,-0.252332
ISIC_8562820,0,0.287086,-0.436026,0.291669
ISIC_8563961,0,0.829869,0.402477,0.003072
ISIC_8566006,1,-0.059286,1.126275,0.43254
ISIC_8569205,0,-1.032947,0.767838,-0.515029
ISIC_8570555,0,-0.508109,-0.324924,-0.919818
ISIC_8575769,0,-0.745714,0.286536,1.663921
ISIC_8578732,0,1.056887,-0.401234,-0.092848
ISIC_8579259,0,0.493084,0.259945,-0.899583
ISIC_8579575,0,-0.305508,-0.294651,0.455022
ISIC_8584239,0,-0.114858,0.002799,-0.687086
ISIC_8584748,0,0.491098,-0.164442,-0.027085
ISIC_8586909,0,-0.948858,-0.904209,0.220099
ISIC_8588033,0,0.811195,-0.914946,0.003684
ISIC_8588957,0,-0.499908,0.056873,-0.649298
ISIC_8589961,0,0.007289,-0.806672,-0.421093
ISIC_8590883,0,0.018636,-0.323568,-0.344905
ISIC_8591425,0,-1.293915,-1.046974,-0.389293
ISIC_8592235,0,0.829373,-1.163077,-1.347367
ISIC_8603734,0,-1.280351,-1.116679,-0.685878
ISIC_8607090,0,0.481984,-1.296175,-0.932208
ISIC_8609756,1,-0.738825,-0.56301,-0.520464
ISIC_8612828,0,-0.972133,-0.308173,-0.493222
ISIC_8613657,0,0.561526,-1.337638,0.155322
ISIC_8615491,1,-0.290494,0.653736,-0.171689
ISIC_8617084,0,-0.869452,0.879511,0.157578
ISIC_8617277,1,0.790837,0.39318,0.73714
ISIC_8618835,0,-0.287493,-0.917926,-0.298697
ISIC_8621568,1,1.074199,-0.364686,0.831056
ISIC_8622204,0,0.177581,-1.038101,-0.949286
ISIC_8622365,0,-0.276662,0.404447,-0.85332
ISIC_8624049,1,0.349208,0.152297,0.283389
ISIC_8624186,0,0.143927,0.313592,-0.339185
ISIC_8626787,0,0.365196,-0.939419,0.456734
ISIC_8626909,0,0.361323,0.196246,0.471422
ISIC_8626941,0,-0.139053,-1.055379,-0.741557
ISIC_8627293,0,-1.229476,-0.831598,-0.158765
ISIC_8628207,0,0.917871,0.534311,-0.616746
ISIC_8629635,0,0.454722,0.395211,0.414519
ISIC_8630818,0,-0.593289,0.332634,0.498346
ISIC_8633894,0,-0.849243,-0.312464,-0.433133
ISIC_8634334,0,0.134256,0.072166,0.033609
ISIC_8635849,0,0.867447,0.175104,-0.231202
ISIC_8635853,0,-0.249536,0.049471,-0.346936
ISIC_8635889,0,0.099202,-0.711961,-1.108778
ISIC_8636706,0,-0.157638,-0.419777,-1.02585
ISIC_8637134,0,-0.912666,-1.139883,-0.827916
ISIC_8642938,0,-0.079197,-0.129171,-0.252754
ISIC_8646115,0,-1.337797,-0.760721,-0.415876
ISIC_8647900,0,-0.680795,-0.65985,-0.473538
ISIC_8649055,0,-0.372994,-0.01896,-0.158977
ISIC_8650269,0,1.073174,0.700847,0.292141
ISIC_8650516,0,-1.130744,-1.718079,-0.664836
ISIC_8651053,0,-0.990228,-1.135824,-1.18726
ISIC_8651476,0,0.280312,-0.157972,-0.483292
ISIC_8651765,0,0.553701,-0.291267,0.247357
ISIC_8654660,0,0.399589,-0.752706,0.54431
ISIC_8655206,0,-0.501641,-1.13474,-0.219543
ISIC_8659618,0,0.049709,-0.327939,-0.160693
ISIC_8659639,0,0.500335,0.751549,0.608034
ISIC_8663136,0,-0.291764,-0.719017,-0.123936
ISIC_8663971,0,0.284843,-0.021676,-0.468595
ISIC_8664315,0,0.197558,-0.883805,0.298399
ISIC_8664718,0,-0.262554,0.184928,0.525342
ISIC_8666446,0,0.475613,-0.781006,-0.665923
ISIC_8671119,1,-0.210552,-0.519938,-1.291863
ISIC_8671453,0,-0.871641,-0.413093,-0.390052
ISIC_8671662,0,-0.062089,-0.095794,-0.505244
ISIC_8671702,0,0.108447,0.404679,-0.812904
ISIC_8674332,0,0.046902,-0.490669,-0.139582
ISIC_8679617,0,0.701001,0.954184,-0.989827
ISIC_8680266,0,-0.073529,-0.154731,-0.091984
ISIC_8684147,0,-0.429233,-0.163244,0.495361
ISIC_8685259,0,1.161002,0.114315,0.999508
ISIC_8687105,0,-1.190807,-0.241488,-0.198667
ISIC_8689112,0,0.320248,-0.568032,0.563236
ISIC_8689583,0,-0.763628,-0.111804,0.431424
ISIC_8690205,0,-0.017289,-0.814881,-0.759491
ISIC_8690631,0,-0.243803,0.306682,-0.672427
ISIC_8691327,0,0.999628,0.216621,1.437826
ISIC_8692006,0,-0.378338,-0.410061,-0.249645
ISIC_8692155,0,0.036769,-0.278612,-0.730154
ISIC_8692218,1,0.491946,0.449292,-0.113853
ISIC_8692950,0,0.245066,-1.478622,0.211435
ISIC_8693637,0,-0.832127,-0.539242,-0.889986
ISIC_8694181,0,0.792061,0.099623,-0.297206
ISIC_8699453,0,0.809725,0.084595,-0.46136
ISIC_8699796,0,-0.094319,-0.209838,-0.54641
ISIC_8702237,1,1.45575,0.270315,-0.449125
ISIC_8704257,0,0.959549,1.233729,-0.204277
ISIC_8704668,0,-0.341629,-0.417281,-0.200528
ISIC_8705622,0,0.114215,-0.804226,-0.020164
ISIC_8708106,1,0.755627,0.10173,-0.431615
ISIC_8709211,0,-0.107068,-0.334565,-0.151259
ISIC_8711854,0,0.564143,-0.832334,0.194507
ISIC_8711983,0,-0.137566,-0.486514,0.119917
ISIC_8712559,0,-0.553417,-1.219312,0.780048
ISIC_8713330,0,-0.707686,-0.209225,-0.159033
ISIC_8714502,0,-0.298867,-0.235159,-0.613525
ISIC_8719134,0,-0.837671,-0.720977,-0.376748
ISIC_8724944,1,0.427679,0.643845,0.886308
ISIC_8725878,0,-0.22445,0.348041,-0.266841
ISIC_8727731,0,-0.930468,-0.335854,0.318389
ISIC_8727962,0,-0.432539,0.021767,-0.78977
ISIC_8730617,0,0.547023,0.191057,-0.962586
ISIC_8732757,1,-0.806095,-0.372634,-0.300374
ISIC_8733345,1,0.160698,0.232613,0.512764
ISIC_8733745,0,-0.037479,-0.691829,-0.501458
ISIC_8737794,1,1.081265,0.154812,0.624581
ISIC_8738598,0,0.15849,-0.449078,0.055656
ISIC_8740331,0,-0.643302,-1.76878,-0.130189
ISIC_8742407,0,-0.101652,-0.16375,-0.2255
ISIC_8747095,0,-0.635041,1.134077,-0.602103
ISIC_8748070,0,0.180223,1.002626,0.45984
ISIC_8749288,0,0.26825,-0.332122,-0.734527
ISIC_8751106,0,-0.305562,-0.258502,0.135572
ISIC_8752021,0,-0.29764,0.201614,-0.522623
ISIC_8755163,0,0.037477,-0.779968,-1.099211
ISIC_8759207,0,-0.360256,-0.089178,0.25117
ISIC_8759726,0,-0.085723,-0.451554,-0.41682
ISIC_8760203,1,0.185829,-0.417751,-0.694847
ISIC_8764464,0,0.118714,-0.641107,0.243881
ISIC_8764927,0,-0.077014,-0.487628,-0.002326
ISIC_8765068,0,0.021665,-0.447959,-0.572071
ISIC_8766254,0,-0.367612,-0.470637,-0.599963
ISIC_8769415,0,-0.818776,-1.277187,-0.409284
ISIC_8773478,0,-0.494775,0.162351,0.139849
ISIC_8773685,0,-0.235904,-0.982744,-0.34573
ISIC_8773962,0,0.217545,-1.462066,-0.292859
ISIC_8775014,0,-0.499713,-0.83629,-1.259274
ISIC_8777813,0,0.138584,0.889627,-0.718746
ISIC_8779142,0,0.303927,-0.243643,-0.164906
ISIC_8781751,0,0.667267,-1.019068,-0.071881
ISIC_8783066,0,0.22984,-0.181483,-0.764258
ISIC_8785329,0,0.679704,-0.734711,-1.047738
ISIC_8786606,0,-0.603927,-0.48194,-0.407504
ISIC_8787152,0,0.125124,-1.122255,-0.159275
ISIC_8789051,1,0.10521,-0.255628,0.574241
ISIC_8790198,0,-0.189832,-0.423127,-0.942933
ISIC_8791729,0,-0.572866,-0.659299,-0.415559
ISIC_8791744,0,-0.356938,-1.003521,0.214818
ISIC_8792007,0,-0.792039,-0.373042,-1.483738
ISIC_8794567,0,-0.056488,0.488869,-0.067072
ISIC_8795740,0,-0.203724,-0.591393,-0.020343
ISIC_8796456,0,-0.075643,-0.919302,-0.648705
ISIC_8796632,0,0.947072,-0.994139,-0.781169
ISIC_8796769,0,-0.599043,0.087396,-0.784112
ISIC_8796968,0,0.784501,0.354445,0.356768
ISIC_8798059,0,0.966515,0.494506,-0.100866
ISIC_8799674,0,-1.446116,-0.732613,-0.404328
ISIC_8803600,0,-0.088747,-0.08168,-0.211341
ISIC_8806180,0,-1.076873,0.646117,-0.078344
ISIC_8806357,0,0.691701,0.032131,-0.332179
ISIC_8812621,0,-0.01268,-0.099259,-1.13051
ISIC_8812781,0,-0.093423,-0.063001,-0.306201
ISIC_8813283,0,-0.118024,-0.287616,-0.476682
ISIC_8814398,0,-0.893774,0.049435,0.389186
ISIC_8814612,0,-0.306413,-0.569029,-0.575566
ISIC_8814672,0,-0.445418,-0.289935,-0.859477
ISIC_8820668,0,0.303298,0.226975,-0.45126
ISIC_8821700,0,0.303995,-0.850266,-1.338505
ISIC_8822331,0,-0.323396,-0.607621,-0.296695
ISIC_8822738,0,0.192573,-0.527505,0.087466
ISIC_8835545,0,0.210024,-0.556293,-1.144373
ISIC_8837443,0,-1.258979,0.066937,-0.116755
ISIC_8837880,0,-0.702226,-1.204142,0.146584
ISIC_8838753,1,-0.498736,-0.2399,0.848312
ISIC_8843592,0,0.023053,-0.723899,-0.136799
ISIC_8843901,0,0.216165,-0.471054,0.627577
ISIC_8847321,0,-0.086829,0.27351,0.398094
ISIC_8848134,0,0.77859,0.30632,0.353241
ISIC_8849004,0,-0.711876,-0.865871,-1.086246
ISIC_8849818,0,-0.647971,0.135187,0.175302
ISIC_8851038,0,0.035971,-0.956592,-0.387608
ISIC_8853902,0,-0.467235,-1.011806,-0.112321
ISIC_8855102,0,-0.99987,-1.462437,-0.157838
ISIC_8855790,0,-1.07989,0.662771,0.240026
ISIC_8860929,0,0.246467,-0.228545,-0.016953
ISIC_8863344,0,-0.351304,-0.519564,-0.186608
ISIC_8865595,0,-0.376121,0.085355,-0.753096
ISIC_8866651,1,0.568411,0.377559,0.644666
ISIC_8866896,0,-0.18095,-0.452844,0.684662
ISIC_8869249,0,-0.104886,-0.719669,-0.706181
ISIC_8869929,1,-0.432962,0.782375,-0.392059
ISIC_8872225,0,-1.281265,-0.296755,-0.179435
ISIC_8873236,0,-0.340745,0.341734,-0.741709
ISIC_8882374,1,0.122559,0.311103,-0.220312
ISIC_8883212,0,-0.263318,0.277238,-0.442832
ISIC_8885809,0,-0.144244,-0.081577,-0.672977
ISIC_8887039,0,0.631905,0.325506,-0.547548
ISIC_8892236,1,-0.769575,0.406875,-0.514763
ISIC_8892663,0,-0.739929,0.442864,-0.123619
ISIC_8893501,0,-0.559003,-0.286126,0.174938
ISIC_8897947,0,-0.200917,-0.232894,-0.273083
ISIC_8899350,0,0.113792,-0.542,0.231556
ISIC_8901133,0,0.458512,0.664814,-0.49132
ISIC_8901371,0,-0.153845,-0.887267,0.779839
ISIC_8901784,0,-0.171672,-0.273401,-0.502888
ISIC_8906583,0,-0.468049,-0.021919,-0.590695
ISIC_8907232,1,0.339679,0.919314,0.13912
ISIC_8909545,0,-1.279437,-1.518627,-1.002326
ISIC_8909957,0,0.7155,0.698468,0.191186
ISIC_8910589,0,-0.210428,-0.551104,-0.617127
ISIC_8911683,0,-0.643474,-0.741747,0.597581
ISIC_8911740,0,0.627818,0.46096,0.455578
ISIC_8916136,0,-0.85744,-0.894187,-0.356042
ISIC_8917755,0,0.12096,-0.650061,-0.419582
ISIC_8918703,0,-0.080145,0.293005,0.640997
ISIC_8922355,0,0.103337,-0.105783,0.821727
ISIC_8922893,1,-0.843382,0.940332,-0.0726
ISIC_8929288,0,-0.280118,1.009321,-0.670555
ISIC_8931948,0,0.532872,1.0227,0.375825
ISIC_8935085,0,1.215294,0.654139,0.859509
ISIC_8942967,0,0.11329,-0.690993,-0.091774
ISIC_8943855,0,-0.459463,-0.121884,-0.447033
ISIC_8943906,0,-0.874098,-0.900031,-0.103323
ISIC_8945395,0,0.880216,-0.144134,0.305908
ISIC_8951909,1,0.0362,-0.416624,-0.7903
ISIC_8953848,0,0.254244,-0.515108,0.146061
ISIC_8955135,0,-0.693622,-0.769708,0.248821
ISIC_8956001,0,-0.728388,-1.079163,-0.780053
ISIC_8957571,0,-0.361338,0.665471,-0.523672
ISIC_8959410,0,-0.818375,-0.100555,-0.640319
ISIC_8959928,0,-0.679724,0.525477,-0.624389
ISIC_8960223,0,0.479005,-0.611833,-0.774808
ISIC_8967786,0,-0.253567,-1.32283,-0.43934
ISIC_8969855,0,-1.031073,-1.36792,-0.708566
ISIC_8969883,0,0.398691,0.181683,0.642148
ISIC_8976269,0,1.03172,-0.632537,0.081748
ISIC_8978290,0,-1.265061,-0.258568,-0.088085
ISIC_8979275,0,-0.966575,-0.807274,-0.919245
ISIC_8979540,0,0.47903,0.535388,0.080102
ISIC_8979567,0,-0.05379,-0.048868,-0.717837
ISIC_8986997,0,-0.548925,0.942841,-0.517222
ISIC_8990907,0,-0.43526,0.991295,-0.206074
ISIC_8993666,0,0.24215,-0.61017,-0.530386
ISIC_8995044,0,0.171287,-0.690265,-0.357549
ISIC_9000234,1,0.540953,-0.287959,-0.027247
ISIC_9000901,0,0.966738,0.56629,-0.473532
ISIC_9001948,1,0.374094,0.683497,0.396431
ISIC_9002603,0,-0.792413,-0.702968,-0.088606
ISIC_9005623,0,0.558949,-0.631312,-0.782094
ISIC_9007206,0,-0.489503,-0.815965,-0.963856
ISIC_9008026,0,0.419884,-0.254307,-0.304512
ISIC_9008095,0,-0.407928,1.237549,0.234152
ISIC_9011718,0,-0.397343,0.441069,-0.302638
ISIC_9014036,0,-0.298623,-0.532923,0.117673
ISIC_9014786,0,0.515542,-1.49896,-0.123059
ISIC_9015182,0,-0.784654,0.06197,-0.738686
ISIC_9017110,0,-0.217867,-0.586421,-0.622102
ISIC_9019691,0,-0.453605,0.055699,-0.019396
ISIC_9021685,0,-0.381022,0.665873,-0.515781
ISIC_9022005,1,0.507214,-0.377297,0.764512
ISIC_9023152,0,-0.143399,-1.059538,-0.32384
ISIC_9024078,0,-0.766929,-1.083819,0.180617
ISIC_9024529,0,1.275452,0.91813,0.972422
ISIC_9024724,0,0.607924,-0.476483,0.232069
ISIC_9027622,0,0.513062,0.509253,-0.220736
ISIC_9028726,0,0.21846,-0.326617,0.966026
ISIC_9028997,0,-0.695757,0.115721,0.637535
ISIC_9029813,0,-0.302097,-0.788948,0.110788
ISIC_9030482,0,-0.78434,-0.51007,-1.305717
ISIC_9034574,0,-0.414977,-0.665777,0.232407
ISIC_9041897,0,-1.35559,-0.664591,-0.030489
ISIC_9045601,0,-0.708853,-0.301407,-0.028632
ISIC_9047184,0,-0.271027,-0.857342,-0.567886
ISIC_9048192,0,0.030616,-1.150552,0.322364
ISIC_9048507,1,-0.882267,-0.175401,0.372788
ISIC_9048840,0,-0.253936,-0.55222,-0.933195
ISIC_9049170,0,0.327451,-0.318357,-0.026522
ISIC_9050608,0,-0.487013,-0.49676,-0.78422
ISIC_9050826,0,0.087576,0.274872,0.366608
ISIC_9051287,0,-0.140017,-0.772157,0.278161
ISIC_9052500,1,-0.098471,-0.140678,-0.928907
ISIC_9052604,0,0.309599,-0.674142,0.122853
ISIC_9053910,1,-0.315186,0.994486,0.900202
ISIC_9053988,0,-0.005938,-0.171139,-0.333593
ISIC_9058340,0,0.798527,-0.285168,-1.127074
ISIC_9059250,0,-0.057113,-0.113007,-1.448223
ISIC_9059311,0,1.245858,0.22894,0.609136
ISIC_9061511,0,-0.233833,0.295028,0.211599
ISIC_9063429,0,0.523438,-0.528408,0.9711
ISIC_9064823,0,-0.786405,-1.521671,-0.67976
ISIC_9066201,0,-1.45484,0.009078,-0.397523
ISIC_9067033,0,-0.008248,0.64142,0.226351
ISIC_9069800,0,0.632316,-0.809478,-0.193421
ISIC_9072034,0,0.73994,0.176237,-0.826777
ISIC_9072309,0,0.817237,-0.172708,-0.556022
ISIC_9072567,0,0.699239,1.091644,0.308101
ISIC_9073150,0,-0.14171,-0.523993,-0.262844
ISIC_9076021,0,0.533786,-0.207699,-0.112841
ISIC_9077722,0,-0.184131,-0.563766,-0.043466
ISIC_9079361,0,-0.946542,-0.410319,-0.67371
ISIC_9080774,0,-0.615834,-0.019693,-0.842547
ISIC_9081663,0,-0.495974,-0.0528,-1.180637
ISIC_9084751,0,0.480867,-1.23957,-0.569704
ISIC_9086288,0,-0.637795,-0.555202,0.140354
ISIC_9087221,0,-0.329066,-0.614022,0.085747
ISIC_9088073,0,-0.537886,-0.330305,0.061138
ISIC_9088774,0,-0.125609,-0.707765,-1.34511
ISIC_9090822,0,0.855934,-0.427661,-1.071941
ISIC_9092298,0,-0.362025,-0.809272,-0.615134
ISIC_9094080,0,0.078762,0.887576,-0.840069
ISIC_9095975,0,0.136289,0.089239,-0.421803
ISIC_9096302,0,-0.057185,0.10744,-0.328356
ISIC_9099430,0,-0.807827,1.205602,0.488997
ISIC_9100283,0,0.520501,0.213681,0.35281
ISIC_9100933,0,0.058854,0.141281,-0.263163
ISIC_9101055,0,-0.949083,0.915364,-0.075147
ISIC_9101441,0,-0.072989,0.129664,0.13604
ISIC_9103090,0,-0.562412,0.269321,-0.123859
ISIC_9104843,0,-1.041857,-0.681295,-0.830268
ISIC_9104982,0,-0.269172,-0.313811,0.002247
ISIC_9106601,0,0.004755,1.048503,-0.200459
ISIC_9106966,0,-0.053789,0.201227,-0.508043
ISIC_9107280,0,0.183341,-0.836142,0.392151
ISIC_9108776,0,-1.067063,-0.042207,-0.485488
ISIC_9109361,0,-0.703424,-1.107611,-0.170773
ISIC_9109847,0,0.146814,0.293742,-0.468685
ISIC_9112747,0,-0.065813,-0.025915,-0.452611
ISIC_9114539,0,-0.449341,0.204034,-0.24159
ISIC_9116323,0,-1.605415,-0.798178,-1.396212
ISIC_9119549,0,-1.462605,-0.193197,-0.814322
ISIC_9121369,0,0.350788,-0.803337,0.56034
ISIC_9122215,0,0.155993,-0.117599,-0.740569
ISIC_9125409,0,0.659562,-0.555183,-0.8257
ISIC_9125543,0,0.329755,1.490448,-0.098431
ISIC_9126343,0,-0.153396,0.657474,-0.596088
ISIC_9126992,0,-0.209115,-1.190281,0.121816
ISIC_9130157,1,-0.959351,0.051942,0.702074
ISIC_9134453,0,-1.638726,-0.471243,-0.181361
ISIC_9134566,0,0.609171,0.658437,0.419733
ISIC_9140779,0,-0.389989,-0.070861,-0.574076
ISIC_9141065,0,-0.75958,-1.36753,-0.156907
ISIC_9141817,0,1.221784,1.209836,1.549198
ISIC_9142818,0,0.110752,-0.219479,-0.36562
ISIC_9142919,0,0.147544,-0.209152,0.52512
ISIC_9152137,0,-0.293314,-0.348861,-0.031588
ISIC_9152603,0,-0.157886,0.169019,-0.481876
ISIC_9153619,0,-0.882301,-0.509519,-0.294615
ISIC_9154716,0,0.257162,-0.422616,-0.3861
ISIC_9155028,0,-1.022962,-0.80662,-0.908494
ISIC_9155465,0,1.261858,0.305519,-0.242132
ISIC_9155855,0,-0.629135,-0.703267,-0.340177
ISIC_9157162,0,0.379914,-0.328007,-0.636114
ISIC_9159730,0,0.156642,0.380733,-0.371695
ISIC_9160614,0,-0.482094,-1.361866,0.166138
ISIC_9161341,0,0.85653,-0.882134,0.019938
ISIC_9161898,0,-0.542337,-0.403952,-0.800796
ISIC_9163466,0,0.500869,-0.419512,-1.044976
ISIC_9167290,0,-1.226542,-0.797174,-0.35776
ISIC_9168700,0,0.174949,0.689812,0.205235
ISIC_9169586,0,-0.158094,0.531022,-0.738137
ISIC_9171071,0,0.668634,0.430106,0.233507
ISIC_9174306,1,-0.883232,0.616727,-0.421751
ISIC_9175856,0,-0.573051,0.142473,-0.597541
ISIC_9178485,0,0.015992,-1.117818,-0.652801
ISIC_9181399,0,0.144455,0.138907,-0.266383
ISIC_9182285,0,0.632751,-0.592423,-1.247787
ISIC_9182492,0,0.292239,-0.423727,0.157433
ISIC_9183042,0,0.346395,-0.3201,-0.44478
ISIC_9187876,0,-1.359737,-0.872509,-0.210176
ISIC_9193127,1,-0.783571,-1.188433,0.572308
ISIC_9194220,0,-0.31476,-0.306666,-1.239145
ISIC_9196033,0,-0.37274,-0.766955,-0.224511
ISIC_9196783,0,0.886608,-0.833802,-0.029944
ISIC_9197665,0,-0.62118,0.177916,-0.651951
ISIC_9199158,0,-0.019683,-0.630585,-0.378507
ISIC_9203812,0,-0.698979,-0.279307,0.764039
ISIC_9203914,0,-0.849563,-0.933714,0.122389
ISIC_9204678,0,-1.895468,-0.355626,-0.2621
ISIC_9206499,0,0.703407,-0.087954,0.140233
ISIC_9207137,0,0.301239,0.112242,0.350453
ISIC_9209245,0,-0.625577,0.053229,-0.303341
ISIC_9210086,1,0.290433,-0.370496,-0.986754
ISIC_9210255,1,0.775764,0.909073,-0.148899
ISIC_9211072,0,0.817749,1.049268,0.278072
ISIC_9214649,1,0.107392,0.672357,-0.246307
ISIC_9217340,0,0.458488,-0.120198,-0.078623
ISIC_9219356,1,-0.385162,-0.287412,-0.253915
ISIC_9219692,0,0.442136,-0.07851,0.686368
ISIC_9222136,0,0.377425,0.104992,-0.495298
ISIC_9223156,0,-0.460831,0.339524,0.518144
ISIC_9223679,0,0.423013,1.153757,-0.406656
ISIC_9225640,0,-1.184059,-0.134775,-1.021069
ISIC_9226193,0,0.615881,-0.737881,-0.261928
ISIC_9227392,0,-0.707499,0.297199,-0.10072
ISIC_9228573,1,0.023166,-0.589891,-0.852272
ISIC_9228729,0,0.710086,-0.363504,-0.760709
ISIC_9232153,0,0.343687,-0.091415,-0.138063
ISIC_9232615,0,-0.243239,-0.569061,-0.172034
ISIC_9234944,0,-0.318763,-0.802535,0.253704
ISIC_9239093,0,-0.809559,-0.339705,-0.565239
ISIC_9239632,0,0.012117,-0.044975,-1.086473
ISIC_9241599,0,0.467472,0.428899,-0.818707
ISIC_9241732,0,0.419176,0.459035,0.013543
ISIC_9244047,0,-0.687293,-0.679384,0.786877
ISIC_9244393,0,-0.274711,-0.163282,-0.892529
ISIC_9254433,0,-0.167229,-0.908715,0.101304
ISIC_9254641,1,0.690571,-0.221218,0.108078
ISIC_9256438,0,0.108423,0.011722,-0.267495
ISIC_9257356,0,-0.087933,0.281043,-0.818107
ISIC_9259989,0,0.113749,-0.254812,-0.60427
ISIC_9260499,0,-0.461293,-1.271567,-0.879555
ISIC_9261199,0,-0.71288,-0.921057,-1.448285
ISIC_9263990,0,-0.455539,0.906917,-0.373835
ISIC_9267202,0,-0.601382,0.668695,-0.119714
ISIC_9268141,0,-0.885544,-0.791953,0.1133
ISIC_9268487,1,0.467474,-0.020032,-0.751344
ISIC_9270367,0,-0.910414,-0.322886,-0.574436
ISIC_9271800,0,-0.377555,-0.362316,-0.326799
ISIC_9276931,0,-0.361199,0.46079,-0.417862
ISIC_9278685,0,-0.90084,-0.73714,-1.186944
ISIC_9280171,0,-0.011158,-0.160254,-0.892527
ISIC_9286292,1,-1.085568,-0.120442,0.545748
ISIC_9288923,0,-0.466795,-1.601632,-0.685296
ISIC_9291926,0,0.954795,-0.790273,0.342254
ISIC_9293491,0,-1.562184,-0.454703,-0.352134
ISIC_9294799,0,0.412546,0.873651,0.033096
ISIC_9295267,0,0.788725,0.157806,0.387089
ISIC_9300579,0,-1.277893,-0.656421,-0.146916
ISIC_9301005,0,-0.116558,0.186848,-0.291346
ISIC_9301346,0,-1.287246,-0.365247,-0.404895
ISIC_9301809,0,-0.968939,-0.271251,-0.312292
ISIC_9302863,0,0.359436,0.612883,-0.169424
ISIC_9303594,0,-0.648663,-0.400622,-1.254534
ISIC_9303849,0,-0.781902,0.778795,-1.027984
ISIC_9304022,0,-0.063806,-1.02957,0.119609
ISIC_9307584,0,-0.385671,-0.530713,0.195673
ISIC_9308275,0,-0.589084,-0.330455,-0.228732
ISIC_9312164,1,-0.013313,-0.165523,-0.044452
ISIC_9312264,0,0.115655,-0.091203,0.00118
ISIC_9317483,1,0.956578,0.494663,-0.080596
ISIC_9317929,0,0.337321,1.133075,0.405562
ISIC_9322551,0,0.772563,-0.299131,-0.68208
ISIC_9323095,0,0.537373,-0.043105,-1.159931
ISIC_9324486,0,0.375072,1.276266,-0.39953
ISIC_9330527,0,0.218088,-1.245908,-0.168307
ISIC_9331097,0,0.222718,0.200547,0.200487
ISIC_9332795,0,-0.176019,0.196642,-0.21377
ISIC_9334956,0,-0.092118,-0.690081,-0.64904
ISIC_9335652,1,0.564105,0.367434,-0.456932
ISIC_9336830,0,0.440215,-0.369141,-0.384978
ISIC_9337570,0,-0.324946,-1.059609,0.479023
ISIC_9337870,0,-0.099066,0.574198,0.822185
ISIC_9338761,0,-0.591742,-0.433439,0.31872
ISIC_9339756,0,-0.083405,-0.378354,-0.549041
ISIC_9348399,0,0.072991,-0.425905,-1.110955
ISIC_9348809,0,0.184629,-0.334995,-0.730135
ISIC_9350507,0,-0.469124,-0.317793,-0.519981
ISIC_9351418,0,0.41283,0.747772,0.403627
ISIC_9353514,0,-0.506574,-0.352188,-0.167917
ISIC_9354604,0,-0.640275,-0.69453,0.52387
ISIC_9354965,0,-1.22634,-0.523166,-0.582361
ISIC_9355535,0,0.379908,0.284703,-0.348333
ISIC_9358630,0,-0.39741,-0.218965,-0.938505
ISIC_9363106,0,0.812072,0.172937,0.921454
ISIC_9364350,0,-0.111125,0.230117,-0.294405
ISIC_9364740,0,-0.413935,-1.08625,-0.702435
ISIC_9375324,0,-0.235156,-0.200048,-0.224781
ISIC_9382494,0,-0.285334,-0.26832,0.697239
ISIC_9384835,0,-1.507841,-0.730603,0.295075
ISIC_9385996,0,-0.438121,-0.021164,0.419456
ISIC_9386509,0,1.07034,-0.62188,-0.668577
ISIC_9390107,0,-1.435723,-1.151193,-1.504447
ISIC_9395707,0,-0.655651,-0.387398,-0.741748
ISIC_9397126,0,-0.72264,-0.670371,-0.625405
ISIC_9401187,0,0.023839,-0.50534,-0.152526
ISIC_9402324,1,1.022049,0.687376,0.407197
ISIC_9403390,0,-0.797784,0.668876,-0.804636
ISIC_9406275,0,-0.906161,-0.293153,0.066382
ISIC_9406755,0,0.80677,0.207579,0.484561
ISIC_9407667,0,-0.267919,0.111639,0.376614
ISIC_9407690,0,0.117562,0.255258,-0.227677
ISIC_9409255,0,-0.11015,-0.440868,-0.017098
ISIC_9410044,0,-0.696981,0.303353,-0.908952
ISIC_9412963,0,-0.120224,-0.579856,-0.645442
ISIC_9417004,0,-0.617017,-0.335072,-0.997087
ISIC_9417173,0,0.188643,-1.118037,0.212162
ISIC_9418196,0,0.069906,-1.356152,-0.863476
ISIC_9422630,0,-0.056431,-0.818101,0.233878
ISIC_9424787,0,-0.804966,-0.050756,-0.352928
ISIC_9425937,0,-1.261991,-1.141334,-0.522783
ISIC_9433388,0,-0.742906,-0.277868,-0.639869
ISIC_9433473,0,0.055856,0.708134,0.110809
ISIC_9436034,0,0.854154,-0.677255,-0.317382
ISIC_9439034,0,0.958283,0.805032,-0.205215
ISIC_9439742,0,-0.955216,-0.475703,-1.203368
ISIC_9441572,0,-1.340962,0.13017,0.47322
ISIC_9442018,0,0.811719,0.144241,-0.19458
ISIC_9445053,0,0.183933,-0.348537,0.138388
ISIC_9445196,0,-0.180587,-0.903291,-0.521963
ISIC_9448281,0,-0.28809,-0.712321,-0.742041
ISIC_9449365,0,-0.542505,-0.106881,-1.042787
ISIC_9450906,0,-0.263008,-0.561538,-0.834471
ISIC_9453737,0,0.336086,-0.641602,0.258939
ISIC_9458746,0,1.360471,-0.468243,0.281572
ISIC_9462738,0,-0.366097,-0.568696,0.375504
ISIC_9462979,0,0.605791,0.590081,-0.161267
ISIC_9465061,0,0.264575,0.709198,0.597915
ISIC_9466794,0,-0.414913,-0.29568,0.008046
ISIC_9469284,0,0.19466,0.519715,-0.571363
ISIC_9470020,0,-0.906331,-0.256693,-0.306356
ISIC_9470876,0,-0.391917,-0.289803,-0.04396
ISIC_9471156,0,1.439343,0.631029,0.773909
ISIC_9472209,0,0.105605,-0.10869,-0.285993
ISIC_9472725,0,-0.123845,-0.965722,-0.598674
ISIC_9473492,0,-0.907396,0.184451,-1.492525
ISIC_9475559,0,-1.076536,-0.353238,-1.028625
ISIC_9476244,0,-0.063356,-0.181369,0.088444
ISIC_9482039,0,0.788778,0.635418,-0.053374
ISIC_9482251,0,1.319983,-0.611825,-0.259127
ISIC_9482842,0,0.683793,-0.413507,0.069654
ISIC_9483306,0,0.030968,-0.329474,-0.392025
ISIC_9485536,0,-0.196565,-0.414855,-0.011246
ISIC_9486313,0,-0.139941,-0.224509,0.051416
ISIC_9486917,0,-0.799629,-0.453497,-0.257195
ISIC_9495211,0,-0.794658,-0.376724,-0.699363
ISIC_9498448,0,-0.196709,-0.21514,0.077094
ISIC_9498942,0,0.11943,-0.609756,0.607347
ISIC_9499185,0,-0.436969,-0.119118,-0.423058
ISIC_9499787,0,-0.322449,-1.258468,0.080074
ISIC_9505595,0,-0.088458,-0.044048,-0.074775
ISIC_9509757,1,1.295777,1.378602,0.041042
ISIC_9509813,0,0.182576,-0.690402,-0.185993
ISIC_9510497,0,-0.328478,-0.236445,-0.300161
ISIC_9511265,0,-0.17318,0.137227,-0.869714
ISIC_9511832,0,0.79422,-0.272577,-1.053459
ISIC_9512048,0,-1.189426,-0.223808,-0.677803
ISIC_9513808,0,0.277511,-0.077796,-0.282004
ISIC_9513918,0,-0.339191,-0.031832,0.735146
ISIC_9518180,0,0.100859,-0.021031,-0.463594
ISIC_9521776,0,-0.946786,0.948871,-0.190331
ISIC_9522489,0,-0.397563,-0.42265,-0.754591
ISIC_9525136,0,0.213618,-1.215663,-1.162782
ISIC_9527051,0,-0.226089,0.21587,0.123056
ISIC_9529297,0,-0.146349,-0.063046,0.016865
ISIC_9529971,0,0.183695,-0.1508,-0.10899
ISIC_9538004,0,-1.717637,-0.897998,-0.947738
ISIC_9538419,0,0.082847,0.405638,-0.715577
ISIC_9540825,0,0.553798,0.963741,-0.330948
ISIC_9542544,0,-0.43575,-0.572515,-0.999505
ISIC_9543945,0,0.170216,-0.406543,-0.073801
ISIC_9544059,0,-0.393548,-0.273458,-0.654106
ISIC_9544832,1,-0.086278,-0.314323,0.429785
ISIC_9545819,0,0.067955,-0.173413,0.016192
ISIC_9546876,0,-0.15793,-0.60006,1.030006
ISIC_9547089,0,0.271222,0.287401,-0.021891
ISIC_9555291,0,-0.594796,0.348746,-0.233756
ISIC_9555580,0,-0.046429,0.596976,-0.216947
ISIC_9556334,1,0.514722,-0.226918,0.210199
ISIC_9559922,0,-0.291455,-0.28715,-0.674516
ISIC_9560298,0,0.387398,0.272642,-1.039924
ISIC_9562157,0,0.667112,-1.239208,-0.973572
ISIC_9562442,0,0.006643,0.666739,-1.251157
ISIC_9564379,0,0.100841,-0.263783,-0.897092
ISIC_9566964,0,0.913421,-0.506866,-0.72766
ISIC_9568138,0,0.521361,0.380697,0.332188
ISIC_9568327,0,0.018435,-0.790973,0.311828
ISIC_9571842,1,1.199932,0.098805,-0.150031
ISIC_9572152,0,0.559706,-0.165062,0.880857
ISIC_9572761,1,0.212512,-1.248254,-0.3305
ISIC_9574101,0,-0.774392,0.585844,-0.454689
ISIC_9574191,0,-0.272814,0.565332,-0.789114
ISIC_9579506,0,0.343228,-0.37975,-0.038364
ISIC_9579922,0,-0.255692,0.107467,0.884737
ISIC_9586758,0,0.217136,0.036013,0.238093
ISIC_9588065,0,-0.366508,0.143526,-0.481095
ISIC_9588279,0,-0.659137,-0.585694,-0.172807
ISIC_9590080,0,0.026756,0.575562,-0.308434
ISIC_9593940,1,0.250731,0.548439,0.251993
ISIC_9596388,0,-1.333451,-0.375721,-0.995502
ISIC_9596721,1,0.610083,0.701449,-0.484541
ISIC_9597731,0,-1.158918,0.209372,0.214121
ISIC_9598638,0,-1.223383,-0.737316,-0.828203
ISIC_9604922,0,-0.49132,-0.718412,-0.170703
ISIC_9605122,0,0.188464,0.207374,0.491429
ISIC_9611100,0,0.630817,-0.511193,0.514422
ISIC_9612228,0,-0.850582,0.103753,0.972685
ISIC_9613570,0,-0.620877,-1.257771,0.836829
ISIC_9615486,1,0.67618,-0.250344,0.930876
ISIC_9618489,0,0.207112,-0.776623,-0.271055
ISIC_9622250,0,0.206706,-0.652056,-0.915287
ISIC_9625295,0,-0.348564,-0.033298,0.469858
ISIC_9626241,0,0.277868,-0.088998,-0.221967
ISIC_9626777,0,0.514164,-0.097384,-0.181699
ISIC_9626843,1,-0.114805,-0.32407,0.495518
ISIC_9630931,0,0.398395,-0.387079,0.643704
ISIC_9631669,0,-0.319466,0.05897,-0.016333
ISIC_9639931,0,-1.158438,-0.322981,-0.339656
ISIC_9640145,0,0.056452,-0.690823,0.862159
ISIC_9644813,0,-0.345395,-1.671458,-0.67743
ISIC_9646599,0,-0.838471,-0.287354,-0.946733
ISIC_9648812,0,-0.766148,-0.756406,-0.446994
ISIC_9655520,0,0.305502,0.056452,-0.414571
ISIC_9660528,0,-0.212419,-0.097608,0.077575
ISIC_9667297,0,0.086827,-0.924003,-0.187493
ISIC_9667908,0,-0.276319,-0.380394,1.257404
ISIC_9668514,0,0.062748,-0.556169,-0.532767
ISIC_9672482,0,0.232822,-0.226196,0.293923
ISIC_9675304,0,-1.01378,-0.742653,0.209586
ISIC_9680433,0,-0.830858,0.565573,-0.076151
ISIC_9684318,0,0.955945,-0.085345,-0.922985
ISIC_9684649,0,-0.42897,0.052959,-0.201226
ISIC_9685480,0,-0.266568,0.013046,0.031134
ISIC_9685928,0,0.476929,0.162021,0.146295
ISIC_9685931,1,-0.093368,-0.254618,-1.182221
ISIC_9688119,0,-1.03437,0.444589,0.096657
ISIC_9688534,0,-1.141649,0.897195,-0.345794
ISIC_9690263,0,0.402515,-0.652464,0.732669
ISIC_9690371,0,-1.172107,-0.72336,-1.04923
ISIC_9694020,0,0.863,-0.358778,0.182097
ISIC_9694867,0,-0.652394,-0.623656,-1.379408
ISIC_9694911,0,-0.246342,0.563207,-0.763757
ISIC_9696502,0,0.044346,0.496915,-0.696075
ISIC_9696846,0,-0.641224,-1.025709,-0.346503
ISIC_9699238,0,-0.242982,0.034008,-0.112198
ISIC_9699426,0,-0.132394,-0.017692,0.590742
ISIC_9699615,0,-0.555653,-0.18785,-0.592984
ISIC_9699728,0,-0.340804,0.476211,-0.20633
ISIC_9709101,0,-0.80568,-0.679411,-0.449605
ISIC_9709594,0,-0.317961,0.315933,-0.139373
ISIC_9713706,0,-0.271626,-0.474436,-0.290965
ISIC_9714746,0,0.219149,0.718873,-0.155404
ISIC_9716860,0,0.432115,0.023242,1.368622
ISIC_9718067,0,0.103306,0.550347,-0.077279
ISIC_9719936,0,-0.408765,-0.101787,0.020769
ISIC_9720044,0,-1.004564,0.0371,-0.216266
ISIC_9720518,0,-1.246669,-0.152766,0.597457
ISIC_9723646,0,0.502833,-0.578595,0.151822
ISIC_9726155,0,0.674697,0.524159,-0.27248
ISIC_9727132,0,0.747045,-0.449385,-0.576275
ISIC_9728003,0,-0.903525,-1.161246,-1.451823
ISIC_9732721,0,-0.129056,-0.528168,-0.181983
ISIC_9738202,0,-1.076268,-0.875481,-1.335999
ISIC_9740245,0,0.191704,-0.401528,-0.238407
ISIC_9741917,0,-0.316326,0.513884,0.331179
ISIC_9742073,0,-0.288817,-0.776485,-0.185273
ISIC_9742891,0,-0.056982,0.048384,-0.200576
ISIC_9743052,0,0.173825,0.238352,-0.591961
ISIC_9744305,0,0.908099,0.662524,0.074288
ISIC_9745038,0,0.012479,0.179398,0.070033
ISIC_9745492,0,0.230799,-0.291905,-1.000578
ISIC_9745562,0,-0.22354,-0.268076,-0.671492
ISIC_9747194,0,-1.798942,-0.502353,-0.831415
ISIC_9751013,0,0.518128,0.313214,0.751195
ISIC_9751601,0,-0.953021,-0.944256,-0.497856
ISIC_9754098,1,0.98111,0.725272,0.786953
ISIC_9756117,0,-0.830285,0.256632,-0.442516
ISIC_9756858,0,-0.725035,-0.45861,-1.104379
ISIC_9760652,0,-1.283753,-0.434465,-0.914581
ISIC_9760968,0,0.439323,0.603981,1.092416
ISIC_9764024,0,-0.593496,-0.483559,-0.277397
ISIC_9764973,0,-0.657468,-0.672523,-0.467816
ISIC_9765024,0,-0.552552,-0.65744,-0.055042
ISIC_9765760,0,0.869734,0.003553,-0.18169
ISIC_9767255,0,0.03236,-0.905552,-1.363127
ISIC_9768421,0,1.098325,0.156342,-1.213361
ISIC_9772383,0,-0.695082,-0.226005,-0.64783
ISIC_9775430,0,0.28608,-0.483781,0.358649
ISIC_9776851,0,0.688345,-0.302145,-1.309793
ISIC_9779803,0,-0.2884,0.512024,-0.34524
ISIC_9780632,1,-0.45993,0.161483,0.55113
ISIC_9782083,0,0.234676,-0.1822,-0.250248
ISIC_9785077,1,0.652493,0.273883,0.699196
ISIC_9786863,1,0.252492,0.407534,0.510845
ISIC_9788174,0,-0.280227,0.003562,-0.179149
ISIC_9788545,0,-0.543408,0.283696,-0.385047
ISIC_9791275,0,0.320383,-0.122902,0.946027
ISIC_9792253,0,0.522781,0.111437,-0.578554
ISIC_9792592,0,-0.432885,-0.203904,-1.336117
ISIC_9795458,0,-0.885466,-0.499067,0.241465
ISIC_9797578,0,1.361646,1.106593,0.754731
ISIC_9798721,0,-0.225931,-0.325922,0.143427
ISIC_9799596,0,-0.565144,0.406411,-0.589384
ISIC_9801917,0,-0.164375,0.111308,-0.768158
ISIC_9802008,0,-0.785545,-0.016682,0.115889
ISIC_9803747,0,-0.102596,-0.458595,0.539006
ISIC_9806131,0,0.780892,0.522507,0.68595
ISIC_9808863,0,-0.413868,-1.048832,-0.755202
ISIC_9810276,0,-1.767213,-0.594776,-0.022674
ISIC_9815788,0,0.631024,0.142282,0.343952
ISIC_9819223,0,0.11896,0.346139,0.235781
ISIC_9820910,0,-0.693441,-0.750445,-0.984721
ISIC_9822350,0,0.386959,-0.565603,0.081513
ISIC_9822801,0,-0.19413,-1.273223,0.022185
ISIC_9826778,0,-0.570381,-1.584936,-0.203166
ISIC_9828053,0,-0.618233,-0.635717,-0.676347
ISIC_9828853,0,0.365345,-0.784991,1.00118
ISIC_9829436,0,-0.310837,-0.249645,-1.532209
ISIC_9829805,0,0.645646,-0.063338,-0.305462
ISIC_9837030,0,-0.87765,-0.117538,-0.405128
ISIC_9842269,0,0.644412,0.423176,-0.94659
ISIC_9847428,0,0.51227,-0.192266,-0.724229
ISIC_9848743,0,0.194723,-0.011998,0.019655
ISIC_9851899,0,-0.435778,-1.333558,-0.871657
ISIC_9852341,0,0.318727,0.355768,-0.95809
ISIC_9854454,0,0.128045,-0.287109,-0.017246
ISIC_9859495,0,-0.610583,0.047622,-0.251033
ISIC_9859873,1,0.673785,0.498227,0.404873
ISIC_9860255,0,-0.577721,-0.048017,-0.071792
ISIC_9860895,0,0.264264,-1.200956,0.541365
ISIC_9863059,0,-1.063572,-0.08375,-0.100019
ISIC_9864402,0,-0.532708,0.179276,-0.935545
ISIC_9865097,0,0.367318,0.593348,0.476185
ISIC_9865814,0,-0.309258,-0.201062,-0.848835
ISIC_9870885,1,0.061882,0.421004,0.752321
ISIC_9874512,0,-0.29513,-0.4866,-0.554685
ISIC_9876004,0,-1.214296,-1.034225,-1.545539
ISIC_9876515,0,0.76036,0.311115,-0.150214
ISIC_9879347,0,-0.358046,-1.38969,-0.88529
ISIC_9879693,0,-0.423575,0.056687,-0.559216
ISIC_9879723,0,0.677969,-0.230455,0.185577
ISIC_9881460,1,-0.255367,1.217682,0.733928
ISIC_9887341,0,-0.138514,-1.473371,0.003861
ISIC_9894782,0,-0.070669,-0.457003,-0.422975
ISIC_9895220,0,-0.581076,-0.418282,-0.445329
ISIC_9895436,0,-0.727392,-0.510462,-0.445461
ISIC_9896801,0,-0.972704,-1.073583,-1.46867
ISIC_9900191,1,0.608841,-0.275838,-0.315399
ISIC_9905633,0,-0.319529,-0.881479,-0.149647
ISIC_9906378,0,0.470439,-0.323977,-0.495173
ISIC_9906799,0,-0.171831,0.128634,1.030692
ISIC_9910791,1,1.069845,0.109136,-0.34221
ISIC_9912475,0,-0.914694,0.013596,-0.227929
ISIC_9913573,0,-0.799921,0.282908,-0.31141
ISIC_9917640,0,-0.791618,-0.44536,-0.240542
ISIC_9918523,0,0.384437,-0.354141,-0.314539
ISIC_9921747,0,1.042776,-0.453084,-0.081578
ISIC_9923630,0,-0.071872,-0.99505,-0.286786
ISIC_9927221,0,-0.18807,0.65126,-1.223121
ISIC_9927486,0,-0.362104,-0.889415,-0.553198
ISIC_9929097,0,0.097323,0.088828,-0.13982
ISIC_9933790,0,-0.491743,0.058649,-0.541656
ISIC_9934037,0,-0.722145,-0.689502,0.036407
ISIC_9935444,0,0.533744,-0.056011,0.423898
ISIC_9936773,0,-0.007034,-0.355528,0.28939
ISIC_9939653,0,-1.128471,-1.269163,-0.428286
ISIC_9939963,0,-0.423837,-0.125684,0.761984
ISIC_9940466,0,0.078092,0.183279,-0.603382
ISIC_9943579,0,-0.332165,-0.114957,-0.624833
ISIC_9944671,0,-0.29177,-0.45646,-0.720143
ISIC_9944714,0,-0.195285,-0.074261,0.229771
ISIC_9947369,0,-0.14969,-0.132355,-0.777247
ISIC_9947624,0,0.421672,-0.608725,-0.478718
ISIC_9948600,0,-0.063511,0.133839,0.897979
ISIC_9948815,0,-1.09939,-1.109205,-0.355261
ISIC_9950866,0,-1.027974,-0.412358,-0.573043
ISIC_9955163,1,0.326701,0.879513,0.930878
ISIC_9956400,0,0.426084,-0.17906,-0.767746
ISIC_9957389,0,-0.694232,-0.895036,-1.194323
ISIC_9958062,0,0.070482,0.699344,0.610553
ISIC_9961652,0,-0.068131,-0.299345,-0.17519
ISIC_9965754,0,-1.017855,-0.713825,-0.773005
ISIC_9969263,0,-0.883269,0.28309,0.20358
ISIC_9969907,0,-0.438006,0.05678,-1.422009
ISIC_9972518,0,-0.490729,0.440019,-0.414032
ISIC_9974299,0,-0.51934,-0.626396,-1.004464
ISIC_9974613,0,0.344415,0.409052,0.078207
ISIC_9977672,0,-1.007888,0.085164,-0.087891
ISIC_9978107,1,-0.801944,-1.376951,-0.745774
ISIC_9978498,0,0.143023,0.001063,0.311285
ISIC_9983696,0,-0.724217,-0.104881,0.321438
ISIC_9986760,0,-0.688761,-0.747798,0.269399
ISIC_9987485,0,-0.142807,-0.527504,-0.002692
ISIC_9989485,0,-0.50121,-0.274052,-0.836178
ISIC_9989617,0,-0.622097,-0.774111,0.153525
ISIC_9989936,0,-1.002026,-0.545106,0.400531
ISIC_9996128,0,0.369877,0.048769,0.07399
