id,pi
ISIC_0071040,2.027801
ISIC_0046416,1.95615
ISIC_0031543,1.935121
ISIC_0066240,1.927636
ISIC_0031077,1.9235
ISIC_0011665,1.908734
ISIC_0073115,1.864149
ISIC_0010108,1.857946
ISIC_0015115,1.845265
ISIC_0056201,1.84049
ISIC_0014985,1.806015
ISIC_0046449,1.8055
ISIC_0059943,1.792218
ISIC_0010503,1.783469
ISIC_0072976,1.750487
ISIC_0023162,1.740296
ISIC_0059216,1.718917
ISIC_0061643,1.714358
ISIC_0034101,1.707161
ISIC_1348843,1.684434
ISIC_0032134,1.680649
ISIC_0057787,1.668642
ISIC_0064318,1.659609
ISIC_0058016,1.656574
ISIC_0067985,1.654215
ISIC_0059671,1.639365
ISIC_0032626,1.635851
ISIC_0059248,1.635752
ISIC_0057009,1.63347
ISIC_0026853,1.61803
ISIC_0033129,1.617096
ISIC_0053810,1.609787
ISIC_0071196,1.607281
ISIC_0011488,1.605152
ISIC_0056271,1.603365
ISIC_0027190,1.603166
ISIC_0065823,1.594426
ISIC_0062935,1.591769
ISIC_0011744,1.588213
ISIC_0055924,1.586287
ISIC_0009931,1.581884
ISIC_0062048,1.576328
ISIC_0060975,1.57447
ISIC_6157226,1.574288
ISIC_0056723,1.572348
ISIC_0015156,1.567461
ISIC_0000042,1.566436
ISIC_0055293,1.561388
ISIC_0063164,1.560865
ISIC_0025195,1.55714
ISIC_0060817,1.55712
ISIC_0066518,1.553358
ISIC_0060266,1.547239
ISIC_0011032,1.546114
ISIC_0014857,1.545213
ISIC_0032624,1.540385
ISIC_0059440,1.536613
ISIC_0011350,1.536538
ISIC_7462953,1.532667
ISIC_0011404,1.527916
ISIC_0064660,1.525481
ISIC_0059855,1.524562
ISIC_0000519,1.523808
ISIC_0010376,1.52269
ISIC_0011988,1.515531
ISIC_0061379,1.515151
ISIC_0011957,1.514812
ISIC_0033925,1.51395
ISIC_0027838,1.509821
ISIC_0064986,1.50039
ISIC_0069667,1.499853
ISIC_0032872,1.498972
ISIC_0033710,1.496441
ISIC_0011753,1.49449
ISIC_5239856,1.494179
ISIC_0010067,1.492861
ISIC_0071388,1.492135
ISIC_9125543,1.490448
ISIC_0000424,1.490139
ISIC_0060297,1.489525
ISIC_0063692,1.489264
ISIC_0072182,1.488188
ISIC_6517082,1.483912
ISIC_0060091,1.483451
ISIC_0071869,1.474098
ISIC_0011007,1.469509
ISIC_0073043,1.46745
ISIC_0065013,1.465819
ISIC_0033616,1.465427
ISIC_0027590,1.465031
ISIC_0063568,1.464766
ISIC_0026868,1.463292
ISIC_0011517,1.462519
ISIC_0054021,1.457639
ISIC_0046344,1.456931
ISIC_0029995,1.453899
ISIC_0069248,1.452537
ISIC_0001112,1.451609
ISIC_0066101,1.449943
ISIC_0000179,1.445319
ISIC_0025512,1.444026
ISIC_0010385,1.440428
ISIC_0011437,1.436514
ISIC_0062204,1.436475
ISIC_3136228,1.428127
ISIC_0011506,1.42472
ISIC_0022661,1.424465
ISIC_0015200,1.424228
ISIC_0067653,1.422726
ISIC_0014912,1.422494
ISIC_0062401,1.422491
ISIC_0010664,1.418549
ISIC_4404772,1.414405
ISIC_0010958,1.412559
ISIC_0011356,1.411419
ISIC_0057963,1.410932
ISIC_0054220,1.409693
ISIC_0058022,1.409024
ISIC_0063753,1.408098
ISIC_0068744,1.404491
ISIC_0062160,1.397638
ISIC_0053791,1.396604
ISIC_0053542,1.393266
ISIC_0024702,1.393118
ISIC_0062575,1.390683
ISIC_0057518,1.390443
ISIC_0031795,1.390079
ISIC_0046647,1.386326
ISIC_5415749,1.382048
ISIC_0028655,1.379018
ISIC_9509757,1.378602
ISIC_1693572,1.377201
ISIC_0069995,1.376347
ISIC_0000174,1.375889
ISIC_0012066,1.372828
ISIC_0027832,1.369283
ISIC_7564545,1.368753
ISIC_4980656,1.365359
ISIC_0056677,1.365248
ISIC_0062463,1.363495
ISIC_0026559,1.362416
ISIC_0063601,1.361619
ISIC_0025800,1.36095
ISIC_0010690,1.35877
ISIC_0067206,1.358162
ISIC_0030929,1.356056
ISIC_6767569,1.355151
ISIC_0033359,1.354225
ISIC_6512653,1.349913
ISIC_3026660,1.349223
ISIC_0058837,1.348052
ISIC_0055404,1.347091
ISIC_0031977,1.346203
ISIC_0067521,1.345448
ISIC_0010775,1.344935
ISIC_0021442,1.343493
ISIC_0069411,1.341836
ISIC_0062031,1.340379
ISIC_0025927,1.33798
ISIC_0000031,1.336679
ISIC_0000167,1.335082
ISIC_0065313,1.333435
ISIC_0031389,1.333321
ISIC_0072568,1.332569
ISIC_0032369,1.331708
ISIC_0010863,1.32886
ISIC_0064563,1.328699
ISIC_0073136,1.327817
ISIC_0046471,1.327313
ISIC_0345607,1.326828
ISIC_0065346,1.32539
ISIC_0067443,1.325295
ISIC_0055931,1.322479
ISIC_5397483,1.322068
ISIC_5298608,1.320721
ISIC_0000310,1.320042
ISIC_3256887,1.317492
ISIC_0010235,1.317437
ISIC_0029705,1.31507
ISIC_0057188,1.313988
ISIC_0011388,1.312803
ISIC_4957216,1.310437
ISIC_0000277,1.310332
ISIC_0034166,1.308754
ISIC_0034134,1.308677
ISIC_0011702,1.306896
ISIC_0027684,1.303733
ISIC_0063988,1.303503
ISIC_0014703,1.300541
ISIC_0033752,1.300004
ISIC_0055701,1.299301
ISIC_0001157,1.298549
ISIC_0060962,1.29778
ISIC_0060621,1.29682
ISIC_0056849,1.296249
ISIC_0011286,1.296017
ISIC_0061199,1.292825
ISIC_0010886,1.292479
ISIC_2776906,1.290567
ISIC_0072353,1.290527
ISIC_0060397,1.288942
ISIC_0030183,1.287557
ISIC_0061685,1.287293
ISIC_0064023,1.285816
ISIC_3738751,1.283611
ISIC_0072624,1.282384
ISIC_0034117,1.279865
ISIC_4730433,1.278902
ISIC_0000022,1.27843
ISIC_0029914,1.277205
ISIC_0011794,1.276386
ISIC_8509219,1.276297
ISIC_9324486,1.276266
ISIC_0034100,1.275842
ISIC_0013341,1.275436
ISIC_0072418,1.274746
ISIC_0061580,1.271586
ISIC_0011947,1.270969
ISIC_0063018,1.270437
ISIC_0011697,1.26986
ISIC_0066399,1.269341
ISIC_0055251,1.268343
ISIC_0055393,1.266992
ISIC_0024545,1.266537
ISIC_7935989,1.266033
ISIC_5216586,1.265166
ISIC_0010050,1.265024
ISIC_0011933,1.264415
ISIC_0046773,1.26417
ISIC_0054341,1.26371
ISIC_0011703,1.263438
ISIC_0025472,1.263313
ISIC_0054886,1.263258
ISIC_0015258,1.262484
ISIC_0067953,1.261739
ISIC_5662381,1.2615
ISIC_0000303,1.259974
ISIC_0013565,1.259529
ISIC_1520897,1.259314
ISIC_0063319,1.258617
ISIC_0054982,1.258478
ISIC_0011645,1.25821
ISIC_0065582,1.255447
ISIC_0063842,1.249997
ISIC_0010140,1.247447
ISIC_0001142,1.247054
ISIC_0062827,1.246865
ISIC_1885174,1.245721
ISIC_0029591,1.242303
ISIC_0031338,1.241391
ISIC_0033562,1.241298
ISIC_0024999,1.239698
ISIC_0068975,1.239491
ISIC_0010629,1.239322
ISIC_9008095,1.237549
ISIC_0011369,1.237465
ISIC_0054248,1.237374
ISIC_0057656,1.235525
ISIC_8704257,1.233729
ISIC_0000172,1.233463
ISIC_0014189,1.23288
ISIC_0011527,1.231666
ISIC_0058206,1.231386
ISIC_0064270,1.230736
ISIC_0069351,1.230599
ISIC_0033194,1.229874
ISIC_0027102,1.228639
ISIC_0024961,1.227839
ISIC_0026770,1.22766
ISIC_0066476,1.226487
ISIC_5564757,1.226446
ISIC_4119029,1.226107
ISIC_0055246,1.225398
ISIC_0025996,1.224779
ISIC_0033668,1.22476
ISIC_0061606,1.223072
ISIC_0029353,1.222747
ISIC_0058071,1.222117
ISIC_0034304,1.221943
ISIC_7369690,1.221678
ISIC_0011870,1.221524
ISIC_0034233,1.219939
ISIC_0032993,1.219565
ISIC_0013672,1.21885
ISIC_0014559,1.218405
ISIC_0000444,1.217954
ISIC_9881460,1.217682
ISIC_1996356,1.217485
ISIC_0062313,1.216435
ISIC_0014883,1.215177
ISIC_5762714,1.214805
ISIC_7242312,1.214712
ISIC_0028412,1.213757
ISIC_0030552,1.213471
ISIC_0032005,1.213357
ISIC_0033261,1.212944
ISIC_0062161,1.212883
ISIC_0054123,1.212222
ISIC_9141817,1.209836
ISIC_0046672,1.209624
ISIC_0034094,1.207939
ISIC_0072175,1.207643
ISIC_0064006,1.205941
ISIC_9099430,1.205602
ISIC_0028361,1.204343
ISIC_0000459,1.204297
ISIC_0061265,1.203212
ISIC_0011757,1.20311
ISIC_0032522,1.202375
ISIC_0069620,1.200945
ISIC_0071133,1.200473
ISIC_0070074,1.199548
ISIC_0069986,1.199302
ISIC_8073555,1.199217
ISIC_0015390,1.198829
ISIC_0060355,1.198399
ISIC_0011348,1.198172
ISIC_0015136,1.197334
ISIC_0025327,1.196719
ISIC_0026188,1.19656
ISIC_0061475,1.196545
ISIC_0011995,1.196216
ISIC_0067808,1.196123
ISIC_0000301,1.195765
ISIC_0011695,1.195563
ISIC_2904067,1.194082
ISIC_0032597,1.19334
ISIC_1783062,1.192807
ISIC_0062241,1.192689
ISIC_0012069,1.192062
ISIC_0065421,1.191008
ISIC_0070250,1.190378
ISIC_0033428,1.190288
ISIC_0059547,1.188632
ISIC_0064943,1.187632
ISIC_0029212,1.184809
ISIC_0069668,1.184103
ISIC_0000150,1.183127
ISIC_0010398,1.182765
ISIC_0032547,1.180134
ISIC_0058174,1.178181
ISIC_0261253,1.177131
ISIC_7694028,1.176935
ISIC_0054885,1.175657
ISIC_0056119,1.175626
ISIC_0065774,1.174256
ISIC_0061315,1.170326
ISIC_8127578,1.16934
ISIC_0069192,1.168204
ISIC_0032771,1.168109
ISIC_0010382,1.167938
ISIC_0064427,1.166975
ISIC_0890398,1.166947
ISIC_0011642,1.166453
ISIC_0033492,1.164416
ISIC_0031752,1.16379
ISIC_0011692,1.163089
ISIC_0033004,1.162708
ISIC_5751956,1.162058
ISIC_7358691,1.161734
ISIC_0064589,1.161194
ISIC_0032244,1.159972
ISIC_0032726,1.15953
ISIC_0030423,1.159429
ISIC_0027069,1.156727
ISIC_0054459,1.156449
ISIC_0001108,1.155805
ISIC_2219050,1.155345
ISIC_0032420,1.155317
ISIC_9223679,1.153757
ISIC_0054146,1.153076
ISIC_0502582,1.150874
ISIC_0046526,1.150541
ISIC_0046626,1.150442
ISIC_0000173,1.149943
ISIC_0047004,1.149354
ISIC_0069595,1.14765
ISIC_0025520,1.146994
ISIC_0054317,1.145993
ISIC_0058315,1.145596
ISIC_0064907,1.145359
ISIC_0071050,1.145335
ISIC_0027187,1.144962
ISIC_7016261,1.144617
ISIC_0065128,1.144469
ISIC_0030798,1.143543
ISIC_0067170,1.141202
ISIC_0064406,1.140472
ISIC_0031170,1.137412
ISIC_0066952,1.137187
ISIC_0032248,1.136502
ISIC_0030119,1.13611
ISIC_0064342,1.135814
ISIC_0053742,1.135679
ISIC_0060893,1.135226
ISIC_0054229,1.13517
ISIC_0067097,1.134691
ISIC_0027072,1.134276
ISIC_0072221,1.134246
ISIC_8747095,1.134077
ISIC_0033068,1.133597
ISIC_9317929,1.133075
ISIC_0062364,1.133039
ISIC_0501108,1.133034
ISIC_0012057,1.132958
ISIC_3207651,1.131882
ISIC_5330187,1.130551
ISIC_0000484,1.130325
ISIC_0068886,1.129372
ISIC_5922588,1.128725
ISIC_5867911,1.127974
ISIC_0015436,1.127949
ISIC_8566006,1.126275
ISIC_0011922,1.125358
ISIC_0061293,1.124968
ISIC_0001110,1.124779
ISIC_0069373,1.123692
ISIC_0346815,1.122522
ISIC_0062765,1.12231
ISIC_0032476,1.122271
ISIC_0026302,1.122078
ISIC_8530010,1.121055
ISIC_0059707,1.120775
ISIC_5110133,1.119595
ISIC_0062318,1.119172
ISIC_0030417,1.118902
ISIC_0011693,1.118243
ISIC_0029513,1.117305
ISIC_0024652,1.116171
ISIC_4525317,1.116048
ISIC_0024656,1.114936
ISIC_0001152,1.114856
ISIC_0013073,1.11454
ISIC_0072748,1.113402
ISIC_0031303,1.112665
ISIC_0000072,1.111444
ISIC_0033621,1.111282
ISIC_0066429,1.109218
ISIC_0028567,1.108452
ISIC_1369967,1.107461
ISIC_0010308,1.107349
ISIC_0070170,1.107267
ISIC_0061848,1.107195
ISIC_9797578,1.106593
ISIC_0060481,1.106511
ISIC_0058138,1.106081
ISIC_6228963,1.105392
ISIC_0011375,1.105073
ISIC_0064120,1.104307
ISIC_7032028,1.104097
ISIC_0061915,1.103596
ISIC_6178099,1.103463
ISIC_0059897,1.10133
ISIC_0032736,1.100626
ISIC_6227397,1.099986
ISIC_0014846,1.099331
ISIC_0057067,1.098482
ISIC_0059330,1.097547
ISIC_0029026,1.096748
ISIC_0057155,1.096603
ISIC_0027751,1.096472
ISIC_0063824,1.096434
ISIC_0010925,1.09576
ISIC_0010209,1.09561
ISIC_0028024,1.094683
ISIC_8241457,1.093547
ISIC_0504165,1.092332
ISIC_5951430,1.091949
ISIC_5837098,1.091872
ISIC_9072567,1.091644
ISIC_0055169,1.091245
ISIC_0026352,1.090749
ISIC_0014695,1.090524
ISIC_0033856,1.090121
ISIC_0011862,1.089881
ISIC_0063961,1.087744
ISIC_0055022,1.08771
ISIC_0010289,1.087258
ISIC_0010540,1.087199
ISIC_2355513,1.087071
ISIC_0012988,1.087041
ISIC_0029574,1.086957
ISIC_0010772,1.085473
ISIC_0024229,1.085394
ISIC_0058666,1.085145
ISIC_0034068,1.084489
ISIC_0065535,1.083352
ISIC_0071069,1.082828
ISIC_0033520,1.082709
ISIC_0013618,1.082696
ISIC_0065748,1.081992
ISIC_3094758,1.081837
ISIC_0033117,1.081659
ISIC_0046223,1.081233
ISIC_0057655,1.08109
ISIC_0061583,1.08004
ISIC_0067339,1.079423
ISIC_0054954,1.079211
ISIC_0333091,1.078765
ISIC_0031550,1.077575
ISIC_0014790,1.077346
ISIC_0070163,1.076244
ISIC_0011648,1.076134
ISIC_0059891,1.075995
ISIC_0067205,1.075455
ISIC_0062301,1.075234
ISIC_0010923,1.074962
ISIC_0064877,1.074908
ISIC_0010295,1.074728
ISIC_0010971,1.074715
ISIC_0063680,1.074417
ISIC_0058647,1.073577
ISIC_0016145,1.0733
ISIC_0011691,1.073027
ISIC_0055147,1.071516
ISIC_0011365,1.071482
ISIC_0014975,1.071247
ISIC_0064860,1.070493
ISIC_3166535,1.069162
ISIC_0000135,1.068732
ISIC_0011696,1.068563
ISIC_0072496,1.06843
ISIC_0032823,1.068423
ISIC_0034209,1.067982
ISIC_0066289,1.065281
ISIC_4890201,1.064964
ISIC_0064066,1.063531
ISIC_8160596,1.063403
ISIC_0056921,1.063078
ISIC_0010866,1.062557
ISIC_0011234,1.062426
ISIC_2287151,1.062005
ISIC_0000516,1.061447
ISIC_0009886,1.060546
ISIC_0034050,1.060162
ISIC_0010486,1.059786
ISIC_1630301,1.059616
ISIC_0026531,1.059097
ISIC_7172145,1.059093
ISIC_0032544,1.058975
ISIC_0054748,1.058792
ISIC_0030107,1.05824
ISIC_0014987,1.058207
ISIC_0067719,1.056235
ISIC_0067873,1.055822
ISIC_0011403,1.055792
ISIC_0028573,1.054962
ISIC_3481133,1.054489
ISIC_0000292,1.054399
ISIC_0060446,1.053712
ISIC_0063046,1.053666
ISIC_0014486,1.053143
ISIC_0065622,1.052728
ISIC_0066354,1.051954
ISIC_4377208,1.051736
ISIC_0070012,1.051001
ISIC_0010934,1.050907
ISIC_0058625,1.049645
ISIC_0058926,1.049534
ISIC_0071988,1.049315
ISIC_9211072,1.049268
ISIC_0014173,1.049047
ISIC_0010942,1.048811
ISIC_9106601,1.048503
ISIC_0066564,1.047122
ISIC_0046405,1.04598
ISIC_1619814,1.045969
ISIC_0010416,1.045664
ISIC_0025755,1.044875
ISIC_0011463,1.044535
ISIC_0061647,1.044474
ISIC_0065727,1.043686
ISIC_4507700,1.043674
ISIC_0059733,1.043163
ISIC_6561111,1.042786
ISIC_6813359,1.042784
ISIC_0021713,1.042454
ISIC_0033479,1.041605
ISIC_0034006,1.041536
ISIC_0029909,1.041372
ISIC_0054705,1.040719
ISIC_0010349,1.040365
ISIC_0053916,1.040072
ISIC_0029374,1.039514
ISIC_7453676,1.03853
ISIC_1888865,1.038254
ISIC_7973598,1.038062
ISIC_0015180,1.037594
ISIC_0068895,1.037368
ISIC_8194835,1.03736
ISIC_0069933,1.037359
ISIC_4508878,1.037053
ISIC_0071434,1.036537
ISIC_0056406,1.03652
ISIC_0058149,1.03577
ISIC_0063168,1.035151
ISIC_0011626,1.033434
ISIC_0030970,1.033411
ISIC_0059314,1.031942
ISIC_2071966,1.031715
ISIC_0002675,1.031346
ISIC_0011460,1.030752
ISIC_0027104,1.030444
ISIC_0011491,1.030394
ISIC_0033878,1.030358
ISIC_1241817,1.029344
ISIC_0010415,1.027562
ISIC_4363603,1.027553
ISIC_0072136,1.027115
ISIC_0060968,1.025376
ISIC_0033713,1.025281
ISIC_0011848,1.025154
ISIC_0010714,1.024941
ISIC_0073173,1.024852
ISIC_0001104,1.024764
ISIC_0061108,1.02452
ISIC_5383064,1.024229
ISIC_8931948,1.0227
ISIC_0060403,1.022033
ISIC_0010280,1.021463
ISIC_0032190,1.020865
ISIC_0070588,1.020652
ISIC_0000466,1.020014
ISIC_5203791,1.019562
ISIC_0009940,1.019053
ISIC_0057949,1.018526
ISIC_0072382,1.018358
ISIC_8124482,1.017665
ISIC_0011526,1.017577
ISIC_0066012,1.017362
ISIC_3319229,1.016489
ISIC_0062382,1.015701
ISIC_0053485,1.015469
ISIC_5247508,1.014752
ISIC_0027359,1.013642
ISIC_0058177,1.010769
ISIC_0064124,1.00992
ISIC_0027839,1.009729
ISIC_0056788,1.009682
ISIC_8929288,1.009321
ISIC_0011495,1.008222
ISIC_0068234,1.007865
ISIC_0027749,1.007564
ISIC_0033058,1.005917
ISIC_0030784,1.005452
ISIC_0033696,1.004332
ISIC_0010131,1.003587
ISIC_0026781,1.003399
ISIC_8748070,1.002626
ISIC_6220625,1.002416
ISIC_0010938,1.001997
ISIC_0009100,1.00156
ISIC_0027411,1.000868
ISIC_0058098,0.999855
ISIC_0067733,0.99954
ISIC_0062234,0.999535
ISIC_0047031,0.999525
ISIC_0014541,0.999288
ISIC_0011130,0.999065
ISIC_0068798,0.998394
ISIC_0032510,0.998307
ISIC_0062525,0.99788
ISIC_0064863,0.997797
ISIC_0068580,0.997761
ISIC_0054914,0.997406
ISIC_0030852,0.997386
ISIC_7642142,0.997079
ISIC_0034002,0.996532
ISIC_0011505,0.995063
ISIC_9053910,0.994486
ISIC_0511526,0.993652
ISIC_0054167,0.993203
ISIC_0054329,0.992857
ISIC_0059773,0.991928
ISIC_3338629,0.991854
ISIC_0033226,0.991419
ISIC_0029216,0.991332
ISIC_8990907,0.991295
ISIC_0014766,0.989856
ISIC_0063447,0.989574
ISIC_0071944,0.988962
ISIC_4136591,0.98883
ISIC_0032873,0.988428
ISIC_0015041,0.988226
ISIC_0411688,0.988087
ISIC_0011094,0.987789
ISIC_3009877,0.987403
ISIC_0064033,0.986854
ISIC_8175453,0.985624
ISIC_0057286,0.985595
ISIC_0055087,0.985567
ISIC_0062114,0.985492
ISIC_0056817,0.983268
ISIC_0046706,0.983215
ISIC_0058151,0.983151
ISIC_0011948,0.983139
ISIC_0054334,0.981958
ISIC_0026272,0.981092
ISIC_3684488,0.981008
ISIC_0063742,0.979029
ISIC_0062443,0.978634
ISIC_7740023,0.977868
ISIC_0014527,0.976885
ISIC_0030393,0.975773
ISIC_1344537,0.975772
ISIC_0899961,0.975755
ISIC_0065449,0.975456
ISIC_4554863,0.975406
ISIC_3124612,0.974977
ISIC_5190484,0.974854
ISIC_4049598,0.974397
ISIC_0032718,0.974397
ISIC_5581931,0.974371
ISIC_0033202,0.974329
ISIC_0016128,0.972322
ISIC_0012054,0.972027
ISIC_0010778,0.971963
ISIC_0011333,0.971843
ISIC_0065469,0.971742
ISIC_0065943,0.970694
ISIC_0028075,0.970498
ISIC_0011930,0.969407
ISIC_0031642,0.969121
ISIC_0062407,0.968522
ISIC_0067172,0.967174
ISIC_0013473,0.966889
ISIC_1369273,0.966019
ISIC_0058428,0.965602
ISIC_3936223,0.965418
ISIC_0026438,0.965281
ISIC_0059987,0.964828
ISIC_1616031,0.964137
ISIC_0011349,0.964127
ISIC_0484171,0.964118
ISIC_0015167,0.964107
ISIC_0029198,0.964097
ISIC_0033534,0.964073
ISIC_0000401,0.96387
ISIC_0013740,0.963791
ISIC_9540825,0.963741
ISIC_0011446,0.963354
ISIC_0061029,0.962933
ISIC_6684042,0.962041
ISIC_4229473,0.961403
ISIC_0062077,0.959303
ISIC_0064010,0.958976
ISIC_0011924,0.958545
ISIC_0032192,0.958319
ISIC_0024962,0.958086
ISIC_0060380,0.957877
ISIC_0059336,0.957806
ISIC_0033555,0.957738
ISIC_0160831,0.95688
ISIC_0034059,0.956662
ISIC_0205127,0.955361
ISIC_0025778,0.955238
ISIC_0024307,0.954577
ISIC_0025841,0.954531
ISIC_2724278,0.954481
ISIC_0025231,0.954389
ISIC_0029744,0.954268
ISIC_8679617,0.954184
ISIC_0062997,0.952773
ISIC_0055367,0.95263
ISIC_0450295,0.952477
ISIC_0030106,0.952123
ISIC_0011435,0.951715
ISIC_0070003,0.951685
ISIC_0053469,0.951594
ISIC_0026115,0.95128
ISIC_0071806,0.951269
ISIC_4398011,0.950009
ISIC_0071180,0.950008
ISIC_2554114,0.949335
ISIC_0055781,0.949035
ISIC_9521776,0.948871
ISIC_0081584,0.948742
ISIC_0000463,0.948034
ISIC_7877488,0.947701
ISIC_7664137,0.947365
ISIC_0011778,0.946906
ISIC_1668831,0.946504
ISIC_0030901,0.944704
ISIC_5204408,0.944508
ISIC_4411889,0.944355
ISIC_0062111,0.944004
ISIC_0053617,0.943188
ISIC_8986997,0.942841
ISIC_0028520,0.942185
ISIC_0054527,0.941865
ISIC_0014171,0.941806
ISIC_0034237,0.941673
ISIC_0072429,0.940936
ISIC_0010749,0.940419
ISIC_8922893,0.940332
ISIC_0030824,0.940191
ISIC_0065204,0.939744
ISIC_0058376,0.939694
ISIC_0073227,0.939563
ISIC_6069236,0.93954
ISIC_7788318,0.9389
ISIC_0011733,0.93883
ISIC_0031843,0.938666
ISIC_0010267,0.938658
ISIC_0058040,0.938103
ISIC_3824206,0.937898
ISIC_0028114,0.937847
ISIC_0066355,0.936288
ISIC_0458561,0.934906
ISIC_0011013,0.934427
ISIC_0046900,0.933844
ISIC_7341401,0.932281
ISIC_0014308,0.931553
ISIC_0058158,0.931181
ISIC_7927525,0.930597
ISIC_0054770,0.930437
ISIC_0060321,0.930423
ISIC_0029652,0.930354
ISIC_0626501,0.930069
ISIC_0034216,0.929179
ISIC_0034049,0.929151
ISIC_0054988,0.928485
ISIC_0065740,0.928287
ISIC_0068218,0.928222
ISIC_1818238,0.928218
ISIC_6176182,0.927916
ISIC_0058676,0.927234
ISIC_3391427,0.923555
ISIC_2266857,0.92304
ISIC_0061829,0.923039
ISIC_0028986,0.92302
ISIC_0055265,0.922819
ISIC_0030833,0.922643
ISIC_1247683,0.921585
ISIC_0024427,0.921094
ISIC_0029736,0.920922
ISIC_0026664,0.920269
ISIC_0015046,0.920113
ISIC_7349772,0.919883
ISIC_6557194,0.919369
ISIC_8907232,0.919314
ISIC_9024529,0.91813
ISIC_6905623,0.91803
ISIC_0014548,0.917752
ISIC_0067801,0.917743
ISIC_4026540,0.917459
ISIC_0029071,0.916698
ISIC_0024235,0.916234
ISIC_9101055,0.915364
ISIC_0025409,0.915264
ISIC_0000462,0.915255
ISIC_0032892,0.913291
ISIC_3436033,0.912498
ISIC_0055003,0.912482
ISIC_0055024,0.912299
ISIC_0026266,0.912214
ISIC_0072393,0.912033
ISIC_0055079,0.911419
ISIC_6556622,0.911389
ISIC_0066053,0.911189
ISIC_0061224,0.91066
ISIC_0010909,0.909553
ISIC_0025491,0.90949
ISIC_9210255,0.909073
ISIC_0033589,0.908465
ISIC_6709052,0.907702
ISIC_0027060,0.907264
ISIC_9263990,0.906917
ISIC_3395488,0.906533
ISIC_0072953,0.905526
ISIC_0028207,0.904904
ISIC_0056983,0.904429
ISIC_0010040,0.904248
ISIC_0069645,0.904026
ISIC_7899041,0.903776
ISIC_0064247,0.903714
ISIC_0990298,0.903412
ISIC_0058649,0.903057
ISIC_3346045,0.901757
ISIC_0030122,0.901245
ISIC_0015401,0.901114
ISIC_0027149,0.899909
ISIC_0011484,0.899884
ISIC_0001101,0.899238
ISIC_0012081,0.898105
ISIC_3996796,0.898104
ISIC_0046340,0.897718
ISIC_1601532,0.897466
ISIC_9688534,0.897195
ISIC_0029478,0.897036
ISIC_0033586,0.896449
ISIC_0034012,0.896421
ISIC_3716504,0.896296
ISIC_0059601,0.895954
ISIC_6404049,0.895727
ISIC_0071771,0.89545
ISIC_0072010,0.895316
ISIC_0057913,0.895272
ISIC_0010611,0.895132
ISIC_0011958,0.894877
ISIC_0010752,0.893804
ISIC_7587869,0.893741
ISIC_5826878,0.893517
ISIC_5614446,0.893444
ISIC_6446753,0.892669
ISIC_0033024,0.892347
ISIC_0068961,0.891658
ISIC_0032671,0.891392
ISIC_8777813,0.889627
ISIC_9094080,0.887576
ISIC_0029698,0.887015
ISIC_7299025,0.886924
ISIC_0025500,0.886372
ISIC_0011315,0.886006
ISIC_0031561,0.885618
ISIC_5111521,0.885106
ISIC_3897960,0.883084
ISIC_0000000,0.882856
ISIC_0072714,0.882851
ISIC_0055759,0.882698
ISIC_0046659,0.881605
ISIC_0033981,0.881498
ISIC_6899527,0.880875
ISIC_0068048,0.880652
ISIC_0054292,0.880138
ISIC_7236365,0.880056
ISIC_0072828,0.879918
ISIC_5194705,0.879581
ISIC_0000296,0.879567
ISIC_9955163,0.879513
ISIC_8617084,0.879511
ISIC_0029433,0.879236
ISIC_0770920,0.878441
ISIC_0024624,0.878283
ISIC_0064113,0.877952
ISIC_0015193,0.877783
ISIC_0033454,0.87732
ISIC_0069167,0.877222
ISIC_0056501,0.877042
ISIC_0065513,0.876832
ISIC_0030047,0.876021
ISIC_0072977,0.875946
ISIC_5123817,0.87531
ISIC_0011752,0.875203
ISIC_0024607,0.875161
ISIC_0031965,0.875111
ISIC_0026586,0.874556
ISIC_6278273,0.874451
ISIC_0056793,0.874117
ISIC_0059551,0.873931
ISIC_0033258,0.873743
ISIC_9294799,0.873651
ISIC_0033424,0.873258
ISIC_0069635,0.873111
ISIC_0030656,0.873068
ISIC_0025744,0.873054
ISIC_0071875,0.871155
ISIC_0011730,0.870391
ISIC_0011895,0.870117
ISIC_0024805,0.869799
ISIC_0061092,0.869352
ISIC_0070009,0.86873
ISIC_0066262,0.868052
ISIC_0058035,0.867454
ISIC_0000030,0.865736
ISIC_0010644,0.865525
ISIC_0472513,0.865436
ISIC_0070940,0.864896
ISIC_0065807,0.864762
ISIC_0033512,0.864517
ISIC_0053725,0.864019
ISIC_0031784,0.863813
ISIC_0034162,0.863687
ISIC_0054851,0.863604
ISIC_3585381,0.863324
ISIC_1578253,0.862762
ISIC_2310935,0.862263
ISIC_0032596,0.862071
ISIC_0062058,0.861934
ISIC_0063748,0.861511
ISIC_0011627,0.861391
ISIC_0024853,0.859874
ISIC_0033472,0.859855
ISIC_0067253,0.857515
ISIC_0001138,0.856985
ISIC_2007396,0.856854
ISIC_0014186,0.855117
ISIC_0056860,0.855102
ISIC_1071355,0.854353
ISIC_5324623,0.853031
ISIC_0032672,0.852939
ISIC_0068176,0.852406
ISIC_4509925,0.851511
ISIC_0030694,0.851368
ISIC_0071303,0.850812
ISIC_6452498,0.850407
ISIC_0054185,0.850317
ISIC_2221217,0.849625
ISIC_6298228,0.849449
ISIC_0029716,0.849403
ISIC_0054332,0.848931
ISIC_2998367,0.848526
ISIC_0066106,0.848242
ISIC_4933735,0.848211
ISIC_0060390,0.847081
ISIC_0027669,0.846791
ISIC_4834687,0.84659
ISIC_4118762,0.845478
ISIC_0033957,0.84532
ISIC_0000539,0.845025
ISIC_0028319,0.843918
ISIC_0067979,0.843821
ISIC_0055191,0.843752
ISIC_0024864,0.843514
ISIC_0060341,0.843387
ISIC_0000517,0.843087
ISIC_2461360,0.842715
ISIC_0059390,0.842325
ISIC_0030820,0.84222
ISIC_0058063,0.841983
ISIC_0011493,0.841691
ISIC_0058496,0.840765
ISIC_0031397,0.8399
ISIC_0057180,0.839824
ISIC_0013731,0.839354
ISIC_0027170,0.839278
ISIC_0026699,0.83875
ISIC_0301568,0.838738
ISIC_0067308,0.838704
ISIC_1979534,0.838659
ISIC_0010061,0.838304
ISIC_0060696,0.838277
ISIC_0026795,0.838206
ISIC_0029363,0.83769
ISIC_0014891,0.837371
ISIC_0070254,0.836338
ISIC_0579562,0.836154
ISIC_0028606,0.835014
ISIC_0054048,0.834198
ISIC_7104307,0.83359
ISIC_0033692,0.833194
ISIC_0029630,0.83308
ISIC_3761253,0.833001
ISIC_0028929,0.831894
ISIC_0064141,0.831698
ISIC_3430953,0.831293
ISIC_0053686,0.830911
ISIC_4836699,0.830303
ISIC_0026802,0.830118
ISIC_0070285,0.829793
ISIC_0000163,0.829447
ISIC_5777181,0.829078
ISIC_0010663,0.828969
ISIC_0025413,0.827972
ISIC_4343552,0.827289
ISIC_1444154,0.827127
ISIC_0057199,0.827114
ISIC_5273029,0.82691
ISIC_0011434,0.826349
ISIC_0059294,0.825605
ISIC_0027036,0.824999
ISIC_0033959,0.824756
ISIC_0057016,0.82457
ISIC_0066749,0.82198
ISIC_0000553,0.821766
ISIC_0463755,0.821239
ISIC_1605945,0.821028
ISIC_0069204,0.820989
ISIC_0034140,0.820689
ISIC_4208361,0.820624
ISIC_0067727,0.82014
ISIC_0058768,0.820129
ISIC_0033368,0.819894
ISIC_0070822,0.818508
ISIC_0056364,0.818304
ISIC_0032372,0.817441
ISIC_7484771,0.816009
ISIC_6973257,0.815998
ISIC_0030060,0.815384
ISIC_2283628,0.814476
ISIC_0056572,0.814212
ISIC_1638436,0.813582
ISIC_6159783,0.812908
ISIC_0011894,0.812695
ISIC_0024900,0.812364
ISIC_8172822,0.812188
ISIC_0015204,0.812093
ISIC_0010014,0.811409
ISIC_0011219,0.811382
ISIC_0071430,0.810868
ISIC_0000305,0.810721
ISIC_3296136,0.810229
ISIC_0032887,0.809483
ISIC_4468148,0.808917
ISIC_0070435,0.80874
ISIC_0056710,0.808477
ISIC_5964676,0.808355
ISIC_0057328,0.808269
ISIC_0012055,0.807929
ISIC_0010478,0.80732
ISIC_0010729,0.80726
ISIC_0067564,0.806952
ISIC_0010587,0.806641
ISIC_0067565,0.806577
ISIC_7953039,0.806188
ISIC_0054625,0.805936
ISIC_0010278,0.805778
ISIC_0046224,0.805526
ISIC_0025277,0.805264
ISIC_9439034,0.805032
ISIC_0068407,0.804854
ISIC_7717907,0.804834
ISIC_1457687,0.804394
ISIC_0025904,0.804327
ISIC_4187485,0.804025
ISIC_0031295,0.803381
ISIC_0056740,0.803123
ISIC_0009894,0.802875
ISIC_7030404,0.802802
ISIC_0033885,0.802442
ISIC_0073238,0.802077
ISIC_0058658,0.802048
ISIC_0032492,0.801983
ISIC_3613392,0.801794
ISIC_0071576,0.801351
ISIC_0069250,0.800585
ISIC_4240225,0.800334
ISIC_8325260,0.79948
ISIC_0061559,0.799167
ISIC_0078703,0.799043
ISIC_0010912,0.798894
ISIC_0061918,0.798538
ISIC_0016131,0.798268
ISIC_0032019,0.797938
ISIC_0010808,0.797511
ISIC_0034046,0.797501
ISIC_8428097,0.797311
ISIC_5315062,0.796817
ISIC_0069558,0.796639
ISIC_0065521,0.796576
ISIC_0030749,0.796559
ISIC_0011092,0.79636
ISIC_3565564,0.796027
ISIC_0015071,0.795391
ISIC_0028022,0.794381
ISIC_0067601,0.793791
ISIC_0055608,0.793737
ISIC_0025987,0.793733
ISIC_0026738,0.793675
ISIC_2987613,0.793488
ISIC_0030616,0.793342
ISIC_0058909,0.793328
ISIC_0000077,0.793057
ISIC_0014629,0.793007
ISIC_0064102,0.792854
ISIC_0013588,0.791602
ISIC_0067614,0.791019
ISIC_0069536,0.790516
ISIC_0010527,0.790405
ISIC_0053541,0.789807
ISIC_0025796,0.789681
ISIC_0068950,0.788964
ISIC_0060096,0.788809
ISIC_7373074,0.788577
ISIC_3352799,0.787963
ISIC_0026081,0.787906
ISIC_4529092,0.787824
ISIC_7098141,0.787754
ISIC_0010240,0.787658
ISIC_2702929,0.78761
ISIC_0031926,0.78698
ISIC_0026909,0.786332
ISIC_1175291,0.785956
ISIC_0033299,0.785743
ISIC_0061300,0.785697
ISIC_6225409,0.78566
ISIC_0046441,0.7856
ISIC_0024701,0.785317
ISIC_3673517,0.785001
ISIC_0010034,0.784734
ISIC_0033149,0.784609
ISIC_0057978,0.784583
ISIC_0014480,0.784534
ISIC_7844825,0.784473
ISIC_0070051,0.78429
ISIC_0013636,0.783463
ISIC_2975580,0.782746
ISIC_0072612,0.782593
ISIC_8869929,0.782375
ISIC_0012369,0.782328
ISIC_0056739,0.782129
ISIC_0054312,0.782108
ISIC_0033843,0.7821
ISIC_0027067,0.781967
ISIC_0064936,0.781714
ISIC_3236964,0.780719
ISIC_0033392,0.780407
ISIC_0010426,0.780212
ISIC_0378399,0.779953
ISIC_0403458,0.779914
ISIC_9303849,0.778795
ISIC_0579047,0.778216
ISIC_1937197,0.778075
ISIC_7797655,0.777261
ISIC_5364330,0.777177
ISIC_0010433,0.777086
ISIC_0056799,0.776819
ISIC_0057259,0.776724
ISIC_0033476,0.776554
ISIC_0033549,0.775585
ISIC_1939413,0.775282
ISIC_0175530,0.772883
ISIC_0059506,0.772661
ISIC_0046622,0.772618
ISIC_0064997,0.772244
ISIC_0010916,0.771765
ISIC_0375034,0.771414
ISIC_0009924,0.770868
ISIC_0025127,0.770733
ISIC_1499915,0.770129
ISIC_5602826,0.769658
ISIC_0065181,0.769286
ISIC_2822718,0.769093
ISIC_7074321,0.768837
ISIC_0025751,0.768584
ISIC_1413120,0.768054
ISIC_8569205,0.767838
ISIC_7196249,0.767759
ISIC_0010746,0.767755
ISIC_0057164,0.767665
ISIC_0011422,0.766628
ISIC_0072377,0.766575
ISIC_0053555,0.766159
ISIC_0033473,0.76537
ISIC_0032913,0.765165
ISIC_5307210,0.764172
ISIC_3810274,0.763862
ISIC_0028788,0.763834
ISIC_0013316,0.762928
ISIC_0011529,0.762908
ISIC_0070137,0.762772
ISIC_0028418,0.761825
ISIC_0066379,0.761486
ISIC_2163734,0.76137
ISIC_6792899,0.760201
ISIC_0000549,0.759927
ISIC_0014782,0.759673
ISIC_0027089,0.759606
ISIC_2457024,0.759515
ISIC_2412113,0.759123
ISIC_0059411,0.758241
ISIC_0028718,0.757915
ISIC_0034256,0.756682
ISIC_0071367,0.755865
ISIC_0063664,0.755545
ISIC_2341875,0.753621
ISIC_0071834,0.753508
ISIC_0001141,0.753194
ISIC_7539727,0.753186
ISIC_0054677,0.752785
ISIC_0025571,0.752296
ISIC_8659639,0.751549
ISIC_4120174,0.751518
ISIC_0025145,0.751458
ISIC_0030780,0.75139
ISIC_7501061,0.750866
ISIC_0296109,0.750059
ISIC_0011458,0.749835
ISIC_0000166,0.749349
ISIC_8493108,0.749156
ISIC_0062005,0.748823
ISIC_0011276,0.748767
ISIC_1382271,0.748461
ISIC_0011520,0.74834
ISIC_9351418,0.747772
ISIC_0010655,0.747464
ISIC_0063300,0.746686
ISIC_2918128,0.746261
ISIC_0025508,0.745079
ISIC_2558816,0.744764
ISIC_0031350,0.744715
ISIC_0011869,0.744597
ISIC_2354070,0.74437
ISIC_0010231,0.744219
ISIC_0030943,0.744211
ISIC_7334117,0.74411
ISIC_0033369,0.743893
ISIC_7666224,0.74386
ISIC_0056717,0.743243
ISIC_0032549,0.742628
ISIC_0482585,0.742482
ISIC_8211214,0.742229
ISIC_0032960,0.742032
ISIC_7466678,0.741771
ISIC_0033168,0.741762
ISIC_7662910,0.741609
ISIC_7809510,0.741471
ISIC_0032981,0.741221
ISIC_0011051,0.741219
ISIC_0027277,0.740845
ISIC_0030080,0.740359
ISIC_0062471,0.740168
ISIC_0066506,0.740056
ISIC_0011701,0.73998
ISIC_0645477,0.739824
ISIC_1189461,0.739736
ISIC_0068153,0.739347
ISIC_0024315,0.739313
ISIC_0010142,0.738992
ISIC_0065735,0.738399
ISIC_0031586,0.737852
ISIC_2046891,0.737566
ISIC_0011185,0.737466
ISIC_0034042,0.737437
ISIC_7147898,0.737038
ISIC_0058164,0.736118
ISIC_0033787,0.736036
ISIC_0024929,0.735681
ISIC_0010322,0.735527
ISIC_0011031,0.735471
ISIC_0033122,0.734755
ISIC_1200192,0.734608
ISIC_3582787,0.73448
ISIC_0060089,0.733724
ISIC_0061252,0.733168
ISIC_0026694,0.733121
ISIC_0012107,0.732085
ISIC_7508320,0.731497
ISIC_0034246,0.730772
ISIC_0068152,0.730457
ISIC_5282642,0.730288
ISIC_0055675,0.729691
ISIC_0065539,0.72957
ISIC_0046504,0.729462
ISIC_4129321,0.729336
ISIC_0056979,0.728804
ISIC_0058508,0.727395
ISIC_1720840,0.727107
ISIC_0069189,0.726831
ISIC_0033272,0.726387
ISIC_0032181,0.726359
ISIC_2341100,0.726302
ISIC_0000139,0.725924
ISIC_0271408,0.725405
ISIC_9754098,0.725272
ISIC_0029729,0.724885
ISIC_6125652,0.724545
ISIC_0026292,0.724224
ISIC_0057539,0.722736
ISIC_0034202,0.722521
ISIC_7528996,0.722417
ISIC_6595186,0.722264
ISIC_0010208,0.720696
ISIC_0413563,0.720578
ISIC_0897876,0.720389
ISIC_5768749,0.720366
ISIC_0029905,0.719932
ISIC_0070313,0.71973
ISIC_3002956,0.719594
ISIC_0067160,0.719316
ISIC_8409262,0.71913
ISIC_3717983,0.71912
ISIC_9714746,0.718873
ISIC_0063369,0.718569
ISIC_0058046,0.717987
ISIC_3445468,0.717709
ISIC_0027591,0.717109
ISIC_0030002,0.717011
ISIC_3971712,0.716731
ISIC_2200197,0.716669
ISIC_0010174,0.716054
ISIC_0027306,0.7159
ISIC_3049506,0.715388
ISIC_2320481,0.714877
ISIC_0071300,0.714791
ISIC_0062536,0.7143
ISIC_0055526,0.714182
ISIC_0028764,0.714179
ISIC_0067743,0.713852
ISIC_0013861,0.713552
ISIC_0072087,0.712814
ISIC_4924690,0.712803
ISIC_0034156,0.712428
ISIC_0031401,0.711933
ISIC_0025573,0.71082
ISIC_0033224,0.710269
ISIC_0033902,0.710249
ISIC_0061184,0.710074
ISIC_0062323,0.709973
ISIC_0033073,0.709778
ISIC_0059273,0.709599
ISIC_0010810,0.709304
ISIC_0033607,0.709236
ISIC_9465061,0.709198
ISIC_7266604,0.708956
ISIC_0034036,0.708922
ISIC_9433473,0.708134
ISIC_1037315,0.708079
ISIC_1620401,0.707471
ISIC_0070215,0.707415
ISIC_0024481,0.707108
ISIC_0687593,0.706823
ISIC_5240387,0.706765
ISIC_0065728,0.706719
ISIC_7740744,0.706454
ISIC_5156491,0.705796
ISIC_2483825,0.7056
ISIC_0003052,0.705476
ISIC_0014219,0.705309
ISIC_0030110,0.705246
ISIC_0032918,0.704815
ISIC_0015035,0.704714
ISIC_0012070,0.704691
ISIC_0028847,0.704485
ISIC_0006717,0.703778
ISIC_0058607,0.703692
ISIC_4259290,0.703162
ISIC_0024284,0.703139
ISIC_0068166,0.702811
ISIC_6366417,0.702727
ISIC_3663705,0.702689
ISIC_7235371,0.702129
ISIC_0059093,0.701934
ISIC_6398669,0.701919
ISIC_0009488,0.701787
ISIC_7633960,0.701713
ISIC_9596721,0.701449
ISIC_0012025,0.701095
ISIC_0056546,0.700887
ISIC_8650269,0.700847
ISIC_1122023,0.700843
ISIC_0280912,0.700442
ISIC_3763984,0.700376
ISIC_0066105,0.700356
ISIC_0058125,0.700241
ISIC_0053854,0.70002
ISIC_7942881,0.699997
ISIC_9958062,0.699344
ISIC_0046664,0.699001
ISIC_0014795,0.698753
ISIC_0029686,0.698579
ISIC_8909957,0.698468
ISIC_5736979,0.698236
ISIC_0068233,0.698075
ISIC_0058863,0.698001
ISIC_0031958,0.697886
ISIC_0026224,0.695578
ISIC_6155782,0.695568
ISIC_0289478,0.695399
ISIC_0025616,0.69509
ISIC_0000410,0.694991
ISIC_8523143,0.694717
ISIC_0011532,0.694338
ISIC_5706908,0.694153
ISIC_0030360,0.694114
ISIC_0063070,0.693833
ISIC_0032046,0.69345
ISIC_5565517,0.693147
ISIC_3448630,0.692154
ISIC_0064633,0.691843
ISIC_0000475,0.691196
ISIC_0016033,0.690871
ISIC_0060308,0.690673
ISIC_0062158,0.690566
ISIC_2526170,0.690195
ISIC_7738955,0.690072
ISIC_0059571,0.689883
ISIC_9168700,0.689812
ISIC_0024244,0.689526
ISIC_1566428,0.689497
ISIC_0033238,0.689463
ISIC_2215276,0.689378
ISIC_0030554,0.688665
ISIC_0053473,0.688623
ISIC_2771979,0.688466
ISIC_5634573,0.688183
ISIC_7271718,0.68815
ISIC_0033324,0.687777
ISIC_0030034,0.687703
ISIC_5416978,0.6877
ISIC_9402324,0.687376
ISIC_0000002,0.687329
ISIC_0028878,0.686914
ISIC_0032320,0.686746
ISIC_0030407,0.686314
ISIC_0014392,0.68623
ISIC_0063871,0.685963
ISIC_0071951,0.685224
ISIC_0068924,0.6851
ISIC_0010468,0.685015
ISIC_0033055,0.68388
ISIC_0034170,0.683717
ISIC_0064625,0.683707
ISIC_0063493,0.683702
ISIC_9001948,0.683497
ISIC_0033725,0.683356
ISIC_0011607,0.683189
ISIC_0072292,0.682868
ISIC_4530249,0.682537
ISIC_0033232,0.682234
ISIC_0063950,0.682109
ISIC_0066430,0.681951
ISIC_0011516,0.68195
ISIC_6878417,0.681931
ISIC_0033323,0.681787
ISIC_0060342,0.681787
ISIC_0011500,0.681572
ISIC_0053816,0.681383
ISIC_0025081,0.681246
ISIC_0028512,0.681192
ISIC_2974214,0.681108
ISIC_0009913,0.681039
ISIC_6674797,0.680761
ISIC_1492055,0.680438
ISIC_0070447,0.68033
ISIC_4595741,0.680007
ISIC_6931712,0.679977
ISIC_0067857,0.679934
ISIC_1287370,0.679926
ISIC_0034089,0.679919
ISIC_0032269,0.679751
ISIC_2153686,0.678945
ISIC_0030681,0.678874
ISIC_0056316,0.678066
ISIC_0032586,0.677682
ISIC_0054974,0.677678
ISIC_0068477,0.677114
ISIC_2244564,0.676983
ISIC_0028129,0.676396
ISIC_6875745,0.67619
ISIC_0064822,0.676019
ISIC_0025316,0.675604
ISIC_0072569,0.675546
ISIC_0071289,0.675532
ISIC_4663883,0.675453
ISIC_0033025,0.674987
ISIC_0068107,0.67488
ISIC_4374944,0.674717
ISIC_1137915,0.674536
ISIC_0071111,0.674476
ISIC_0008636,0.67376
ISIC_2383335,0.673639
ISIC_6714082,0.673616
ISIC_0054350,0.673502
ISIC_6398283,0.673282
ISIC_0011951,0.673004
ISIC_0033470,0.672841
ISIC_0010379,0.672593
ISIC_9214649,0.672357
ISIC_0010838,0.672357
ISIC_7567699,0.672112
ISIC_0026258,0.672087
ISIC_0015412,0.67206
ISIC_3610783,0.671936
ISIC_1650523,0.671582
ISIC_0033730,0.67098
ISIC_0032790,0.670877
ISIC_0070248,0.670689
ISIC_2203239,0.670525
ISIC_0027407,0.670336
ISIC_0031589,0.669047
ISIC_9403390,0.668876
ISIC_0014931,0.66872
ISIC_9267202,0.668695
ISIC_1343302,0.667661
ISIC_7254389,0.667462
ISIC_9562442,0.666739
ISIC_0024546,0.666566
ISIC_0056749,0.66631
ISIC_8007849,0.666054
ISIC_9021685,0.665873
ISIC_3232329,0.665817
ISIC_0001126,0.66573
ISIC_8957571,0.665471
ISIC_0055491,0.665439
ISIC_0071768,0.665219
ISIC_7236842,0.665213
ISIC_8338755,0.665069
ISIC_5278307,0.664979
ISIC_0059082,0.664817
ISIC_8901133,0.664814
ISIC_0064559,0.664781
ISIC_0056937,0.664713
ISIC_0066149,0.664494
ISIC_2843983,0.664364
ISIC_0062133,0.663981
ISIC_4352700,0.663967
ISIC_2852805,0.663926
ISIC_0031935,0.663763
ISIC_8855790,0.662771
ISIC_7575246,0.662606
ISIC_0072171,0.662561
ISIC_9744305,0.662524
ISIC_7216266,0.662492
ISIC_3152541,0.66248
ISIC_3300710,0.662453
ISIC_0028903,0.661898
ISIC_5569091,0.659551
ISIC_0397464,0.659196
ISIC_0027356,0.659063
ISIC_0027304,0.658599
ISIC_9134566,0.658437
ISIC_2198823,0.658309
ISIC_5790319,0.658081
ISIC_0033947,0.65767
ISIC_0025835,0.657642
ISIC_9126343,0.657474
ISIC_4536709,0.657376
ISIC_0032504,0.657175
ISIC_0058580,0.656777
ISIC_0033016,0.656636
ISIC_0027694,0.656567
ISIC_0056155,0.656562
ISIC_0030006,0.656188
ISIC_6552552,0.655184
ISIC_0007749,0.654995
ISIC_0067318,0.654389
ISIC_8935085,0.654139
ISIC_8615491,0.653736
ISIC_0054651,0.653331
ISIC_0029562,0.653284
ISIC_0066470,0.653025
ISIC_0000452,0.652911
ISIC_3677945,0.652592
ISIC_2311665,0.652316
ISIC_0610849,0.652104
ISIC_0070046,0.652083
ISIC_0011510,0.651859
ISIC_0010818,0.651482
ISIC_9927221,0.65126
ISIC_0067597,0.651123
ISIC_6024335,0.651015
ISIC_0054528,0.650907
ISIC_0066532,0.650596
ISIC_4130478,0.650448
ISIC_0013639,0.650362
ISIC_0027742,0.650231
ISIC_0034263,0.649973
ISIC_0064979,0.649834
ISIC_0010319,0.649829
ISIC_0009989,0.649784
ISIC_0063981,0.649342
ISIC_3965087,0.648984
ISIC_0061454,0.648948
ISIC_0011694,0.648708
ISIC_0064080,0.648641
ISIC_0071740,0.647704
ISIC_1793821,0.647697
ISIC_0033337,0.647413
ISIC_0025814,0.647216
ISIC_0027065,0.647205
ISIC_0568867,0.646996
ISIC_0013644,0.646943
ISIC_0067012,0.646892
ISIC_0065525,0.646825
ISIC_0014973,0.646354
ISIC_0028915,0.64632
ISIC_8806180,0.646117
ISIC_3478473,0.645788
ISIC_0010271,0.645724
ISIC_0026089,0.645377
ISIC_5501183,0.644121
ISIC_0327406,0.644016
ISIC_8724944,0.643845
ISIC_0056440,0.643691
ISIC_9012513,0.643579
ISIC_0185547,0.643486
ISIC_4916704,0.643444
ISIC_0024697,0.643349
ISIC_0024806,0.642825
ISIC_0011409,0.642545
ISIC_0010707,0.642308
ISIC_0015455,0.642098
ISIC_0010895,0.641867
ISIC_0033538,0.641821
ISIC_9067033,0.64142
ISIC_4564960,0.641122
ISIC_0060897,0.6411
ISIC_1414751,0.640778
ISIC_0033089,0.640507
ISIC_0067412,0.640332
ISIC_0068215,0.639934
ISIC_0942056,0.638296
ISIC_0068438,0.637962
ISIC_0000440,0.637736
ISIC_0001102,0.637542
ISIC_0011158,0.637051
ISIC_0034242,0.636085
ISIC_7327423,0.635495
ISIC_9482039,0.635418
ISIC_8406262,0.634924
ISIC_0061152,0.633619
ISIC_0059303,0.633334
ISIC_5776158,0.63303
ISIC_0065394,0.632596
ISIC_2795397,0.632546
ISIC_0008816,0.632156
ISIC_0024355,0.632035
ISIC_0011700,0.631996
ISIC_0065746,0.631859
ISIC_5545874,0.631832
ISIC_0009916,0.631643
ISIC_0063845,0.631287
ISIC_9471156,0.631029
ISIC_6284012,0.631004
ISIC_0032396,0.630906
ISIC_0070050,0.630807
ISIC_3045939,0.629504
ISIC_0064941,0.629182
ISIC_0011428,0.629152
ISIC_0055297,0.629062
ISIC_0062864,0.628461
ISIC_0030695,0.628443
ISIC_0034253,0.628385
ISIC_8145348,0.628175
ISIC_0027238,0.628091
ISIC_0014255,0.628076
ISIC_2914160,0.627075
ISIC_6759173,0.627059
ISIC_0010809,0.627049
ISIC_1175776,0.626827
ISIC_0063026,0.625662
ISIC_0000026,0.62513
ISIC_0013626,0.624844
ISIC_3043219,0.624671
ISIC_0060679,0.624601
ISIC_2945324,0.624258
ISIC_3942075,0.624036
ISIC_0026112,0.623917
ISIC_0027420,0.623313
ISIC_0034048,0.623052
ISIC_0058617,0.622344
ISIC_0032079,0.622269
ISIC_3530422,0.62226
ISIC_0032604,0.621916
ISIC_0011091,0.621835
ISIC_0059501,0.621443
ISIC_0060148,0.621251
ISIC_0000526,0.621246
ISIC_0026167,0.620972
ISIC_0009984,0.620795
ISIC_0068616,0.620633
ISIC_0029570,0.619344
ISIC_0034313,0.619289
ISIC_0033114,0.619235
ISIC_0059065,0.619221
ISIC_0055226,0.618897
ISIC_5675703,0.618774
ISIC_0030981,0.618731
ISIC_0029118,0.618662
ISIC_0069087,0.618593
ISIC_0032408,0.618498
ISIC_0031325,0.618484
ISIC_0068905,0.618369
ISIC_6446779,0.618146
ISIC_0070888,0.617996
ISIC_5747486,0.617729
ISIC_0054087,0.617175
ISIC_0011196,0.616969
ISIC_2364150,0.616878
ISIC_0025783,0.616865
ISIC_9174306,0.616727
ISIC_0011863,0.616701
ISIC_0065480,0.616168
ISIC_0032550,0.616162
ISIC_1897507,0.615818
ISIC_0025766,0.615451
ISIC_5960765,0.615379
ISIC_0011802,0.614982
ISIC_0060233,0.614453
ISIC_0032841,0.614345
ISIC_0058781,0.614289
ISIC_0010546,0.614157
ISIC_5297660,0.614032
ISIC_0027363,0.613998
ISIC_5316803,0.613944
ISIC_0011126,0.613691
ISIC_0063258,0.613683
ISIC_0015219,0.613455
ISIC_0000162,0.613302
ISIC_0027130,0.612988
ISIC_9302863,0.612883
ISIC_0057593,0.612724
ISIC_0054025,0.612472
ISIC_0057556,0.611898
ISIC_5369000,0.611752
ISIC_0033341,0.611566
ISIC_0031517,0.611446
ISIC_0027100,0.611361
ISIC_4505178,0.611358
ISIC_1884256,0.610925
ISIC_0067235,0.610435
ISIC_0009882,0.61041
ISIC_0011490,0.610093
ISIC_0015109,0.609998
ISIC_0026086,0.609939
ISIC_7110531,0.609013
ISIC_5754070,0.608187
ISIC_0702876,0.608124
ISIC_0032044,0.607511
ISIC_0013801,0.607432
ISIC_2545299,0.60732
ISIC_0069481,0.60723
ISIC_8344345,0.607051
ISIC_0026369,0.606968
ISIC_0033394,0.606736
ISIC_2936321,0.606657
ISIC_2894223,0.606603
ISIC_0011987,0.606381
ISIC_7852890,0.605835
ISIC_0013674,0.605009
ISIC_0034150,0.604928
ISIC_0053763,0.604847
ISIC_0029383,0.604777
ISIC_0033834,0.604401
ISIC_0061624,0.604399
ISIC_0031304,0.60425
ISIC_9760968,0.603981
ISIC_2700320,0.603949
ISIC_0011247,0.603236
ISIC_0070246,0.602735
ISIC_7284399,0.602514
ISIC_0013549,0.602374
ISIC_0000164,0.602124
ISIC_0013411,0.602095
ISIC_0011343,0.6012
ISIC_4495099,0.600573
ISIC_5100319,0.600488
ISIC_8140072,0.599457
ISIC_3401631,0.59931
ISIC_0010024,0.59857
ISIC_8398000,0.598339
ISIC_0069705,0.597954
ISIC_0066935,0.597049
ISIC_9555580,0.596976
ISIC_0066659,0.596787
ISIC_0000279,0.59667
ISIC_0033533,0.59628
ISIC_8378321,0.596241
ISIC_7354733,0.596078
ISIC_7604870,0.595635
ISIC_0058828,0.595581
ISIC_3181358,0.595296
ISIC_0060153,0.595271
ISIC_0067667,0.595263
ISIC_7919133,0.595113
ISIC_0013953,0.594943
ISIC_0068259,0.594799
ISIC_0026360,0.594597
ISIC_0069791,0.594582
ISIC_0000467,0.594559
ISIC_0033574,0.594013
ISIC_0027693,0.593885
ISIC_3787504,0.593876
ISIC_0027302,0.593712
ISIC_0071012,0.593519
ISIC_9865097,0.593348
ISIC_0030150,0.592959
ISIC_2807121,0.592619
ISIC_0068460,0.592585
ISIC_0027152,0.592129
ISIC_6618652,0.592095
ISIC_0025448,0.591306
ISIC_0054043,0.5913
ISIC_0057594,0.590817
ISIC_7867077,0.59023
ISIC_0011268,0.590108
ISIC_9462979,0.590081
ISIC_0011448,0.590023
ISIC_0011176,0.590013
ISIC_0024261,0.589757
ISIC_4524488,0.589437
ISIC_6613150,0.588724
ISIC_0067296,0.588466
ISIC_4044751,0.588408
ISIC_0031548,0.58819
ISIC_0011546,0.588137
ISIC_0753112,0.588058
ISIC_4190900,0.587728
ISIC_1806179,0.587559
ISIC_0013766,0.587348
ISIC_8194371,0.586968
ISIC_0068012,0.586793
ISIC_0013921,0.586777
ISIC_0572205,0.586739
ISIC_3019509,0.586628
ISIC_6971606,0.585868
ISIC_0073044,0.585857
ISIC_9574101,0.585844
ISIC_0034316,0.585841
ISIC_0030373,0.585705
ISIC_0033678,0.585551
ISIC_6620748,0.585544
ISIC_0054233,0.585466
ISIC_0071707,0.585107
ISIC_0054080,0.585071
ISIC_0058303,0.585014
ISIC_0011641,0.584981
ISIC_0011780,0.584901
ISIC_1696845,0.58457
ISIC_6526489,0.584531
ISIC_0031746,0.584287
ISIC_0057881,0.583878
ISIC_0064073,0.583788
ISIC_0011728,0.583008
ISIC_2298440,0.582787
ISIC_0028616,0.582584
ISIC_7814144,0.582511
ISIC_0010007,0.582435
ISIC_4141898,0.58228
ISIC_0000074,0.582263
ISIC_0028297,0.582156
ISIC_0072252,0.581972
ISIC_0253516,0.581701
ISIC_0010380,0.581613
ISIC_0033174,0.581574
ISIC_0698821,0.581313
ISIC_0031829,0.58072
ISIC_0000168,0.580717
ISIC_0030492,0.58031
ISIC_0072473,0.579688
ISIC_0031546,0.579667
ISIC_0010797,0.57923
ISIC_0061751,0.579225
ISIC_7010552,0.578247
ISIC_6668093,0.578141
ISIC_0029094,0.577943
ISIC_0064692,0.577728
ISIC_5569568,0.577681
ISIC_0066588,0.577572
ISIC_0010770,0.576782
ISIC_0024537,0.576781
ISIC_0030171,0.576743
ISIC_0056389,0.576586
ISIC_0668772,0.576479
ISIC_6558697,0.576465
ISIC_4752144,0.576155
ISIC_0065062,0.576108
ISIC_0033178,0.576096
ISIC_9590080,0.575562
ISIC_0063852,0.57546
ISIC_3688407,0.575456
ISIC_0068106,0.575399
ISIC_0054652,0.574973
ISIC_0010411,0.574545
ISIC_5010212,0.574232
ISIC_9337870,0.574198
ISIC_0010242,0.57419
ISIC_1847556,0.573934
ISIC_0067077,0.57388
ISIC_0005639,0.573269
ISIC_0010510,0.57323
ISIC_3181394,0.572895
ISIC_0063655,0.572732
ISIC_0025582,0.572589
ISIC_0025832,0.572475
ISIC_0032569,0.572312
ISIC_0060222,0.572246
ISIC_4354896,0.572061
ISIC_0528044,0.571783
ISIC_0033362,0.571318
ISIC_0010901,0.571292
ISIC_7477006,0.570743
ISIC_0000154,0.570225
ISIC_0024227,0.570158
ISIC_6821316,0.569941
ISIC_0027235,0.569828
ISIC_0015185,0.569807
ISIC_0692990,0.569786
ISIC_1192835,0.569575
ISIC_0009879,0.569546
ISIC_2856521,0.569242
ISIC_1026382,0.569153
ISIC_0059427,0.569002
ISIC_3310364,0.56855
ISIC_0029893,0.568448
ISIC_8366864,0.568072
ISIC_0000413,0.56801
ISIC_2565206,0.567919
ISIC_6496370,0.567482
ISIC_7696538,0.567035
ISIC_0069859,0.566508
ISIC_9000901,0.56629
ISIC_0033956,0.566132
ISIC_0029575,0.566031
ISIC_0009903,0.565945
ISIC_1983754,0.565847
ISIC_4069836,0.565759
ISIC_9680433,0.565573
ISIC_9574191,0.565332
ISIC_6609484,0.564932
ISIC_3435596,0.5648
ISIC_8521610,0.564663
ISIC_0033655,0.564275
ISIC_1729351,0.564263
ISIC_2739449,0.563746
ISIC_0033977,0.563624
ISIC_0000294,0.563606
ISIC_9694911,0.563207
ISIC_0032161,0.56215
ISIC_0028944,0.561976
ISIC_3975743,0.561969
ISIC_0010409,0.56161
ISIC_7167811,0.561571
ISIC_0027560,0.561003
ISIC_7180096,0.560466
ISIC_0212774,0.560149
ISIC_0032152,0.559792
ISIC_0072157,0.559751
ISIC_0010346,0.559407
ISIC_4548995,0.55897
ISIC_0010591,0.558864
ISIC_0070403,0.558765
ISIC_0046394,0.558334
ISIC_5405889,0.558214
ISIC_0046361,0.557544
ISIC_0069361,0.557506
ISIC_0033217,0.557043
ISIC_0029495,0.557003
ISIC_0030663,0.55691
ISIC_4243283,0.556671
ISIC_5182148,0.556375
ISIC_6978997,0.556139
ISIC_0056915,0.555804
ISIC_0010900,0.555523
ISIC_0068696,0.55547
ISIC_0012048,0.555207
ISIC_0032945,0.555126
ISIC_0013501,0.554645
ISIC_0027659,0.554312
ISIC_1957685,0.554237
ISIC_0010848,0.554206
ISIC_2447578,0.553131
ISIC_4331481,0.55291
ISIC_0026545,0.552629
ISIC_2720971,0.552606
ISIC_0033063,0.552474
ISIC_6375439,0.552173
ISIC_0032922,0.552036
ISIC_0034236,0.551385
ISIC_0063061,0.551142
ISIC_5223280,0.551011
ISIC_9718067,0.550347
ISIC_0061066,0.550064
ISIC_0032339,0.549969
ISIC_6487809,0.549704
ISIC_4523382,0.54969
ISIC_0060154,0.549478
ISIC_1850196,0.549092
ISIC_0010476,0.548906
ISIC_0014132,0.548722
ISIC_0013972,0.548693
ISIC_9593940,0.548439
ISIC_3676643,0.548354
ISIC_0065022,0.548261
ISIC_6517852,0.548193
ISIC_0032903,0.548136
ISIC_0063234,0.54805
ISIC_0057048,0.547908
ISIC_0025243,0.547762
ISIC_0066784,0.547758
ISIC_6443984,0.547528
ISIC_0072631,0.547054
ISIC_0026982,0.54637
ISIC_0067696,0.54618
ISIC_4521222,0.545515
ISIC_4984668,0.545356
ISIC_5258657,0.545201
ISIC_0067969,0.545125
ISIC_0055714,0.544938
ISIC_0028548,0.544937
ISIC_0000287,0.544913
ISIC_0030994,0.543973
ISIC_4378189,0.543874
ISIC_0070136,0.543792
ISIC_0065264,0.543658
ISIC_1695424,0.543443
ISIC_0029303,0.542954
ISIC_0034260,0.542724
ISIC_1210011,0.542666
ISIC_0011374,0.542653
ISIC_6657600,0.542561
ISIC_0024967,0.542469
ISIC_0001103,0.542417
ISIC_4842269,0.542213
ISIC_0032617,0.542002
ISIC_0034243,0.541541
ISIC_0064180,0.541446
ISIC_0058198,0.540815
ISIC_0028554,0.540619
ISIC_0027110,0.540263
ISIC_0011114,0.540058
ISIC_0071135,0.539331
ISIC_2139752,0.539318
ISIC_0011077,0.538896
ISIC_1293743,0.537802
ISIC_2847555,0.537319
ISIC_0029593,0.536414
ISIC_8048668,0.536249
ISIC_0060972,0.536208
ISIC_7489564,0.536188
ISIC_6377613,0.536114
ISIC_4781223,0.535814
ISIC_8979540,0.535388
ISIC_1308081,0.535275
ISIC_0054053,0.534776
ISIC_0024918,0.534352
ISIC_8628207,0.534311
ISIC_0420249,0.533778
ISIC_5502342,0.533584
ISIC_0070814,0.533501
ISIC_0064785,0.533256
ISIC_2805634,0.533249
ISIC_3558747,0.533214
ISIC_5194331,0.533175
ISIC_0021271,0.533064
ISIC_6626544,0.532776
ISIC_3673080,0.532547
ISIC_0862350,0.5325
ISIC_0011305,0.532475
ISIC_0032629,0.532442
ISIC_0056413,0.531464
ISIC_0024333,0.531098
ISIC_9169586,0.531022
ISIC_0029405,0.53101
ISIC_2750230,0.530955
ISIC_0070601,0.530678
ISIC_3545622,0.530151
ISIC_0015251,0.529941
ISIC_0011530,0.5299
ISIC_0012040,0.529873
ISIC_0027941,0.529676
ISIC_0010757,0.529594
ISIC_4247149,0.528815
ISIC_0027696,0.528775
ISIC_3655327,0.528388
ISIC_0000161,0.527977
ISIC_0024694,0.527181
ISIC_0015179,0.526951
ISIC_0000155,0.526845
ISIC_8959928,0.525477
ISIC_0011329,0.52526
ISIC_0014181,0.52516
ISIC_1684127,0.524795
ISIC_4128129,0.524524
ISIC_0055820,0.524292
ISIC_9726155,0.524159
ISIC_4619789,0.524059
ISIC_0016092,0.523696
ISIC_0061188,0.523611
ISIC_0009947,0.523257
ISIC_0024310,0.523141
ISIC_9806131,0.522507
ISIC_2500254,0.522469
ISIC_0014217,0.52214
ISIC_0059808,0.521647
ISIC_0028211,0.521247
ISIC_0032856,0.521234
ISIC_0066854,0.521131
ISIC_0014079,0.520971
ISIC_0033704,0.520517
ISIC_0024421,0.520429
ISIC_0028579,0.520293
ISIC_4183816,0.520234
ISIC_0929517,0.519885
ISIC_9469284,0.519715
ISIC_8244535,0.519572
ISIC_0068847,0.519324
ISIC_0060832,0.519031
ISIC_2372468,0.518976
ISIC_0011095,0.518591
ISIC_0015045,0.518138
ISIC_0061491,0.517879
ISIC_6634951,0.517792
ISIC_0010400,0.51768
ISIC_3493866,0.517382
ISIC_0055498,0.517349
ISIC_8060329,0.517289
ISIC_0060660,0.517028
ISIC_0001148,0.51689
ISIC_7840728,0.516794
ISIC_0032466,0.516744
ISIC_1925632,0.516723
ISIC_0057462,0.516172
ISIC_0028082,0.516156
ISIC_0033662,0.516095
ISIC_0027561,0.515861
ISIC_7043369,0.51584
ISIC_4131697,0.515785
ISIC_1328488,0.515484
ISIC_0011747,0.515432
ISIC_0313507,0.515298
ISIC_0031915,0.515025
ISIC_0032709,0.514982
ISIC_1814941,0.514829
ISIC_8010862,0.514475
ISIC_1681964,0.514224
ISIC_2975167,0.514202
ISIC_0014117,0.51413
ISIC_0046741,0.513913
ISIC_9741917,0.513884
ISIC_5714411,0.513833
ISIC_2059085,0.513797
ISIC_0033708,0.5136
ISIC_0011729,0.513551
ISIC_0010782,0.513512
ISIC_0013079,0.513429
ISIC_6105084,0.513407
ISIC_2208006,0.513391
ISIC_6072777,0.513326
ISIC_0012260,0.51309
ISIC_0010442,0.512679
ISIC_0347984,0.512373
ISIC_0030032,0.512211
ISIC_9779803,0.512024
ISIC_3060145,0.511307
ISIC_0024401,0.510824
ISIC_1632696,0.510029
ISIC_0057531,0.509965
ISIC_1768733,0.509922
ISIC_2823287,0.509846
ISIC_0062914,0.509818
ISIC_4066726,0.509765
ISIC_0066882,0.509758
ISIC_4128342,0.509752
ISIC_0032861,0.509346
ISIC_9027622,0.509253
ISIC_8527092,0.509144
ISIC_0025056,0.509098
ISIC_5614300,0.508424
ISIC_7357474,0.508261
ISIC_0058079,0.507859
ISIC_0056330,0.507607
ISIC_0010765,0.50722
ISIC_0031742,0.50704
ISIC_0072694,0.50694
ISIC_0010723,0.506908
ISIC_0012904,0.506688
ISIC_8436194,0.506581
ISIC_0070253,0.506507
ISIC_0025219,0.506348
ISIC_0010401,0.506238
ISIC_5705973,0.50615
ISIC_0072215,0.50507
ISIC_0058199,0.504913
ISIC_0065518,0.504318
ISIC_4308751,0.504261
ISIC_0031005,0.503691
ISIC_0028898,0.503637
ISIC_8503961,0.503003
ISIC_5098778,0.502128
ISIC_0034061,0.502051
ISIC_0011921,0.502034
ISIC_0026010,0.501927
ISIC_0025580,0.501846
ISIC_0033700,0.501568
ISIC_0072730,0.501429
ISIC_0068627,0.501233
ISIC_0010982,0.501216
ISIC_7181296,0.501193
ISIC_7430054,0.501131
ISIC_0053796,0.501004
ISIC_0054573,0.500528
ISIC_7702483,0.500433
ISIC_1470245,0.500214
ISIC_5714285,0.500114
ISIC_0025611,0.500048
ISIC_6381197,0.500006
ISIC_8195604,0.499526
ISIC_8505412,0.499377
ISIC_0055136,0.499224
ISIC_0065360,0.498879
ISIC_0031368,0.498812
ISIC_0058529,0.498509
ISIC_0026916,0.498233
ISIC_9859873,0.498227
ISIC_0011717,0.498065
ISIC_0046640,0.498033
ISIC_0046725,0.49799
ISIC_0070032,0.497478
ISIC_0056635,0.497439
ISIC_9696502,0.496915
ISIC_0047003,0.495838
ISIC_0024752,0.495382
ISIC_9317483,0.494663
ISIC_8798059,0.494506
ISIC_7100813,0.494426
ISIC_0069946,0.494393
ISIC_0013813,0.494119
ISIC_0399142,0.494118
ISIC_0011193,0.493877
ISIC_5721677,0.49386
ISIC_0001137,0.493815
ISIC_0000295,0.49362
ISIC_0066992,0.493498
ISIC_0069865,0.49348
ISIC_0031039,0.493386
ISIC_1046678,0.493042
ISIC_0032017,0.492948
ISIC_0034106,0.49196
ISIC_0066150,0.491815
ISIC_0024455,0.491205
ISIC_3679789,0.490438
ISIC_8389361,0.49034
ISIC_8484660,0.489992
ISIC_0032602,0.48989
ISIC_7218890,0.489799
ISIC_6920867,0.489684
ISIC_0027101,0.48952
ISIC_7044184,0.489274
ISIC_0026692,0.488932
ISIC_8794567,0.488869
ISIC_6497135,0.488802
ISIC_0028472,0.488754
ISIC_0033496,0.488544
ISIC_0062505,0.488542
ISIC_1589997,0.488258
ISIC_0027378,0.487741
ISIC_0054287,0.487632
ISIC_0013839,0.487588
ISIC_0015110,0.487437
ISIC_5267208,0.487349
ISIC_0274382,0.487228
ISIC_0057192,0.486798
ISIC_8153123,0.486743
ISIC_0000148,0.486353
ISIC_0011964,0.486325
ISIC_0063243,0.485821
ISIC_6717727,0.48547
ISIC_0056309,0.485224
ISIC_8150108,0.484993
ISIC_0057617,0.484753
ISIC_0055624,0.484665
ISIC_0331389,0.484598
ISIC_0068116,0.484368
ISIC_0063157,0.484286
ISIC_0033644,0.484244
ISIC_0010432,0.484039
ISIC_0067418,0.483775
ISIC_0062812,0.483617
ISIC_0033653,0.483015
ISIC_1132788,0.482815
ISIC_0064823,0.482613
ISIC_0061630,0.482417
ISIC_0058418,0.482314
ISIC_0063289,0.481904
ISIC_0011150,0.481553
ISIC_0034210,0.481231
ISIC_2714572,0.481229
ISIC_0010550,0.481052
ISIC_7262685,0.480974
ISIC_0024757,0.480797
ISIC_0054963,0.480712
ISIC_1342117,0.480542
ISIC_6199335,0.480004
ISIC_0025817,0.479941
ISIC_0056017,0.479427
ISIC_0010175,0.47942
ISIC_0064925,0.479363
ISIC_0523125,0.479241
ISIC_7164403,0.479183
ISIC_0063516,0.478648
ISIC_0000419,0.478405
ISIC_2225927,0.478302
ISIC_0013844,0.478272
ISIC_0032047,0.478132
ISIC_1782911,0.47794
ISIC_0000176,0.477393
ISIC_5307086,0.477202
ISIC_4969996,0.477043
ISIC_6208107,0.476927
ISIC_0024552,0.476914
ISIC_0072843,0.476804
ISIC_9699728,0.476211
ISIC_3444719,0.475759
ISIC_8139762,0.475749
ISIC_8510848,0.475721
ISIC_0054932,0.475689
ISIC_0056186,0.47541
ISIC_0070852,0.474951
ISIC_2577938,0.474637
ISIC_0070711,0.47429
ISIC_0070566,0.473687
ISIC_7421214,0.47361
ISIC_0027928,0.473254
ISIC_0070581,0.47303
ISIC_0711360,0.472336
ISIC_0357043,0.471549
ISIC_8496052,0.471359
ISIC_0065219,0.471154
ISIC_0032140,0.470681
ISIC_0024323,0.470565
ISIC_5550263,0.470207
ISIC_0062497,0.470124
ISIC_6184891,0.469452
ISIC_0781380,0.469333
ISIC_0031553,0.469047
ISIC_1495793,0.468552
ISIC_4226975,0.46843
ISIC_7732765,0.468235
ISIC_0071783,0.468099
ISIC_0054395,0.467614
ISIC_0060351,0.467593
ISIC_0069996,0.467411
ISIC_0000143,0.467405
ISIC_0277705,0.467387
ISIC_7865214,0.467089
ISIC_0000393,0.466968
ISIC_0813342,0.466789
ISIC_0062546,0.466731
ISIC_0064307,0.466512
ISIC_0064557,0.466469
ISIC_0011039,0.466265
ISIC_0055086,0.466194
ISIC_7070020,0.466039
ISIC_0072559,0.465856
ISIC_1856556,0.465579
ISIC_1328804,0.465369
ISIC_1067985,0.465003
ISIC_4024062,0.464994
ISIC_0024732,0.464831
ISIC_0055747,0.464107
ISIC_0024525,0.463936
ISIC_0030085,0.46373
ISIC_2829088,0.463417
ISIC_0028488,0.463281
ISIC_0032699,0.463153
ISIC_7580408,0.462676
ISIC_3447331,0.462561
ISIC_0072412,0.462125
ISIC_4875370,0.462011
ISIC_0024441,0.461914
ISIC_1948545,0.461899
ISIC_2432848,0.46178
ISIC_0026049,0.461668
ISIC_0031499,0.461167
ISIC_8911740,0.46096
ISIC_2252958,0.460793
ISIC_9276931,0.46079
ISIC_0188432,0.460693
ISIC_7800706,0.460146
ISIC_0033080,0.460081
ISIC_0028557,0.459604
ISIC_9241732,0.459035
ISIC_6285925,0.458892
ISIC_5082596,0.458712
ISIC_0058501,0.458656
ISIC_1224329,0.45857
ISIC_0056655,0.458385
ISIC_0011699,0.457994
ISIC_0011633,0.457977
ISIC_0069370,0.457588
ISIC_0072876,0.457386
ISIC_1014075,0.457312
ISIC_3857463,0.457109
ISIC_5157799,0.456814
ISIC_0057406,0.456103
ISIC_0001681,0.455654
ISIC_0056784,0.455601
ISIC_1960468,0.455549
ISIC_5998926,0.455299
ISIC_0011917,0.45521
ISIC_0941332,0.45497
ISIC_8020153,0.454828
ISIC_7839712,0.454619
ISIC_4938638,0.454538
ISIC_6592334,0.454316
ISIC_0067226,0.454133
ISIC_0055859,0.45387
ISIC_0070061,0.453732
ISIC_0000213,0.453596
ISIC_4436342,0.45336
ISIC_6785680,0.453031
ISIC_0845105,0.452991
ISIC_0071536,0.452585
ISIC_0072990,0.452575
ISIC_6644659,0.452494
ISIC_0030281,0.452477
ISIC_0068413,0.452438
ISIC_0061244,0.4522
ISIC_0055039,0.452197
ISIC_0034311,0.451772
ISIC_4393521,0.45157
ISIC_0009908,0.451514
ISIC_1034397,0.451142
ISIC_4568425,0.450948
ISIC_0024292,0.450595
ISIC_5706956,0.450104
ISIC_0057815,0.449905
ISIC_0027234,0.449608
ISIC_6688417,0.449491
ISIC_8692218,0.449292
ISIC_0013334,0.449248
ISIC_0034075,0.449039
ISIC_0054377,0.448826
ISIC_0010414,0.44878
ISIC_0010965,0.448738
ISIC_0063473,0.448101
ISIC_0070412,0.447505
ISIC_0030356,0.447263
ISIC_0056247,0.447129
ISIC_5391758,0.446786
ISIC_0068576,0.445866
ISIC_5486460,0.445782
ISIC_0189694,0.4449
ISIC_9688119,0.444589
ISIC_0064623,0.444331
ISIC_0054941,0.444108
ISIC_0033905,0.443916
ISIC_2843245,0.443525
ISIC_3180213,0.443465
ISIC_8892663,0.442864
ISIC_0024891,0.442488
ISIC_3671963,0.442349
ISIC_0061334,0.442076
ISIC_0028029,0.441935
ISIC_6668197,0.441813
ISIC_0014229,0.441701
ISIC_0055081,0.441335
ISIC_9011718,0.441069
ISIC_2007034,0.440336
ISIC_6639094,0.440253
ISIC_9972518,0.440019
ISIC_0009918,0.439299
ISIC_0060946,0.439117
ISIC_4894802,0.439117
ISIC_0011509,0.438774
ISIC_0033654,0.438773
ISIC_5097947,0.438095
ISIC_0011086,0.437953
ISIC_0060219,0.437664
ISIC_5404908,0.437636
ISIC_0055412,0.437466
ISIC_3166276,0.437363
ISIC_5706192,0.437344
ISIC_2940684,0.437269
ISIC_7022381,0.437141
ISIC_0027636,0.436982
ISIC_0065766,0.436633
ISIC_0032695,0.43619
ISIC_0071681,0.436036
ISIC_0510617,0.436015
ISIC_0010705,0.436012
ISIC_0710431,0.435632
ISIC_0062517,0.435517
ISIC_0028152,0.435233
ISIC_6313487,0.435105
ISIC_0072601,0.435087
ISIC_0068897,0.434917
ISIC_0034052,0.434738
ISIC_5520533,0.434723
ISIC_0056938,0.434289
ISIC_6285076,0.434239
ISIC_0060848,0.433515
ISIC_0054767,0.433227
ISIC_3105136,0.43307
ISIC_0026113,0.432949
ISIC_2011145,0.432615
ISIC_0013525,0.432592
ISIC_4649440,0.432475
ISIC_6991849,0.432445
ISIC_0033193,0.43222
ISIC_0000278,0.431653
ISIC_0029718,0.431429
ISIC_7724635,0.431291
ISIC_0011726,0.431084
ISIC_0032723,0.431063
ISIC_4174592,0.430723
ISIC_0033995,0.430694
ISIC_0027030,0.430656
ISIC_5347727,0.430495
ISIC_9171071,0.430106
ISIC_0014327,0.429797
ISIC_0026394,0.429474
ISIC_8301536,0.429052
ISIC_9241599,0.428899
ISIC_0033570,0.428786
ISIC_0071043,0.428681
ISIC_0000036,0.428325
ISIC_0026150,0.428241
ISIC_0031233,0.428191
ISIC_5908780,0.428036
ISIC_0033893,0.42763
ISIC_0060558,0.427248
ISIC_0057484,0.427101
ISIC_0057371,0.426941
ISIC_6127074,0.426702
ISIC_0029157,0.426687
ISIC_0066878,0.42668
ISIC_0011763,0.426535
ISIC_0032759,0.426259
ISIC_7755096,0.426109
ISIC_5868291,0.425972
ISIC_0033841,0.425618
ISIC_5437785,0.425561
ISIC_4184101,0.425082
ISIC_0009298,0.424693
ISIC_0032836,0.423896
ISIC_7412327,0.423696
ISIC_0002953,0.423402
ISIC_9842269,0.423176
ISIC_4170698,0.422884
ISIC_4589609,0.422288
ISIC_0033125,0.421947
ISIC_2245709,0.421408
ISIC_1336351,0.421102
ISIC_7140778,0.421061
ISIC_9870885,0.421004
ISIC_0062639,0.42086
ISIC_6269414,0.420606
ISIC_5768602,0.42051
ISIC_8290994,0.42039
ISIC_0014160,0.420224
ISIC_0032331,0.419972
ISIC_0059264,0.41984
ISIC_0069638,0.419677
ISIC_3327201,0.419518
ISIC_0066382,0.419104
ISIC_2309744,0.418898
ISIC_5150200,0.418814
ISIC_0029250,0.418567
ISIC_0060656,0.417774
ISIC_6855540,0.416742
ISIC_0030957,0.41668
ISIC_2333274,0.416116
ISIC_0024351,0.415036
ISIC_3503302,0.415021
ISIC_5396394,0.414929
ISIC_0063180,0.414654
ISIC_0054280,0.414072
ISIC_1560272,0.414042
ISIC_0032968,0.414005
ISIC_6557642,0.413985
ISIC_0064683,0.413971
ISIC_0011489,0.413731
ISIC_7672106,0.413581
ISIC_0054134,0.413457
ISIC_0061418,0.41343
ISIC_0034051,0.413157
ISIC_0025970,0.413053
ISIC_4517738,0.412991
ISIC_0000522,0.412834
ISIC_7167479,0.412733
ISIC_0055826,0.412419
ISIC_0061749,0.411159
ISIC_7912104,0.411051
ISIC_0005248,0.410999
ISIC_3009493,0.410993
ISIC_0000313,0.41084
ISIC_5406677,0.410739
ISIC_0054777,0.41013
ISIC_0966527,0.410104
ISIC_3947143,0.409725
ISIC_0028215,0.409714
ISIC_0679553,0.409495
ISIC_0028103,0.409421
ISIC_0032232,0.409343
ISIC_0030666,0.409209
ISIC_0070048,0.409155
ISIC_9974613,0.409052
ISIC_6089318,0.408634
ISIC_2266312,0.408479
ISIC_0013984,0.408099
ISIC_0054364,0.408027
ISIC_1686556,0.407933
ISIC_1350519,0.407696
ISIC_7066723,0.407649
ISIC_9786863,0.407534
ISIC_0028317,0.406979
ISIC_8892236,0.406875
ISIC_5771106,0.406644
ISIC_9799596,0.406411
ISIC_3880324,0.406287
ISIC_0032656,0.406277
ISIC_0029550,0.406208
ISIC_0015132,0.406086
ISIC_0262770,0.405911
ISIC_0033560,0.405663
ISIC_9538419,0.405638
ISIC_0072507,0.405258
ISIC_0012065,0.405028
ISIC_0008621,0.404953
ISIC_8671702,0.404679
ISIC_0025458,0.404649
ISIC_0025428,0.404624
ISIC_8622365,0.404447
ISIC_0874261,0.40442
ISIC_6613079,0.404197
ISIC_0025748,0.403826
ISIC_0028969,0.403825
ISIC_0032490,0.403726
ISIC_0028181,0.403655
ISIC_2911251,0.403413
ISIC_6210962,0.403223
ISIC_0033806,0.403109
ISIC_4307205,0.402926
ISIC_0010788,0.402783
ISIC_0070948,0.402732
ISIC_5527224,0.402726
ISIC_8563961,0.402477
ISIC_6435644,0.402454
ISIC_4252887,0.401936
ISIC_4978697,0.401792
ISIC_0011750,0.401665
ISIC_7320371,0.40141
ISIC_0032921,0.401368
ISIC_0063642,0.401178
ISIC_0034144,0.400886
ISIC_1863917,0.400617
ISIC_0033985,0.400551
ISIC_0014082,0.400443
ISIC_3087402,0.400088
ISIC_0034022,0.399736
ISIC_0028916,0.399593
ISIC_0000523,0.399396
ISIC_0014932,0.399335
ISIC_0024951,0.399278
ISIC_0011508,0.399275
ISIC_0031507,0.399174
ISIC_0028065,0.399067
ISIC_0011950,0.398884
ISIC_0027125,0.39876
ISIC_7833008,0.398097
ISIC_0015015,0.398071
ISIC_0028528,0.397995
ISIC_7681490,0.397567
ISIC_0025892,0.397322
ISIC_0026595,0.397172
ISIC_0010783,0.397162
ISIC_5353986,0.396836
ISIC_0033154,0.396416
ISIC_6938608,0.396221
ISIC_1434141,0.396207
ISIC_0067549,0.395842
ISIC_2394780,0.395329
ISIC_7984569,0.39522
ISIC_8629635,0.395211
ISIC_0071947,0.395205
ISIC_0008251,0.395163
ISIC_0031941,0.395017
ISIC_0012840,0.394906
ISIC_0011797,0.394201
ISIC_0010081,0.393945
ISIC_4811165,0.393743
ISIC_0029078,0.393702
ISIC_8545097,0.393399
ISIC_0060716,0.393223
ISIC_0455743,0.393188
ISIC_8617277,0.39318
ISIC_0030428,0.39283
ISIC_3704157,0.392542
ISIC_5388485,0.392398
ISIC_0028949,0.392323
ISIC_0072768,0.391771
ISIC_0071916,0.391713
ISIC_2748873,0.391548
ISIC_2366652,0.391477
ISIC_8052769,0.39097
ISIC_0068837,0.390711
ISIC_0032645,0.390672
ISIC_0064694,0.390602
ISIC_0057759,0.390565
ISIC_1358527,0.390429
ISIC_2436560,0.39039
ISIC_1784613,0.390317
ISIC_0024802,0.390152
ISIC_0016114,0.389712
ISIC_0029000,0.389438
ISIC_0033007,0.389026
ISIC_0027406,0.388936
ISIC_0058716,0.388545
ISIC_0033681,0.388303
ISIC_0000304,0.387938
ISIC_5624273,0.387825
ISIC_0010023,0.386908
ISIC_2398511,0.38683
ISIC_0046828,0.386618
ISIC_2562668,0.386467
ISIC_0069292,0.386044
ISIC_0012338,0.385863
ISIC_1706912,0.385746
ISIC_0030135,0.385519
ISIC_0055513,0.385381
ISIC_7885010,0.384625
ISIC_3418978,0.384502
ISIC_0071118,0.384128
ISIC_0070160,0.383998
ISIC_0072733,0.383889
ISIC_0059846,0.38381
ISIC_0217267,0.38315
ISIC_2742786,0.383131
ISIC_8492957,0.38304
ISIC_0979974,0.382578
ISIC_0025369,0.382373
ISIC_0024679,0.382138
ISIC_2268341,0.382137
ISIC_0982757,0.381712
ISIC_0026314,0.381584
ISIC_4022621,0.381543
ISIC_5508076,0.381132
ISIC_0011210,0.380887
ISIC_9159730,0.380733
ISIC_9568138,0.380697
ISIC_0062208,0.380563
ISIC_2232442,0.380467
ISIC_0015256,0.379938
ISIC_0056055,0.379799
ISIC_0030296,0.379725
ISIC_0034265,0.379723
ISIC_0026094,0.379382
ISIC_0031953,0.378515
ISIC_0026812,0.378471
ISIC_0011984,0.378263
ISIC_0031408,0.378071
ISIC_0030828,0.377848
ISIC_2087913,0.37769
ISIC_5017874,0.377652
ISIC_0058946,0.377581
ISIC_8866651,0.377559
ISIC_0072582,0.377293
ISIC_5191344,0.376909
ISIC_0013652,0.376894
ISIC_7295035,0.376821
ISIC_0014694,0.376711
ISIC_1922084,0.376465
ISIC_0000552,0.375856
ISIC_0010198,0.375789
ISIC_0059597,0.375658
ISIC_0056228,0.375467
ISIC_0000029,0.375264
ISIC_1367610,0.375235
ISIC_7662993,0.374976
ISIC_0026727,0.373831
ISIC_0026655,0.373547
ISIC_0033962,0.373505
ISIC_8516223,0.373213
ISIC_7108282,0.372993
ISIC_6038355,0.372976
ISIC_5204796,0.372969
ISIC_0064471,0.372783
ISIC_0024221,0.372638
ISIC_0028698,0.372528
ISIC_0056957,0.371935
ISIC_0032820,0.371916
ISIC_7612992,0.371874
ISIC_0962121,0.3714
ISIC_0031565,0.371308
ISIC_0024308,0.370854
ISIC_0032160,0.37071
ISIC_0072174,0.370637
ISIC_0011512,0.370561
ISIC_0016123,0.37044
ISIC_8064866,0.370421
ISIC_3157046,0.36976
ISIC_0030689,0.369713
ISIC_0056260,0.369617
ISIC_0028945,0.369323
ISIC_0072516,0.369322
ISIC_0014922,0.369301
ISIC_6393611,0.36898
ISIC_0064606,0.368662
ISIC_3485482,0.368618
ISIC_3012778,0.368594
ISIC_0054655,0.36856
ISIC_0029843,0.368413
ISIC_0069260,0.368244
ISIC_0011521,0.367899
ISIC_0012059,0.367807
ISIC_0026239,0.367599
ISIC_9335652,0.367434
ISIC_0027882,0.36735
ISIC_0000151,0.36718
ISIC_0028967,0.366707
ISIC_0024385,0.366698
ISIC_0053540,0.366446
ISIC_0062980,0.366318
ISIC_3433060,0.366287
ISIC_2928274,0.366281
ISIC_0068381,0.366201
ISIC_0059768,0.366061
ISIC_3686179,0.365953
ISIC_0033211,0.365717
ISIC_0064261,0.365663
ISIC_0028759,0.365623
ISIC_0010967,0.365302
ISIC_6380209,0.364245
ISIC_5581297,0.364148
ISIC_4220010,0.363259
ISIC_0032722,0.36304
ISIC_1790808,0.36301
ISIC_6763221,0.362962
ISIC_7802213,0.362635
ISIC_0067804,0.362604
ISIC_0061625,0.362213
ISIC_0009893,0.362
ISIC_0032558,0.361287
ISIC_2757370,0.360939
ISIC_0025132,0.36077
ISIC_0070585,0.360695
ISIC_0830131,0.360287
ISIC_0000406,0.360011
ISIC_2768150,0.359929
ISIC_1373468,0.359576
ISIC_0025499,0.359545
ISIC_4701900,0.359275
ISIC_0014982,0.359165
ISIC_0066209,0.358958
ISIC_4347535,0.358929
ISIC_0033526,0.358902
ISIC_0011799,0.35872
ISIC_0012160,0.358521
ISIC_3734674,0.358395
ISIC_0010784,0.358343
ISIC_0056391,0.358057
ISIC_3069695,0.357702
ISIC_0025531,0.357673
ISIC_1985436,0.357499
ISIC_0033813,0.357422
ISIC_2034687,0.357272
ISIC_1930598,0.357027
ISIC_0067333,0.356851
ISIC_0028755,0.35676
ISIC_0065133,0.35646
ISIC_4864523,0.356381
ISIC_3576000,0.356196
ISIC_0259179,0.356124
ISIC_0026120,0.356052
ISIC_2108849,0.356023
ISIC_1067390,0.355857
ISIC_9852341,0.355768
ISIC_0056900,0.355363
ISIC_0054422,0.355358
ISIC_4076162,0.355066
ISIC_5798331,0.355009
ISIC_0055450,0.35491
ISIC_8796968,0.354445
ISIC_0563516,0.354425
ISIC_0064284,0.354157
ISIC_0064836,0.353776
ISIC_6672654,0.353704
ISIC_0059884,0.353565
ISIC_0009883,0.353058
ISIC_0053611,0.352794
ISIC_0011858,0.352705
ISIC_8253317,0.352203
ISIC_0032901,0.352186
ISIC_0010068,0.351972
ISIC_0058346,0.351465
ISIC_0032690,0.350973
ISIC_0072917,0.350625
ISIC_0069970,0.350481
ISIC_0058224,0.350056
ISIC_0025138,0.350046
ISIC_0027721,0.349564
ISIC_0011370,0.34956
ISIC_0014936,0.349324
ISIC_5377693,0.349206
ISIC_0011698,0.348993
ISIC_9555291,0.348746
ISIC_6119208,0.348414
ISIC_0028505,0.348369
ISIC_2714907,0.348341
ISIC_8725878,0.348041
ISIC_0030481,0.348041
ISIC_0011686,0.347633
ISIC_2535541,0.347577
ISIC_0054874,0.347405
ISIC_3653492,0.347151
ISIC_0000547,0.346552
ISIC_0024739,0.346548
ISIC_0028642,0.346382
ISIC_0056466,0.346289
ISIC_9819223,0.346139
ISIC_0060032,0.345981
ISIC_6618943,0.345873
ISIC_0032806,0.345861
ISIC_0065233,0.345379
ISIC_5642824,0.345341
ISIC_0025006,0.345305
ISIC_3826001,0.345297
ISIC_0000146,0.345258
ISIC_1050000,0.344992
ISIC_5552381,0.34491
ISIC_0826998,0.344864
ISIC_1497525,0.344643
ISIC_0030333,0.344599
ISIC_6714923,0.34456
ISIC_0030235,0.344536
ISIC_0026155,0.344515
ISIC_0031203,0.344506
ISIC_0032680,0.344445
ISIC_6385296,0.34402
ISIC_1035480,0.343976
ISIC_0011501,0.34382
ISIC_0066143,0.343728
ISIC_3941123,0.343726
ISIC_0014707,0.343309
ISIC_0033953,0.343297
ISIC_0014395,0.343231
ISIC_0010207,0.342582
ISIC_0070342,0.342384
ISIC_8127394,0.342061
ISIC_0011944,0.342041
ISIC_0032810,0.341825
ISIC_8873236,0.341734
ISIC_0030704,0.341543
ISIC_5148474,0.340721
ISIC_0063980,0.340655
ISIC_5482805,0.340299
ISIC_0064337,0.340203
ISIC_5313574,0.339916
ISIC_0001100,0.339859
ISIC_9223156,0.339524
ISIC_7620514,0.339434
ISIC_0025218,0.339403
ISIC_1118894,0.339372
ISIC_0011528,0.338612
ISIC_0024631,0.33841
ISIC_0032940,0.338184
ISIC_0056984,0.338029
ISIC_0029675,0.338027
ISIC_0011136,0.338
ISIC_0031744,0.337814
ISIC_6640227,0.337809
ISIC_0031249,0.337313
ISIC_0033519,0.337261
ISIC_0009992,0.336957
ISIC_2528656,0.336881
ISIC_4960784,0.336544
ISIC_2394181,0.336054
ISIC_3952030,0.335971
ISIC_6255494,0.335588
ISIC_0010834,0.335579
ISIC_6617618,0.33548
ISIC_0068966,0.335205
ISIC_0031204,0.335168
ISIC_0064125,0.335168
ISIC_0418738,0.33505
ISIC_0063081,0.334853
ISIC_6948604,0.334603
ISIC_2987677,0.334554
ISIC_7702857,0.334327
ISIC_2457132,0.334212
ISIC_5501795,0.3341
ISIC_0013867,0.333973
ISIC_3978280,0.333914
ISIC_0032687,0.333627
ISIC_0654846,0.333498
ISIC_0609067,0.333197
ISIC_8630818,0.332634
ISIC_2200924,0.332409
ISIC_3799267,0.331931
ISIC_5879789,0.331565
ISIC_7570343,0.331373
ISIC_2555494,0.331161
ISIC_7921023,0.331084
ISIC_4848047,0.331038
ISIC_2642742,0.330888
ISIC_7915065,0.330825
ISIC_1004416,0.330808
ISIC_6036959,0.330758
ISIC_0026392,0.330501
ISIC_3817292,0.3305
ISIC_7491389,0.330017
ISIC_0029626,0.329939
ISIC_0032532,0.329927
ISIC_0014133,0.329887
ISIC_3213469,0.329607
ISIC_4288845,0.328753
ISIC_0409276,0.3285
ISIC_8296881,0.328344
ISIC_6348638,0.328323
ISIC_0031070,0.327956
ISIC_0014826,0.327824
ISIC_0536433,0.327654
ISIC_7141153,0.327598
ISIC_0014151,0.327496
ISIC_0062709,0.327352
ISIC_7124160,0.327309
ISIC_0897248,0.327004
ISIC_0024280,0.326851
ISIC_0062740,0.326814
ISIC_0032840,0.326723
ISIC_2860618,0.326289
ISIC_5361404,0.326232
ISIC_3399603,0.32619
ISIC_2682861,0.325646
ISIC_0028584,0.325576
ISIC_8887039,0.325506
ISIC_0065883,0.325286
ISIC_4604654,0.325125
ISIC_0054906,0.324921
ISIC_0066626,0.324888
ISIC_0029950,0.324671
ISIC_0028984,0.32463
ISIC_8278458,0.324267
ISIC_0046316,0.324106
ISIC_2670619,0.324087
ISIC_0057821,0.323928
ISIC_0028275,0.323759
ISIC_3649766,0.323733
ISIC_0010162,0.323584
ISIC_5484776,0.323563
ISIC_0010754,0.323118
ISIC_1040340,0.32269
ISIC_0028773,0.322477
ISIC_5261146,0.322115
ISIC_0024792,0.321619
ISIC_0060773,0.32157
ISIC_0024219,0.321461
ISIC_2283509,0.321358
ISIC_0003324,0.321198
ISIC_0066200,0.321045
ISIC_0072101,0.320355
ISIC_0010265,0.320226
ISIC_0034090,0.320204
ISIC_0071208,0.320068
ISIC_0029389,0.319585
ISIC_0010730,0.319298
ISIC_5895384,0.318902
ISIC_0033636,0.318888
ISIC_7487840,0.3186
ISIC_3666219,0.318483
ISIC_0273046,0.318398
ISIC_1169724,0.318147
ISIC_1604845,0.317748
ISIC_0009622,0.317372
ISIC_0061479,0.317276
ISIC_0065714,0.316906
ISIC_0014974,0.31663
ISIC_2850215,0.316576
ISIC_6839272,0.316199
ISIC_9709594,0.315933
ISIC_4718313,0.315856
ISIC_6448654,0.315535
ISIC_1805602,0.315354
ISIC_0031087,0.315275
ISIC_0055314,0.315181
ISIC_5948901,0.314842
ISIC_0058836,0.314508
ISIC_2151846,0.313827
ISIC_0032112,0.313696
ISIC_8624186,0.313592
ISIC_0058024,0.313461
ISIC_0032917,0.313253
ISIC_9751013,0.313214
ISIC_0071338,0.313193
ISIC_4654965,0.312888
ISIC_0026683,0.312622
ISIC_3844404,0.312214
ISIC_3313317,0.312193
ISIC_0002213,0.312112
ISIC_1974152,0.312019
ISIC_9876515,0.311115
ISIC_8882374,0.311103
ISIC_1197584,0.311072
ISIC_0031278,0.310949
ISIC_0000144,0.310511
ISIC_7630208,0.310352
ISIC_0031310,0.31016
ISIC_0029021,0.309947
ISIC_3520709,0.309902
ISIC_6458982,0.309687
ISIC_5673994,0.309607
ISIC_0068628,0.309316
ISIC_0065796,0.309162
ISIC_0055776,0.309113
ISIC_5476770,0.30892
ISIC_0034173,0.308545
ISIC_0058432,0.30844
ISIC_0032955,0.308242
ISIC_0031711,0.30823
ISIC_0072286,0.308132
ISIC_3392451,0.30764
ISIC_0010719,0.307271
ISIC_0031482,0.307216
ISIC_2703002,0.306693
ISIC_8690631,0.306682
ISIC_3591332,0.306425
ISIC_0011264,0.306412
ISIC_8848134,0.30632
ISIC_0059840,0.306282
ISIC_8389839,0.305962
ISIC_4231346,0.305769
ISIC_9155465,0.305519
ISIC_0057059,0.305373
ISIC_0062684,0.30534
ISIC_7618133,0.305293
ISIC_2658858,0.305259
ISIC_0046645,0.305168
ISIC_0071492,0.305153
ISIC_0071257,0.3051
ISIC_3598244,0.305002
ISIC_0066358,0.304844
ISIC_2736880,0.304834
ISIC_0032094,0.304783
ISIC_0033998,0.30446
ISIC_5483119,0.304264
ISIC_0032121,0.303684
ISIC_0062456,0.303644
ISIC_0068128,0.303626
ISIC_0014946,0.303435
ISIC_9410044,0.303353
ISIC_0031013,0.303319
ISIC_3234899,0.30321
ISIC_7096885,0.303009
ISIC_7895093,0.302566
ISIC_5768032,0.302542
ISIC_0061371,0.302432
ISIC_0027113,0.302268
ISIC_0808203,0.301799
ISIC_0032070,0.301703
ISIC_0063872,0.301701
ISIC_0059041,0.301409
ISIC_0028508,0.301397
ISIC_4734950,0.300991
ISIC_0000507,0.300626
ISIC_0029944,0.300493
ISIC_0033687,0.300299
ISIC_0016094,0.300085
ISIC_4164882,0.299967
ISIC_0062978,0.299737
ISIC_0014347,0.299683
ISIC_0028031,0.299662
ISIC_2431690,0.299441
ISIC_0056192,0.299347
ISIC_7806926,0.299258
ISIC_0026509,0.29907
ISIC_6676647,0.298912
ISIC_0057362,0.298782
ISIC_7260013,0.298536
ISIC_0067789,0.298282
ISIC_5576250,0.298162
ISIC_5491641,0.298075
ISIC_0000375,0.297984
ISIC_0056534,0.297866
ISIC_0073032,0.297807
ISIC_0031763,0.297526
ISIC_0028415,0.297462
ISIC_9227392,0.297199
ISIC_0032600,0.296881
ISIC_8447658,0.296775
ISIC_0071457,0.2967
ISIC_0031146,0.296684
ISIC_0033573,0.29624
ISIC_6188469,0.296174
ISIC_0055680,0.296019
ISIC_0027936,0.295743
ISIC_0011943,0.295397
ISIC_0010956,0.295326
ISIC_4985027,0.295236
ISIC_1663144,0.29513
ISIC_9061511,0.295028
ISIC_2276141,0.294548
ISIC_0055054,0.294456
ISIC_0010618,0.294377
ISIC_3700351,0.294288
ISIC_6982386,0.293866
ISIC_6571597,0.293825
ISIC_6694724,0.293823
ISIC_9109847,0.293742
ISIC_0000346,0.293671
ISIC_7604596,0.293448
ISIC_0033245,0.293428
ISIC_8066660,0.293415
ISIC_5929687,0.293242
ISIC_8918703,0.293005
ISIC_0655635,0.292837
ISIC_2266011,0.292767
ISIC_7455460,0.292426
ISIC_0024840,0.292411
ISIC_0014129,0.292258
ISIC_3018550,0.292143
ISIC_6334958,0.292025
ISIC_4393704,0.291943
ISIC_7694069,0.291673
ISIC_0062686,0.291671
ISIC_5615694,0.291575
ISIC_5623844,0.291269
ISIC_3760796,0.291052
ISIC_1140410,0.290739
ISIC_0026652,0.290654
ISIC_0031246,0.290416
ISIC_0067511,0.290198
ISIC_0014233,0.290166
ISIC_2864893,0.289895
ISIC_0024259,0.289368
ISIC_0032543,0.289148
ISIC_0033967,0.289098
ISIC_0028906,0.288889
ISIC_0016081,0.288829
ISIC_0010551,0.288587
ISIC_0065463,0.288121
ISIC_2304753,0.287668
ISIC_3837132,0.287667
ISIC_9547089,0.287401
ISIC_0032684,0.287351
ISIC_4292708,0.287266
ISIC_0012049,0.2872
ISIC_0062537,0.287109
ISIC_0053659,0.286722
ISIC_8575769,0.286536
ISIC_0014110,0.286258
ISIC_0014903,0.285753
ISIC_2893340,0.28568
ISIC_3148886,0.285662
ISIC_0604532,0.285477
ISIC_0027502,0.285326
ISIC_3750329,0.285274
ISIC_5046082,0.285221
ISIC_0069475,0.284948
ISIC_0011269,0.284832
ISIC_7342636,0.284743
ISIC_9355535,0.284703
ISIC_0010255,0.284641
ISIC_0238824,0.284355
ISIC_4071825,0.284117
ISIC_1366765,0.28411
ISIC_0031369,0.283962
ISIC_4407580,0.283922
ISIC_9788545,0.283696
ISIC_0059609,0.283373
ISIC_0010978,0.283278
ISIC_0014434,0.283229
ISIC_1194944,0.283141
ISIC_9969263,0.28309
ISIC_5702591,0.282972
ISIC_9913573,0.282908
ISIC_5490352,0.282862
ISIC_3552245,0.282798
ISIC_0060629,0.282204
ISIC_0067695,0.281843
ISIC_0010514,0.281734
ISIC_0061359,0.281667
ISIC_0034187,0.281536
ISIC_3039880,0.281494
ISIC_9257356,0.281043
ISIC_0046315,0.280589
ISIC_0060955,0.280547
ISIC_0032638,0.280115
ISIC_0066492,0.279946
ISIC_0032531,0.279917
ISIC_4033676,0.279709
ISIC_0028176,0.279635
ISIC_0071906,0.27921
ISIC_0055549,0.279142
ISIC_0032473,0.279117
ISIC_0024260,0.27907
ISIC_1955991,0.279024
ISIC_0065260,0.278904
ISIC_0032182,0.278724
ISIC_6207818,0.27856
ISIC_4964478,0.278269
ISIC_2232883,0.278263
ISIC_7368239,0.278254
ISIC_6269543,0.277938
ISIC_0028692,0.277704
ISIC_2884038,0.277437
ISIC_7536704,0.277368
ISIC_0033180,0.277362
ISIC_7186677,0.277282
ISIC_8883212,0.277238
ISIC_0028003,0.276878
ISIC_0033157,0.27641
ISIC_3389704,0.276381
ISIC_0046670,0.276108
ISIC_0002184,0.275748
ISIC_0011855,0.275726
ISIC_1228845,0.275316
ISIC_0025242,0.274963
ISIC_1843053,0.274956
ISIC_9050826,0.274872
ISIC_0054559,0.274829
ISIC_0027764,0.274432
ISIC_6688311,0.274161
ISIC_0055361,0.274145
ISIC_9785077,0.273883
ISIC_4088444,0.273844
ISIC_0027674,0.273763
ISIC_3651451,0.273634
ISIC_8847321,0.27351
ISIC_0066671,0.273462
ISIC_0031891,0.27331
ISIC_2331656,0.273209
ISIC_0024574,0.272766
ISIC_9560298,0.272642
ISIC_5586765,0.272112
ISIC_2406492,0.272078
ISIC_3797095,0.271927
ISIC_1763577,0.271825
ISIC_0377965,0.271769
ISIC_0009927,0.271529
ISIC_0030469,0.271423
ISIC_0046618,0.271285
ISIC_8282404,0.271089
ISIC_0012151,0.271009
ISIC_8702237,0.270315
ISIC_0025964,0.270301
ISIC_0028757,0.270252
ISIC_4248013,0.269903
ISIC_7788814,0.269617
ISIC_0009985,0.269586
ISIC_9103090,0.269321
ISIC_0010036,0.268894
ISIC_0027663,0.268883
ISIC_8135931,0.268692
ISIC_5738369,0.268601
ISIC_0033876,0.268288
ISIC_1685962,0.268146
ISIC_0070974,0.268137
ISIC_2513018,0.268017
ISIC_0011387,0.267957
ISIC_0064821,0.267346
ISIC_0000306,0.267132
ISIC_0032721,0.267062
ISIC_0000538,0.267026
ISIC_8173531,0.266901
ISIC_0053493,0.266854
ISIC_1216201,0.266739
ISIC_8417873,0.266303
ISIC_0061936,0.266172
ISIC_0033595,0.265926
ISIC_0024459,0.265773
ISIC_0028469,0.26562
ISIC_0031224,0.265198
ISIC_1402840,0.265065
ISIC_4191202,0.264986
ISIC_0000487,0.264961
ISIC_4307626,0.264911
ISIC_7562175,0.264522
ISIC_2445475,0.264166
ISIC_7378303,0.26404
ISIC_0026930,0.263682
ISIC_0009880,0.2636
ISIC_0025759,0.263517
ISIC_0059632,0.263369
ISIC_0026398,0.263163
ISIC_0024285,0.262773
ISIC_5907931,0.262567
ISIC_0011668,0.262554
ISIC_4087267,0.26254
ISIC_7440724,0.262375
ISIC_3329255,0.262237
ISIC_0033196,0.262223
ISIC_3251773,0.261617
ISIC_0071171,0.26112
ISIC_0000411,0.261047
ISIC_0029609,0.261004
ISIC_0056089,0.260921
ISIC_0010421,0.260897
ISIC_5938680,0.2603
ISIC_0011960,0.260194
ISIC_0031985,0.260183
ISIC_0026921,0.260103
ISIC_8579259,0.259945
ISIC_4172470,0.259914
ISIC_8127323,0.259694
ISIC_0033545,0.259478
ISIC_0033498,0.259451
ISIC_4462476,0.259422
ISIC_0053574,0.25919
ISIC_0073156,0.259189
ISIC_0026690,0.259107
ISIC_2399613,0.258981
ISIC_0064875,0.258866
ISIC_0012067,0.258865
ISIC_6019374,0.25875
ISIC_0033518,0.258628
ISIC_0064761,0.258217
ISIC_0027822,0.258178
ISIC_2057184,0.257893
ISIC_3736075,0.257705
ISIC_0010630,0.25759
ISIC_0000502,0.257063
ISIC_4882389,0.256968
ISIC_0054239,0.256778
ISIC_9756117,0.256632
ISIC_0067798,0.25659
ISIC_0003539,0.256391
ISIC_4066094,0.256367
ISIC_5620802,0.256199
ISIC_0010213,0.256191
ISIC_0010283,0.256163
ISIC_0011099,0.255919
ISIC_0741694,0.255353
ISIC_0009955,0.255262
ISIC_9407690,0.255258
ISIC_0026924,0.255069
ISIC_0061880,0.254981
ISIC_1807276,0.254886
ISIC_0062649,0.254784
ISIC_1745731,0.254544
ISIC_0000513,0.25446
ISIC_7513677,0.254145
ISIC_0061803,0.254138
ISIC_5971591,0.254031
ISIC_0026746,0.253936
ISIC_0072021,0.253866
ISIC_0028019,0.253756
ISIC_4874581,0.253629
ISIC_8214287,0.253575
ISIC_0027673,0.25338
ISIC_0072826,0.253376
ISIC_0013997,0.253279
ISIC_6385627,0.25287
ISIC_8252406,0.25285
ISIC_0026043,0.252451
ISIC_0032342,0.252444
ISIC_0011949,0.252432
ISIC_1860707,0.252254
ISIC_1017377,0.252066
ISIC_4459528,0.252041
ISIC_6581765,0.25189
ISIC_0025355,0.251831
ISIC_0013651,0.251826
ISIC_6056121,0.251821
ISIC_6486856,0.251727
ISIC_0027087,0.251715
ISIC_0719631,0.251427
ISIC_0056167,0.250661
ISIC_0031101,0.250374
ISIC_0006750,0.250307
ISIC_0059904,0.24995
ISIC_0072997,0.249653
ISIC_6576397,0.249224
ISIC_0010596,0.249064
ISIC_2050512,0.248666
ISIC_0032313,0.248664
ISIC_0000239,0.248502
ISIC_3424207,0.247589
ISIC_4658487,0.247558
ISIC_5671175,0.247529
ISIC_3878174,0.247521
ISIC_0028325,0.247342
ISIC_0759561,0.247039
ISIC_0057702,0.246187
ISIC_0006829,0.24617
ISIC_0272509,0.246104
ISIC_0029814,0.245932
ISIC_0032197,0.245606
ISIC_5716385,0.245588
ISIC_3183782,0.245437
ISIC_0012068,0.245118
ISIC_2569851,0.245044
ISIC_2287083,0.245017
ISIC_0030860,0.24491
ISIC_5923430,0.244903
ISIC_0059686,0.244815
ISIC_3188062,0.244361
ISIC_6723937,0.243805
ISIC_0000550,0.24354
ISIC_0026966,0.243148
ISIC_4791589,0.242566
ISIC_0027480,0.242051
ISIC_0029839,0.241152
ISIC_0011498,0.240998
ISIC_0432236,0.240897
ISIC_0010852,0.240655
ISIC_0030366,0.24053
ISIC_0070352,0.24036
ISIC_4697037,0.239348
ISIC_0026498,0.239305
ISIC_7761711,0.239291
ISIC_7586566,0.239241
ISIC_4923095,0.239097
ISIC_0058047,0.239003
ISIC_0000314,0.238868
ISIC_0069264,0.238861
ISIC_0010306,0.238773
ISIC_6745554,0.238381
ISIC_9743052,0.238352
ISIC_3084322,0.238333
ISIC_0066740,0.238109
ISIC_0061336,0.237933
ISIC_3093026,0.23785
ISIC_4175400,0.237829
ISIC_0026915,0.237718
ISIC_4177450,0.237513
ISIC_0070463,0.237492
ISIC_0031015,0.237378
ISIC_0010933,0.23669
ISIC_0062087,0.236637
ISIC_5099569,0.236531
ISIC_0061734,0.23653
ISIC_0060585,0.236398
ISIC_0071904,0.236194
ISIC_3646670,0.236184
ISIC_0437978,0.236083
ISIC_0069432,0.23597
ISIC_3430311,0.235719
ISIC_2051278,0.235452
ISIC_0257447,0.235381
ISIC_0028746,0.235262
ISIC_3447311,0.235135
ISIC_8292179,0.235003
ISIC_0053594,0.234814
ISIC_1797795,0.234738
ISIC_0013429,0.23469
ISIC_0000520,0.234682
ISIC_4659355,0.234248
ISIC_0033923,0.234238
ISIC_0013577,0.234187
ISIC_0024398,0.234062
ISIC_0071901,0.234036
ISIC_0000450,0.234032
ISIC_4298761,0.234001
ISIC_5810696,0.233756
ISIC_4468129,0.233693
ISIC_0032424,0.233012
ISIC_0033911,0.23292
ISIC_8733345,0.232613
ISIC_0031501,0.23255
ISIC_0024296,0.232402
ISIC_0059353,0.231997
ISIC_0028220,0.231853
ISIC_4950467,0.231358
ISIC_0014336,0.231287
ISIC_0061320,0.231114
ISIC_7057495,0.231061
ISIC_0822238,0.230656
ISIC_5498651,0.230573
ISIC_3110909,0.230454
ISIC_3787339,0.230439
ISIC_0958701,0.230372
ISIC_0000414,0.230324
ISIC_9364350,0.230117
ISIC_0025305,0.22991
ISIC_0015079,0.229547
ISIC_0024263,0.229543
ISIC_6870208,0.229513
ISIC_1159891,0.229433
ISIC_0068884,0.229324
ISIC_3151260,0.228969
ISIC_9059311,0.22894
ISIC_0027585,0.228806
ISIC_1684829,0.228684
ISIC_8485716,0.228599
ISIC_6647306,0.228547
ISIC_7008335,0.22828
ISIC_3171104,0.228196
ISIC_5717433,0.228161
ISIC_2964397,0.227967
ISIC_4750271,0.227362
ISIC_2498215,0.227262
ISIC_1654342,0.227193
ISIC_8820668,0.226975
ISIC_0481702,0.226901
ISIC_7846309,0.226767
ISIC_0000040,0.226738
ISIC_7755875,0.226697
ISIC_0058021,0.226688
ISIC_1080647,0.226643
ISIC_0027109,0.22654
ISIC_1440377,0.226486
ISIC_0011381,0.22648
ISIC_0071693,0.225924
ISIC_0071132,0.225916
ISIC_0010878,0.225847
ISIC_0034199,0.225448
ISIC_4780727,0.225134
ISIC_0027024,0.225095
ISIC_0028397,0.224656
ISIC_1976571,0.224577
ISIC_0010915,0.224421
ISIC_0029050,0.223972
ISIC_0028534,0.223604
ISIC_0026544,0.223521
ISIC_0032783,0.223248
ISIC_0002347,0.223137
ISIC_0030610,0.222817
ISIC_0014290,0.222566
ISIC_1560455,0.221573
ISIC_7507286,0.22124
ISIC_6192289,0.221229
ISIC_0010164,0.220971
ISIC_0069395,0.22094
ISIC_0069093,0.220352
ISIC_6507792,0.220157
ISIC_7839741,0.22012
ISIC_0062524,0.220011
ISIC_0033037,0.220004
ISIC_0061566,0.219921
ISIC_0055474,0.219873
ISIC_0030255,0.219523
ISIC_0033393,0.219414
ISIC_4702522,0.218734
ISIC_8320640,0.218712
ISIC_0055179,0.218604
ISIC_0010825,0.218505
ISIC_0030910,0.218504
ISIC_0057420,0.218372
ISIC_0033883,0.21835
ISIC_0014657,0.217895
ISIC_5921777,0.217873
ISIC_7162343,0.216699
ISIC_8691327,0.216621
ISIC_2784664,0.216557
ISIC_0032939,0.216475
ISIC_7448231,0.216204
ISIC_0001581,0.216101
ISIC_9527051,0.21587
ISIC_0005319,0.215568
ISIC_1961064,0.214627
ISIC_4067693,0.214461
ISIC_4055833,0.214454
ISIC_9100283,0.213681
ISIC_5644242,0.213394
ISIC_6507492,0.213041
ISIC_3234908,0.212973
ISIC_5410481,0.212639
ISIC_0068239,0.212449
ISIC_0032462,0.211814
ISIC_7288818,0.211651
ISIC_2748736,0.211577
ISIC_0033464,0.211566
ISIC_7171090,0.211536
ISIC_0010098,0.211506
ISIC_4958006,0.210481
ISIC_0031844,0.210481
ISIC_7134821,0.210283
ISIC_1615996,0.209615
ISIC_9597731,0.209372
ISIC_0070747,0.209025
ISIC_1165548,0.2088
ISIC_3065253,0.208725
ISIC_8013225,0.208434
ISIC_3564461,0.208154
ISIC_5992534,0.207985
ISIC_0025235,0.20787
ISIC_0053734,0.207796
ISIC_4641968,0.207756
ISIC_9406755,0.207579
ISIC_5848892,0.207527
ISIC_0046609,0.207512
ISIC_5857303,0.207429
ISIC_9605122,0.207374
ISIC_5971574,0.207255
ISIC_0000140,0.207244
ISIC_7077047,0.206958
ISIC_4653167,0.206686
ISIC_0024808,0.206049
ISIC_7714981,0.205889
ISIC_0034268,0.205885
ISIC_5883331,0.205706
ISIC_6673956,0.20543
ISIC_3286956,0.205417
ISIC_0046225,0.205086
ISIC_7642591,0.204889
ISIC_0064044,0.204535
ISIC_0034076,0.204247
ISIC_1507583,0.204136
ISIC_9114539,0.204034
ISIC_0281291,0.203964
ISIC_0011904,0.2037
ISIC_6362735,0.203263
ISIC_1641823,0.203245
ISIC_0064107,0.202073
ISIC_8752021,0.201614
ISIC_9106966,0.201227
ISIC_4359258,0.201181
ISIC_2033237,0.200671
ISIC_9331097,0.200547
ISIC_0012063,0.20046
ISIC_6637542,0.200335
ISIC_0024567,0.200187
ISIC_1375476,0.200046
ISIC_3386656,0.199997
ISIC_6317162,0.199975
ISIC_0069105,0.199899
ISIC_0026596,0.199817
ISIC_1175170,0.199805
ISIC_0056409,0.19958
ISIC_1910158,0.199547
ISIC_0066213,0.199465
ISIC_0025186,0.199219
ISIC_0031010,0.198919
ISIC_5504560,0.198848
ISIC_6891226,0.197599
ISIC_7980387,0.197174
ISIC_0033775,0.197072
ISIC_0011378,0.196891
ISIC_0071335,0.196828
ISIC_0063492,0.196677
ISIC_9332795,0.196642
ISIC_6588853,0.196606
ISIC_0026103,0.196576
ISIC_0072691,0.196508
ISIC_0033801,0.196472
ISIC_0029863,0.196362
ISIC_8626909,0.196246
ISIC_8321148,0.196194
ISIC_0009975,0.196166
ISIC_5679004,0.195622
ISIC_0011139,0.19529
ISIC_0034159,0.195137
ISIC_5877410,0.194897
ISIC_5622348,0.194374
ISIC_7282415,0.193833
ISIC_2458253,0.193687
ISIC_0030921,0.193318
ISIC_0014832,0.193257
ISIC_6370748,0.193137
ISIC_4794052,0.192913
ISIC_0683389,0.1929
ISIC_5507066,0.192511
ISIC_0009721,0.191849
ISIC_4015508,0.191801
ISIC_0002939,0.191396
ISIC_5999002,0.191324
ISIC_0010241,0.191278
ISIC_0012395,0.191171
ISIC_8730617,0.191057
ISIC_0030501,0.190963
ISIC_0067417,0.190472
ISIC_6697332,0.189978
ISIC_0912291,0.189902
ISIC_0030440,0.189891
ISIC_4973549,0.189738
ISIC_0046917,0.189042
ISIC_0032685,0.188915
ISIC_2809019,0.188815
ISIC_0033148,0.188789
ISIC_0033181,0.18869
ISIC_0028352,0.188286
ISIC_0057374,0.188275
ISIC_7693611,0.188232
ISIC_1423737,0.188153
ISIC_4408559,0.187712
ISIC_0031545,0.187675
ISIC_4640181,0.187412
ISIC_0325771,0.187406
ISIC_4428769,0.187116
ISIC_0010533,0.187011
ISIC_0053765,0.186855
ISIC_9301005,0.186848
ISIC_0033807,0.185919
ISIC_0067893,0.185744
ISIC_4534608,0.185716
ISIC_0027641,0.185132
ISIC_0061825,0.185081
ISIC_8664718,0.184928
ISIC_0071892,0.184843
ISIC_4620425,0.184789
ISIC_0069504,0.184486
ISIC_9473492,0.184451
ISIC_2844539,0.184283
ISIC_0011810,0.184211
ISIC_0004848,0.183805
ISIC_3869533,0.183692
ISIC_0010792,0.183526
ISIC_0015044,0.183398
ISIC_9940466,0.183279
ISIC_1002979,0.183173
ISIC_3474472,0.182741
ISIC_7161651,0.18243
ISIC_7302456,0.182351
ISIC_1570390,0.182275
ISIC_0000554,0.181908
ISIC_7641956,0.181685
ISIC_8969883,0.181683
ISIC_4771769,0.180913
ISIC_0069698,0.180487
ISIC_0054523,0.180383
ISIC_1108178,0.180135
ISIC_0057026,0.18011
ISIC_5044438,0.180033
ISIC_0061183,0.179855
ISIC_0057395,0.179675
ISIC_9745038,0.179398
ISIC_0014675,0.179382
ISIC_9864402,0.179276
ISIC_0025238,0.179172
ISIC_0033881,0.179098
ISIC_2948811,0.178966
ISIC_0014666,0.17877
ISIC_0033452,0.178527
ISIC_0063899,0.178499
ISIC_9197665,0.177916
ISIC_4344870,0.17775
ISIC_1988080,0.177406
ISIC_4781169,0.177402
ISIC_0000395,0.17728
ISIC_8184471,0.177258
ISIC_0034180,0.177197
ISIC_0010862,0.177062
ISIC_0011380,0.176989
ISIC_0033074,0.176967
ISIC_6065301,0.176934
ISIC_1150482,0.176828
ISIC_0027971,0.17649
ISIC_9072034,0.176237
ISIC_4734111,0.176184
ISIC_0032537,0.175461
ISIC_7365615,0.17545
ISIC_3920274,0.175379
ISIC_8635849,0.175104
ISIC_6358752,0.175044
ISIC_0054663,0.17477
ISIC_0033344,0.174608
ISIC_0029998,0.174436
ISIC_0030546,0.174427
ISIC_6384997,0.174399
ISIC_8352392,0.174372
ISIC_0028306,0.174368
ISIC_8462364,0.173735
ISIC_0009941,0.17362
ISIC_0032400,0.173566
ISIC_0033275,0.173076
ISIC_9363106,0.172937
ISIC_5301938,0.17291
ISIC_0000533,0.172756
ISIC_0028422,0.172751
ISIC_2197722,0.172548
ISIC_2255411,0.172536
ISIC_6026759,0.172082
ISIC_0013492,0.172057
ISIC_0024756,0.171767
ISIC_0000175,0.171762
ISIC_0013610,0.171594
ISIC_3315146,0.171356
ISIC_0010580,0.171169
ISIC_0028481,0.171127
ISIC_0064472,0.170936
ISIC_3009564,0.170842
ISIC_0010760,0.170548
ISIC_5281908,0.17037
ISIC_2133938,0.170055
ISIC_0070110,0.169706
ISIC_0001134,0.169675
ISIC_0072371,0.169589
ISIC_9152603,0.169019
ISIC_0011534,0.168968
ISIC_7936755,0.168912
ISIC_4789377,0.168724
ISIC_0065597,0.168423
ISIC_5181177,0.1684
ISIC_1436929,0.168381
ISIC_0004140,0.16832
ISIC_0533122,0.168315
ISIC_0010046,0.168277
ISIC_2918117,0.167993
ISIC_0029723,0.167862
ISIC_0029809,0.167817
ISIC_1985569,0.167578
ISIC_8325569,0.167285
ISIC_0026300,0.167174
ISIC_0029318,0.166995
ISIC_5822017,0.16675
ISIC_0067805,0.166659
ISIC_1314502,0.166347
ISIC_0062099,0.166114
ISIC_0056679,0.166063
ISIC_3928910,0.165796
ISIC_0031960,0.165771
ISIC_0032072,0.165688
ISIC_4826037,0.16551
ISIC_0067006,0.164985
ISIC_0046977,0.164868
ISIC_0027225,0.164699
ISIC_6062536,0.164646
ISIC_0004679,0.164642
ISIC_0015969,0.164317
ISIC_0011649,0.164219
ISIC_0028326,0.163932
ISIC_0027981,0.163758
ISIC_0066378,0.163714
ISIC_7621389,0.163549
ISIC_7312551,0.163536
ISIC_0060589,0.163499
ISIC_0031494,0.16348
ISIC_0059905,0.162912
ISIC_0013258,0.162714
ISIC_0054936,0.162657
ISIC_0013615,0.162358
ISIC_8773478,0.162351
ISIC_0066678,0.162204
ISIC_0030974,0.162169
ISIC_0071778,0.162032
ISIC_9685928,0.162021
ISIC_1894133,0.161582
ISIC_7034769,0.161565
ISIC_9780632,0.161483
ISIC_0030484,0.16143
ISIC_5281485,0.161252
ISIC_4882123,0.161121
ISIC_6809191,0.161087
ISIC_0024811,0.160803
ISIC_0069492,0.160505
ISIC_3947876,0.160468
ISIC_7563949,0.160402
ISIC_7462746,0.1604
ISIC_0011211,0.160201
ISIC_0000398,0.160041
ISIC_0061806,0.159891
ISIC_0069058,0.159724
ISIC_0061623,0.159648
ISIC_2681497,0.159601
ISIC_0063521,0.159581
ISIC_0025546,0.159238
ISIC_5964173,0.159234
ISIC_0057481,0.159096
ISIC_6985859,0.158789
ISIC_0025155,0.158785
ISIC_0059349,0.158778
ISIC_0032782,0.158049
ISIC_0011931,0.15794
ISIC_9295267,0.157806
ISIC_0068727,0.157792
ISIC_0914168,0.15713
ISIC_0057169,0.157003
ISIC_0025169,0.15678
ISIC_6410859,0.156486
ISIC_7621412,0.156463
ISIC_9768421,0.156342
ISIC_1608524,0.156111
ISIC_2349743,0.15579
ISIC_0032149,0.155216
ISIC_0011295,0.155204
ISIC_8737794,0.154812
ISIC_0015129,0.154809
ISIC_0010011,0.154511
ISIC_1758558,0.15439
ISIC_0591011,0.1543
ISIC_0030795,0.154265
ISIC_0082348,0.154144
ISIC_0032413,0.154057
ISIC_2518672,0.153938
ISIC_0000142,0.153863
ISIC_4596803,0.153241
ISIC_0026402,0.153022
ISIC_7024807,0.152743
ISIC_0000024,0.152423
ISIC_8624049,0.152297
ISIC_0059181,0.15224
ISIC_0069050,0.152111
ISIC_0010873,0.151881
ISIC_0016080,0.151693
ISIC_0054640,0.151181
ISIC_0029881,0.151124
ISIC_0250064,0.151113
ISIC_3809998,0.151107
ISIC_0060452,0.150987
ISIC_3256116,0.150757
ISIC_0046429,0.15065
ISIC_6620377,0.150224
ISIC_0013736,0.150114
ISIC_8147189,0.149771
ISIC_2954564,0.149764
ISIC_2222091,0.149617
ISIC_7351939,0.149617
ISIC_0011628,0.149617
ISIC_0024294,0.149571
ISIC_0053846,0.149388
ISIC_3025889,0.149344
ISIC_1805163,0.149301
ISIC_2661598,0.149147
ISIC_5830274,0.14886
ISIC_2094429,0.148747
ISIC_0034207,0.148643
ISIC_0059037,0.14847
ISIC_0054792,0.14795
ISIC_0026347,0.147719
ISIC_1632313,0.147658
ISIC_3328295,0.147622
ISIC_7599444,0.147473
ISIC_0032995,0.146964
ISIC_0054599,0.146876
ISIC_0000012,0.146865
ISIC_6215631,0.146357
ISIC_5736292,0.146129
ISIC_0027282,0.146088
ISIC_0024519,0.145931
ISIC_3842916,0.145702
ISIC_2797576,0.145535
ISIC_7114660,0.145337
ISIC_0054480,0.145153
ISIC_0060860,0.14497
ISIC_6330529,0.144852
ISIC_1925590,0.144825
ISIC_2126035,0.144803
ISIC_0068993,0.144788
ISIC_0000420,0.144744
ISIC_2293230,0.144607
ISIC_9442018,0.144241
ISIC_0061516,0.143898
ISIC_0072642,0.143831
ISIC_0011260,0.143646
ISIC_9588065,0.143526
ISIC_7276156,0.143508
ISIC_1057521,0.143491
ISIC_6356522,0.143428
ISIC_4384861,0.143353
ISIC_0033561,0.143276
ISIC_0872145,0.143222
ISIC_0030194,0.143207
ISIC_0071532,0.143146
ISIC_0013671,0.143135
ISIC_0174983,0.142667
ISIC_0292775,0.142642
ISIC_1109641,0.142598
ISIC_4070687,0.142524
ISIC_9175856,0.142473
ISIC_1988058,0.142347
ISIC_9815788,0.142282
ISIC_0010874,0.142278
ISIC_7515794,0.141721
ISIC_9100933,0.141281
ISIC_0028420,0.141234
ISIC_1718403,0.141131
ISIC_0011012,0.140743
ISIC_0905367,0.140498
ISIC_0011497,0.140303
ISIC_3923443,0.14023
ISIC_3492490,0.140218
ISIC_0026558,0.140109
ISIC_0046683,0.139794
ISIC_0005139,0.139724
ISIC_0030889,0.139627
ISIC_3028754,0.13952
ISIC_6475049,0.139445
ISIC_3413138,0.139443
ISIC_0638889,0.139209
ISIC_0027498,0.139028
ISIC_3281565,0.138958
ISIC_9181399,0.138907
ISIC_1473522,0.138838
ISIC_0002295,0.138304
ISIC_0034053,0.138127
ISIC_0000368,0.138112
ISIC_5732487,0.138058
ISIC_4368650,0.13762
ISIC_0028410,0.137596
ISIC_0758797,0.137554
ISIC_0012810,0.13744
ISIC_9511265,0.137227
ISIC_0025397,0.136966
ISIC_0031972,0.136788
ISIC_0069908,0.136781
ISIC_3696488,0.136466
ISIC_4292879,0.136452
ISIC_0030774,0.136401
ISIC_4446385,0.136344
ISIC_0027964,0.136283
ISIC_0068080,0.136224
ISIC_0053674,0.136132
ISIC_0030506,0.136119
ISIC_7912183,0.136075
ISIC_0030563,0.135976
ISIC_3306135,0.135411
ISIC_0011801,0.135284
ISIC_0011972,0.135262
ISIC_8849818,0.135187
ISIC_4081632,0.13483
ISIC_0031821,0.134812
ISIC_7131359,0.134795
ISIC_6961503,0.134547
ISIC_0024585,0.13437
ISIC_0067830,0.134367
ISIC_9948600,0.133839
ISIC_0024321,0.133811
ISIC_0033087,0.13311
ISIC_1552232,0.133026
ISIC_0033975,0.132821
ISIC_0032233,0.132639
ISIC_0060829,0.132547
ISIC_1351604,0.132432
ISIC_5555700,0.132167
ISIC_5298216,0.131762
ISIC_0011313,0.131715
ISIC_7685761,0.131537
ISIC_1794249,0.131522
ISIC_6126620,0.131503
ISIC_0010521,0.131501
ISIC_8121679,0.131492
ISIC_7885531,0.131228
ISIC_0013977,0.13101
ISIC_3289574,0.130871
ISIC_2772217,0.130602
ISIC_2031626,0.130398
ISIC_9441572,0.13017
ISIC_1343433,0.130085
ISIC_0066483,0.129859
ISIC_0032622,0.129674
ISIC_9101441,0.129664
ISIC_0067054,0.129447
ISIC_8255784,0.129356
ISIC_0003122,0.129337
ISIC_7590292,0.128977
ISIC_0069121,0.128792
ISIC_9906799,0.128634
ISIC_2772066,0.128432
ISIC_1565767,0.128425
ISIC_0060158,0.128339
ISIC_0034032,0.12821
ISIC_3016754,0.128089
ISIC_2957732,0.127972
ISIC_0031674,0.127957
ISIC_7210296,0.127954
ISIC_0001135,0.127853
ISIC_0068223,0.127835
ISIC_0063958,0.127746
ISIC_7260977,0.127693
ISIC_7579316,0.12752
ISIC_0055917,0.127354
ISIC_0033017,0.127317
ISIC_0011564,0.127281
ISIC_0024265,0.127137
ISIC_3432650,0.127135
ISIC_1774797,0.126899
ISIC_0025139,0.126871
ISIC_3777798,0.126686
ISIC_0061972,0.126669
ISIC_4348579,0.126552
ISIC_4903988,0.126455
ISIC_2731621,0.126408
ISIC_8130596,0.126407
ISIC_0072375,0.126169
ISIC_0032278,0.125791
ISIC_7226381,0.125674
ISIC_0032516,0.125627
ISIC_6208508,0.125337
ISIC_1154109,0.12505
ISIC_0032433,0.125002
ISIC_7582818,0.124934
ISIC_2826766,0.124855
ISIC_8438811,0.124531
ISIC_3179296,0.124341
ISIC_0247330,0.124218
ISIC_6616542,0.124182
ISIC_0024987,0.123854
ISIC_5482426,0.123815
ISIC_1185006,0.123734
ISIC_0074311,0.123149
ISIC_1530981,0.122909
ISIC_0026548,0.122358
ISIC_0068610,0.121212
ISIC_3871225,0.120733
ISIC_0033241,0.120652
ISIC_1370142,0.119567
ISIC_0029081,0.119171
ISIC_5063476,0.119124
ISIC_0068126,0.118917
ISIC_0046623,0.118261
ISIC_7763042,0.118061
ISIC_0963536,0.118015
ISIC_0011135,0.117945
ISIC_3888713,0.116635
ISIC_0028691,0.116609
ISIC_0027769,0.116516
ISIC_0055731,0.116335
ISIC_0033304,0.115872
ISIC_0004042,0.115813
ISIC_0010653,0.115745
ISIC_9028997,0.115721
ISIC_1081430,0.115522
ISIC_7768567,0.11547
ISIC_0029660,0.115436
ISIC_0026208,0.115398
ISIC_0026428,0.115334
ISIC_1911193,0.114716
ISIC_0911448,0.114478
ISIC_0000054,0.114459
ISIC_0010581,0.114439
ISIC_0367225,0.114371
ISIC_0000429,0.114336
ISIC_8685259,0.114315
ISIC_0032590,0.114315
ISIC_0063715,0.114161
ISIC_5459256,0.114069
ISIC_0000394,0.113983
ISIC_3729849,0.113545
ISIC_0009959,0.113536
ISIC_0061085,0.113359
ISIC_0028467,0.113354
ISIC_3067885,0.113274
ISIC_5385528,0.113195
ISIC_0057083,0.112999
ISIC_0055046,0.112761
ISIC_6498634,0.112754
ISIC_0348633,0.112722
ISIC_0030353,0.112511
ISIC_8433108,0.112441
ISIC_0080817,0.112429
ISIC_9207137,0.112242
ISIC_0027171,0.112153
ISIC_1217314,0.112132
ISIC_4871616,0.111766
ISIC_0029189,0.111733
ISIC_9407667,0.111639
ISIC_2605120,0.111491
ISIC_9792253,0.111437
ISIC_9801917,0.111308
ISIC_0033075,0.111099
ISIC_0034192,0.110921
ISIC_0465385,0.110752
ISIC_3800974,0.110713
ISIC_0030259,0.11046
ISIC_0011238,0.110102
ISIC_0012706,0.109856
ISIC_7945429,0.10961
ISIC_4345000,0.109375
ISIC_7833178,0.109336
ISIC_0054006,0.109324
ISIC_0067485,0.109136
ISIC_9910791,0.109136
ISIC_0624498,0.109014
ISIC_0057244,0.10845
ISIC_0055737,0.108318
ISIC_0032447,0.107938
ISIC_0010317,0.107771
ISIC_6964131,0.107749
ISIC_9579922,0.107467
ISIC_9096302,0.10744
ISIC_1251639,0.107335
ISIC_6547707,0.107199
ISIC_0489267,0.106995
ISIC_0030077,0.106898
ISIC_8436666,0.105892
ISIC_0013032,0.105642
ISIC_0012391,0.105393
ISIC_3728352,0.105307
ISIC_6400232,0.105269
ISIC_0070432,0.105179
ISIC_0031472,0.105088
ISIC_9222136,0.104992
ISIC_0026659,0.10474
ISIC_7592920,0.10468
ISIC_1202785,0.104604
ISIC_1323743,0.104536
ISIC_9612228,0.103753
ISIC_8495875,0.103564
ISIC_0003281,0.103534
ISIC_8451869,0.10275
ISIC_8095877,0.102696
ISIC_2433965,0.10263
ISIC_3251486,0.102557
ISIC_7351443,0.101802
ISIC_0356904,0.101764
ISIC_8708106,0.10173
ISIC_0055287,0.101704
ISIC_3475142,0.101602
ISIC_0024720,0.101564
ISIC_0065235,0.101442
ISIC_6734679,0.101394
ISIC_0027155,0.101229
ISIC_8363069,0.100839
ISIC_0060586,0.100692
ISIC_7619234,0.100662
ISIC_0012211,0.100543
ISIC_0059626,0.100454
ISIC_8497457,0.100215
ISIC_0066750,0.099872
ISIC_0055601,0.099823
ISIC_0033569,0.099777
ISIC_8523262,0.099635
ISIC_8694181,0.099623
ISIC_2038024,0.09952
ISIC_4358550,0.09948
ISIC_4897852,0.099459
ISIC_0024306,0.099244
ISIC_0071586,0.098925
ISIC_9571842,0.098805
ISIC_0024911,0.098351
ISIC_5910595,0.098331
ISIC_1924949,0.098031
ISIC_0010049,0.09802
ISIC_8163269,0.097929
ISIC_0011959,0.097564
ISIC_0031028,0.097437
ISIC_7629589,0.097422
ISIC_0014708,0.096919
ISIC_8397077,0.09653
ISIC_0026244,0.096211
ISIC_6001936,0.096155
ISIC_0021052,0.095987
ISIC_0065324,0.095491
ISIC_4898865,0.095381
ISIC_0504730,0.094951
ISIC_0065378,0.094705
ISIC_6280523,0.09461
ISIC_5765854,0.094506
ISIC_0010364,0.094488
ISIC_0034218,0.094466
ISIC_0064463,0.094391
ISIC_0062196,0.094362
ISIC_0012082,0.094283
ISIC_0060326,0.094199
ISIC_0010321,0.094101
ISIC_0029106,0.093902
ISIC_1009042,0.093812
ISIC_2858419,0.093491
ISIC_0011715,0.093204
ISIC_0068382,0.093061
ISIC_0031914,0.09295
ISIC_0000065,0.092657
ISIC_1461068,0.092568
ISIC_0033845,0.092431
ISIC_0026832,0.092421
ISIC_0029740,0.092055
ISIC_5758316,0.092049
ISIC_2228511,0.091892
ISIC_0025626,0.091824
ISIC_0057218,0.091752
ISIC_7235128,0.091292
ISIC_0192893,0.090874
ISIC_0011504,0.090721
ISIC_0065066,0.090674
ISIC_6918995,0.090413
ISIC_0010543,0.09017
ISIC_0055140,0.090018
ISIC_0061141,0.08995
ISIC_0015166,0.089949
ISIC_7079349,0.089762
ISIC_9095975,0.089239
ISIC_1177153,0.089103
ISIC_0011289,0.089095
ISIC_0072004,0.089062
ISIC_6323420,0.089018
ISIC_2470790,0.089005
ISIC_5312710,0.088887
ISIC_9929097,0.088828
ISIC_7870290,0.08877
ISIC_1102391,0.088655
ISIC_3195720,0.088524
ISIC_0058877,0.088408
ISIC_0000473,0.088319
ISIC_0059435,0.087554
ISIC_8796769,0.087396
ISIC_6822870,0.087378
ISIC_2679689,0.087337
ISIC_0011994,0.087325
ISIC_7096389,0.087133
ISIC_0033027,0.08699
ISIC_7035368,0.086911
ISIC_0027022,0.086659
ISIC_4086323,0.086599
ISIC_4764568,0.086463
ISIC_7052658,0.086342
ISIC_0015005,0.086286
ISIC_0030597,0.086245
ISIC_0026407,0.086155
ISIC_0026901,0.086101
ISIC_0029397,0.086077
ISIC_1166740,0.085741
ISIC_2922104,0.085451
ISIC_8865595,0.085355
ISIC_9977672,0.085164
ISIC_0331124,0.085051
ISIC_0013427,0.084926
ISIC_0032938,0.0846
ISIC_8699453,0.084595
ISIC_1132496,0.084263
ISIC_7727830,0.084105
ISIC_0024380,0.083737
ISIC_0010372,0.083724
ISIC_0013778,0.083714
ISIC_0026780,0.083673
ISIC_2822622,0.083597
ISIC_8388593,0.083586
ISIC_0056444,0.083438
ISIC_0014542,0.083137
ISIC_1292607,0.083041
ISIC_0024266,0.082292
ISIC_0059722,0.082148
ISIC_0059925,0.082067
ISIC_4938994,0.081816
ISIC_7129085,0.081793
ISIC_2400177,0.08144
ISIC_1074939,0.081415
ISIC_0014765,0.080622
ISIC_0027863,0.08021
ISIC_7976724,0.080197
ISIC_0008114,0.080188
ISIC_0033405,0.080109
ISIC_3981101,0.080089
ISIC_0027126,0.080067
ISIC_2664946,0.080017
ISIC_0030447,0.079921
ISIC_3116288,0.079908
ISIC_6336926,0.079867
ISIC_3272999,0.079802
ISIC_7759376,0.079791
ISIC_5934239,0.079578
ISIC_7533216,0.079409
ISIC_0033638,0.078946
ISIC_0010636,0.078759
ISIC_1115013,0.078677
ISIC_0027043,0.078241
ISIC_0011996,0.078144
ISIC_3556980,0.0781
ISIC_0033333,0.07787
ISIC_0255997,0.077842
ISIC_1265755,0.077757
ISIC_4582670,0.077627
ISIC_0033517,0.077432
ISIC_0016112,0.077109
ISIC_7045042,0.076848
ISIC_1504257,0.076434
ISIC_1471329,0.076422
ISIC_0025343,0.0761
ISIC_4715386,0.075977
ISIC_0296580,0.075941
ISIC_0031118,0.075625
ISIC_1305537,0.075613
ISIC_0064026,0.075434
ISIC_0061581,0.075318
ISIC_0000504,0.075264
ISIC_6445453,0.075045
ISIC_3909039,0.074668
ISIC_2183722,0.074592
ISIC_0015631,0.074066
ISIC_0003925,0.073969
ISIC_6256797,0.073828
ISIC_2468509,0.073764
ISIC_0011531,0.073719
ISIC_0068184,0.073585
ISIC_0025597,0.073421
ISIC_0057307,0.073262
ISIC_0032914,0.073194
ISIC_0032357,0.07315
ISIC_0029092,0.073139
ISIC_0012672,0.073105
ISIC_0061164,0.073031
ISIC_0033966,0.072797
ISIC_6162308,0.072497
ISIC_7520843,0.072207
ISIC_8634334,0.072166
ISIC_0011956,0.071982
ISIC_0147869,0.071716
ISIC_0027033,0.071637
ISIC_0026560,0.071124
ISIC_1974281,0.070914
ISIC_0066733,0.070752
ISIC_5272345,0.070731
ISIC_0072837,0.070648
ISIC_0062223,0.070571
ISIC_0013777,0.070492
ISIC_5585279,0.070351
ISIC_7246852,0.070317
ISIC_0027479,0.07024
ISIC_0000358,0.069617
ISIC_0002862,0.068941
ISIC_6640686,0.068683
ISIC_2779787,0.068658
ISIC_0055289,0.068623
ISIC_0028543,0.068607
ISIC_4470206,0.068605
ISIC_3225754,0.068459
ISIC_0031717,0.068431
ISIC_0071857,0.068234
ISIC_8176449,0.06796
ISIC_0056692,0.06747
ISIC_8837443,0.066937
ISIC_0028489,0.066761
ISIC_0067577,0.066529
ISIC_3825641,0.066191
ISIC_6722934,0.065912
ISIC_6815524,0.065565
ISIC_2752919,0.065481
ISIC_0010750,0.065232
ISIC_0007029,0.065035
ISIC_5518557,0.064942
ISIC_3446357,0.064827
ISIC_0033119,0.064634
ISIC_0071647,0.064621
ISIC_0069918,0.064522
ISIC_0059357,0.064309
ISIC_7004652,0.064199
ISIC_7039203,0.064122
ISIC_2757355,0.063708
ISIC_8513112,0.063518
ISIC_0027472,0.063459
ISIC_1737600,0.063369
ISIC_1418304,0.063295
ISIC_0813423,0.063294
ISIC_4274519,0.062972
ISIC_4034244,0.062971
ISIC_0033386,0.062749
ISIC_2927587,0.062473
ISIC_0010998,0.062426
ISIC_0015023,0.062171
ISIC_6735970,0.06211
ISIC_8363485,0.062108
ISIC_9015182,0.06197
ISIC_0031529,0.061959
ISIC_0034104,0.061667
ISIC_0011132,0.061018
ISIC_0000866,0.060765
ISIC_7505369,0.06042
ISIC_0026166,0.060385
ISIC_1795529,0.060359
ISIC_7755106,0.060236
ISIC_0030512,0.060228
ISIC_2778131,0.060159
ISIC_4814912,0.060056
ISIC_0011779,0.06002
ISIC_4332885,0.059738
ISIC_0034065,0.059306
ISIC_9631669,0.05897
ISIC_1752943,0.058915
ISIC_5821293,0.058896
ISIC_9933790,0.058649
ISIC_0010648,0.058617
ISIC_0056603,0.058323
ISIC_7017547,0.058121
ISIC_1862691,0.057469
ISIC_0210998,0.057442
ISIC_0006754,0.057142
ISIC_0944273,0.056931
ISIC_8588957,0.056873
ISIC_9969907,0.05678
ISIC_9879693,0.056687
ISIC_0033051,0.056608
ISIC_5960641,0.056471
ISIC_9655520,0.056452
ISIC_0024958,0.056444
ISIC_5415761,0.05638
ISIC_1761799,0.056316
ISIC_1689678,0.056213
ISIC_0010124,0.055973
ISIC_9019691,0.055699
ISIC_8440070,0.055433
ISIC_4472903,0.0554
ISIC_0014545,0.055347
ISIC_4949672,0.055093
ISIC_0024516,0.054728
ISIC_1113629,0.054334
ISIC_0026993,0.053644
ISIC_0064034,0.053403
ISIC_3856233,0.053349
ISIC_5287748,0.053349
ISIC_0013719,0.053262
ISIC_9209245,0.053229
ISIC_0025039,0.053218
ISIC_0033250,0.053051
ISIC_8384985,0.053003
ISIC_9684649,0.052959
ISIC_0033578,0.052913
ISIC_0000469,0.052902
ISIC_0294399,0.05275
ISIC_0033274,0.052294
ISIC_0024298,0.052048
ISIC_0072041,0.052046
ISIC_9130157,0.051942
ISIC_0029007,0.050817
ISIC_0001792,0.050634
ISIC_0067120,0.050566
ISIC_2885086,0.050435
ISIC_3596927,0.050391
ISIC_0028156,0.050166
ISIC_6023504,0.050138
ISIC_6125358,0.050063
ISIC_0010227,0.05006
ISIC_0032187,0.0499
ISIC_0046671,0.049833
ISIC_5866419,0.04964
ISIC_8635853,0.049471
ISIC_1566215,0.049448
ISIC_3899323,0.049443
ISIC_8814398,0.049435
ISIC_0059569,0.049318
ISIC_3685448,0.049158
ISIC_2517072,0.048816
ISIC_9996128,0.048769
ISIC_0024256,0.048738
ISIC_0029056,0.048725
ISIC_3006279,0.048554
ISIC_9742891,0.048384
ISIC_0067427,0.048187
ISIC_0010500,0.048054
ISIC_9859495,0.047622
ISIC_6718969,0.047599
ISIC_6483504,0.047512
ISIC_2457859,0.047295
ISIC_6644834,0.047236
ISIC_0029910,0.047197
ISIC_3812485,0.04715
ISIC_0010658,0.046782
ISIC_0056819,0.046195
ISIC_2259861,0.04619
ISIC_0667763,0.045984
ISIC_3278303,0.04565
ISIC_0071352,0.045561
ISIC_0015264,0.045466
ISIC_0032559,0.04533
ISIC_0031671,0.04511
ISIC_3475660,0.044524
ISIC_8525786,0.04405
ISIC_7601403,0.044021
ISIC_0011704,0.043933
ISIC_0027541,0.043886
ISIC_0029028,0.043518
ISIC_0012137,0.043379
ISIC_0069193,0.043318
ISIC_6132976,0.042862
ISIC_0000129,0.042703
ISIC_6356149,0.042513
ISIC_0029508,0.04251
ISIC_0927854,0.042097
ISIC_3967213,0.041797
ISIC_1104374,0.041747
ISIC_6653311,0.041395
ISIC_0057496,0.041366
ISIC_0283957,0.041291
ISIC_5611104,0.041128
ISIC_2668481,0.040908
ISIC_7896667,0.040795
ISIC_7904250,0.04011
ISIC_0069967,0.040063
ISIC_0000541,0.040041
ISIC_0058858,0.039572
ISIC_6670242,0.039462
ISIC_4614604,0.038744
ISIC_0054673,0.038606
ISIC_1831600,0.038553
ISIC_0033233,0.038461
ISIC_0025437,0.038174
ISIC_0030769,0.038105
ISIC_4288307,0.037886
ISIC_0062026,0.037869
ISIC_0023811,0.037442
ISIC_6162545,0.037226
ISIC_9720044,0.0371
ISIC_0071678,0.036635
ISIC_0067891,0.036151
ISIC_0025165,0.036071
ISIC_9586758,0.036013
ISIC_0071471,0.035606
ISIC_2854610,0.035097
ISIC_0033374,0.034673
ISIC_7984080,0.034344
ISIC_7266462,0.034057
ISIC_5504286,0.034022
ISIC_9699238,0.034008
ISIC_7831274,0.033988
ISIC_0062468,0.033777
ISIC_5737704,0.033679
ISIC_0013767,0.033587
ISIC_0053513,0.033518
ISIC_0062712,0.032906
ISIC_5358568,0.032829
ISIC_0000141,0.03272
ISIC_0029906,0.032488
ISIC_8806357,0.032131
ISIC_0057015,0.032091
ISIC_0027573,0.03185
ISIC_4174983,0.031726
ISIC_0033585,0.031721
ISIC_0640806,0.031024
ISIC_4570724,0.030968
ISIC_7268123,0.030849
ISIC_2717192,0.030143
ISIC_5022895,0.030134
ISIC_0025653,0.030128
ISIC_5240648,0.029883
ISIC_1785627,0.029585
ISIC_2980578,0.029421
ISIC_0070210,0.029174
ISIC_0059929,0.029109
ISIC_0063930,0.028685
ISIC_0012064,0.028018
ISIC_0030435,0.027993
ISIC_3963183,0.027785
ISIC_0026364,0.027667
ISIC_0032033,0.027647
ISIC_1293403,0.027531
ISIC_3147084,0.027474
ISIC_1543544,0.027218
ISIC_0014222,0.02706
ISIC_0028041,0.026957
ISIC_0024661,0.026733
ISIC_0000153,0.026576
ISIC_0032751,0.026372
ISIC_2396791,0.026301
ISIC_0372902,0.026279
ISIC_5961092,0.026232
ISIC_7047780,0.026105
ISIC_3205354,0.025925
ISIC_0033216,0.025743
ISIC_0027021,0.025234
ISIC_3305055,0.025049
ISIC_1956504,0.023853
ISIC_6652978,0.023751
ISIC_0005291,0.023484
ISIC_0801281,0.023393
ISIC_0010440,0.02339
ISIC_9716860,0.023242
ISIC_0024846,0.022644
ISIC_0015208,0.02249
ISIC_0001596,0.022005
ISIC_0026087,0.021812
ISIC_8727962,0.021767
ISIC_7637091,0.02174
ISIC_7400458,0.021639
ISIC_7875088,0.021095
ISIC_2819721,0.020965
ISIC_0034317,0.020396
ISIC_0834745,0.020337
ISIC_5485661,0.020172
ISIC_0032265,0.020119
ISIC_0063268,0.020101
ISIC_1225511,0.020082
ISIC_0024529,0.020004
ISIC_2808622,0.019746
ISIC_0034222,0.018961
ISIC_0479264,0.018481
ISIC_5073160,0.018274
ISIC_6320497,0.018143
ISIC_0003822,0.017963
ISIC_8362891,0.017308
ISIC_0028126,0.017179
ISIC_0072266,0.016816
ISIC_0055282,0.016718
ISIC_0032535,0.016636
ISIC_0034294,0.016241
ISIC_0027350,0.016199
ISIC_1438269,0.015854
ISIC_0024367,0.015524
ISIC_0056063,0.015492
ISIC_0059423,0.015173
ISIC_0069398,0.015082
ISIC_0060559,0.015003
ISIC_0056790,0.014936
ISIC_4748605,0.014735
ISIC_0028320,0.014332
ISIC_0024344,0.0143
ISIC_0552911,0.01365
ISIC_9912475,0.013596
ISIC_0064240,0.013575
ISIC_2467623,0.013557
ISIC_0056226,0.013536
ISIC_0064669,0.0134
ISIC_7292983,0.013143
ISIC_9685480,0.013046
ISIC_4642190,0.012842
ISIC_0056292,0.012619
ISIC_3209501,0.011824
ISIC_0054444,0.011754
ISIC_9256438,0.011722
ISIC_0033568,0.011449
ISIC_7011122,0.010917
ISIC_6392478,0.010817
ISIC_0011789,0.010766
ISIC_5993356,0.010567
ISIC_0016139,0.010345
ISIC_4136663,0.010167
ISIC_0058723,0.009878
ISIC_1729223,0.009523
ISIC_0055378,0.009351
ISIC_0028800,0.009311
ISIC_6988514,0.009207
ISIC_9066201,0.009078
ISIC_0014157,0.008739
ISIC_0030300,0.008738
ISIC_7545340,0.008486
ISIC_7169653,0.008419
ISIC_0028025,0.008055
ISIC_0025020,0.007944
ISIC_5153848,0.007939
ISIC_1476361,0.007789
ISIC_5974838,0.007702
ISIC_0046628,0.007036
ISIC_0485881,0.00679
ISIC_0027436,0.006499
ISIC_0007884,0.006397
ISIC_4642695,0.00626
ISIC_0010347,0.006112
ISIC_0065658,0.006071
ISIC_0031931,0.005726
ISIC_4672131,0.005685
ISIC_4782878,0.005064
ISIC_0070961,0.00506
ISIC_0032226,0.004797
ISIC_6983970,0.004446
ISIC_0010017,0.0042
ISIC_0033164,0.00406
ISIC_7110699,0.003929
ISIC_0032928,0.003589
ISIC_2006783,0.003571
ISIC_9788174,0.003562
ISIC_7853136,0.003555
ISIC_9765760,0.003553
ISIC_2054180,0.003271
ISIC_5584185,0.00295
ISIC_8584239,0.002799
ISIC_0029581,0.002454
ISIC_0028396,0.002237
ISIC_0000434,0.002117
ISIC_0072641,0.002087
ISIC_7364041,0.002067
ISIC_2131962,0.002004
ISIC_0013969,0.001522
ISIC_0064279,0.00137
ISIC_0072422,0.001363
ISIC_6535558,0.001341
ISIC_9978498,0.001063
ISIC_0627979,0.000824
ISIC_1740912,0.000629
ISIC_3063260,0.000613
ISIC_3751090,8.4e-05
ISIC_4643298,2.6e-05
ISIC_0009939,3e-06
ISIC_5037784,-0.000219
ISIC_8027899,-0.000259
ISIC_0071651,-0.000432
ISIC_5982769,-0.000462
ISIC_4177043,-0.000648
ISIC_0007678,-0.0007
ISIC_0025724,-0.000803
ISIC_7801289,-0.000889
ISIC_0708552,-0.001232
ISIC_0057692,-0.001239
ISIC_3608788,-0.001527
ISIC_4433832,-0.001736
ISIC_0009998,-0.001736
ISIC_4732684,-0.001767
ISIC_6155981,-0.002353
ISIC_0028341,-0.002912
ISIC_0060827,-0.002985
ISIC_7240424,-0.003015
ISIC_0069617,-0.003271
ISIC_7131973,-0.003613
ISIC_0024258,-0.003628
ISIC_3070206,-0.00366
ISIC_1793624,-0.003666
ISIC_0028445,-0.004175
ISIC_0057988,-0.004463
ISIC_0032774,-0.004467
ISIC_1952749,-0.004485
ISIC_1216698,-0.00449
ISIC_5805349,-0.004495
ISIC_0057032,-0.004873
ISIC_0012721,-0.004949
ISIC_0862745,-0.004969
ISIC_2378211,-0.005322
ISIC_3791309,-0.005378
ISIC_0975874,-0.005567
ISIC_0032561,-0.005602
ISIC_0034183,-0.005978
ISIC_7438013,-0.006513
ISIC_5932383,-0.006574
ISIC_1522266,-0.006788
ISIC_0000087,-0.006791
ISIC_3031937,-0.006912
ISIC_1054090,-0.007326
ISIC_0013457,-0.00772
ISIC_3335505,-0.0078
ISIC_7205745,-0.00789
ISIC_0000159,-0.008065
ISIC_0033059,-0.008312
ISIC_5223096,-0.008445
ISIC_0026460,-0.008474
ISIC_1431777,-0.008849
ISIC_6370597,-0.00924
ISIC_0000490,-0.009437
ISIC_0013165,-0.009473
ISIC_6617840,-0.009795
ISIC_6088194,-0.010063
ISIC_0021901,-0.010373
ISIC_6945634,-0.01072
ISIC_0010962,-0.010747
ISIC_0013762,-0.01092
ISIC_7572137,-0.011181
ISIC_0904712,-0.011254
ISIC_1037945,-0.011266
ISIC_0025391,-0.01152
ISIC_1216139,-0.011685
ISIC_0025382,-0.011801
ISIC_4471367,-0.011861
ISIC_9848743,-0.011998
ISIC_7380353,-0.01238
ISIC_8021960,-0.012906
ISIC_4293419,-0.013641
ISIC_3687259,-0.013732
ISIC_0028018,-0.013837
ISIC_6340564,-0.013994
ISIC_0056047,-0.013995
ISIC_0218575,-0.014264
ISIC_8325226,-0.014692
ISIC_0063225,-0.015443
ISIC_0054151,-0.015486
ISIC_0055241,-0.015604
ISIC_7667157,-0.015808
ISIC_0026484,-0.015932
ISIC_7413786,-0.016007
ISIC_0567814,-0.016062
ISIC_1372928,-0.016071
ISIC_0056991,-0.016462
ISIC_7306535,-0.016474
ISIC_7301963,-0.016574
ISIC_9802008,-0.016682
ISIC_0056164,-0.017132
ISIC_0058998,-0.017524
ISIC_9699426,-0.017692
ISIC_0033186,-0.017776
ISIC_0014291,-0.017888
ISIC_4343836,-0.017961
ISIC_0027646,-0.018025
ISIC_5359416,-0.01834
ISIC_0014926,-0.018405
ISIC_0030575,-0.018575
ISIC_8559778,-0.018714
ISIC_4876378,-0.01872
ISIC_8649055,-0.01896
ISIC_0033278,-0.019251
ISIC_5454766,-0.019373
ISIC_9080774,-0.019693
ISIC_0033300,-0.019903
ISIC_9268487,-0.020032
ISIC_9518180,-0.021031
ISIC_9385996,-0.021164
ISIC_0030845,-0.021285
ISIC_0370008,-0.021446
ISIC_6678508,-0.021603
ISIC_8663971,-0.021676
ISIC_2153301,-0.021691
ISIC_7566505,-0.021858
ISIC_1968421,-0.021902
ISIC_8906583,-0.021919
ISIC_4055361,-0.021987
ISIC_0029339,-0.022077
ISIC_3106058,-0.022753
ISIC_5355302,-0.023033
ISIC_5588968,-0.023186
ISIC_0073147,-0.023787
ISIC_0054073,-0.024373
ISIC_5959795,-0.024454
ISIC_0064534,-0.024982
ISIC_7637597,-0.025162
ISIC_3993510,-0.025354
ISIC_0070419,-0.025469
ISIC_5357288,-0.025703
ISIC_5983500,-0.0259
ISIC_9112747,-0.025915
ISIC_1761083,-0.026139
ISIC_0065278,-0.026447
ISIC_0062084,-0.026521
ISIC_0060707,-0.02676
ISIC_7454699,-0.026901
ISIC_0014860,-0.026923
ISIC_4735959,-0.02701
ISIC_1585370,-0.027075
ISIC_2075546,-0.027394
ISIC_0012047,-0.027399
ISIC_0059412,-0.027423
ISIC_3900049,-0.027469
ISIC_5059476,-0.02765
ISIC_6541615,-0.027733
ISIC_0423483,-0.027895
ISIC_8435105,-0.028425
ISIC_7798403,-0.028465
ISIC_3506204,-0.028979
ISIC_7381224,-0.029062
ISIC_7331345,-0.02921
ISIC_7858034,-0.029211
ISIC_0030760,-0.029339
ISIC_0000058,-0.030599
ISIC_0009905,-0.030848
ISIC_4804158,-0.031333
ISIC_0033121,-0.031362
ISIC_0065468,-0.031411
ISIC_0033771,-0.0315
ISIC_0029825,-0.031605
ISIC_7244604,-0.031689
ISIC_9513918,-0.031832
ISIC_0029322,-0.031864
ISIC_0033830,-0.032255
ISIC_0012072,-0.032334
ISIC_0026329,-0.032484
ISIC_0013491,-0.032624
ISIC_7460111,-0.032951
ISIC_9625295,-0.033298
ISIC_6124481,-0.033569
ISIC_7976934,-0.033583
ISIC_0025184,-0.03365
ISIC_6562871,-0.033789
ISIC_5926550,-0.033972
ISIC_0033524,-0.034037
ISIC_0011267,-0.03417
ISIC_5777697,-0.034342
ISIC_0026207,-0.034362
ISIC_8543040,-0.034503
ISIC_0015241,-0.034599
ISIC_1432058,-0.034604
ISIC_7575815,-0.034629
ISIC_4523565,-0.034667
ISIC_0032976,-0.034749
ISIC_3342474,-0.034815
ISIC_0894785,-0.03492
ISIC_4732241,-0.035399
ISIC_0002693,-0.035621
ISIC_0054728,-0.035798
ISIC_0014013,-0.036135
ISIC_0046932,-0.036247
ISIC_5190920,-0.036709
ISIC_0056127,-0.036736
ISIC_0394157,-0.037197
ISIC_0027214,-0.037413
ISIC_2663597,-0.037475
ISIC_8344196,-0.038851
ISIC_0010789,-0.038899
ISIC_0024232,-0.039313
ISIC_0067609,-0.039573
ISIC_7409889,-0.039715
ISIC_4684860,-0.040756
ISIC_3786438,-0.040804
ISIC_7008969,-0.040806
ISIC_2222879,-0.040961
ISIC_5595054,-0.040993
ISIC_0024980,-0.041092
ISIC_0032171,-0.041122
ISIC_0062325,-0.041131
ISIC_8073036,-0.041335
ISIC_0006181,-0.041441
ISIC_0029409,-0.041648
ISIC_0011344,-0.041739
ISIC_0014501,-0.041795
ISIC_9108776,-0.042207
ISIC_0065477,-0.042207
ISIC_0032747,-0.042528
ISIC_5961333,-0.042583
ISIC_3304982,-0.042589
ISIC_0024271,-0.042607
ISIC_0034069,-0.042866
ISIC_7677876,-0.043027
ISIC_9323095,-0.043105
ISIC_0058823,-0.043233
ISIC_8197240,-0.043431
ISIC_6284312,-0.043697
ISIC_2622189,-0.043735
ISIC_0014867,-0.043749
ISIC_3747979,-0.043959
ISIC_9505595,-0.044048
ISIC_0061158,-0.044153
ISIC_4141315,-0.044192
ISIC_6207688,-0.044535
ISIC_0010981,-0.044546
ISIC_0033325,-0.044816
ISIC_8266094,-0.044864
ISIC_0026882,-0.044917
ISIC_9239632,-0.044975
ISIC_0000754,-0.045018
ISIC_0033319,-0.04502
ISIC_1798471,-0.045197
ISIC_6488658,-0.045876
ISIC_0055550,-0.045882
ISIC_0033332,-0.046243
ISIC_2924968,-0.046386
ISIC_6661904,-0.046472
ISIC_4847584,-0.046533
ISIC_0193456,-0.046916
ISIC_8101493,-0.047392
ISIC_0046222,-0.047435
ISIC_7418723,-0.047512
ISIC_0003046,-0.047798
ISIC_9860255,-0.048017
ISIC_0746397,-0.048515
ISIC_8979567,-0.048868
ISIC_0070784,-0.048959
ISIC_4312841,-0.049123
ISIC_8108099,-0.049323
ISIC_0533930,-0.049766
ISIC_9424787,-0.050756
ISIC_0061509,-0.050965
ISIC_7785723,-0.051016
ISIC_0024781,-0.0511
ISIC_0360988,-0.051323
ISIC_0430356,-0.051385
ISIC_3696726,-0.051587
ISIC_6357263,-0.051649
ISIC_0033630,-0.051833
ISIC_0010393,-0.051876
ISIC_0031422,-0.051909
ISIC_0028230,-0.052033
ISIC_6968422,-0.052182
ISIC_1177505,-0.052218
ISIC_6997433,-0.0524
ISIC_0067326,-0.052753
ISIC_0067723,-0.052786
ISIC_9081663,-0.0528
ISIC_0030129,-0.052838
ISIC_4329176,-0.053001
ISIC_0029328,-0.053071
ISIC_6469202,-0.05314
ISIC_0010145,-0.053161
ISIC_5833015,-0.053276
ISIC_8441905,-0.053624
ISIC_0097500,-0.053648
ISIC_2509304,-0.053872
ISIC_1155782,-0.053952
ISIC_7136995,-0.054087
ISIC_3077674,-0.054253
ISIC_1531204,-0.054381
ISIC_4232761,-0.054944
ISIC_0070927,-0.054979
ISIC_0046983,-0.055039
ISIC_0011507,-0.055158
ISIC_2271767,-0.05517
ISIC_1359533,-0.055221
ISIC_0000518,-0.055271
ISIC_0519719,-0.055325
ISIC_0029205,-0.055543
ISIC_2598575,-0.055738
ISIC_0067972,-0.055928
ISIC_9935444,-0.056011
ISIC_0027056,-0.056022
ISIC_0033213,-0.056163
ISIC_0070992,-0.056465
ISIC_0055435,-0.056474
ISIC_0029170,-0.056578
ISIC_0029163,-0.056758
ISIC_0063425,-0.056802
ISIC_1945381,-0.057174
ISIC_3706743,-0.057197
ISIC_0029859,-0.0578
ISIC_3418245,-0.058199
ISIC_0057313,-0.058562
ISIC_0033819,-0.059261
ISIC_2245069,-0.059494
ISIC_1114966,-0.059504
ISIC_0026627,-0.05978
ISIC_0004217,-0.060142
ISIC_6268546,-0.060239
ISIC_0059836,-0.060338
ISIC_3513367,-0.060433
ISIC_3463156,-0.060483
ISIC_0053760,-0.060625
ISIC_0032975,-0.060843
ISIC_3564136,-0.060857
ISIC_0027260,-0.061193
ISIC_3368468,-0.061297
ISIC_0059866,-0.06132
ISIC_0071826,-0.061378
ISIC_0030657,-0.061602
ISIC_0033800,-0.061778
ISIC_0068246,-0.062575
ISIC_7185913,-0.062684
ISIC_4453506,-0.062886
ISIC_8812781,-0.063001
ISIC_9529297,-0.063046
ISIC_2733056,-0.06322
ISIC_8263489,-0.063231
ISIC_0066401,-0.063257
ISIC_8100185,-0.063323
ISIC_9829805,-0.063338
ISIC_0025128,-0.063376
ISIC_6449065,-0.06364
ISIC_0025658,-0.0642
ISIC_0014557,-0.064603
ISIC_0067159,-0.064679
ISIC_0032098,-0.064716
ISIC_0030729,-0.064773
ISIC_0014800,-0.065439
ISIC_2909153,-0.065954
ISIC_0032797,-0.066023
ISIC_0008619,-0.066061
ISIC_8297563,-0.066702
ISIC_0000421,-0.066827
ISIC_1484525,-0.066925
ISIC_0024565,-0.067093
ISIC_0024449,-0.067261
ISIC_6942437,-0.067365
ISIC_7966295,-0.067373
ISIC_0065775,-0.067599
ISIC_0032540,-0.067741
ISIC_2391053,-0.068169
ISIC_2123159,-0.068243
ISIC_2438917,-0.068387
ISIC_0030985,-0.068538
ISIC_0027956,-0.068685
ISIC_1470250,-0.069534
ISIC_0013472,-0.06957
ISIC_1135213,-0.069637
ISIC_7212271,-0.069801
ISIC_8105020,-0.069897
ISIC_7558912,-0.069969
ISIC_0028109,-0.070314
ISIC_0064014,-0.07036
ISIC_3805025,-0.070551
ISIC_0031745,-0.070696
ISIC_0030139,-0.070747
ISIC_9140779,-0.070861
ISIC_6208222,-0.071361
ISIC_0000392,-0.071412
ISIC_6101007,-0.071569
ISIC_8041550,-0.071725
ISIC_0535416,-0.07176
ISIC_0046596,-0.071889
ISIC_0063650,-0.072156
ISIC_0010718,-0.072255
ISIC_6654619,-0.072731
ISIC_0030237,-0.072828
ISIC_0010094,-0.073205
ISIC_0413804,-0.07336
ISIC_8161933,-0.073479
ISIC_6995731,-0.073541
ISIC_0069273,-0.073564
ISIC_6609379,-0.073675
ISIC_0027253,-0.073729
ISIC_2991354,-0.073902
ISIC_0033279,-0.073939
ISIC_0028597,-0.073945
ISIC_3578186,-0.074145
ISIC_0014558,-0.074146
ISIC_0033419,-0.074171
ISIC_9944714,-0.074261
ISIC_0004996,-0.074323
ISIC_0033399,-0.074518
ISIC_3305153,-0.074529
ISIC_6340792,-0.074709
ISIC_5537876,-0.075002
ISIC_0012887,-0.075163
ISIC_0030087,-0.075237
ISIC_0033501,-0.075334
ISIC_7175697,-0.07556
ISIC_7781213,-0.075673
ISIC_7387061,-0.075804
ISIC_0006821,-0.076167
ISIC_3043475,-0.076645
ISIC_0032598,-0.076674
ISIC_0000274,-0.07703
ISIC_4509525,-0.077122
ISIC_3249783,-0.077195
ISIC_1585511,-0.077334
ISIC_0025732,-0.077356
ISIC_9513808,-0.077796
ISIC_0014788,-0.078001
ISIC_0029761,-0.078044
ISIC_2916677,-0.078283
ISIC_9219692,-0.07851
ISIC_0034133,-0.078752
ISIC_0061531,-0.07901
ISIC_2086540,-0.079107
ISIC_0066674,-0.079152
ISIC_3688362,-0.079211
ISIC_0006321,-0.079566
ISIC_0055742,-0.079616
ISIC_1915890,-0.079781
ISIC_7898061,-0.079809
ISIC_0959863,-0.079943
ISIC_2680588,-0.080094
ISIC_7670304,-0.080156
ISIC_0072173,-0.080264
ISIC_0031356,-0.08038
ISIC_6985114,-0.08057
ISIC_0016050,-0.080613
ISIC_0028515,-0.080746
ISIC_8479913,-0.080779
ISIC_1334038,-0.081066
ISIC_0010313,-0.081177
ISIC_5308066,-0.081324
ISIC_0012512,-0.081464
ISIC_0817140,-0.081481
ISIC_8885809,-0.081577
ISIC_8803600,-0.08168
ISIC_2513933,-0.08182
ISIC_6384927,-0.081965
ISIC_0027091,-0.082593
ISIC_0011471,-0.082785
ISIC_0030592,-0.083515
ISIC_0026296,-0.083723
ISIC_9863059,-0.08375
ISIC_2826618,-0.083753
ISIC_2559074,-0.083809
ISIC_0013988,-0.083977
ISIC_0010742,-0.084482
ISIC_2502558,-0.084607
ISIC_8419663,-0.084621
ISIC_8171432,-0.084676
ISIC_0029937,-0.084754
ISIC_0061544,-0.08489
ISIC_0032858,-0.084938
ISIC_0963531,-0.085043
ISIC_3541663,-0.085067
ISIC_5391190,-0.085263
ISIC_9684318,-0.085345
ISIC_5536710,-0.085464
ISIC_0067127,-0.085609
ISIC_0033412,-0.08566
ISIC_0030017,-0.085701
ISIC_1475598,-0.085905
ISIC_0054671,-0.085945
ISIC_4806829,-0.085976
ISIC_3744940,-0.086048
ISIC_0011128,-0.086254
ISIC_0028087,-0.086302
ISIC_5231145,-0.086305
ISIC_3410193,-0.086581
ISIC_0029214,-0.086596
ISIC_0067697,-0.087039
ISIC_0046908,-0.087078
ISIC_6919856,-0.087101
ISIC_1097830,-0.087309
ISIC_0028859,-0.087318
ISIC_0056246,-0.087414
ISIC_1925623,-0.087576
ISIC_0001832,-0.087807
ISIC_9206499,-0.087954
ISIC_0032272,-0.088213
ISIC_0029316,-0.088288
ISIC_0028081,-0.088294
ISIC_0000531,-0.088343
ISIC_8015541,-0.088357
ISIC_9626241,-0.088998
ISIC_3819893,-0.089109
ISIC_8759207,-0.089178
ISIC_4780541,-0.089478
ISIC_0000349,-0.089489
ISIC_2291059,-0.089541
ISIC_0011127,-0.08958
ISIC_0071733,-0.089805
ISIC_0033946,-0.089806
ISIC_0592973,-0.089843
ISIC_0000569,-0.089893
ISIC_3064807,-0.090763
ISIC_3637551,-0.091003
ISIC_9312264,-0.091203
ISIC_9232153,-0.091415
ISIC_0210282,-0.091421
ISIC_0057997,-0.091438
ISIC_0202167,-0.091458
ISIC_0065537,-0.091481
ISIC_0030898,-0.091495
ISIC_2312766,-0.091771
ISIC_3560519,-0.091965
ISIC_1265382,-0.092044
ISIC_0000046,-0.09215
ISIC_0392105,-0.092177
ISIC_3850432,-0.092182
ISIC_3159924,-0.092233
ISIC_0014027,-0.092268
ISIC_8165906,-0.092758
ISIC_7935007,-0.092874
ISIC_0028338,-0.093102
ISIC_5281762,-0.093139
ISIC_0027576,-0.093143
ISIC_0032509,-0.09323
ISIC_0027993,-0.093259
ISIC_5652135,-0.09335
ISIC_3948754,-0.093437
ISIC_6001716,-0.094013
ISIC_0010171,-0.094031
ISIC_0029086,-0.094208
ISIC_0014103,-0.094388
ISIC_0073135,-0.094557
ISIC_2430937,-0.094821
ISIC_7441957,-0.095003
ISIC_0013733,-0.095121
ISIC_0005377,-0.095351
ISIC_0032635,-0.095463
ISIC_8671662,-0.095794
ISIC_7984646,-0.09592
ISIC_0062530,-0.096062
ISIC_9626777,-0.097384
ISIC_4646228,-0.097423
ISIC_0014543,-0.097508
ISIC_9660528,-0.097608
ISIC_5081382,-0.09785
ISIC_6520237,-0.097875
ISIC_0640770,-0.097892
ISIC_0030254,-0.098003
ISIC_0033812,-0.098047
ISIC_5797404,-0.098531
ISIC_5646706,-0.098749
ISIC_0026890,-0.098965
ISIC_6628544,-0.099022
ISIC_2445765,-0.099057
ISIC_0030641,-0.099074
ISIC_0033432,-0.099221
ISIC_8812621,-0.099259
ISIC_0028086,-0.099292
ISIC_0032970,-0.099334
ISIC_0013311,-0.09938
ISIC_3520750,-0.099509
ISIC_4856536,-0.099608
ISIC_0000152,-0.099664
ISIC_0031900,-0.099801
ISIC_0000445,-0.099836
ISIC_0033091,-0.099928
ISIC_1473511,-0.100184
ISIC_8959410,-0.100555
ISIC_0014302,-0.100666
ISIC_8133350,-0.100894
ISIC_0014049,-0.100987
ISIC_6298726,-0.100988
ISIC_1558504,-0.101011
ISIC_1611503,-0.101191
ISIC_0056257,-0.101253
ISIC_2680640,-0.10144
ISIC_4851652,-0.101556
ISIC_0026506,-0.101772
ISIC_9719936,-0.101787
ISIC_0244240,-0.102176
ISIC_0027654,-0.102364
ISIC_0010883,-0.102516
ISIC_0026204,-0.102619
ISIC_6756517,-0.1029
ISIC_4266157,-0.10371
ISIC_8124900,-0.103993
ISIC_0024589,-0.10423
ISIC_0011857,-0.104332
ISIC_0028501,-0.104341
ISIC_8274622,-0.10441
ISIC_9983696,-0.104881
ISIC_6790780,-0.104914
ISIC_7329395,-0.104956
ISIC_0029572,-0.105045
ISIC_0031221,-0.105051
ISIC_8206667,-0.105111
ISIC_0024512,-0.105129
ISIC_1568268,-0.105365
ISIC_5281576,-0.105403
ISIC_0011227,-0.105472
ISIC_2349994,-0.105741
ISIC_4619903,-0.10576
ISIC_8922355,-0.105783
ISIC_0008724,-0.106035
ISIC_4884394,-0.106259
ISIC_5320483,-0.106262
ISIC_0025965,-0.106498
ISIC_9449365,-0.106881
ISIC_1193108,-0.107007
ISIC_3123377,-0.107558
ISIC_4323070,-0.107632
ISIC_0070860,-0.107892
ISIC_4762702,-0.107922
ISIC_5897134,-0.108044
ISIC_7423852,-0.108169
ISIC_1977315,-0.108473
ISIC_0029639,-0.108634
ISIC_9472209,-0.10869
ISIC_5338721,-0.109493
ISIC_0014525,-0.109656
ISIC_2238901,-0.109747
ISIC_7397447,-0.109754
ISIC_4286715,-0.110017
ISIC_6803432,-0.110025
ISIC_0066114,-0.110704
ISIC_0031386,-0.110846
ISIC_3932879,-0.110874
ISIC_0939648,-0.110897
ISIC_0033804,-0.111168
ISIC_0034217,-0.111233
ISIC_0032377,-0.111425
ISIC_8689583,-0.111804
ISIC_0032089,-0.11197
ISIC_0030392,-0.11212
ISIC_4943797,-0.112149
ISIC_4899386,-0.112599
ISIC_5933341,-0.11291
ISIC_9059250,-0.113007
ISIC_0062162,-0.11307
ISIC_1330008,-0.113087
ISIC_0004907,-0.113095
ISIC_2768787,-0.11314
ISIC_0011140,-0.113772
ISIC_0006850,-0.11383
ISIC_5518595,-0.113856
ISIC_0054892,-0.113988
ISIC_5994286,-0.114066
ISIC_7521698,-0.114071
ISIC_0010194,-0.114133
ISIC_4396553,-0.114137
ISIC_0033415,-0.114153
ISIC_0033029,-0.114337
ISIC_3992223,-0.114682
ISIC_0064376,-0.114777
ISIC_6423860,-0.114892
ISIC_4926788,-0.114918
ISIC_0030072,-0.114936
ISIC_9943579,-0.114957
ISIC_7413149,-0.114967
ISIC_0025324,-0.1156
ISIC_8154363,-0.115681
ISIC_3979826,-0.115875
ISIC_0032147,-0.115941
ISIC_1131588,-0.116303
ISIC_7583134,-0.116586
ISIC_7223327,-0.116588
ISIC_4870676,-0.116803
ISIC_6440229,-0.11681
ISIC_0030653,-0.117217
ISIC_6721869,-0.117374
ISIC_0015206,-0.117392
ISIC_9837030,-0.117538
ISIC_9122215,-0.117599
ISIC_0065341,-0.1179
ISIC_0002435,-0.11801
ISIC_0024796,-0.118048
ISIC_0033584,-0.118137
ISIC_0026039,-0.118369
ISIC_2173158,-0.118382
ISIC_0982855,-0.118531
ISIC_0000043,-0.118545
ISIC_0015133,-0.118579
ISIC_2161819,-0.118877
ISIC_7293697,-0.118906
ISIC_0024423,-0.118906
ISIC_0055887,-0.118986
ISIC_4873045,-0.119091
ISIC_0060999,-0.119101
ISIC_9499185,-0.119118
ISIC_6882733,-0.119209
ISIC_0001120,-0.119319
ISIC_3989526,-0.119432
ISIC_7190243,-0.119605
ISIC_0883408,-0.119646
ISIC_0071169,-0.119679
ISIC_7532154,-0.119698
ISIC_0000483,-0.119878
ISIC_1412843,-0.119958
ISIC_0028582,-0.120188
ISIC_9217340,-0.120198
ISIC_0033021,-0.120357
ISIC_3981425,-0.120363
ISIC_9286292,-0.120442
ISIC_1440063,-0.120515
ISIC_6771810,-0.120629
ISIC_0031863,-0.120657
ISIC_0031877,-0.120753
ISIC_0013678,-0.120771
ISIC_0025791,-0.121234
ISIC_6806124,-0.121358
ISIC_0065918,-0.121722
ISIC_7928137,-0.121723
ISIC_2375394,-0.121798
ISIC_8943855,-0.121884
ISIC_0024226,-0.122208
ISIC_0058033,-0.122602
ISIC_0000423,-0.122846
ISIC_3440813,-0.122855
ISIC_9791275,-0.122902
ISIC_5400609,-0.123435
ISIC_3239813,-0.124029
ISIC_0522926,-0.124369
ISIC_0027872,-0.12448
ISIC_1674754,-0.1245
ISIC_6098768,-0.124545
ISIC_3913709,-0.124566
ISIC_0027798,-0.124588
ISIC_0026505,-0.124716
ISIC_0058950,-0.124811
ISIC_5198780,-0.125438
ISIC_3471815,-0.125569
ISIC_7227223,-0.125603
ISIC_4263521,-0.125655
ISIC_9939963,-0.125684
ISIC_0084086,-0.126126
ISIC_0072564,-0.126286
ISIC_0546980,-0.126387
ISIC_0034074,-0.126573
ISIC_0032717,-0.127078
ISIC_4494516,-0.127357
ISIC_6633906,-0.127994
ISIC_0011337,-0.12806
ISIC_0005028,-0.128137
ISIC_0937261,-0.128197
ISIC_0069056,-0.128734
ISIC_0025619,-0.129078
ISIC_8642938,-0.129171
ISIC_0002288,-0.129182
ISIC_0024718,-0.1292
ISIC_0033365,-0.129322
ISIC_0061441,-0.129387
ISIC_0027081,-0.129562
ISIC_2597678,-0.129586
ISIC_0032862,-0.129614
ISIC_5503634,-0.129682
ISIC_3702669,-0.129754
ISIC_7783346,-0.130084
ISIC_8310944,-0.130138
ISIC_0010609,-0.130229
ISIC_2418276,-0.130326
ISIC_7319686,-0.130456
ISIC_0058513,-0.130536
ISIC_6806545,-0.130608
ISIC_6025721,-0.130626
ISIC_7323761,-0.130945
ISIC_0033879,-0.131229
ISIC_0013141,-0.131534
ISIC_0028173,-0.131819
ISIC_0064344,-0.13193
ISIC_0030238,-0.132111
ISIC_0593591,-0.132183
ISIC_0011057,-0.132254
ISIC_1223648,-0.132307
ISIC_9947369,-0.132355
ISIC_1655513,-0.132613
ISIC_8527737,-0.132644
ISIC_0030003,-0.132652
ISIC_0011496,-0.132726
ISIC_5910975,-0.13281
ISIC_8033373,-0.133001
ISIC_3898738,-0.133035
ISIC_5831880,-0.133302
ISIC_3642043,-0.133317
ISIC_0033289,-0.133456
ISIC_0029874,-0.133975
ISIC_0059948,-0.134046
ISIC_0028565,-0.134152
ISIC_0013580,-0.134467
ISIC_0011481,-0.134533
ISIC_0010791,-0.134722
ISIC_9225640,-0.134775
ISIC_1388297,-0.134992
ISIC_0073086,-0.135164
ISIC_6546981,-0.135333
ISIC_1142933,-0.135383
ISIC_0063295,-0.13565
ISIC_2644988,-0.136056
ISIC_5548914,-0.136212
ISIC_0027402,-0.136215
ISIC_3190566,-0.136541
ISIC_0013499,-0.136652
ISIC_5048571,-0.136888
ISIC_7967108,-0.137796
ISIC_2067576,-0.137897
ISIC_5206218,-0.138033
ISIC_6352565,-0.138147
ISIC_1166522,-0.138372
ISIC_0443835,-0.13875
ISIC_0032925,-0.138778
ISIC_0059066,-0.139126
ISIC_0033204,-0.139817
ISIC_0900349,-0.13996
ISIC_6908183,-0.139964
ISIC_6970607,-0.140264
ISIC_9052500,-0.140678
ISIC_0612080,-0.140996
ISIC_6808543,-0.141169
ISIC_0887792,-0.141473
ISIC_1472731,-0.141593
ISIC_0822116,-0.141859
ISIC_0010466,-0.142004
ISIC_0010807,-0.142118
ISIC_2874218,-0.142152
ISIC_0011177,-0.142165
ISIC_0015938,-0.142193
ISIC_4838916,-0.14236
ISIC_0065121,-0.142426
ISIC_0009006,-0.142687
ISIC_3072311,-0.142729
ISIC_0025589,-0.142871
ISIC_0536321,-0.142918
ISIC_0034141,-0.143213
ISIC_6447663,-0.143434
ISIC_0012758,-0.143485
ISIC_1445277,-0.14355
ISIC_8036175,-0.143775
ISIC_3397377,-0.14386
ISIC_8945395,-0.144134
ISIC_7287540,-0.144215
ISIC_0063926,-0.144425
ISIC_4960406,-0.144455
ISIC_0062547,-0.144495
ISIC_8324870,-0.14503
ISIC_5948805,-0.145274
ISIC_0028839,-0.14534
ISIC_4538661,-0.145375
ISIC_0028175,-0.145544
ISIC_6606131,-0.145915
ISIC_8174951,-0.146098
ISIC_1092432,-0.146175
ISIC_7468304,-0.146612
ISIC_0063551,-0.146614
ISIC_0027274,-0.147051
ISIC_4269227,-0.147371
ISIC_2758999,-0.147383
ISIC_1453146,-0.147527
ISIC_0679781,-0.148075
ISIC_0413154,-0.148262
ISIC_0059421,-0.148264
ISIC_6640753,-0.14848
ISIC_8383600,-0.148653
ISIC_4632020,-0.148686
ISIC_4372519,-0.148854
ISIC_4266533,-0.149144
ISIC_7775535,-0.149189
ISIC_5754023,-0.149265
ISIC_3249704,-0.149376
ISIC_1223849,-0.149479
ISIC_4974868,-0.149746
ISIC_0000226,-0.149753
ISIC_0027193,-0.149835
ISIC_0031045,-0.149934
ISIC_0060992,-0.150005
ISIC_3269018,-0.150173
ISIC_3496800,-0.15034
ISIC_5994645,-0.150395
ISIC_9529971,-0.1508
ISIC_5679942,-0.151
ISIC_0914251,-0.151296
ISIC_0034092,-0.151317
ISIC_0029606,-0.15152
ISIC_5122220,-0.151557
ISIC_8551124,-0.151748
ISIC_0000180,-0.152038
ISIC_0029024,-0.152171
ISIC_1977265,-0.152176
ISIC_0027387,-0.152616
ISIC_0032987,-0.152627
ISIC_6443700,-0.152736
ISIC_9720518,-0.152766
ISIC_6559840,-0.152898
ISIC_5238111,-0.152968
ISIC_0254447,-0.153328
ISIC_4099058,-0.153357
ISIC_0024990,-0.153515
ISIC_0028069,-0.15359
ISIC_7336383,-0.153772
ISIC_6523459,-0.153903
ISIC_0014264,-0.153904
ISIC_0046537,-0.154491
ISIC_5234605,-0.154492
ISIC_0006772,-0.154495
ISIC_8680266,-0.154731
ISIC_3392433,-0.154776
ISIC_4069690,-0.15486
ISIC_1838888,-0.154923
ISIC_3767325,-0.155054
ISIC_0150363,-0.155649
ISIC_6945921,-0.155659
ISIC_0064932,-0.1557
ISIC_0028874,-0.155743
ISIC_3885808,-0.155943
ISIC_0026009,-0.155988
ISIC_7454679,-0.156676
ISIC_5823292,-0.156869
ISIC_3494219,-0.156872
ISIC_4018813,-0.157133
ISIC_3084213,-0.157217
ISIC_7711947,-0.157226
ISIC_5576354,-0.157238
ISIC_8502869,-0.157263
ISIC_8479104,-0.15728
ISIC_0034211,-0.157295
ISIC_0012756,-0.15738
ISIC_7297078,-0.157478
ISIC_5275138,-0.157511
ISIC_4536407,-0.15755
ISIC_2979268,-0.15768
ISIC_8087949,-0.15768
ISIC_6119202,-0.157903
ISIC_7682938,-0.157944
ISIC_8651476,-0.157972
ISIC_0070805,-0.158285
ISIC_7340926,-0.158889
ISIC_0000551,-0.159003
ISIC_0004794,-0.159303
ISIC_4419686,-0.159349
ISIC_0485996,-0.159508
ISIC_0068427,-0.159518
ISIC_0033938,-0.159854
ISIC_6937905,-0.15999
ISIC_9280171,-0.160254
ISIC_6381785,-0.160504
ISIC_0000300,-0.160615
ISIC_2241388,-0.160955
ISIC_0033387,-0.161276
ISIC_6793983,-0.161344
ISIC_1348538,-0.161387
ISIC_0232101,-0.161742
ISIC_0055311,-0.162121
ISIC_3961101,-0.162134
ISIC_0032784,-0.162402
ISIC_2721699,-0.162653
ISIC_2916754,-0.162925
ISIC_4123109,-0.162965
ISIC_8684147,-0.163244
ISIC_9244393,-0.163282
ISIC_5539001,-0.163334
ISIC_8742407,-0.16375
ISIC_0031034,-0.163917
ISIC_5207050,-0.164098
ISIC_0024745,-0.164214
ISIC_0070017,-0.164259
ISIC_4451735,-0.164388
ISIC_8584748,-0.164442
ISIC_0027718,-0.164575
ISIC_0072576,-0.164663
ISIC_5623973,-0.16485
ISIC_0030470,-0.165028
ISIC_9572152,-0.165062
ISIC_7242542,-0.165082
ISIC_0000572,-0.165165
ISIC_0030873,-0.165283
ISIC_0011892,-0.165285
ISIC_0233487,-0.165434
ISIC_0867503,-0.165466
ISIC_9312164,-0.165523
ISIC_2136533,-0.165637
ISIC_7530414,-0.165647
ISIC_8431648,-0.165675
ISIC_0070709,-0.1658
ISIC_0386664,-0.166029
ISIC_4653503,-0.166098
ISIC_1142962,-0.166116
ISIC_2685523,-0.166199
ISIC_4746361,-0.166203
ISIC_0063617,-0.166213
ISIC_0558485,-0.166308
ISIC_0069505,-0.166679
ISIC_8414421,-0.166737
ISIC_1595103,-0.166761
ISIC_5611515,-0.166812
ISIC_6701139,-0.167068
ISIC_0033103,-0.167103
ISIC_0025931,-0.167201
ISIC_6382207,-0.167282
ISIC_0028136,-0.167347
ISIC_8458843,-0.167376
ISIC_0031726,-0.167406
ISIC_0805941,-0.167554
ISIC_5580000,-0.168028
ISIC_0009960,-0.169063
ISIC_4394524,-0.16908
ISIC_0027556,-0.169099
ISIC_0030732,-0.169175
ISIC_0055253,-0.169539
ISIC_0029281,-0.169833
ISIC_6811363,-0.170008
ISIC_0067195,-0.170054
ISIC_0911264,-0.170495
ISIC_6831108,-0.170605
ISIC_2212473,-0.170624
ISIC_0010940,-0.170672
ISIC_0527170,-0.170684
ISIC_0033664,-0.170744
ISIC_0228772,-0.170751
ISIC_2603420,-0.170763
ISIC_2489146,-0.170929
ISIC_4253346,-0.171131
ISIC_9053988,-0.171139
ISIC_0001128,-0.171216
ISIC_4777536,-0.171263
ISIC_3452564,-0.171549
ISIC_0010734,-0.171726
ISIC_6915759,-0.171846
ISIC_0057661,-0.172392
ISIC_4322954,-0.172484
ISIC_0062770,-0.172527
ISIC_2000959,-0.172705
ISIC_9072309,-0.172708
ISIC_8066110,-0.17271
ISIC_1296490,-0.172738
ISIC_0268701,-0.17284
ISIC_9545819,-0.173413
ISIC_3058800,-0.173673
ISIC_0071931,-0.173889
ISIC_1569775,-0.174021
ISIC_6548734,-0.174252
ISIC_0071594,-0.174456
ISIC_3073339,-0.175014
ISIC_0000482,-0.175198
ISIC_9048507,-0.175401
ISIC_0011630,-0.175741
ISIC_0067338,-0.17592
ISIC_1978947,-0.175988
ISIC_6577767,-0.176133
ISIC_0014061,-0.176179
ISIC_4624973,-0.176309
ISIC_0055905,-0.176327
ISIC_0011772,-0.176504
ISIC_0783513,-0.176538
ISIC_0543351,-0.176744
ISIC_0056902,-0.176866
ISIC_0061343,-0.177248
ISIC_0064060,-0.177571
ISIC_0030818,-0.177627
ISIC_0033318,-0.177637
ISIC_5854552,-0.177727
ISIC_5629390,-0.177754
ISIC_0046443,-0.178062
ISIC_0016161,-0.178131
ISIC_0054973,-0.178161
ISIC_7545432,-0.178256
ISIC_7152347,-0.178399
ISIC_2379908,-0.178498
ISIC_0011482,-0.178584
ISIC_0031184,-0.178952
ISIC_9956400,-0.17906
ISIC_0071550,-0.179111
ISIC_4136832,-0.179258
ISIC_7494625,-0.179392
ISIC_7837503,-0.179402
ISIC_5703909,-0.179423
ISIC_0001121,-0.179538
ISIC_1883330,-0.17972
ISIC_1300967,-0.179837
ISIC_4998826,-0.179893
ISIC_4463086,-0.179952
ISIC_5552066,-0.180249
ISIC_0011035,-0.180498
ISIC_0602494,-0.180695
ISIC_3561065,-0.180732
ISIC_0033754,-0.18098
ISIC_0015250,-0.181012
ISIC_2376016,-0.181075
ISIC_8068693,-0.181128
ISIC_9476244,-0.181369
ISIC_8783066,-0.181483
ISIC_2153401,-0.181571
ISIC_0000377,-0.181582
ISIC_9782083,-0.1822
ISIC_0026671,-0.182368
ISIC_1023339,-0.182612
ISIC_0056796,-0.182768
ISIC_4597707,-0.18285
ISIC_7798358,-0.183581
ISIC_0046351,-0.183772
ISIC_0440848,-0.18459
ISIC_0058753,-0.184732
ISIC_7025487,-0.184808
ISIC_3234816,-0.184863
ISIC_0032287,-0.184998
ISIC_0024527,-0.185333
ISIC_5141844,-0.185456
ISIC_0031908,-0.185471
ISIC_2386961,-0.185519
ISIC_5423896,-0.185612
ISIC_7518798,-0.185794
ISIC_2868199,-0.185864
ISIC_4182801,-0.185922
ISIC_0062367,-0.18606
ISIC_8539990,-0.186102
ISIC_7433993,-0.186125
ISIC_0027867,-0.186207
ISIC_0012434,-0.186231
ISIC_0062869,-0.186286
ISIC_0066889,-0.18659
ISIC_0031208,-0.186624
ISIC_0006118,-0.186723
ISIC_0032615,-0.186905
ISIC_0026700,-0.186913
ISIC_0058408,-0.187082
ISIC_0032441,-0.187559
ISIC_0789732,-0.187812
ISIC_9699615,-0.18785
ISIC_0014919,-0.188193
ISIC_0027266,-0.188252
ISIC_0026759,-0.18861
ISIC_0204355,-0.18872
ISIC_0027445,-0.188911
ISIC_0030156,-0.189035
ISIC_5810196,-0.189223
ISIC_0012245,-0.18927
ISIC_7412559,-0.189662
ISIC_6856140,-0.189884
ISIC_5885403,-0.19002
ISIC_0031324,-0.190085
ISIC_0030829,-0.190124
ISIC_0064742,-0.19038
ISIC_7035246,-0.19041
ISIC_1379405,-0.190477
ISIC_0059864,-0.190748
ISIC_0010861,-0.191314
ISIC_0485529,-0.191356
ISIC_0059593,-0.191722
ISIC_0013908,-0.191749
ISIC_4363398,-0.192109
ISIC_0030116,-0.192188
ISIC_5557025,-0.192219
ISIC_9847428,-0.192266
ISIC_1711134,-0.192632
ISIC_0067476,-0.192658
ISIC_0054070,-0.192666
ISIC_0000371,-0.192689
ISIC_0061941,-0.19275
ISIC_0029112,-0.193159
ISIC_9119549,-0.193197
ISIC_1161370,-0.193995
ISIC_7353400,-0.194039
ISIC_4474170,-0.194131
ISIC_5233769,-0.194223
ISIC_0014324,-0.194256
ISIC_0024952,-0.194872
ISIC_5442834,-0.195673
ISIC_1694817,-0.195758
ISIC_0591226,-0.19596
ISIC_4201891,-0.196028
ISIC_0008162,-0.196216
ISIC_0659400,-0.196352
ISIC_0068299,-0.196377
ISIC_5443837,-0.196458
ISIC_0429825,-0.196644
ISIC_0010879,-0.197511
ISIC_1285870,-0.197573
ISIC_0028465,-0.197812
ISIC_0033175,-0.197877
ISIC_0064738,-0.198272
ISIC_8094432,-0.198756
ISIC_0014745,-0.198983
ISIC_7680333,-0.199395
ISIC_0026483,-0.199484
ISIC_0033530,-0.199506
ISIC_0000441,-0.199696
ISIC_3916064,-0.19994
ISIC_9375324,-0.200048
ISIC_4956965,-0.200075
ISIC_0031074,-0.20017
ISIC_0013059,-0.200191
ISIC_6377883,-0.200201
ISIC_0010156,-0.200332
ISIC_0033612,-0.200379
ISIC_3169133,-0.200432
ISIC_0056152,-0.200943
ISIC_9865814,-0.201062
ISIC_8281208,-0.201423
ISIC_0014183,-0.201522
ISIC_0010869,-0.201902
ISIC_1708591,-0.20194
ISIC_0594534,-0.202243
ISIC_6926118,-0.202252
ISIC_8109460,-0.202554
ISIC_0897526,-0.202597
ISIC_0908367,-0.202718
ISIC_1672821,-0.202856
ISIC_0027247,-0.20292
ISIC_3762459,-0.202933
ISIC_5325805,-0.202961
ISIC_0012183,-0.202989
ISIC_8029613,-0.203129
ISIC_5607452,-0.203133
ISIC_3416107,-0.203145
ISIC_0013497,-0.203158
ISIC_1566931,-0.203476
ISIC_5433087,-0.203608
ISIC_0012406,-0.203787
ISIC_9792592,-0.203904
ISIC_0029480,-0.204134
ISIC_0027499,-0.204272
ISIC_5343231,-0.204772
ISIC_3993924,-0.20569
ISIC_5362038,-0.205732
ISIC_0065351,-0.205888
ISIC_5916208,-0.206051
ISIC_0055797,-0.206123
ISIC_0014319,-0.206184
ISIC_0024898,-0.206427
ISIC_7938688,-0.206623
ISIC_7454487,-0.206661
ISIC_0490714,-0.206684
ISIC_3764173,-0.206777
ISIC_4720306,-0.206977
ISIC_1578399,-0.207631
ISIC_9076021,-0.207699
ISIC_1872823,-0.207817
ISIC_1312827,-0.207933
ISIC_0029693,-0.2083
ISIC_3382231,-0.208602
ISIC_0062991,-0.209137
ISIC_9142919,-0.209152
ISIC_8713330,-0.209225
ISIC_0009713,-0.209302
ISIC_6066292,-0.209309
ISIC_7404937,-0.209315
ISIC_0030083,-0.209351
ISIC_4645995,-0.20943
ISIC_0010773,-0.209801
ISIC_0028618,-0.209832
ISIC_8699796,-0.209838
ISIC_0000013,-0.210398
ISIC_0013365,-0.210698
ISIC_0070092,-0.211079
ISIC_0054744,-0.211179
ISIC_6882582,-0.211181
ISIC_3596877,-0.211545
ISIC_6766153,-0.211678
ISIC_2476624,-0.211836
ISIC_5980439,-0.211935
ISIC_6800044,-0.212008
ISIC_0030951,-0.212253
ISIC_2458609,-0.212471
ISIC_6037869,-0.212474
ISIC_0029502,-0.213251
ISIC_0033619,-0.214159
ISIC_7747712,-0.214547
ISIC_4154293,-0.214667
ISIC_0327225,-0.214728
ISIC_4105234,-0.214994
ISIC_9498448,-0.21514
ISIC_4116770,-0.215222
ISIC_4189981,-0.215438
ISIC_0033643,-0.215534
ISIC_6004197,-0.21618
ISIC_4412555,-0.216832
ISIC_0070593,-0.216993
ISIC_0067227,-0.217024
ISIC_0026666,-0.217166
ISIC_5221917,-0.217187
ISIC_0034287,-0.217222
ISIC_0025088,-0.217255
ISIC_0064874,-0.217369
ISIC_0025683,-0.217531
ISIC_6258744,-0.217854
ISIC_0067167,-0.21839
ISIC_1327515,-0.21877
ISIC_9358630,-0.218965
ISIC_9142818,-0.219479
ISIC_0057089,-0.219627
ISIC_0032630,-0.219655
ISIC_0063181,-0.220432
ISIC_4163686,-0.220543
ISIC_3576066,-0.220624
ISIC_1975042,-0.220982
ISIC_0234248,-0.221084
ISIC_9254641,-0.221218
ISIC_6761269,-0.221344
ISIC_5403296,-0.221453
ISIC_6108795,-0.221462
ISIC_2733043,-0.221463
ISIC_0029898,-0.221523
ISIC_0055783,-0.221659
ISIC_8249854,-0.221819
ISIC_0027986,-0.2221
ISIC_0029651,-0.2222
ISIC_0013845,-0.222223
ISIC_0170101,-0.222248
ISIC_6400714,-0.222398
ISIC_6131393,-0.222505
ISIC_4026019,-0.223003
ISIC_0055438,-0.223246
ISIC_5426854,-0.223575
ISIC_6951506,-0.223605
ISIC_6464772,-0.223677
ISIC_9512048,-0.223808
ISIC_0012883,-0.223826
ISIC_0024236,-0.223905
ISIC_3386753,-0.223944
ISIC_5237059,-0.224015
ISIC_0027683,-0.22441
ISIC_9486313,-0.224509
ISIC_0016085,-0.224555
ISIC_0025313,-0.224689
ISIC_0694677,-0.224835
ISIC_0032012,-0.224903
ISIC_6511689,-0.225266
ISIC_0033594,-0.225325
ISIC_0058186,-0.225334
ISIC_0053929,-0.225488
ISIC_4691689,-0.225811
ISIC_2141003,-0.225991
ISIC_1484659,-0.226003
ISIC_9772383,-0.226005
ISIC_9672482,-0.226196
ISIC_5015378,-0.226354
ISIC_7107030,-0.226521
ISIC_0014127,-0.226859
ISIC_9556334,-0.226918
ISIC_4084359,-0.226971
ISIC_0004075,-0.227041
ISIC_8357679,-0.227112
ISIC_5486725,-0.227458
ISIC_0033546,-0.227709
ISIC_0064798,-0.227849
ISIC_0056425,-0.227992
ISIC_0028705,-0.228438
ISIC_8860929,-0.228545
ISIC_5174685,-0.228563
ISIC_0013917,-0.229534
ISIC_4884803,-0.229689
ISIC_0014108,-0.229873
ISIC_9879723,-0.230455
ISIC_6310591,-0.230565
ISIC_0064393,-0.230581
ISIC_3352962,-0.230626
ISIC_0651353,-0.230662
ISIC_5961619,-0.230709
ISIC_0063241,-0.231403
ISIC_5213829,-0.232045
ISIC_0024865,-0.232186
ISIC_0024688,-0.232501
ISIC_0031621,-0.232515
ISIC_0070666,-0.232646
ISIC_7897925,-0.232793
ISIC_8897947,-0.232894
ISIC_6674653,-0.232991
ISIC_5376036,-0.233718
ISIC_0032036,-0.23399
ISIC_3664380,-0.234067
ISIC_0032779,-0.23412
ISIC_8065633,-0.234125
ISIC_5884700,-0.234896
ISIC_0031379,-0.235041
ISIC_8714502,-0.235159
ISIC_1048077,-0.235228
ISIC_1838876,-0.235485
ISIC_0030817,-0.235492
ISIC_2513481,-0.235497
ISIC_0024892,-0.235864
ISIC_5284935,-0.235919
ISIC_3370062,-0.235987
ISIC_4153542,-0.236125
ISIC_1306790,-0.236258
ISIC_9510497,-0.236445
ISIC_8359258,-0.236491
ISIC_2058516,-0.236547
ISIC_0922552,-0.236693
ISIC_1384527,-0.237001
ISIC_0055048,-0.237268
ISIC_0067094,-0.237413
ISIC_2178032,-0.237415
ISIC_7906421,-0.237534
ISIC_4961708,-0.237686
ISIC_0028716,-0.237893
ISIC_0069183,-0.238018
ISIC_0022328,-0.238103
ISIC_7452410,-0.238151
ISIC_5438156,-0.238164
ISIC_0025941,-0.238244
ISIC_0001118,-0.238348
ISIC_0028781,-0.238388
ISIC_6533176,-0.238458
ISIC_2937642,-0.238801
ISIC_0056531,-0.238801
ISIC_0172020,-0.239032
ISIC_0027879,-0.23908
ISIC_3436139,-0.239105
ISIC_7130929,-0.239149
ISIC_0028751,-0.239321
ISIC_4328662,-0.23942
ISIC_0068633,-0.239469
ISIC_8838753,-0.2399
ISIC_0000725,-0.23991
ISIC_7176034,-0.239934
ISIC_5347806,-0.240707
ISIC_3314555,-0.240936
ISIC_7873541,-0.241142
ISIC_0065889,-0.241214
ISIC_6814221,-0.241289
ISIC_5005869,-0.241349
ISIC_0033265,-0.24137
ISIC_8687105,-0.241488
ISIC_0067933,-0.241611
ISIC_1964243,-0.242259
ISIC_3096949,-0.242437
ISIC_2332127,-0.242784
ISIC_1076091,-0.242815
ISIC_0024417,-0.24308
ISIC_5166636,-0.243124
ISIC_3253098,-0.243189
ISIC_7651838,-0.243256
ISIC_0002349,-0.24353
ISIC_2075121,-0.243598
ISIC_0027122,-0.243636
ISIC_8779142,-0.243643
ISIC_0032982,-0.24392
ISIC_5900778,-0.243927
ISIC_0011830,-0.243937
ISIC_0009950,-0.244021
ISIC_0053884,-0.24407
ISIC_0031213,-0.244219
ISIC_6966230,-0.244349
ISIC_2142639,-0.244486
ISIC_0076742,-0.244509
ISIC_2583592,-0.24458
ISIC_0067562,-0.244924
ISIC_0072030,-0.245248
ISIC_2563948,-0.245349
ISIC_1532684,-0.245408
ISIC_1490986,-0.245431
ISIC_1166678,-0.245455
ISIC_0046642,-0.245549
ISIC_0001151,-0.245658
ISIC_6231450,-0.245662
ISIC_0776189,-0.245674
ISIC_0060705,-0.246219
ISIC_0029933,-0.247049
ISIC_8278688,-0.247088
ISIC_2294790,-0.247484
ISIC_3568801,-0.247524
ISIC_7071944,-0.247761
ISIC_4957315,-0.248412
ISIC_6536232,-0.248427
ISIC_8350973,-0.248809
ISIC_0029868,-0.248992
ISIC_0000387,-0.248998
ISIC_0034188,-0.249087
ISIC_8425541,-0.249142
ISIC_2729109,-0.249319
ISIC_1460932,-0.249413
ISIC_9829436,-0.249645
ISIC_0033564,-0.250113
ISIC_0047022,-0.250173
ISIC_0025153,-0.250174
ISIC_9615486,-0.250344
ISIC_0068560,-0.250646
ISIC_0026756,-0.250725
ISIC_2096695,-0.250809
ISIC_0030751,-0.251022
ISIC_0034071,-0.251107
ISIC_0027280,-0.251189
ISIC_0058132,-0.251527
ISIC_0008934,-0.251602
ISIC_0010523,-0.252283
ISIC_5104731,-0.252497
ISIC_6731470,-0.252827
ISIC_0034193,-0.253191
ISIC_2029418,-0.253347
ISIC_6784593,-0.253366
ISIC_0013702,-0.253368
ISIC_0009735,-0.25351
ISIC_2085855,-0.253639
ISIC_0021894,-0.253731
ISIC_0031883,-0.253918
ISIC_5789263,-0.253971
ISIC_6119830,-0.254152
ISIC_7429127,-0.254197
ISIC_9008026,-0.254307
ISIC_6271218,-0.254579
ISIC_9685931,-0.254618
ISIC_9259989,-0.254812
ISIC_3343475,-0.25508
ISIC_5366657,-0.255287
ISIC_5656921,-0.255352
ISIC_8789051,-0.255628
ISIC_1781273,-0.255675
ISIC_5039396,-0.255675
ISIC_5247560,-0.255781
ISIC_2151727,-0.255852
ISIC_4564163,-0.256033
ISIC_0025303,-0.25606
ISIC_4666619,-0.256374
ISIC_0069556,-0.256411
ISIC_2095347,-0.256614
ISIC_0034062,-0.256681
ISIC_9470020,-0.256693
ISIC_5457229,-0.256912
ISIC_0029885,-0.257062
ISIC_2887355,-0.257102
ISIC_0027327,-0.257216
ISIC_0033759,-0.257296
ISIC_6356803,-0.257842
ISIC_0033384,-0.258052
ISIC_2937407,-0.258104
ISIC_8751106,-0.258502
ISIC_2977718,-0.258545
ISIC_8978290,-0.258568
ISIC_4926448,-0.258707
ISIC_2337650,-0.258838
ISIC_0000555,-0.259184
ISIC_0005494,-0.259464
ISIC_0059170,-0.259553
ISIC_8300954,-0.259588
ISIC_0001111,-0.259686
ISIC_4474352,-0.259692
ISIC_0029244,-0.259715
ISIC_4532303,-0.259729
ISIC_0355177,-0.259738
ISIC_0058331,-0.259961
ISIC_2997601,-0.260291
ISIC_0034120,-0.260487
ISIC_3635014,-0.2608
ISIC_0011336,-0.261035
ISIC_0061067,-0.261061
ISIC_0015189,-0.261093
ISIC_0010266,-0.26118
ISIC_0000186,-0.261185
ISIC_0169604,-0.261402
ISIC_7519557,-0.262269
ISIC_1834920,-0.262386
ISIC_7776719,-0.262517
ISIC_0032029,-0.262652
ISIC_0428383,-0.262691
ISIC_0011669,-0.262722
ISIC_4216750,-0.262803
ISIC_0028976,-0.262807
ISIC_0011709,-0.262852
ISIC_2987630,-0.263417
ISIC_0024288,-0.263576
ISIC_4271108,-0.263714
ISIC_9564379,-0.263783
ISIC_0779920,-0.264008
ISIC_0028131,-0.264029
ISIC_0027552,-0.264158
ISIC_0000283,-0.26433
ISIC_0071568,-0.264442
ISIC_0033679,-0.264523
ISIC_0058585,-0.26463
ISIC_0010143,-0.264818
ISIC_4843102,-0.264943
ISIC_2521424,-0.265127
ISIC_7319169,-0.265445
ISIC_0031096,-0.265642
ISIC_0059368,-0.265888
ISIC_0031248,-0.265954
ISIC_2134975,-0.266445
ISIC_4793961,-0.266746
ISIC_0029732,-0.266893
ISIC_0026963,-0.267048
ISIC_5843614,-0.26712
ISIC_1105263,-0.267245
ISIC_5732201,-0.267972
ISIC_3212781,-0.267996
ISIC_9745562,-0.268076
ISIC_9382494,-0.26832
ISIC_0010850,-0.268862
ISIC_8048162,-0.269032
ISIC_2563568,-0.26906
ISIC_6739241,-0.26907
ISIC_0015298,-0.269152
ISIC_8135400,-0.269326
ISIC_4007322,-0.269533
ISIC_1835041,-0.269774
ISIC_2970409,-0.269824
ISIC_4554381,-0.269978
ISIC_3568218,-0.270097
ISIC_0006332,-0.270234
ISIC_0025105,-0.270329
ISIC_0014059,-0.270781
ISIC_4803943,-0.270813
ISIC_0069124,-0.270828
ISIC_8001757,-0.271025
ISIC_7747998,-0.271034
ISIC_7128811,-0.271163
ISIC_3775417,-0.271164
ISIC_0033083,-0.27121
ISIC_9301809,-0.271251
ISIC_8199467,-0.271786
ISIC_0005360,-0.272007
ISIC_3727059,-0.272214
ISIC_2479134,-0.272215
ISIC_7960321,-0.272492
ISIC_9511832,-0.272577
ISIC_6293107,-0.272744
ISIC_1711973,-0.273296
ISIC_8901784,-0.273401
ISIC_0033427,-0.273401
ISIC_9544059,-0.273458
ISIC_0030995,-0.273812
ISIC_8423326,-0.273987
ISIC_9989485,-0.274052
ISIC_5247383,-0.274225
ISIC_0062576,-0.274237
ISIC_5839679,-0.27437
ISIC_0028930,-0.274715
ISIC_0059005,-0.274783
ISIC_7025208,-0.275174
ISIC_4640293,-0.275246
ISIC_6148533,-0.275395
ISIC_0024275,-0.275806
ISIC_9900191,-0.275838
ISIC_0055996,-0.275927
ISIC_4738636,-0.276039
ISIC_2192973,-0.276097
ISIC_0033317,-0.276221
ISIC_7137773,-0.276228
ISIC_0009971,-0.276466
ISIC_3730327,-0.276518
ISIC_4692567,-0.277082
ISIC_8234773,-0.277609
ISIC_9433388,-0.277868
ISIC_0031709,-0.277882
ISIC_0026685,-0.277899
ISIC_0046305,-0.278218
ISIC_6974830,-0.278344
ISIC_8692155,-0.278612
ISIC_0012334,-0.279159
ISIC_9203812,-0.279307
ISIC_0070651,-0.279443
ISIC_0003703,-0.27983
ISIC_0063190,-0.280163
ISIC_0010860,-0.280186
ISIC_0063445,-0.280319
ISIC_5179620,-0.28041
ISIC_3751172,-0.280595
ISIC_0014809,-0.280758
ISIC_0068677,-0.28085
ISIC_0066033,-0.281041
ISIC_3945916,-0.281053
ISIC_7161069,-0.281089
ISIC_0026791,-0.281467
ISIC_0033309,-0.281615
ISIC_7820005,-0.2818
ISIC_0054568,-0.281847
ISIC_1368336,-0.282123
ISIC_5167209,-0.282688
ISIC_5485674,-0.282894
ISIC_5955057,-0.28309
ISIC_0014366,-0.283592
ISIC_0011793,-0.283714
ISIC_0029803,-0.283725
ISIC_0013579,-0.283849
ISIC_0001602,-0.283901
ISIC_4887874,-0.283986
ISIC_3914140,-0.284079
ISIC_0066321,-0.284498
ISIC_0003345,-0.284645
ISIC_7189490,-0.284883
ISIC_9058340,-0.285168
ISIC_0033640,-0.285197
ISIC_0305928,-0.285293
ISIC_0033756,-0.285328
ISIC_0804420,-0.285382
ISIC_0026475,-0.285438
ISIC_4079108,-0.285529
ISIC_5272837,-0.285669
ISIC_4142019,-0.285834
ISIC_0030391,-0.286028
ISIC_0002900,-0.286063
ISIC_8893501,-0.286126
ISIC_6028082,-0.28619
ISIC_0011164,-0.286206
ISIC_0033711,-0.286345
ISIC_0394140,-0.286623
ISIC_0034086,-0.286912
ISIC_1399572,-0.286913
ISIC_9854454,-0.287109
ISIC_9559922,-0.28715
ISIC_9646599,-0.287354
ISIC_9219356,-0.287412
ISIC_8813283,-0.287616
ISIC_9000234,-0.287959
ISIC_0359307,-0.288011
ISIC_8478591,-0.288111
ISIC_0199116,-0.288257
ISIC_0006983,-0.288338
ISIC_6685532,-0.288391
ISIC_3313701,-0.288649
ISIC_0059983,-0.288656
ISIC_2619533,-0.289133
ISIC_0066783,-0.289484
ISIC_7080584,-0.289744
ISIC_9470876,-0.289803
ISIC_0753491,-0.28981
ISIC_4369035,-0.289817
ISIC_8814672,-0.289935
ISIC_3586669,-0.290177
ISIC_0029982,-0.290338
ISIC_0004961,-0.290846
ISIC_8651765,-0.291267
ISIC_5242216,-0.291287
ISIC_0031997,-0.291503
ISIC_9745492,-0.291905
ISIC_0031365,-0.292282
ISIC_4686317,-0.292746
ISIC_7299650,-0.292751
ISIC_8380904,-0.293076
ISIC_9406275,-0.293153
ISIC_1637536,-0.29328
ISIC_7233368,-0.293352
ISIC_0014211,-0.293541
ISIC_0011288,-0.293605
ISIC_0003117,-0.293638
ISIC_3649113,-0.293659
ISIC_1670165,-0.293781
ISIC_0010817,-0.29379
ISIC_0026500,-0.293817
ISIC_5367118,-0.294003
ISIC_6553389,-0.294266
ISIC_2741583,-0.2943
ISIC_1258763,-0.294604
ISIC_8579575,-0.294651
ISIC_7980339,-0.294698
ISIC_8167374,-0.294767
ISIC_0066739,-0.294873
ISIC_5746904,-0.29494
ISIC_0046633,-0.295047
ISIC_1550721,-0.295115
ISIC_4475657,-0.295154
ISIC_0058594,-0.295308
ISIC_0060937,-0.295338
ISIC_9466794,-0.29568
ISIC_3211915,-0.296029
ISIC_2486088,-0.296665
ISIC_8872225,-0.296755
ISIC_0906465,-0.296915
ISIC_0069743,-0.297274
ISIC_3573969,-0.297491
ISIC_0510774,-0.297693
ISIC_0029349,-0.297784
ISIC_6201199,-0.29779
ISIC_0033508,-0.298422
ISIC_5498202,-0.29862
ISIC_9322551,-0.299131
ISIC_0034034,-0.299185
ISIC_9961652,-0.299345
ISIC_2124148,-0.299371
ISIC_0071966,-0.299384
ISIC_7249063,-0.29977
ISIC_7748311,-0.299964
ISIC_0025595,-0.30011
ISIC_0014093,-0.300442
ISIC_3856662,-0.300498
ISIC_0070244,-0.300524
ISIC_4116224,-0.300986
ISIC_9045601,-0.301407
ISIC_0026619,-0.301766
ISIC_0062734,-0.301885
ISIC_7101810,-0.301911
ISIC_0030437,-0.302118
ISIC_9776851,-0.302145
ISIC_2639144,-0.302553
ISIC_1757941,-0.302658
ISIC_3230874,-0.302703
ISIC_0055876,-0.302729
ISIC_0033228,-0.302931
ISIC_4587506,-0.303022
ISIC_5942564,-0.30308
ISIC_3301933,-0.303198
ISIC_6008974,-0.303228
ISIC_6733338,-0.303536
ISIC_0011215,-0.303764
ISIC_4945233,-0.304205
ISIC_0030916,-0.304227
ISIC_0057696,-0.304265
ISIC_7779155,-0.304403
ISIC_0663588,-0.304472
ISIC_0009868,-0.305464
ISIC_5149162,-0.305547
ISIC_0010960,-0.305927
ISIC_6274085,-0.306171
ISIC_0026611,-0.306586
ISIC_9194220,-0.306666
ISIC_0010304,-0.307015
ISIC_5647554,-0.307361
ISIC_3416324,-0.307384
ISIC_0072271,-0.308035
ISIC_8612828,-0.308173
ISIC_4821309,-0.308352
ISIC_6434210,-0.308905
ISIC_0060979,-0.309025
ISIC_0033738,-0.309035
ISIC_4801737,-0.309067
ISIC_0024214,-0.309216
ISIC_0033429,-0.309352
ISIC_4001990,-0.309464
ISIC_0024737,-0.309937
ISIC_7914631,-0.310121
ISIC_0053841,-0.310192
ISIC_1514401,-0.31045
ISIC_6780662,-0.310544
ISIC_0062298,-0.310659
ISIC_4009870,-0.311486
ISIC_5628615,-0.311506
ISIC_2506200,-0.311919
ISIC_0056771,-0.312001
ISIC_0440582,-0.312074
ISIC_8397285,-0.312083
ISIC_3460125,-0.31244
ISIC_8633894,-0.312464
ISIC_4371210,-0.31251
ISIC_0028366,-0.312633
ISIC_2482061,-0.312884
ISIC_0206758,-0.312945
ISIC_2076902,-0.313379
ISIC_2616327,-0.313558
ISIC_0027620,-0.313622
ISIC_9104982,-0.313811
ISIC_4540332,-0.314109
ISIC_1264576,-0.314213
ISIC_0030913,-0.314264
ISIC_0014270,-0.314273
ISIC_9544832,-0.314323
ISIC_0062762,-0.314821
ISIC_2166661,-0.314909
ISIC_1722909,-0.315175
ISIC_0030932,-0.315338
ISIC_8505243,-0.315409
ISIC_3926305,-0.315702
ISIC_2072219,-0.315771
ISIC_2246150,-0.316277
ISIC_0033061,-0.316848
ISIC_7296463,-0.317219
ISIC_4927943,-0.317366
ISIC_4566439,-0.317748
ISIC_9350507,-0.317793
ISIC_4062017,-0.317847
ISIC_5092834,-0.318267
ISIC_9049170,-0.318357
ISIC_5397818,-0.318431
ISIC_3356355,-0.318444
ISIC_1149693,-0.31845
ISIC_5922931,-0.318553
ISIC_0027622,-0.318555
ISIC_8108090,-0.318702
ISIC_2879267,-0.31889
ISIC_0013459,-0.3189
ISIC_0817654,-0.319049
ISIC_2849353,-0.319254
ISIC_0025217,-0.319293
ISIC_7748144,-0.319607
ISIC_7630831,-0.319628
ISIC_0029711,-0.319764
ISIC_0030211,-0.319892
ISIC_9183042,-0.3201
ISIC_0025451,-0.320662
ISIC_0283541,-0.320699
ISIC_0011615,-0.32107
ISIC_4296456,-0.321688
ISIC_5392118,-0.3217
ISIC_0032472,-0.321818
ISIC_4322723,-0.322076
ISIC_1937955,-0.322381
ISIC_6118824,-0.322517
ISIC_9270367,-0.322886
ISIC_6774326,-0.322927
ISIC_9639931,-0.322981
ISIC_0080539,-0.323021
ISIC_0012678,-0.323073
ISIC_0013707,-0.323292
ISIC_6996553,-0.323371
ISIC_8590883,-0.323568
ISIC_9906378,-0.323977
ISIC_9626843,-0.32407
ISIC_0001572,-0.324248
ISIC_1612350,-0.324296
ISIC_4425604,-0.324705
ISIC_2122488,-0.324808
ISIC_8570555,-0.324924
ISIC_0032845,-0.324953
ISIC_3074949,-0.325532
ISIC_0031337,-0.325795
ISIC_9798721,-0.325922
ISIC_0385633,-0.326067
ISIC_2241755,-0.326096
ISIC_9028726,-0.326617
ISIC_0025001,-0.326631
ISIC_5557806,-0.326658
ISIC_0682543,-0.327336
ISIC_8659618,-0.327939
ISIC_9157162,-0.328007
ISIC_1231722,-0.32801
ISIC_3377082,-0.328166
ISIC_0065292,-0.328566
ISIC_0026236,-0.328738
ISIC_0064298,-0.328794
ISIC_0865706,-0.328938
ISIC_0061870,-0.329125
ISIC_0033086,-0.329349
ISIC_9483306,-0.329474
ISIC_8343285,-0.329894
ISIC_0032546,-0.329935
ISIC_4973666,-0.330249
ISIC_9088073,-0.330305
ISIC_3323866,-0.330375
ISIC_0025265,-0.330434
ISIC_9308275,-0.330455
ISIC_8504479,-0.330555
ISIC_0031202,-0.330694
ISIC_2279679,-0.330724
ISIC_0013691,-0.330867
ISIC_3390057,-0.330903
ISIC_0027817,-0.331612
ISIC_4382115,-0.331686
ISIC_0060535,-0.331978
ISIC_0013232,-0.332065
ISIC_8749288,-0.332122
ISIC_4980328,-0.332406
ISIC_6892286,-0.332409
ISIC_2915747,-0.332519
ISIC_5170766,-0.332627
ISIC_0015411,-0.332646
ISIC_4548632,-0.332825
ISIC_2863397,-0.333052
ISIC_2206284,-0.333463
ISIC_0026185,-0.333492
ISIC_2272218,-0.333659
ISIC_2769292,-0.333667
ISIC_4538489,-0.333756
ISIC_6570611,-0.334043
ISIC_0029902,-0.334085
ISIC_6959281,-0.334161
ISIC_3800541,-0.334228
ISIC_1886756,-0.334239
ISIC_0068217,-0.334418
ISIC_8709211,-0.334565
ISIC_0059786,-0.334587
ISIC_0027408,-0.334962
ISIC_9348809,-0.334995
ISIC_0013835,-0.335002
ISIC_9417004,-0.335072
ISIC_0773096,-0.335246
ISIC_0016127,-0.335283
ISIC_8727731,-0.335854
ISIC_7875959,-0.336124
ISIC_6909624,-0.336782
ISIC_0033802,-0.337064
ISIC_0056326,-0.337067
ISIC_0656395,-0.337275
ISIC_0029970,-0.337343
ISIC_4900077,-0.337697
ISIC_5305288,-0.337834
ISIC_5390932,-0.337924
ISIC_1018265,-0.338352
ISIC_0031627,-0.338358
ISIC_0027836,-0.338406
ISIC_0013136,-0.338444
ISIC_0706692,-0.338661
ISIC_4978039,-0.339402
ISIC_2299749,-0.339412
ISIC_9239093,-0.339705
ISIC_4634128,-0.339978
ISIC_7869255,-0.340961
ISIC_4519298,-0.341153
ISIC_2074764,-0.341612
ISIC_0013184,-0.341763
ISIC_0032360,-0.34217
ISIC_0000035,-0.342174
ISIC_4374554,-0.342384
ISIC_6960446,-0.342691
ISIC_1919324,-0.34278
ISIC_0010350,-0.342879
ISIC_0061231,-0.342988
ISIC_0058906,-0.343024
ISIC_0027600,-0.343595
ISIC_1580034,-0.344282
ISIC_1394786,-0.344773
ISIC_0015443,-0.344963
ISIC_1658623,-0.345015
ISIC_0014150,-0.345156
ISIC_7161002,-0.345542
ISIC_7614221,-0.345742
ISIC_0011364,-0.345762
ISIC_4384341,-0.345804
ISIC_4383671,-0.345853
ISIC_0650126,-0.346021
ISIC_0062286,-0.346474
ISIC_0054357,-0.346685
ISIC_0029033,-0.346693
ISIC_0695029,-0.34689
ISIC_6517663,-0.347007
ISIC_0016013,-0.347368
ISIC_0031463,-0.348419
ISIC_9445053,-0.348537
ISIC_7068674,-0.34865
ISIC_0068528,-0.348836
ISIC_9152137,-0.348861
ISIC_6566042,-0.349128
ISIC_0201767,-0.349278
ISIC_0029089,-0.349288
ISIC_4648593,-0.349589
ISIC_6966001,-0.349771
ISIC_8040024,-0.349829
ISIC_2380341,-0.350151
ISIC_3708739,-0.350236
ISIC_4980079,-0.350247
ISIC_3816833,-0.350582
ISIC_0182730,-0.350672
ISIC_0025035,-0.35077
ISIC_1264950,-0.350892
ISIC_0067390,-0.350984
ISIC_0033416,-0.351164
ISIC_3260571,-0.351182
ISIC_6487069,-0.351485
ISIC_3690890,-0.351867
ISIC_0031800,-0.351939
ISIC_1226440,-0.352074
ISIC_9353514,-0.352188
ISIC_0057184,-0.352296
ISIC_0046422,-0.352428
ISIC_0207349,-0.352669
ISIC_0011198,-0.352855
ISIC_5290521,-0.352965
ISIC_5529924,-0.35315
ISIC_9475559,-0.353238
ISIC_0009958,-0.353303
ISIC_7948290,-0.353344
ISIC_1450548,-0.353588
ISIC_0010631,-0.353799
ISIC_7835257,-0.35397
ISIC_0222117,-0.354004
ISIC_0011398,-0.354091
ISIC_9918523,-0.354141
ISIC_5122042,-0.354144
ISIC_0053801,-0.354842
ISIC_0878793,-0.354893
ISIC_3425388,-0.355034
ISIC_5718805,-0.355272
ISIC_9936773,-0.355528
ISIC_9204678,-0.355626
ISIC_6056692,-0.355681
ISIC_0000291,-0.355754
ISIC_0031155,-0.355963
ISIC_6685513,-0.356137
ISIC_7526548,-0.356326
ISIC_7518524,-0.356331
ISIC_0011798,-0.356507
ISIC_0485417,-0.356734
ISIC_3283317,-0.356867
ISIC_7139908,-0.357015
ISIC_3288342,-0.357105
ISIC_8340256,-0.357112
ISIC_0059512,-0.357132
ISIC_0032034,-0.35714
ISIC_7746898,-0.35783
ISIC_6339509,-0.35805
ISIC_7424320,-0.358107
ISIC_0014349,-0.358241
ISIC_1083681,-0.358268
ISIC_7933945,-0.358442
ISIC_3098750,-0.358703
ISIC_9694020,-0.358778
ISIC_0008630,-0.359018
ISIC_0010995,-0.359048
ISIC_4226395,-0.359074
ISIC_0002774,-0.359262
ISIC_5176419,-0.359367
ISIC_0007416,-0.360846
ISIC_3013569,-0.360873
ISIC_0030856,-0.361259
ISIC_4438786,-0.361287
ISIC_8316125,-0.361312
ISIC_0069486,-0.361399
ISIC_5994007,-0.361485
ISIC_0070551,-0.361778
ISIC_0028723,-0.36193
ISIC_9271800,-0.362316
ISIC_6038490,-0.362479
ISIC_0029963,-0.362727
ISIC_3464344,-0.362868
ISIC_9228729,-0.363504
ISIC_1700051,-0.363559
ISIC_4590810,-0.363564
ISIC_0028239,-0.363777
ISIC_3292151,-0.363936
ISIC_0033090,-0.364005
ISIC_0588322,-0.364242
ISIC_2946577,-0.364276
ISIC_0027263,-0.364499
ISIC_8621568,-0.364686
ISIC_8147542,-0.36469
ISIC_3624318,-0.364764
ISIC_0057999,-0.364813
ISIC_0032565,-0.365008
ISIC_9301346,-0.365247
ISIC_2378428,-0.36562
ISIC_6916213,-0.36573
ISIC_0025550,-0.366003
ISIC_0011073,-0.366126
ISIC_0025779,-0.366147
ISIC_0032204,-0.366206
ISIC_4026808,-0.366454
ISIC_3501997,-0.366763
ISIC_2739547,-0.366771
ISIC_4138377,-0.367725
ISIC_8104064,-0.368367
ISIC_6687927,-0.368397
ISIC_4197990,-0.368421
ISIC_2008230,-0.368477
ISIC_4187627,-0.368764
ISIC_0062559,-0.368903
ISIC_7127760,-0.368935
ISIC_0765973,-0.368966
ISIC_9336830,-0.369141
ISIC_0009911,-0.369603
ISIC_0014428,-0.369781
ISIC_0027061,-0.369928
ISIC_2519121,-0.369988
ISIC_6406517,-0.370091
ISIC_0013634,-0.370197
ISIC_0059892,-0.370272
ISIC_9210086,-0.370496
ISIC_0339930,-0.370499
ISIC_0066094,-0.370511
ISIC_0027935,-0.371126
ISIC_0011483,-0.371155
ISIC_0072001,-0.371287
ISIC_0182020,-0.371793
ISIC_1396573,-0.371935
ISIC_4569077,-0.37195
ISIC_6954782,-0.372285
ISIC_0026897,-0.372401
ISIC_0058851,-0.372525
ISIC_4701063,-0.372531
ISIC_8732757,-0.372634
ISIC_5484086,-0.372821
ISIC_8792007,-0.373042
ISIC_7994337,-0.37319
ISIC_2876105,-0.373209
ISIC_0067550,-0.373353
ISIC_0001480,-0.37361
ISIC_1120654,-0.373652
ISIC_1075605,-0.374001
ISIC_8030914,-0.374002
ISIC_7184722,-0.374028
ISIC_1590725,-0.374414
ISIC_0953317,-0.374452
ISIC_0012263,-0.374529
ISIC_3902917,-0.374924
ISIC_1906141,-0.375043
ISIC_0028626,-0.375404
ISIC_0004089,-0.375504
ISIC_9596388,-0.375721
ISIC_4220326,-0.375985
ISIC_0046450,-0.376478
ISIC_1387456,-0.376584
ISIC_0032484,-0.376624
ISIC_0000171,-0.376633
ISIC_0941085,-0.376654
ISIC_9495211,-0.376724
ISIC_0027305,-0.376927
ISIC_0029993,-0.376987
ISIC_8298434,-0.377039
ISIC_4252285,-0.377072
ISIC_2211136,-0.377159
ISIC_9022005,-0.377297
ISIC_0351547,-0.377387
ISIC_9339756,-0.378354
ISIC_0946787,-0.379357
ISIC_1956354,-0.379573
ISIC_9579506,-0.37975
ISIC_6550761,-0.379902
ISIC_0030754,-0.380124
ISIC_8429798,-0.380378
ISIC_9667908,-0.380394
ISIC_0067467,-0.380911
ISIC_0806303,-0.381443
ISIC_0056660,-0.382143
ISIC_6854940,-0.382239
ISIC_0014598,-0.382405
ISIC_6752060,-0.382533
ISIC_0027666,-0.38261
ISIC_5441247,-0.382785
ISIC_5362869,-0.382968
ISIC_0469314,-0.383383
ISIC_8174881,-0.383431
ISIC_7050122,-0.383646
ISIC_7797853,-0.383684
ISIC_0929483,-0.384178
ISIC_8035608,-0.384286
ISIC_3312201,-0.384498
ISIC_7460560,-0.384635
ISIC_0032165,-0.384921
ISIC_0030725,-0.384951
ISIC_5178031,-0.385202
ISIC_0032551,-0.385211
ISIC_2089231,-0.385801
ISIC_7162711,-0.38598
ISIC_4965832,-0.38628
ISIC_0013364,-0.386418
ISIC_7384382,-0.386475
ISIC_0002258,-0.386547
ISIC_0034289,-0.386616
ISIC_0060760,-0.386732
ISIC_9630931,-0.387079
ISIC_1089617,-0.387274
ISIC_0071458,-0.387285
ISIC_9395707,-0.387398
ISIC_2253931,-0.387811
ISIC_0069669,-0.38786
ISIC_5666345,-0.388126
ISIC_5352684,-0.388142
ISIC_7699223,-0.388255
ISIC_2175855,-0.388462
ISIC_3303825,-0.388482
ISIC_4013189,-0.388683
ISIC_1858989,-0.388939
ISIC_0011097,-0.389037
ISIC_0032951,-0.389077
ISIC_0013530,-0.389082
ISIC_6460137,-0.389438
ISIC_0032724,-0.389774
ISIC_1676261,-0.389947
ISIC_0064478,-0.390062
ISIC_1501483,-0.390533
ISIC_5238649,-0.390539
ISIC_0001578,-0.390626
ISIC_3170155,-0.390755
ISIC_2161864,-0.390771
ISIC_2799447,-0.390976
ISIC_0067395,-0.391281
ISIC_0011137,-0.391483
ISIC_0008774,-0.391517
ISIC_5386244,-0.391607
ISIC_0032425,-0.391926
ISIC_0028070,-0.391957
ISIC_7251402,-0.392074
ISIC_7581199,-0.392816
ISIC_0032762,-0.392832
ISIC_7803114,-0.39346
ISIC_0218072,-0.393601
ISIC_1733794,-0.393724
ISIC_7892362,-0.393862
ISIC_7394897,-0.394029
ISIC_0178370,-0.394169
ISIC_6605122,-0.394349
ISIC_0033377,-0.394515
ISIC_7651944,-0.394967
ISIC_0030313,-0.395012
ISIC_2904474,-0.395278
ISIC_4976189,-0.395359
ISIC_4074537,-0.395459
ISIC_5966190,-0.395625
ISIC_0010651,-0.395747
ISIC_0025891,-0.396066
ISIC_7287303,-0.39621
ISIC_0033779,-0.39643
ISIC_0033099,-0.396607
ISIC_0071797,-0.396701
ISIC_3072382,-0.396856
ISIC_1117369,-0.397272
ISIC_0016137,-0.39737
ISIC_2523776,-0.39778
ISIC_4695396,-0.397806
ISIC_0071559,-0.398085
ISIC_0029571,-0.398183
ISIC_0025929,-0.398441
ISIC_2720426,-0.398919
ISIC_0001140,-0.399369
ISIC_2585066,-0.399499
ISIC_0031406,-0.399687
ISIC_3836576,-0.39991
ISIC_0013558,-0.399931
ISIC_8560106,-0.400072
ISIC_1290821,-0.400242
ISIC_9303594,-0.400622
ISIC_6450034,-0.400742
ISIC_0009993,-0.400748
ISIC_0033831,-0.400847
ISIC_8578732,-0.401234
ISIC_0007501,-0.401245
ISIC_5835414,-0.401257
ISIC_7685920,-0.401444
ISIC_9740245,-0.401528
ISIC_1554992,-0.401574
ISIC_0061011,-0.401756
ISIC_2930792,-0.401968
ISIC_3877643,-0.40215
ISIC_5354202,-0.403221
ISIC_9161898,-0.403952
ISIC_5434229,-0.404312
ISIC_2953279,-0.404417
ISIC_3994656,-0.404585
ISIC_7012881,-0.404744
ISIC_0033302,-0.404748
ISIC_0032965,-0.40495
ISIC_2948896,-0.405024
ISIC_5101111,-0.405161
ISIC_8159779,-0.405257
ISIC_2021321,-0.405497
ISIC_0002549,-0.405529
ISIC_0561249,-0.405563
ISIC_5377977,-0.40567
ISIC_6448312,-0.405771
ISIC_3922580,-0.406091
ISIC_9543945,-0.406543
ISIC_0014925,-0.406582
ISIC_4718237,-0.406826
ISIC_0068015,-0.407378
ISIC_0006328,-0.407392
ISIC_0024591,-0.407683
ISIC_0000431,-0.407843
ISIC_0013052,-0.407946
ISIC_8071637,-0.408697
ISIC_0000315,-0.409277
ISIC_3789239,-0.409752
ISIC_0014489,-0.409755
ISIC_8692006,-0.410061
ISIC_0623284,-0.410101
ISIC_9079361,-0.410319
ISIC_6000407,-0.410628
ISIC_5388493,-0.410942
ISIC_0887530,-0.410958
ISIC_2365588,-0.411048
ISIC_6260969,-0.411318
ISIC_0030443,-0.411894
ISIC_6712342,-0.412034
ISIC_0024894,-0.412073
ISIC_3926397,-0.412273
ISIC_9950866,-0.412358
ISIC_1306020,-0.412614
ISIC_6755132,-0.412646
ISIC_4508511,-0.412862
ISIC_0059341,-0.412884
ISIC_8671453,-0.413093
ISIC_7973601,-0.413279
ISIC_4045781,-0.413314
ISIC_2002605,-0.413441
ISIC_9482842,-0.413507
ISIC_0073119,-0.413513
ISIC_1745182,-0.414176
ISIC_0000558,-0.414204
ISIC_0032828,-0.414254
ISIC_0034107,-0.414407
ISIC_3374533,-0.414418
ISIC_0025085,-0.414514
ISIC_2092911,-0.414523
ISIC_6220953,-0.41484
ISIC_9485536,-0.414855
ISIC_0025603,-0.414883
ISIC_6666329,-0.415015
ISIC_2377039,-0.415212
ISIC_0069488,-0.415314
ISIC_1380069,-0.415578
ISIC_0033968,-0.415726
ISIC_6824842,-0.415729
ISIC_1479949,-0.415931
ISIC_0028219,-0.415985
ISIC_0483289,-0.416282
ISIC_0025489,-0.416601
ISIC_8951909,-0.416624
ISIC_0034039,-0.416626
ISIC_0072991,-0.417008
ISIC_5318217,-0.417023
ISIC_3518299,-0.417075
ISIC_5132214,-0.417089
ISIC_7260492,-0.417189
ISIC_8704668,-0.417281
ISIC_0024686,-0.417461
ISIC_6381852,-0.417721
ISIC_8760203,-0.417751
ISIC_0057762,-0.41779
ISIC_1598039,-0.417828
ISIC_6831482,-0.417906
ISIC_3246746,-0.418202
ISIC_4680417,-0.418204
ISIC_0007760,-0.418251
ISIC_9895220,-0.418282
ISIC_0026281,-0.418599
ISIC_0014092,-0.419065
ISIC_7728263,-0.419103
ISIC_0027252,-0.41921
ISIC_0013865,-0.419268
ISIC_0644590,-0.419319
ISIC_4691943,-0.419429
ISIC_9163466,-0.419512
ISIC_0012538,-0.419627
ISIC_8636706,-0.419777
ISIC_7351007,-0.419783
ISIC_3212050,-0.419812
ISIC_0062440,-0.419924
ISIC_2345504,-0.419932
ISIC_0072893,-0.420496
ISIC_1870415,-0.420699
ISIC_6661691,-0.420756
ISIC_0062713,-0.4208
ISIC_0030922,-0.420993
ISIC_7533983,-0.421078
ISIC_0069633,-0.42117
ISIC_6793830,-0.421211
ISIC_0027271,-0.421637
ISIC_5510604,-0.421999
ISIC_0001831,-0.422129
ISIC_0072290,-0.422222
ISIC_7443391,-0.422547
ISIC_9154716,-0.422616
ISIC_9522489,-0.42265
ISIC_3779424,-0.422677
ISIC_0070951,-0.422812
ISIC_0011587,-0.422888
ISIC_6553579,-0.422894
ISIC_8790198,-0.423127
ISIC_1637588,-0.423248
ISIC_0073075,-0.423359
ISIC_9182492,-0.423727
ISIC_0054318,-0.42375
ISIC_0028379,-0.423784
ISIC_6414435,-0.423822
ISIC_5789052,-0.42411
ISIC_0009289,-0.424311
ISIC_0030193,-0.424576
ISIC_5087951,-0.424611
ISIC_3409824,-0.42484
ISIC_0026497,-0.42503
ISIC_1871890,-0.425335
ISIC_2376758,-0.425365
ISIC_9348399,-0.425905
ISIC_8356468,-0.426345
ISIC_0034262,-0.426434
ISIC_0064095,-0.426449
ISIC_2482653,-0.42662
ISIC_1200689,-0.426693
ISIC_6741865,-0.426817
ISIC_1323048,-0.426943
ISIC_7051167,-0.42728
ISIC_6828587,-0.427374
ISIC_0029481,-0.427603
ISIC_9090822,-0.427661
ISIC_1144024,-0.427796
ISIC_0024268,-0.428203
ISIC_6378169,-0.428595
ISIC_1877535,-0.428684
ISIC_0057898,-0.4287
ISIC_4425766,-0.428749
ISIC_0071735,-0.42877
ISIC_3133127,-0.428851
ISIC_1461507,-0.429066
ISIC_0054570,-0.429112
ISIC_0004789,-0.429173
ISIC_0565743,-0.429194
ISIC_0004558,-0.42921
ISIC_4026569,-0.429473
ISIC_0025379,-0.430786
ISIC_4481362,-0.430802
ISIC_0025535,-0.431035
ISIC_1809444,-0.431425
ISIC_0032052,-0.432082
ISIC_1698119,-0.432277
ISIC_7822725,-0.432586
ISIC_0028641,-0.432828
ISIC_0008431,-0.432851
ISIC_9338761,-0.433439
ISIC_5835765,-0.433564
ISIC_0726170,-0.433607
ISIC_8436492,-0.433755
ISIC_0013084,-0.433909
ISIC_7923008,-0.433927
ISIC_5514594,-0.434015
ISIC_2424673,-0.434157
ISIC_0056092,-0.434254
ISIC_9760652,-0.434465
ISIC_4631711,-0.434699
ISIC_0027627,-0.435165
ISIC_3746471,-0.435354
ISIC_0538042,-0.435597
ISIC_6577632,-0.435668
ISIC_0065590,-0.435728
ISIC_0032517,-0.436001
ISIC_8562820,-0.436026
ISIC_6208708,-0.436181
ISIC_3985031,-0.436308
ISIC_7883190,-0.437027
ISIC_0065192,-0.437643
ISIC_3590814,-0.437654
ISIC_0014920,-0.437992
ISIC_1912589,-0.438122
ISIC_4610600,-0.438522
ISIC_0070422,-0.438553
ISIC_0071913,-0.439207
ISIC_7503950,-0.439234
ISIC_5888212,-0.439338
ISIC_0033986,-0.439413
ISIC_0071996,-0.43952
ISIC_0066328,-0.439568
ISIC_7253401,-0.439891
ISIC_4811593,-0.440033
ISIC_3485583,-0.440361
ISIC_0032742,-0.440427
ISIC_5772938,-0.440493
ISIC_9409255,-0.440868
ISIC_1601784,-0.441029
ISIC_0032095,-0.441151
ISIC_4129376,-0.441472
ISIC_5903193,-0.44151
ISIC_0674746,-0.442416
ISIC_0067905,-0.442437
ISIC_7208412,-0.442941
ISIC_0031438,-0.443051
ISIC_0003159,-0.443372
ISIC_2854303,-0.44349
ISIC_4034644,-0.443529
ISIC_0183290,-0.443649
ISIC_0653633,-0.443979
ISIC_5736624,-0.443992
ISIC_0766328,-0.444305
ISIC_0066637,-0.444585
ISIC_4475268,-0.444586
ISIC_3380212,-0.444643
ISIC_0067156,-0.444706
ISIC_2494956,-0.444778
ISIC_0002119,-0.444985
ISIC_9917640,-0.44536
ISIC_2202486,-0.445452
ISIC_1859923,-0.445697
ISIC_3885041,-0.445743
ISIC_0031807,-0.44587
ISIC_0268187,-0.445928
ISIC_4052597,-0.446759
ISIC_0027797,-0.446952
ISIC_0032001,-0.447204
ISIC_3961647,-0.447207
ISIC_0046331,-0.44748
ISIC_4829706,-0.447653
ISIC_8765068,-0.447959
ISIC_0953675,-0.448149
ISIC_3529778,-0.448164
ISIC_8483382,-0.448425
ISIC_0063028,-0.448436
ISIC_1410408,-0.448842
ISIC_2614347,-0.448902
ISIC_8738598,-0.449078
ISIC_0000056,-0.449205
ISIC_1732527,-0.449244
ISIC_6425888,-0.449313
ISIC_9727132,-0.449385
ISIC_0012701,-0.449492
ISIC_0239949,-0.449815
ISIC_0033042,-0.449839
ISIC_4099428,-0.450049
ISIC_6271913,-0.450613
ISIC_3295750,-0.45066
ISIC_0009991,-0.451028
ISIC_0014422,-0.451092
ISIC_3351880,-0.45112
ISIC_0032988,-0.451267
ISIC_4326917,-0.451374
ISIC_8759726,-0.451554
ISIC_0034000,-0.451971
ISIC_0026247,-0.452086
ISIC_0058255,-0.45233
ISIC_5979783,-0.452518
ISIC_4606646,-0.452526
ISIC_5481211,-0.452708
ISIC_4552230,-0.452727
ISIC_8866896,-0.452844
ISIC_9921747,-0.453084
ISIC_0000535,-0.453241
ISIC_4443373,-0.453271
ISIC_1453899,-0.453282
ISIC_9486917,-0.453497
ISIC_0071972,-0.453515
ISIC_5218530,-0.453678
ISIC_0010555,-0.453845
ISIC_4810485,-0.453915
ISIC_6447681,-0.453963
ISIC_3509838,-0.45415
ISIC_0070387,-0.454231
ISIC_3449290,-0.454353
ISIC_0060508,-0.454424
ISIC_8463871,-0.454523
ISIC_7095615,-0.454589
ISIC_9293491,-0.454703
ISIC_0028883,-0.455104
ISIC_0014221,-0.455792
ISIC_0030518,-0.455862
ISIC_1615485,-0.455903
ISIC_3478437,-0.456089
ISIC_9944671,-0.45646
ISIC_0069175,-0.456613
ISIC_3919752,-0.456818
ISIC_5499139,-0.456879
ISIC_9894782,-0.457003
ISIC_0026231,-0.457155
ISIC_0490442,-0.457187
ISIC_0027842,-0.4573
ISIC_5755836,-0.457415
ISIC_7013005,-0.45766
ISIC_1068686,-0.457796
ISIC_2379024,-0.457828
ISIC_2987579,-0.457935
ISIC_8041078,-0.45794
ISIC_0027391,-0.457993
ISIC_4093484,-0.458326
ISIC_9803747,-0.458595
ISIC_9756858,-0.45861
ISIC_7765349,-0.459478
ISIC_8143286,-0.460157
ISIC_4427755,-0.460628
ISIC_2660216,-0.460654
ISIC_0015245,-0.460758
ISIC_0054284,-0.461028
ISIC_1389141,-0.461275
ISIC_0032780,-0.461437
ISIC_0000145,-0.461447
ISIC_1508215,-0.461536
ISIC_0060934,-0.461561
ISIC_8306983,-0.461719
ISIC_0054391,-0.462149
ISIC_7658133,-0.462307
ISIC_0067027,-0.463964
ISIC_2612661,-0.46428
ISIC_0163812,-0.464763
ISIC_3397174,-0.465204
ISIC_6907218,-0.465664
ISIC_7109582,-0.465702
ISIC_0066412,-0.465903
ISIC_0060719,-0.466234
ISIC_0009791,-0.4663
ISIC_3065032,-0.466357
ISIC_3833013,-0.466663
ISIC_0060700,-0.466993
ISIC_7623407,-0.467314
ISIC_0062702,-0.467654
ISIC_8295152,-0.467728
ISIC_3716686,-0.467884
ISIC_4362713,-0.467944
ISIC_2631789,-0.46796
ISIC_6758042,-0.468236
ISIC_9458746,-0.468243
ISIC_0072441,-0.468256
ISIC_6529073,-0.468377
ISIC_6444989,-0.468406
ISIC_0028291,-0.468487
ISIC_3945116,-0.468565
ISIC_0010316,-0.468678
ISIC_4246086,-0.469143
ISIC_7062293,-0.469331
ISIC_7293518,-0.470027
ISIC_8766254,-0.470637
ISIC_0058730,-0.470776
ISIC_8843901,-0.471054
ISIC_0871853,-0.471092
ISIC_9134453,-0.471243
ISIC_5490257,-0.471345
ISIC_4574865,-0.471349
ISIC_0519386,-0.471904
ISIC_0772836,-0.472011
ISIC_2743014,-0.472313
ISIC_2129020,-0.472419
ISIC_5563553,-0.472662
ISIC_0192596,-0.472745
ISIC_0029561,-0.472975
ISIC_7605678,-0.473278
ISIC_0030101,-0.473395
ISIC_3586824,-0.473397
ISIC_0027712,-0.473771
ISIC_5358548,-0.474053
ISIC_0030963,-0.474201
ISIC_9713706,-0.474436
ISIC_6265473,-0.474551
ISIC_7626256,-0.474694
ISIC_6715897,-0.474707
ISIC_0069891,-0.474899
ISIC_8535943,-0.475183
ISIC_9439742,-0.475703
ISIC_0063496,-0.47607
ISIC_1460249,-0.476167
ISIC_7278885,-0.476337
ISIC_9024724,-0.476483
ISIC_5616806,-0.476551
ISIC_8535451,-0.476654
ISIC_0032847,-0.476702
ISIC_0070731,-0.476778
ISIC_0026020,-0.477082
ISIC_6868089,-0.477188
ISIC_0010724,-0.477326
ISIC_3757004,-0.47734
ISIC_0439726,-0.477385
ISIC_3298596,-0.478216
ISIC_7144739,-0.478326
ISIC_0029459,-0.478778
ISIC_1513720,-0.478849
ISIC_2126084,-0.479706
ISIC_0024513,-0.480036
ISIC_0951519,-0.480114
ISIC_0000860,-0.480332
ISIC_6544382,-0.48048
ISIC_7901891,-0.480602
ISIC_2621288,-0.480663
ISIC_2160913,-0.480675
ISIC_0014114,-0.48099
ISIC_3376976,-0.481052
ISIC_0031598,-0.481089
ISIC_0025757,-0.481158
ISIC_1962844,-0.481292
ISIC_0014994,-0.481563
ISIC_0006158,-0.481793
ISIC_0032812,-0.481846
ISIC_0010649,-0.48192
ISIC_8786606,-0.48194
ISIC_3273370,-0.481958
ISIC_2143002,-0.4821
ISIC_5754233,-0.482885
ISIC_0028328,-0.483295
ISIC_4151356,-0.4834
ISIC_0002057,-0.483539
ISIC_9764024,-0.483559
ISIC_9775430,-0.483781
ISIC_4951213,-0.483945
ISIC_0026745,-0.484795
ISIC_0501843,-0.484805
ISIC_0059257,-0.485122
ISIC_8348712,-0.485154
ISIC_5709878,-0.485435
ISIC_0025754,-0.485573
ISIC_7415335,-0.485747
ISIC_0033206,-0.486038
ISIC_3148533,-0.486129
ISIC_4602691,-0.486149
ISIC_7806612,-0.486192
ISIC_0012382,-0.486502
ISIC_8711983,-0.486514
ISIC_9874512,-0.4866
ISIC_0060659,-0.486868
ISIC_3786075,-0.486969
ISIC_2395624,-0.487208
ISIC_0033500,-0.487552
ISIC_0032440,-0.487602
ISIC_8764927,-0.487628
ISIC_7482149,-0.487631
ISIC_0029942,-0.487887
ISIC_3238687,-0.488078
ISIC_1738738,-0.488082
ISIC_0063672,-0.488174
ISIC_2647453,-0.488734
ISIC_1605629,-0.488863
ISIC_3966064,-0.489187
ISIC_0061884,-0.48958
ISIC_0293086,-0.489583
ISIC_7268804,-0.489651
ISIC_2030997,-0.489771
ISIC_0028886,-0.490242
ISIC_0024759,-0.490408
ISIC_3737487,-0.490663
ISIC_8674332,-0.490669
ISIC_6384906,-0.490881
ISIC_0031626,-0.491257
ISIC_5619654,-0.492185
ISIC_0011868,-0.492439
ISIC_1124434,-0.492737
ISIC_0025450,-0.493377
ISIC_0011366,-0.493672
ISIC_7803163,-0.493818
ISIC_6754835,-0.493819
ISIC_0026264,-0.494732
ISIC_0031018,-0.494998
ISIC_0066001,-0.495021
ISIC_7376906,-0.49508
ISIC_7215208,-0.495093
ISIC_1788979,-0.495096
ISIC_0027095,-0.495257
ISIC_5434055,-0.495556
ISIC_0054925,-0.496122
ISIC_5230371,-0.496143
ISIC_0026516,-0.496289
ISIC_7575957,-0.496552
ISIC_5772144,-0.496621
ISIC_0060741,-0.496656
ISIC_3544821,-0.496703
ISIC_9050608,-0.49676
ISIC_5202231,-0.497049
ISIC_2275181,-0.497175
ISIC_0027265,-0.497765
ISIC_1008609,-0.497892
ISIC_9795458,-0.499067
ISIC_0189336,-0.499531
ISIC_2853290,-0.499953
ISIC_6272501,-0.500004
ISIC_5988539,-0.500055
ISIC_0056608,-0.500103
ISIC_4102922,-0.500194
ISIC_3559222,-0.500235
ISIC_7670149,-0.500352
ISIC_8194467,-0.500622
ISIC_7145788,-0.50079
ISIC_5721110,-0.501188
ISIC_0031575,-0.501307
ISIC_0597218,-0.501388
ISIC_0032133,-0.501462
ISIC_0029296,-0.501482
ISIC_1533305,-0.501523
ISIC_0024313,-0.5016
ISIC_2647643,-0.501832
ISIC_0064071,-0.502087
ISIC_2054066,-0.502106
ISIC_4168757,-0.502145
ISIC_1452549,-0.502187
ISIC_9747194,-0.502353
ISIC_0028998,-0.502512
ISIC_0064656,-0.502921
ISIC_4921413,-0.503107
ISIC_4232756,-0.503143
ISIC_5324987,-0.503163
ISIC_0067274,-0.503364
ISIC_8433608,-0.503498
ISIC_0006730,-0.503518
ISIC_1851112,-0.504417
ISIC_0060033,-0.50466
ISIC_0000546,-0.505317
ISIC_9401187,-0.50534
ISIC_0156642,-0.505746
ISIC_3650533,-0.506331
ISIC_0060626,-0.506797
ISIC_9566964,-0.506866
ISIC_2867416,-0.507091
ISIC_1108204,-0.507383
ISIC_5874357,-0.507529
ISIC_1331993,-0.508126
ISIC_0073015,-0.508278
ISIC_4958578,-0.508363
ISIC_0009236,-0.50838
ISIC_3689759,-0.508536
ISIC_0011045,-0.509005
ISIC_9153619,-0.509519
ISIC_4765919,-0.509541
ISIC_0073102,-0.509727
ISIC_9030482,-0.51007
ISIC_9895436,-0.510462
ISIC_0007148,-0.51067
ISIC_0027951,-0.511019
ISIC_0028248,-0.511074
ISIC_9611100,-0.511193
ISIC_5881453,-0.511212
ISIC_0033071,-0.51173
ISIC_0064072,-0.51175
ISIC_0033980,-0.511904
ISIC_4518384,-0.512649
ISIC_5049165,-0.513044
ISIC_0011459,-0.513367
ISIC_7128007,-0.513595
ISIC_3474681,-0.513696
ISIC_0001129,-0.513789
ISIC_1390308,-0.514211
ISIC_0060386,-0.514383
ISIC_7824688,-0.514426
ISIC_3193774,-0.514446
ISIC_5425721,-0.514793
ISIC_8953848,-0.515108
ISIC_5832901,-0.515256
ISIC_0032637,-0.515268
ISIC_0009510,-0.515648
ISIC_4850678,-0.51567
ISIC_4796100,-0.515711
ISIC_5993530,-0.515712
ISIC_0006624,-0.51576
ISIC_1396767,-0.515884
ISIC_4166490,-0.51597
ISIC_0024779,-0.516521
ISIC_0055727,-0.516726
ISIC_5747942,-0.516835
ISIC_0062235,-0.517254
ISIC_0031293,-0.517261
ISIC_4459125,-0.517414
ISIC_0029120,-0.517616
ISIC_0025015,-0.517651
ISIC_6569060,-0.518631
ISIC_0025708,-0.518954
ISIC_0057028,-0.51906
ISIC_4930632,-0.519179
ISIC_0012653,-0.519186
ISIC_7759913,-0.519238
ISIC_4462773,-0.519331
ISIC_8863344,-0.519564
ISIC_8355446,-0.519565
ISIC_8671119,-0.519938
ISIC_5152000,-0.52011
ISIC_6927363,-0.520658
ISIC_0025018,-0.520975
ISIC_0027881,-0.521099
ISIC_5659295,-0.521285
ISIC_8188797,-0.521389
ISIC_7544537,-0.521631
ISIC_8393181,-0.522276
ISIC_0519705,-0.522417
ISIC_1441260,-0.522562
ISIC_2524005,-0.522935
ISIC_9354965,-0.523166
ISIC_0231167,-0.523553
ISIC_7100755,-0.523707
ISIC_0011040,-0.523966
ISIC_9073150,-0.523993
ISIC_5699175,-0.524142
ISIC_7075474,-0.524183
ISIC_0055143,-0.524501
ISIC_6373689,-0.524506
ISIC_0067008,-0.524598
ISIC_1280780,-0.524811
ISIC_0013936,-0.525304
ISIC_0004015,-0.52541
ISIC_2487188,-0.525673
ISIC_0197584,-0.525723
ISIC_5651106,-0.526058
ISIC_2256461,-0.526061
ISIC_1389563,-0.526429
ISIC_8414396,-0.526531
ISIC_0008423,-0.526817
ISIC_8108870,-0.527154
ISIC_9987485,-0.527504
ISIC_8822738,-0.527505
ISIC_3649632,-0.527881
ISIC_0202119,-0.527945
ISIC_9732721,-0.528168
ISIC_0058891,-0.528217
ISIC_9063429,-0.528408
ISIC_0030128,-0.529029
ISIC_0027248,-0.529077
ISIC_0645454,-0.529133
ISIC_1382677,-0.529501
ISIC_7131689,-0.529642
ISIC_3086579,-0.52979
ISIC_6099476,-0.530037
ISIC_7959386,-0.530114
ISIC_1952599,-0.530156
ISIC_0065283,-0.530315
ISIC_9307584,-0.530713
ISIC_0026426,-0.530864
ISIC_0034118,-0.531201
ISIC_0016043,-0.531471
ISIC_5578611,-0.532026
ISIC_8535134,-0.532088
ISIC_0010767,-0.532296
ISIC_1597566,-0.532366
ISIC_4161113,-0.532387
ISIC_5164416,-0.532452
ISIC_9014036,-0.532923
ISIC_1819358,-0.53293
ISIC_0016082,-0.532993
ISIC_0027604,-0.533068
ISIC_4613437,-0.533088
ISIC_0001149,-0.533392
ISIC_0757147,-0.534982
ISIC_8292279,-0.535122
ISIC_1927858,-0.535427
ISIC_5309572,-0.535436
ISIC_4257634,-0.53546
ISIC_3779093,-0.535819
ISIC_7185036,-0.535984
ISIC_0413173,-0.536408
ISIC_0006517,-0.536426
ISIC_0072773,-0.53661
ISIC_7787118,-0.536714
ISIC_0981639,-0.536843
ISIC_0069851,-0.536936
ISIC_0072335,-0.537016
ISIC_3685955,-0.53715
ISIC_0026518,-0.53738
ISIC_0830217,-0.537776
ISIC_6027459,-0.537972
ISIC_4137545,-0.539116
ISIC_8693637,-0.539242
ISIC_2226940,-0.539546
ISIC_2299862,-0.540025
ISIC_0740449,-0.540233
ISIC_0013517,-0.540489
ISIC_7697022,-0.540954
ISIC_8899350,-0.542
ISIC_2546644,-0.54209
ISIC_0003217,-0.542199
ISIC_4810500,-0.542235
ISIC_7799968,-0.542364
ISIC_0003550,-0.5426
ISIC_0070689,-0.542764
ISIC_3892947,-0.54323
ISIC_7534592,-0.543352
ISIC_0033651,-0.543627
ISIC_6717452,-0.543763
ISIC_0011256,-0.543779
ISIC_0029913,-0.544128
ISIC_5707761,-0.544177
ISIC_0010044,-0.54464
ISIC_9989936,-0.545106
ISIC_5509946,-0.545309
ISIC_0806140,-0.545322
ISIC_5650816,-0.546157
ISIC_0000240,-0.546444
ISIC_0062025,-0.546515
ISIC_0032610,-0.546838
ISIC_1962845,-0.54707
ISIC_4652186,-0.547428
ISIC_4867043,-0.547429
ISIC_0072553,-0.547537
ISIC_0068314,-0.547765
ISIC_8278912,-0.547798
ISIC_0030519,-0.548119
ISIC_4325452,-0.548344
ISIC_3944634,-0.548458
ISIC_8481979,-0.548809
ISIC_0061558,-0.54921
ISIC_6385074,-0.549303
ISIC_4311777,-0.54939
ISIC_3391254,-0.550187
ISIC_0033950,-0.550498
ISIC_0057669,-0.550499
ISIC_5608998,-0.550727
ISIC_0013840,-0.550741
ISIC_8009880,-0.550832
ISIC_8910589,-0.551104
ISIC_4252268,-0.551558
ISIC_5370803,-0.551593
ISIC_6663112,-0.551963
ISIC_7271745,-0.552181
ISIC_9048840,-0.55222
ISIC_1202976,-0.552243
ISIC_6882080,-0.55248
ISIC_4055288,-0.553099
ISIC_2324728,-0.553163
ISIC_0033729,-0.553168
ISIC_4303228,-0.553435
ISIC_6697013,-0.553757
ISIC_0030541,-0.553805
ISIC_7466175,-0.554257
ISIC_0046921,-0.554537
ISIC_0029343,-0.554994
ISIC_0000118,-0.555178
ISIC_9125409,-0.555183
ISIC_9086288,-0.555202
ISIC_0060749,-0.555286
ISIC_5065360,-0.555396
ISIC_5140952,-0.555505
ISIC_5610222,-0.555511
ISIC_0000957,-0.555684
ISIC_1654318,-0.555881
ISIC_5039895,-0.55604
ISIC_9668514,-0.556169
ISIC_2177748,-0.556182
ISIC_3218227,-0.556244
ISIC_8835545,-0.556293
ISIC_0066203,-0.556847
ISIC_6937199,-0.55691
ISIC_3031102,-0.556971
ISIC_4289906,-0.557253
ISIC_8248922,-0.557341
ISIC_7789452,-0.557453
ISIC_4249893,-0.558015
ISIC_7215375,-0.558606
ISIC_7147713,-0.558912
ISIC_6253295,-0.559301
ISIC_2260249,-0.559325
ISIC_1595658,-0.559392
ISIC_6392089,-0.55946
ISIC_0026470,-0.559461
ISIC_0012298,-0.559862
ISIC_7492530,-0.559982
ISIC_0014164,-0.560193
ISIC_0055240,-0.56029
ISIC_0003851,-0.560387
ISIC_4468549,-0.560884
ISIC_9450906,-0.561538
ISIC_8128335,-0.561633
ISIC_7550510,-0.561841
ISIC_0316668,-0.561874
ISIC_0645116,-0.562047
ISIC_1784255,-0.562307
ISIC_6707990,-0.562362
ISIC_1782545,-0.562509
ISIC_8609756,-0.56301
ISIC_7596681,-0.563274
ISIC_7335659,-0.563455
ISIC_0009186,-0.563664
ISIC_9077722,-0.563766
ISIC_0028910,-0.564167
ISIC_0054244,-0.564302
ISIC_0061705,-0.564406
ISIC_0025267,-0.564571
ISIC_1858237,-0.564925
ISIC_0025955,-0.565334
ISIC_9822350,-0.565603
ISIC_0031625,-0.565706
ISIC_0025592,-0.565922
ISIC_5769654,-0.566069
ISIC_1253960,-0.56627
ISIC_0013792,-0.566394
ISIC_2465895,-0.566545
ISIC_8330906,-0.566607
ISIC_1043267,-0.566622
ISIC_3590167,-0.566674
ISIC_0046323,-0.566801
ISIC_0248628,-0.566964
ISIC_8689112,-0.568032
ISIC_2783450,-0.568315
ISIC_1534391,-0.568378
ISIC_3198111,-0.568642
ISIC_9462738,-0.568696
ISIC_0003910,-0.568876
ISIC_4646815,-0.568978
ISIC_8814612,-0.569029
ISIC_9232615,-0.569061
ISIC_0066338,-0.569319
ISIC_7967397,-0.569785
ISIC_1776777,-0.569873
ISIC_0010225,-0.569934
ISIC_5526879,-0.570096
ISIC_4623351,-0.570215
ISIC_3597812,-0.570253
ISIC_4434803,-0.570269
ISIC_0030336,-0.570487
ISIC_1379601,-0.570549
ISIC_0475506,-0.570589
ISIC_0059350,-0.570599
ISIC_0057287,-0.570864
ISIC_0046985,-0.57092
ISIC_0025956,-0.57094
ISIC_0002821,-0.571108
ISIC_0033229,-0.571314
ISIC_0056339,-0.571947
ISIC_0007351,-0.571975
ISIC_2740756,-0.572285
ISIC_9542544,-0.572515
ISIC_0029283,-0.572637
ISIC_6710082,-0.573122
ISIC_7663476,-0.573229
ISIC_4768512,-0.573462
ISIC_4938791,-0.573652
ISIC_0012722,-0.574108
ISIC_0003793,-0.574827
ISIC_0011800,-0.574878
ISIC_1971254,-0.575566
ISIC_4723378,-0.57573
ISIC_0072195,-0.575902
ISIC_0014325,-0.575994
ISIC_0034079,-0.576513
ISIC_0185918,-0.576694
ISIC_2587955,-0.576752
ISIC_0295323,-0.576878
ISIC_0013277,-0.577093
ISIC_3198731,-0.577287
ISIC_5048124,-0.577334
ISIC_9723646,-0.578595
ISIC_0315631,-0.57871
ISIC_3820669,-0.578967
ISIC_7225978,-0.57899
ISIC_5300774,-0.579117
ISIC_0005062,-0.579481
ISIC_1477990,-0.579535
ISIC_8357420,-0.579574
ISIC_3922602,-0.579631
ISIC_3487151,-0.579645
ISIC_6239663,-0.579687
ISIC_0030900,-0.579706
ISIC_9412963,-0.579856
ISIC_1152559,-0.579863
ISIC_4887995,-0.580609
ISIC_2000319,-0.58132
ISIC_2808323,-0.581436
ISIC_2147549,-0.581914
ISIC_5992826,-0.582005
ISIC_8011058,-0.582066
ISIC_1819071,-0.582223
ISIC_0033239,-0.582356
ISIC_0961235,-0.583027
ISIC_0024496,-0.583329
ISIC_5336007,-0.584151
ISIC_3513288,-0.584674
ISIC_0027921,-0.585045
ISIC_0034208,-0.585083
ISIC_0056110,-0.585112
ISIC_0029013,-0.585223
ISIC_0765585,-0.585365
ISIC_4042619,-0.585376
ISIC_0302804,-0.585443
ISIC_4442490,-0.58549
ISIC_7935462,-0.585575
ISIC_9588279,-0.585694
ISIC_9017110,-0.586421
ISIC_1178518,-0.586459
ISIC_0032682,-0.586841
ISIC_1027512,-0.586937
ISIC_0033782,-0.587177
ISIC_4038618,-0.587323
ISIC_0028226,-0.587715
ISIC_2056104,-0.587738
ISIC_5021861,-0.587821
ISIC_6023518,-0.587914
ISIC_0009187,-0.587933
ISIC_0068447,-0.58805
ISIC_1352841,-0.588071
ISIC_2707664,-0.588267
ISIC_1736735,-0.588848
ISIC_0060525,-0.588857
ISIC_4156010,-0.588924
ISIC_0027596,-0.589011
ISIC_0001119,-0.589086
ISIC_2876073,-0.589241
ISIC_3372067,-0.589599
ISIC_5005253,-0.589701
ISIC_5931552,-0.589735
ISIC_9228573,-0.589891
ISIC_2316159,-0.590216
ISIC_0024208,-0.590442
ISIC_4786412,-0.590607
ISIC_0032603,-0.590622
ISIC_0009666,-0.590691
ISIC_6111078,-0.590805
ISIC_0032494,-0.590878
ISIC_0032583,-0.590902
ISIC_8504492,-0.591283
ISIC_6967143,-0.591298
ISIC_8795740,-0.591393
ISIC_0015950,-0.591755
ISIC_0053554,-0.592334
ISIC_9182285,-0.592423
ISIC_6126554,-0.593019
ISIC_0006744,-0.593764
ISIC_8462070,-0.593846
ISIC_0011209,-0.594104
ISIC_9810276,-0.594776
ISIC_0000446,-0.594904
ISIC_7826557,-0.595119
ISIC_0027276,-0.595218
ISIC_0806138,-0.595671
ISIC_6201695,-0.596098
ISIC_0030404,-0.596166
ISIC_0005264,-0.596196
ISIC_0070308,-0.596324
ISIC_0101540,-0.596333
ISIC_0029531,-0.596421
ISIC_2430137,-0.596611
ISIC_2753279,-0.59674
ISIC_2231191,-0.596771
ISIC_5919355,-0.596828
ISIC_6383486,-0.597215
ISIC_0067458,-0.597377
ISIC_0430837,-0.597686
ISIC_0071168,-0.597777
ISIC_0014088,-0.59817
ISIC_1644520,-0.598407
ISIC_6681802,-0.598644
ISIC_0192490,-0.598668
ISIC_7888517,-0.598828
ISIC_0028394,-0.599245
ISIC_3814807,-0.599584
ISIC_4967639,-0.599585
ISIC_7492046,-0.599725
ISIC_9546876,-0.60006
ISIC_0055013,-0.60024
ISIC_0029815,-0.600308
ISIC_6052437,-0.601127
ISIC_4756167,-0.601365
ISIC_0620587,-0.601376
ISIC_8287726,-0.601442
ISIC_0011169,-0.601451
ISIC_0497390,-0.601836
ISIC_2146346,-0.602183
ISIC_0070752,-0.60305
ISIC_6401657,-0.603154
ISIC_0024826,-0.603198
ISIC_0032927,-0.603411
ISIC_3222447,-0.603638
ISIC_0004955,-0.604139
ISIC_0799535,-0.604652
ISIC_0065039,-0.605081
ISIC_1113265,-0.605498
ISIC_0007619,-0.605732
ISIC_1470934,-0.605737
ISIC_3590997,-0.605798
ISIC_0026879,-0.606481
ISIC_4445729,-0.606691
ISIC_2910705,-0.606722
ISIC_7084553,-0.606782
ISIC_0256926,-0.606894
ISIC_2841488,-0.606916
ISIC_0010759,-0.60714
ISIC_0046571,-0.607275
ISIC_1020968,-0.607393
ISIC_7903838,-0.607465
ISIC_8822331,-0.607621
ISIC_1850674,-0.607631
ISIC_0319928,-0.60783
ISIC_6247668,-0.607954
ISIC_0014684,-0.60813
ISIC_2642873,-0.608282
ISIC_8170849,-0.608602
ISIC_9947624,-0.608725
ISIC_2011408,-0.608834
ISIC_2266715,-0.609433
ISIC_9498942,-0.609756
ISIC_0031127,-0.609891
ISIC_8993666,-0.61017
ISIC_0010761,-0.610583
ISIC_2520840,-0.611197
ISIC_4391909,-0.611586
ISIC_0012018,-0.611627
ISIC_9482251,-0.611825
ISIC_8960223,-0.611833
ISIC_8181142,-0.612412
ISIC_5296963,-0.612766
ISIC_0028009,-0.613073
ISIC_1772828,-0.613345
ISIC_3356776,-0.613527
ISIC_1696516,-0.613622
ISIC_0069210,-0.613697
ISIC_9087221,-0.614022
ISIC_7132685,-0.614165
ISIC_0063053,-0.614327
ISIC_0008881,-0.614436
ISIC_0004686,-0.614802
ISIC_5449076,-0.614902
ISIC_3336353,-0.615084
ISIC_1731109,-0.615187
ISIC_0046635,-0.615288
ISIC_1661837,-0.61534
ISIC_7956417,-0.615395
ISIC_0057753,-0.615596
ISIC_0005681,-0.615654
ISIC_2967024,-0.615828
ISIC_5979807,-0.616004
ISIC_7206167,-0.616173
ISIC_4097868,-0.616216
ISIC_7981097,-0.616499
ISIC_2151856,-0.61668
ISIC_3984167,-0.617094
ISIC_1525284,-0.617401
ISIC_2861793,-0.61746
ISIC_0030457,-0.617579
ISIC_0013243,-0.617724
ISIC_0063544,-0.618465
ISIC_0053960,-0.61893
ISIC_1988335,-0.619
ISIC_4695051,-0.619672
ISIC_0032844,-0.619849
ISIC_4770073,-0.619912
ISIC_0010597,-0.620005
ISIC_0749263,-0.620663
ISIC_2064934,-0.620692
ISIC_5377237,-0.621334
ISIC_0027063,-0.62156
ISIC_4810142,-0.621748
ISIC_9386509,-0.62188
ISIC_2490481,-0.621931
ISIC_6471212,-0.622676
ISIC_7059794,-0.622713
ISIC_0068525,-0.623113
ISIC_4789784,-0.62332
ISIC_0024246,-0.623524
ISIC_9694867,-0.623656
ISIC_0069330,-0.62366
ISIC_0059959,-0.624309
ISIC_2479512,-0.624312
ISIC_3277722,-0.624457
ISIC_5110505,-0.624544
ISIC_3349562,-0.625308
ISIC_3203344,-0.625824
ISIC_4601527,-0.626193
ISIC_0055841,-0.626352
ISIC_9974299,-0.626396
ISIC_2449919,-0.627247
ISIC_0014144,-0.627306
ISIC_0068168,-0.627398
ISIC_0026356,-0.628252
ISIC_6913272,-0.628425
ISIC_4153234,-0.629095
ISIC_8222254,-0.629132
ISIC_1947833,-0.629263
ISIC_7312977,-0.629297
ISIC_0013874,-0.629509
ISIC_0207268,-0.630157
ISIC_0027132,-0.630336
ISIC_9199158,-0.630585
ISIC_1638357,-0.631201
ISIC_9005623,-0.631312
ISIC_7565128,-0.631397
ISIC_0058954,-0.63165
ISIC_5797942,-0.631741
ISIC_0011163,-0.631775
ISIC_0067397,-0.632053
ISIC_0069591,-0.632408
ISIC_3378691,-0.632439
ISIC_0070351,-0.632506
ISIC_8976269,-0.632537
ISIC_5952650,-0.632612
ISIC_8353090,-0.633661
ISIC_5787312,-0.633746
ISIC_0025900,-0.634699
ISIC_0026008,-0.635019
ISIC_0013572,-0.635499
ISIC_5807112,-0.635588
ISIC_9828053,-0.635717
ISIC_5602724,-0.635793
ISIC_7881017,-0.635944
ISIC_0057487,-0.636408
ISIC_0032426,-0.63685
ISIC_0057495,-0.636955
ISIC_6032520,-0.637382
ISIC_3067522,-0.637416
ISIC_4236274,-0.637483
ISIC_0065206,-0.637681
ISIC_5709247,-0.637759
ISIC_0033171,-0.638311
ISIC_0527350,-0.638668
ISIC_8468512,-0.638798
ISIC_7764987,-0.639425
ISIC_0010251,-0.639513
ISIC_2882945,-0.639538
ISIC_0032750,-0.639909
ISIC_1077375,-0.640713
ISIC_0031214,-0.640821
ISIC_8764464,-0.641107
ISIC_1132966,-0.641136
ISIC_0728350,-0.641601
ISIC_9453737,-0.641602
ISIC_0069150,-0.642053
ISIC_0034044,-0.642235
ISIC_4607215,-0.643088
ISIC_0030952,-0.64355
ISIC_2508901,-0.643551
ISIC_3289651,-0.64391
ISIC_7183212,-0.643941
ISIC_0027538,-0.644006
ISIC_0830806,-0.644224
ISIC_0006331,-0.64439
ISIC_2410240,-0.644971
ISIC_0056156,-0.645209
ISIC_5315486,-0.645376
ISIC_2746860,-0.645428
ISIC_4728167,-0.645629
ISIC_3701563,-0.645888
ISIC_0025648,-0.646326
ISIC_0031021,-0.646409
ISIC_0026348,-0.646725
ISIC_6705966,-0.647043
ISIC_6901969,-0.64708
ISIC_0068776,-0.647641
ISIC_5530598,-0.647647
ISIC_0002622,-0.647863
ISIC_0029441,-0.648213
ISIC_4728968,-0.648295
ISIC_3941147,-0.648713
ISIC_3519679,-0.648934
ISIC_6451703,-0.649021
ISIC_5509212,-0.649402
ISIC_8917755,-0.650061
ISIC_6381981,-0.650498
ISIC_1495182,-0.650731
ISIC_2234076,-0.650785
ISIC_5179884,-0.651279
ISIC_0998962,-0.651686
ISIC_5793600,-0.651707
ISIC_5323725,-0.651748
ISIC_0374029,-0.651812
ISIC_9622250,-0.652056
ISIC_4526581,-0.652057
ISIC_4936610,-0.652125
ISIC_8561963,-0.652414
ISIC_9690263,-0.652464
ISIC_0428257,-0.652748
ISIC_0010360,-0.652803
ISIC_0006116,-0.652864
ISIC_8373462,-0.653353
ISIC_0028666,-0.653362
ISIC_0010614,-0.653594
ISIC_2969968,-0.653779
ISIC_6054977,-0.653785
ISIC_2384274,-0.654207
ISIC_0070782,-0.654219
ISIC_0000384,-0.654799
ISIC_3060248,-0.655828
ISIC_4136351,-0.656089
ISIC_7452503,-0.656139
ISIC_9300579,-0.656421
ISIC_4819371,-0.65715
ISIC_9765024,-0.65744
ISIC_0024675,-0.657547
ISIC_2105563,-0.658881
ISIC_8791729,-0.659299
ISIC_8647900,-0.65985
ISIC_4629662,-0.65988
ISIC_4088647,-0.660507
ISIC_6423964,-0.660896
ISIC_5360921,-0.661099
ISIC_0016103,-0.661701
ISIC_6976570,-0.661828
ISIC_8205879,-0.661992
ISIC_2167209,-0.662018
ISIC_4936662,-0.662192
ISIC_1332766,-0.662522
ISIC_6793603,-0.662637
ISIC_3401777,-0.663236
ISIC_6606767,-0.663477
ISIC_7844565,-0.66348
ISIC_4224064,-0.663564
ISIC_4314089,-0.663578
ISIC_1802502,-0.664119
ISIC_9041897,-0.664591
ISIC_0027492,-0.664727
ISIC_2999018,-0.665184
ISIC_0009230,-0.665269
ISIC_6017985,-0.665725
ISIC_9034574,-0.665777
ISIC_0691454,-0.666573
ISIC_0281179,-0.666594
ISIC_4045323,-0.666862
ISIC_6427157,-0.666977
ISIC_0059219,-0.667284
ISIC_0066411,-0.668131
ISIC_5555140,-0.668221
ISIC_8268025,-0.669402
ISIC_0962787,-0.669799
ISIC_0098784,-0.669965
ISIC_0066109,-0.670066
ISIC_1543770,-0.670102
ISIC_7972996,-0.670216
ISIC_9397126,-0.670371
ISIC_4553633,-0.670545
ISIC_5787517,-0.670561
ISIC_8106899,-0.670652
ISIC_0004509,-0.671241
ISIC_4131353,-0.671786
ISIC_8397011,-0.671903
ISIC_0033192,-0.672462
ISIC_9764973,-0.672523
ISIC_5442578,-0.672726
ISIC_5288404,-0.672972
ISIC_3975133,-0.672972
ISIC_0030718,-0.673154
ISIC_4876193,-0.673243
ISIC_6166247,-0.673586
ISIC_0060978,-0.673615
ISIC_5744196,-0.673834
ISIC_0027901,-0.673867
ISIC_5568525,-0.67401
ISIC_1488727,-0.674104
ISIC_9052604,-0.674142
ISIC_1334438,-0.674421
ISIC_0059976,-0.674522
ISIC_2124213,-0.674682
ISIC_3950753,-0.675103
ISIC_1205826,-0.675561
ISIC_3886458,-0.675934
ISIC_0027325,-0.676152
ISIC_0068000,-0.676383
ISIC_0060050,-0.676505
ISIC_9436034,-0.677255
ISIC_0031079,-0.677456
ISIC_5116614,-0.677631
ISIC_7296201,-0.677655
ISIC_8006094,-0.677748
ISIC_4222275,-0.678199
ISIC_5294540,-0.678395
ISIC_7648726,-0.67843
ISIC_8168598,-0.678457
ISIC_5026709,-0.678625
ISIC_6455702,-0.678682
ISIC_0053572,-0.678707
ISIC_1515947,-0.678953
ISIC_7231192,-0.678999
ISIC_3654454,-0.679045
ISIC_7428248,-0.679181
ISIC_0256715,-0.679198
ISIC_9244047,-0.679384
ISIC_9709101,-0.679411
ISIC_0065872,-0.679426
ISIC_1711185,-0.679903
ISIC_3520591,-0.680276
ISIC_5525765,-0.680301
ISIC_0032587,-0.680383
ISIC_0065200,-0.680479
ISIC_6052702,-0.680923
ISIC_9104843,-0.681295
ISIC_0024650,-0.68147
ISIC_4414811,-0.681678
ISIC_5055871,-0.681986
ISIC_0422299,-0.682444
ISIC_6507412,-0.683553
ISIC_4721599,-0.683677
ISIC_1932064,-0.683692
ISIC_0046693,-0.683863
ISIC_5648111,-0.683947
ISIC_0476606,-0.68476
ISIC_1545544,-0.684962
ISIC_5909403,-0.685621
ISIC_0028071,-0.68705
ISIC_7724764,-0.687159
ISIC_0003664,-0.687526
ISIC_6699854,-0.688228
ISIC_7636321,-0.68845
ISIC_0004728,-0.688472
ISIC_0025072,-0.688489
ISIC_0010532,-0.689135
ISIC_0062389,-0.689305
ISIC_0033320,-0.689426
ISIC_9934037,-0.689502
ISIC_4885444,-0.689704
ISIC_7900295,-0.689965
ISIC_9334956,-0.690081
ISIC_0032130,-0.690118
ISIC_1509635,-0.690261
ISIC_8995044,-0.690265
ISIC_0059769,-0.690326
ISIC_9509813,-0.690402
ISIC_0069830,-0.690505
ISIC_9640145,-0.690823
ISIC_6489993,-0.690958
ISIC_8942967,-0.690993
ISIC_0003132,-0.691016
ISIC_7650369,-0.691191
ISIC_4541530,-0.691378
ISIC_0003438,-0.691379
ISIC_8025644,-0.691758
ISIC_8733745,-0.691829
ISIC_3453832,-0.692213
ISIC_0033901,-0.692723
ISIC_0072865,-0.692786
ISIC_7746479,-0.693228
ISIC_7517082,-0.693684
ISIC_0064517,-0.693993
ISIC_9354604,-0.69453
ISIC_2245325,-0.694665
ISIC_0029684,-0.694968
ISIC_0055911,-0.695697
ISIC_4868926,-0.69605
ISIC_5309814,-0.697031
ISIC_1251811,-0.697369
ISIC_1315123,-0.697503
ISIC_1472777,-0.697561
ISIC_0002745,-0.698153
ISIC_0029209,-0.698504
ISIC_0011125,-0.698569
ISIC_0000801,-0.698596
ISIC_6366631,-0.698761
ISIC_6625102,-0.699109
ISIC_4644299,-0.699349
ISIC_0946923,-0.699368
ISIC_5382189,-0.699445
ISIC_0024300,-0.699701
ISIC_0069944,-0.699982
ISIC_0778327,-0.700126
ISIC_0003593,-0.700138
ISIC_6895016,-0.70058
ISIC_4527661,-0.700771
ISIC_2015441,-0.700945
ISIC_6017148,-0.701064
ISIC_4185719,-0.70153
ISIC_6013764,-0.701914
ISIC_4502605,-0.702353
ISIC_0624779,-0.702613
ISIC_0013204,-0.702847
ISIC_0006727,-0.702929
ISIC_9002603,-0.702968
ISIC_4787403,-0.702987
ISIC_0025812,-0.70299
ISIC_3575862,-0.703206
ISIC_9155855,-0.703267
ISIC_2050638,-0.703529
ISIC_8082988,-0.703883
ISIC_0070383,-0.704203
ISIC_0222299,-0.70444
ISIC_3652884,-0.704802
ISIC_0028225,-0.70524
ISIC_2415803,-0.705546
ISIC_0006672,-0.705824
ISIC_6299036,-0.705964
ISIC_7505254,-0.706161
ISIC_5356775,-0.706179
ISIC_0070679,-0.706757
ISIC_0030911,-0.706923
ISIC_0033047,-0.707045
ISIC_7777873,-0.70711
ISIC_8190708,-0.707216
ISIC_6532137,-0.707306
ISIC_4132082,-0.707747
ISIC_9088774,-0.707765
ISIC_0008945,-0.708234
ISIC_3770380,-0.708632
ISIC_0082704,-0.708682
ISIC_4482610,-0.708821
ISIC_4212044,-0.708921
ISIC_0200153,-0.708935
ISIC_8246858,-0.70908
ISIC_0065390,-0.709137
ISIC_0693902,-0.709195
ISIC_5578239,-0.709502
ISIC_6981061,-0.709565
ISIC_0030596,-0.709656
ISIC_8374889,-0.709697
ISIC_5333058,-0.710345
ISIC_7555812,-0.71053
ISIC_2772581,-0.710599
ISIC_1496194,-0.710998
ISIC_0030434,-0.711507
ISIC_0027537,-0.711519
ISIC_8635889,-0.711961
ISIC_9448281,-0.712321
ISIC_0064982,-0.712695
ISIC_3985782,-0.713051
ISIC_4237064,-0.713095
ISIC_0029225,-0.713142
ISIC_9965754,-0.713825
ISIC_1603834,-0.715127
ISIC_0198331,-0.715971
ISIC_4332846,-0.715972
ISIC_0030969,-0.716218
ISIC_0033444,-0.716246
ISIC_4011169,-0.716328
ISIC_1231419,-0.716665
ISIC_2456538,-0.71747
ISIC_4579262,-0.717797
ISIC_4911407,-0.718109
ISIC_0012150,-0.718241
ISIC_9604922,-0.718412
ISIC_7283084,-0.718993
ISIC_0033336,-0.719013
ISIC_8663136,-0.719017
ISIC_3058627,-0.719091
ISIC_5682259,-0.719591
ISIC_8869249,-0.719669
ISIC_0945844,-0.720202
ISIC_8719134,-0.720977
ISIC_0027085,-0.721486
ISIC_0059052,-0.721787
ISIC_0247197,-0.722057
ISIC_1353668,-0.722071
ISIC_3394080,-0.722584
ISIC_6496765,-0.722743
ISIC_0026293,-0.72287
ISIC_6912233,-0.7229
ISIC_7937065,-0.723254
ISIC_0000297,-0.723263
ISIC_9690371,-0.72336
ISIC_0148751,-0.723707
ISIC_8843592,-0.723899
ISIC_7600621,-0.724321
ISIC_8401332,-0.724752
ISIC_0541345,-0.724768
ISIC_3633306,-0.724775
ISIC_3046905,-0.724958
ISIC_0633835,-0.725065
ISIC_3161477,-0.725257
ISIC_0651114,-0.726499
ISIC_0033104,-0.726889
ISIC_5778927,-0.727264
ISIC_0069385,-0.727846
ISIC_4692454,-0.728779
ISIC_5150938,-0.729463
ISIC_5897799,-0.729757
ISIC_0653706,-0.730065
ISIC_0001745,-0.730261
ISIC_5147292,-0.730592
ISIC_9384835,-0.730603
ISIC_0004352,-0.730625
ISIC_4043580,-0.730664
ISIC_5011583,-0.730908
ISIC_0032907,-0.731149
ISIC_0473135,-0.731359
ISIC_0030535,-0.731422
ISIC_0057858,-0.731447
ISIC_7090336,-0.731867
ISIC_8357415,-0.73189
ISIC_8224270,-0.732039
ISIC_0071481,-0.732144
ISIC_8799674,-0.732613
ISIC_0058054,-0.732722
ISIC_0009048,-0.732783
ISIC_0046615,-0.733343
ISIC_1920685,-0.733562
ISIC_0059432,-0.733955
ISIC_2784965,-0.734048
ISIC_1590829,-0.734487
ISIC_8785329,-0.734711
ISIC_4103653,-0.735179
ISIC_1102075,-0.736018
ISIC_0072943,-0.73666
ISIC_6478506,-0.736702
ISIC_6292348,-0.736829
ISIC_2171940,-0.736905
ISIC_9278685,-0.73714
ISIC_2728024,-0.737157
ISIC_9598638,-0.737316
ISIC_7484618,-0.737745
ISIC_9226193,-0.737881
ISIC_0031357,-0.738254
ISIC_0004482,-0.738435
ISIC_6990973,-0.738947
ISIC_2410736,-0.739016
ISIC_7306131,-0.73903
ISIC_6052860,-0.739198
ISIC_1519891,-0.73942
ISIC_6128108,-0.740657
ISIC_2560463,-0.741011
ISIC_8911683,-0.741747
ISIC_2514994,-0.741911
ISIC_4894929,-0.742041
ISIC_9675304,-0.742653
ISIC_6590303,-0.742802
ISIC_6539127,-0.74347
ISIC_2337786,-0.743682
ISIC_3686329,-0.743888
ISIC_2178689,-0.7439
ISIC_6390738,-0.744102
ISIC_4853597,-0.744154
ISIC_5226371,-0.744219
ISIC_2741857,-0.744332
ISIC_0010803,-0.744417
ISIC_6531118,-0.744496
ISIC_2727016,-0.745054
ISIC_0027088,-0.745385
ISIC_3556039,-0.74553
ISIC_3994250,-0.745593
ISIC_2565986,-0.745726
ISIC_0360367,-0.74574
ISIC_5547318,-0.745896
ISIC_0013342,-0.747181
ISIC_8389650,-0.74736
ISIC_9986760,-0.747798
ISIC_0012435,-0.748048
ISIC_0063745,-0.748329
ISIC_1850388,-0.748628
ISIC_0013898,-0.748651
ISIC_0696303,-0.748749
ISIC_0025897,-0.749597
ISIC_0588855,-0.749738
ISIC_3384884,-0.750021
ISIC_9820910,-0.750445
ISIC_0006302,-0.750876
ISIC_4032636,-0.751004
ISIC_0046345,-0.751362
ISIC_1076474,-0.751504
ISIC_0012708,-0.751677
ISIC_7758102,-0.751728
ISIC_2818530,-0.752123
ISIC_0072703,-0.752477
ISIC_1042960,-0.752603
ISIC_7313348,-0.752654
ISIC_8654660,-0.752706
ISIC_5546806,-0.752854
ISIC_4879187,-0.753098
ISIC_5468164,-0.753331
ISIC_0030747,-0.753455
ISIC_1039970,-0.753646
ISIC_0032996,-0.753649
ISIC_0033268,-0.754236
ISIC_7526530,-0.754343
ISIC_6780901,-0.754652
ISIC_7811951,-0.754704
ISIC_8207974,-0.75499
ISIC_0032954,-0.755583
ISIC_5458933,-0.75625
ISIC_6993129,-0.756265
ISIC_8555379,-0.756287
ISIC_0029538,-0.756329
ISIC_9648812,-0.756406
ISIC_0002578,-0.756542
ISIC_2698722,-0.756681
ISIC_0000078,-0.757129
ISIC_5031549,-0.757693
ISIC_4448959,-0.758415
ISIC_0033137,-0.758843
ISIC_0031785,-0.759586
ISIC_1497800,-0.760002
ISIC_0069274,-0.760391
ISIC_4139260,-0.76066
ISIC_8646115,-0.760721
ISIC_3466769,-0.760982
ISIC_0239178,-0.761034
ISIC_6113524,-0.761826
ISIC_4432898,-0.761831
ISIC_4064936,-0.761909
ISIC_5816399,-0.762753
ISIC_3613012,-0.763151
ISIC_8158081,-0.763254
ISIC_2927673,-0.763313
ISIC_2077116,-0.763801
ISIC_1619470,-0.764644
ISIC_0031999,-0.765657
ISIC_1337726,-0.765834
ISIC_7342840,-0.766834
ISIC_9196033,-0.766955
ISIC_5820693,-0.767211
ISIC_0033081,-0.767321
ISIC_3652847,-0.76739
ISIC_6114646,-0.767866
ISIC_8295306,-0.767926
ISIC_6523645,-0.767996
ISIC_5546488,-0.768138
ISIC_0781315,-0.768722
ISIC_0059485,-0.768918
ISIC_0226072,-0.768939
ISIC_2839431,-0.769175
ISIC_0028285,-0.769646
ISIC_8955135,-0.769708
ISIC_6801680,-0.770034
ISIC_8477065,-0.770571
ISIC_1146341,-0.770726
ISIC_5335139,-0.770801
ISIC_0012288,-0.77106
ISIC_9051287,-0.772157
ISIC_4826449,-0.772348
ISIC_5849178,-0.773138
ISIC_0008393,-0.773359
ISIC_9989617,-0.774111
ISIC_0026730,-0.775022
ISIC_4397068,-0.775772
ISIC_3289098,-0.775852
ISIC_3274493,-0.775952
ISIC_3448546,-0.77599
ISIC_5877211,-0.776431
ISIC_9742073,-0.776485
ISIC_6767038,-0.776495
ISIC_9618489,-0.776623
ISIC_4699066,-0.776867
ISIC_6809586,-0.77711
ISIC_0053996,-0.777175
ISIC_3912838,-0.777252
ISIC_4130167,-0.77731
ISIC_6373500,-0.777326
ISIC_0032766,-0.777755
ISIC_7340247,-0.778014
ISIC_8423248,-0.778225
ISIC_0030623,-0.778443
ISIC_5029636,-0.778896
ISIC_6003500,-0.779518
ISIC_7693995,-0.779865
ISIC_0010777,-0.779959
ISIC_8755163,-0.779968
ISIC_1944650,-0.780533
ISIC_4559115,-0.780613
ISIC_4417495,-0.780757
ISIC_5422940,-0.780794
ISIC_0029470,-0.780871
ISIC_8666446,-0.781006
ISIC_2638895,-0.781493
ISIC_5071555,-0.78155
ISIC_4223734,-0.781706
ISIC_1869829,-0.7825
ISIC_0561634,-0.782555
ISIC_5821131,-0.782836
ISIC_0027514,-0.782898
ISIC_5568834,-0.783134
ISIC_1115160,-0.784249
ISIC_0068144,-0.784659
ISIC_9828853,-0.784991
ISIC_0013842,-0.786205
ISIC_3965872,-0.787057
ISIC_4731791,-0.787127
ISIC_0069379,-0.787333
ISIC_0013498,-0.787437
ISIC_0744870,-0.787513
ISIC_0011684,-0.787556
ISIC_5813642,-0.787685
ISIC_0033724,-0.787843
ISIC_0031649,-0.787873
ISIC_0024735,-0.788025
ISIC_0029777,-0.788332
ISIC_0032419,-0.788362
ISIC_9029813,-0.788948
ISIC_0025877,-0.789343
ISIC_7125023,-0.789575
ISIC_0004099,-0.789899
ISIC_0000700,-0.790056
ISIC_7097665,-0.790122
ISIC_9291926,-0.790273
ISIC_0069515,-0.790945
ISIC_0069257,-0.79095
ISIC_9568327,-0.790973
ISIC_9268141,-0.791953
ISIC_0066223,-0.792166
ISIC_2355374,-0.792693
ISIC_0976232,-0.79303
ISIC_4915897,-0.793518
ISIC_0030462,-0.793545
ISIC_7300631,-0.793626
ISIC_0448485,-0.793633
ISIC_0026141,-0.793988
ISIC_4298624,-0.794745
ISIC_0028780,-0.79484
ISIC_4966865,-0.79673
ISIC_9167290,-0.797174
ISIC_3552318,-0.797445
ISIC_7939816,-0.797602
ISIC_0553565,-0.797657
ISIC_9116323,-0.798178
ISIC_7961365,-0.798391
ISIC_2209697,-0.798465
ISIC_1477056,-0.799006
ISIC_0594695,-0.799135
ISIC_5852396,-0.799266
ISIC_0025464,-0.799968
ISIC_2489504,-0.800124
ISIC_0016014,-0.800132
ISIC_0064964,-0.800217
ISIC_1753877,-0.80023
ISIC_8382969,-0.800242
ISIC_7850786,-0.800918
ISIC_2596574,-0.801099
ISIC_3291765,-0.80131
ISIC_8409024,-0.80138
ISIC_4272317,-0.801687
ISIC_0214186,-0.802383
ISIC_7951202,-0.8024
ISIC_0011030,-0.80242
ISIC_0356611,-0.802463
ISIC_9234944,-0.802535
ISIC_0061381,-0.802602
ISIC_0641173,-0.802766
ISIC_1714941,-0.802903
ISIC_0007257,-0.802939
ISIC_3428523,-0.803234
ISIC_0027031,-0.803323
ISIC_9121369,-0.803337
ISIC_0034239,-0.804168
ISIC_8705622,-0.804226
ISIC_5909451,-0.804401
ISIC_2214766,-0.804485
ISIC_1294049,-0.804498
ISIC_6254731,-0.804513
ISIC_0031104,-0.804857
ISIC_6209119,-0.805223
ISIC_0026943,-0.805531
ISIC_3429835,-0.805533
ISIC_0027804,-0.806511
ISIC_9155028,-0.80662
ISIC_8589961,-0.806672
ISIC_7198887,-0.807057
ISIC_8979275,-0.807274
ISIC_7168122,-0.807457
ISIC_7454512,-0.80754
ISIC_2159510,-0.807691
ISIC_3973431,-0.807697
ISIC_8253326,-0.807813
ISIC_0031680,-0.808536
ISIC_3475932,-0.808617
ISIC_3784812,-0.809045
ISIC_1607865,-0.80919
ISIC_9092298,-0.809272
ISIC_6168754,-0.809407
ISIC_0032430,-0.809453
ISIC_9069800,-0.809478
ISIC_0009441,-0.809602
ISIC_7973296,-0.809776
ISIC_3013468,-0.809965
ISIC_2328829,-0.810011
ISIC_0008768,-0.810093
ISIC_6002694,-0.810211
ISIC_0033463,-0.810626
ISIC_5935362,-0.811177
ISIC_5219334,-0.811403
ISIC_4673648,-0.811459
ISIC_6289346,-0.812102
ISIC_0610477,-0.812107
ISIC_6227920,-0.812408
ISIC_5559730,-0.812429
ISIC_1608727,-0.813441
ISIC_8502341,-0.813444
ISIC_1739667,-0.813503
ISIC_0026910,-0.814111
ISIC_8690205,-0.814881
ISIC_4219589,-0.814989
ISIC_0033697,-0.815484
ISIC_0065882,-0.815737
ISIC_2784686,-0.815866
ISIC_9007206,-0.815965
ISIC_0283506,-0.816252
ISIC_8024841,-0.816617
ISIC_0014190,-0.816619
ISIC_0525687,-0.817296
ISIC_1254469,-0.817447
ISIC_8086526,-0.817758
ISIC_9422630,-0.818101
ISIC_0012222,-0.819187
ISIC_4745475,-0.819696
ISIC_4535099,-0.819781
ISIC_0033805,-0.819921
ISIC_0002811,-0.820327
ISIC_5239607,-0.820483
ISIC_2162728,-0.820676
ISIC_0033287,-0.821586
ISIC_4678416,-0.821698
ISIC_1949126,-0.822044
ISIC_6892561,-0.822151
ISIC_0004691,-0.822275
ISIC_4350093,-0.822544
ISIC_0033273,-0.823147
ISIC_3495799,-0.823525
ISIC_0162967,-0.823554
ISIC_7594601,-0.823692
ISIC_0448195,-0.823898
ISIC_0024277,-0.824352
ISIC_0027145,-0.824388
ISIC_2673511,-0.824489
ISIC_3021188,-0.824771
ISIC_0031425,-0.824796
ISIC_2801008,-0.82492
ISIC_5065245,-0.82562
ISIC_0030508,-0.82566
ISIC_1403974,-0.826073
ISIC_0032701,-0.826921
ISIC_0033605,-0.827054
ISIC_4035599,-0.828056
ISIC_6914698,-0.828211
ISIC_0030089,-0.830184
ISIC_8427534,-0.830318
ISIC_4193253,-0.830469
ISIC_3389695,-0.830741
ISIC_2647198,-0.830928
ISIC_0004986,-0.831025
ISIC_6255113,-0.831542
ISIC_0055440,-0.831581
ISIC_8627293,-0.831598
ISIC_8711854,-0.832334
ISIC_1069587,-0.832364
ISIC_0254517,-0.83285
ISIC_1072321,-0.833096
ISIC_6529819,-0.833451
ISIC_7339533,-0.833721
ISIC_0013213,-0.833778
ISIC_9196783,-0.833802
ISIC_4863784,-0.833842
ISIC_2119925,-0.834084
ISIC_0004455,-0.834345
ISIC_0465476,-0.83438
ISIC_0580054,-0.834541
ISIC_4614129,-0.834842
ISIC_6033222,-0.835004
ISIC_2166957,-0.835215
ISIC_8023705,-0.835568
ISIC_0032716,-0.835631
ISIC_4184050,-0.835692
ISIC_4708642,-0.835767
ISIC_2993032,-0.836097
ISIC_9107280,-0.836142
ISIC_8775014,-0.83629
ISIC_7658276,-0.836706
ISIC_0031477,-0.836814
ISIC_3771332,-0.837684
ISIC_0054355,-0.838026
ISIC_0063191,-0.838348
ISIC_7947847,-0.838381
ISIC_2532544,-0.838479
ISIC_0001139,-0.838689
ISIC_2634356,-0.839068
ISIC_8483458,-0.839748
ISIC_0004000,-0.83978
ISIC_0034164,-0.839817
ISIC_0786233,-0.839894
ISIC_0060486,-0.839945
ISIC_1377409,-0.840472
ISIC_4699989,-0.840654
ISIC_6691962,-0.840818
ISIC_1628539,-0.841673
ISIC_0056141,-0.842679
ISIC_2321671,-0.84329
ISIC_3495113,-0.843684
ISIC_5226353,-0.844
ISIC_5795486,-0.844218
ISIC_3361955,-0.844327
ISIC_0599047,-0.844968
ISIC_0033641,-0.845079
ISIC_5934948,-0.845277
ISIC_6635590,-0.845519
ISIC_3073634,-0.845651
ISIC_4955457,-0.845709
ISIC_4912684,-0.846598
ISIC_8452205,-0.846902
ISIC_0014431,-0.847493
ISIC_7349440,-0.848103
ISIC_4728200,-0.848373
ISIC_4375524,-0.849046
ISIC_5287679,-0.849725
ISIC_6779421,-0.850212
ISIC_8821700,-0.850266
ISIC_1693458,-0.851073
ISIC_6392461,-0.851532
ISIC_4477599,-0.851661
ISIC_0027321,-0.851774
ISIC_5879418,-0.851864
ISIC_4728589,-0.851963
ISIC_0030703,-0.85414
ISIC_1110583,-0.854146
ISIC_1020369,-0.854386
ISIC_0026552,-0.854665
ISIC_6345354,-0.854859
ISIC_6801988,-0.854959
ISIC_7450481,-0.855018
ISIC_0029453,-0.855624
ISIC_0027076,-0.856262
ISIC_0663824,-0.856392
ISIC_2872107,-0.857189
ISIC_9047184,-0.857342
ISIC_0001743,-0.857438
ISIC_2536779,-0.857695
ISIC_0004564,-0.858129
ISIC_6635699,-0.858427
ISIC_4320200,-0.858869
ISIC_0026344,-0.859487
ISIC_6377622,-0.861948
ISIC_3439215,-0.86203
ISIC_1398618,-0.863161
ISIC_2620357,-0.863294
ISIC_6413346,-0.863856
ISIC_6963954,-0.865065
ISIC_2935987,-0.865109
ISIC_5791954,-0.865145
ISIC_0066366,-0.86515
ISIC_8849004,-0.865871
ISIC_5363229,-0.866499
ISIC_5458290,-0.867042
ISIC_7141361,-0.867183
ISIC_6912979,-0.867231
ISIC_0238570,-0.867454
ISIC_7642500,-0.868227
ISIC_5840341,-0.868263
ISIC_1210565,-0.868558
ISIC_0066314,-0.868737
ISIC_6234702,-0.868887
ISIC_6228471,-0.868989
ISIC_6703027,-0.869198
ISIC_0001105,-0.869523
ISIC_3617159,-0.870264
ISIC_4679971,-0.871782
ISIC_5041679,-0.871885
ISIC_0025418,-0.872339
ISIC_9187876,-0.872509
ISIC_1985763,-0.872751
ISIC_0340453,-0.872784
ISIC_0057892,-0.872918
ISIC_0001505,-0.8735
ISIC_0697953,-0.874311
ISIC_0634107,-0.874836
ISIC_9738202,-0.875481
ISIC_2126575,-0.875901
ISIC_0013244,-0.876233
ISIC_0031611,-0.876343
ISIC_1640823,-0.876616
ISIC_0028444,-0.877802
ISIC_4000087,-0.877912
ISIC_0638857,-0.877986
ISIC_2800198,-0.87809
ISIC_0014722,-0.878226
ISIC_3609379,-0.879012
ISIC_8152423,-0.879013
ISIC_0071957,-0.879716
ISIC_1777398,-0.879888
ISIC_2023592,-0.88009
ISIC_0014469,-0.880167
ISIC_0031909,-0.880244
ISIC_0919467,-0.880275
ISIC_4544879,-0.880523
ISIC_0025544,-0.880727
ISIC_6946260,-0.881203
ISIC_9905633,-0.881479
ISIC_6515546,-0.881849
ISIC_9161341,-0.882134
ISIC_7587513,-0.882313
ISIC_0007740,-0.88233
ISIC_1308649,-0.882847
ISIC_8664315,-0.883805
ISIC_0056689,-0.88432
ISIC_2366727,-0.884894
ISIC_1881133,-0.885173
ISIC_2993517,-0.885211
ISIC_5625747,-0.885592
ISIC_6829008,-0.886199
ISIC_2203247,-0.887065
ISIC_0002118,-0.887183
ISIC_8901371,-0.887267
ISIC_4705662,-0.887687
ISIC_3440004,-0.887752
ISIC_0027221,-0.887764
ISIC_4620053,-0.888614
ISIC_7511557,-0.889145
ISIC_9927486,-0.889415
ISIC_3549225,-0.890023
ISIC_3632419,-0.890535
ISIC_7492682,-0.890921
ISIC_6441128,-0.891225
ISIC_7407847,-0.891519
ISIC_0033689,-0.891623
ISIC_4808298,-0.891875
ISIC_2507845,-0.892634
ISIC_0026401,-0.892784
ISIC_8916136,-0.894187
ISIC_7499769,-0.894205
ISIC_0031582,-0.894352
ISIC_3000569,-0.894436
ISIC_0032258,-0.894592
ISIC_9957389,-0.895036
ISIC_0056811,-0.895885
ISIC_6888402,-0.897464
ISIC_0026309,-0.897598
ISIC_9538004,-0.897998
ISIC_0003333,-0.898772
ISIC_4573624,-0.899929
ISIC_8943906,-0.900031
ISIC_0002899,-0.900265
ISIC_0029290,-0.900563
ISIC_2518896,-0.900588
ISIC_4148086,-0.901105
ISIC_1081051,-0.901374
ISIC_0014026,-0.901605
ISIC_5647697,-0.902187
ISIC_4846741,-0.90281
ISIC_4108397,-0.902906
ISIC_9445196,-0.903291
ISIC_2633745,-0.90391
ISIC_0005304,-0.904063
ISIC_5833422,-0.904167
ISIC_8586909,-0.904209
ISIC_0010592,-0.904388
ISIC_5789994,-0.905084
ISIC_9767255,-0.905552
ISIC_4348994,-0.906098
ISIC_0030219,-0.906857
ISIC_6297317,-0.90695
ISIC_3933658,-0.907093
ISIC_5315125,-0.907325
ISIC_8133871,-0.907743
ISIC_7543736,-0.907923
ISIC_0034172,-0.908371
ISIC_0787229,-0.908387
ISIC_9254433,-0.908715
ISIC_4654443,-0.909003
ISIC_0015291,-0.909033
ISIC_0024297,-0.909774
ISIC_6201338,-0.910492
ISIC_7369312,-0.911689
ISIC_2051564,-0.911825
ISIC_2798803,-0.911844
ISIC_0974833,-0.912143
ISIC_7795549,-0.912938
ISIC_0026160,-0.913104
ISIC_0056041,-0.913284
ISIC_6768006,-0.914115
ISIC_1874480,-0.914183
ISIC_8138363,-0.914667
ISIC_8588033,-0.914946
ISIC_6006795,-0.915188
ISIC_6673506,-0.915797
ISIC_0553932,-0.916546
ISIC_0025523,-0.91726
ISIC_5697228,-0.917782
ISIC_0032341,-0.917849
ISIC_8618835,-0.917926
ISIC_4568084,-0.918714
ISIC_5688950,-0.918785
ISIC_0029017,-0.919151
ISIC_8796456,-0.919302
ISIC_2902328,-0.920184
ISIC_5607702,-0.920867
ISIC_9261199,-0.921057
ISIC_2259190,-0.921069
ISIC_4539674,-0.921185
ISIC_0033439,-0.921249
ISIC_0010671,-0.921365
ISIC_0057716,-0.9216
ISIC_0010299,-0.92225
ISIC_0420777,-0.922661
ISIC_1258986,-0.922671
ISIC_6260086,-0.923662
ISIC_0029395,-0.923692
ISIC_7509837,-0.923936
ISIC_9667297,-0.924003
ISIC_0061627,-0.92413
ISIC_0068544,-0.924131
ISIC_7519274,-0.924777
ISIC_6507640,-0.924853
ISIC_0058661,-0.925923
ISIC_7210119,-0.92741
ISIC_3901421,-0.927595
ISIC_0645834,-0.927724
ISIC_5220698,-0.927789
ISIC_5312584,-0.927812
ISIC_6778515,-0.928025
ISIC_0002853,-0.928172
ISIC_5641619,-0.929324
ISIC_0033044,-0.929511
ISIC_0024507,-0.931569
ISIC_5566396,-0.932512
ISIC_6913045,-0.932921
ISIC_0010103,-0.93311
ISIC_0027174,-0.933444
ISIC_9203914,-0.933714
ISIC_0870751,-0.934295
ISIC_5067317,-0.93438
ISIC_0012037,-0.934727
ISIC_0011612,-0.935455
ISIC_0013775,-0.935906
ISIC_5904116,-0.936671
ISIC_5783440,-0.936754
ISIC_2070595,-0.936878
ISIC_3254309,-0.936975
ISIC_0260316,-0.936995
ISIC_1452314,-0.937041
ISIC_3691320,-0.937207
ISIC_1091626,-0.937837
ISIC_3503213,-0.938015
ISIC_0011884,-0.938296
ISIC_4280835,-0.938612
ISIC_5126638,-0.939039
ISIC_8626787,-0.939419
ISIC_5599298,-0.940043
ISIC_2635051,-0.940149
ISIC_0399220,-0.940187
ISIC_0004667,-0.940237
ISIC_0011721,-0.941683
ISIC_1413242,-0.941798
ISIC_6067430,-0.941906
ISIC_6906476,-0.942779
ISIC_1260545,-0.942999
ISIC_0027431,-0.943037
ISIC_9751601,-0.944256
ISIC_0047008,-0.944327
ISIC_0026371,-0.944476
ISIC_6710411,-0.94571
ISIC_0005006,-0.946384
ISIC_4563766,-0.946552
ISIC_0009738,-0.947732
ISIC_3431915,-0.947842
ISIC_0028768,-0.948374
ISIC_5573566,-0.948691
ISIC_3826102,-0.949503
ISIC_0007808,-0.950667
ISIC_8368872,-0.950743
ISIC_0070217,-0.952333
ISIC_2882237,-0.952627
ISIC_6180870,-0.954161
ISIC_0485914,-0.954183
ISIC_4341261,-0.954603
ISIC_8065001,-0.955518
ISIC_4603706,-0.956488
ISIC_8851038,-0.956592
ISIC_0033152,-0.956729
ISIC_0024586,-0.956879
ISIC_5306427,-0.956962
ISIC_0030843,-0.957508
ISIC_7416587,-0.957832
ISIC_0647224,-0.958144
ISIC_6250970,-0.958688
ISIC_3884221,-0.958826
ISIC_2652721,-0.959102
ISIC_6618851,-0.959933
ISIC_0025215,-0.959996
ISIC_2844085,-0.960227
ISIC_4713698,-0.96067
ISIC_1926656,-0.961938
ISIC_6844752,-0.962336
ISIC_8169564,-0.962637
ISIC_1744817,-0.964202
ISIC_9472725,-0.965722
ISIC_3623368,-0.966119
ISIC_0025061,-0.966312
ISIC_8265105,-0.966834
ISIC_0028477,-0.967125
ISIC_0010358,-0.968734
ISIC_6342224,-0.969115
ISIC_0361149,-0.969372
ISIC_5157775,-0.969941
ISIC_0821520,-0.969957
ISIC_0000848,-0.970225
ISIC_0025357,-0.970652
ISIC_1687004,-0.970918
ISIC_4798962,-0.971269
ISIC_0613014,-0.975428
ISIC_0010684,-0.975483
ISIC_7303761,-0.975978
ISIC_0028135,-0.977055
ISIC_8120622,-0.977431
ISIC_5381712,-0.977771
ISIC_2945891,-0.978685
ISIC_7519627,-0.978973
ISIC_6370977,-0.979045
ISIC_1720856,-0.979639
ISIC_4425657,-0.97986
ISIC_0028484,-0.980067
ISIC_0026082,-0.980445
ISIC_6208762,-0.980551
ISIC_8412096,-0.981329
ISIC_0032526,-0.981379
ISIC_8773685,-0.982744
ISIC_5495413,-0.983121
ISIC_0066798,-0.983717
ISIC_5108076,-0.983864
ISIC_0028405,-0.984159
ISIC_0012990,-0.984478
ISIC_6416533,-0.984482
ISIC_3882374,-0.984625
ISIC_5476277,-0.985008
ISIC_8195528,-0.98634
ISIC_6062657,-0.987065
ISIC_6642608,-0.988334
ISIC_0005686,-0.989849
ISIC_0010822,-0.98997
ISIC_0071809,-0.990211
ISIC_4951035,-0.990518
ISIC_5422432,-0.99146
ISIC_4837536,-0.99151
ISIC_6352730,-0.992048
ISIC_0028919,-0.992776
ISIC_3868662,-0.992877
ISIC_8796632,-0.994139
ISIC_9923630,-0.99505
ISIC_5581936,-0.995948
ISIC_0033485,-0.996159
ISIC_3979323,-0.996164
ISIC_2851852,-0.99628
ISIC_5785408,-0.998568
ISIC_0732375,-0.998896
ISIC_0024683,-1.000661
ISIC_6877295,-1.001164
ISIC_0678758,-1.001352
ISIC_0002878,-1.001737
ISIC_8791744,-1.003521
ISIC_2379379,-1.004283
ISIC_1579745,-1.004573
ISIC_1453671,-1.004955
ISIC_0068100,-1.006143
ISIC_2100640,-1.006491
ISIC_6717322,-1.006497
ISIC_0067621,-1.006867
ISIC_0663941,-1.007175
ISIC_0064784,-1.007338
ISIC_6546903,-1.007862
ISIC_0033799,-1.009299
ISIC_0394030,-1.00966
ISIC_0054670,-1.010129
ISIC_7535412,-1.011275
ISIC_2772616,-1.011689
ISIC_0025602,-1.011696
ISIC_8853902,-1.011806
ISIC_0046729,-1.011984
ISIC_3593161,-1.01211
ISIC_8156101,-1.012362
ISIC_1690909,-1.014533
ISIC_7489895,-1.014643
ISIC_3521671,-1.014927
ISIC_1851605,-1.015736
ISIC_3430447,-1.017891
ISIC_0679494,-1.018269
ISIC_0003068,-1.018664
ISIC_8781751,-1.019068
ISIC_5732374,-1.019599
ISIC_1023354,-1.020007
ISIC_0033625,-1.020347
ISIC_0014844,-1.020944
ISIC_0000763,-1.021273
ISIC_0026889,-1.022041
ISIC_3459981,-1.022671
ISIC_0006327,-1.023138
ISIC_5218773,-1.023259
ISIC_5559165,-1.025275
ISIC_6604862,-1.025443
ISIC_9696846,-1.025709
ISIC_4460849,-1.0264
ISIC_7180418,-1.026951
ISIC_3792196,-1.026965
ISIC_0009871,-1.02702
ISIC_5229861,-1.027378
ISIC_2152875,-1.028292
ISIC_3267196,-1.028306
ISIC_5046340,-1.028401
ISIC_0879097,-1.029254
ISIC_9304022,-1.02957
ISIC_7333928,-1.030136
ISIC_5798015,-1.030204
ISIC_8159718,-1.03056
ISIC_0030660,-1.031172
ISIC_0024317,-1.031475
ISIC_7632525,-1.031812
ISIC_0026911,-1.032018
ISIC_0595080,-1.032794
ISIC_8036544,-1.032998
ISIC_2021175,-1.033168
ISIC_9876004,-1.034225
ISIC_2565154,-1.034442
ISIC_8622204,-1.038101
ISIC_0002162,-1.03947
ISIC_3474609,-1.039621
ISIC_0004932,-1.039921
ISIC_1211506,-1.040701
ISIC_4966148,-1.041214
ISIC_6916924,-1.04231
ISIC_0013967,-1.043699
ISIC_4907595,-1.044888
ISIC_0003767,-1.04522
ISIC_8591425,-1.046974
ISIC_6952773,-1.047228
ISIC_9808863,-1.048832
ISIC_5336548,-1.049291
ISIC_2412888,-1.049566
ISIC_1226882,-1.049655
ISIC_6917681,-1.049833
ISIC_0003201,-1.050884
ISIC_0231745,-1.052192
ISIC_0363130,-1.053198
ISIC_8145260,-1.053841
ISIC_8626941,-1.055379
ISIC_5913155,-1.056778
ISIC_8043299,-1.057066
ISIC_0263478,-1.057237
ISIC_5354827,-1.05737
ISIC_7277310,-1.05824
ISIC_3114020,-1.058453
ISIC_0029182,-1.058617
ISIC_0025093,-1.058841
ISIC_1269461,-1.059018
ISIC_5127759,-1.059107
ISIC_6430210,-1.059339
ISIC_0010441,-1.059366
ISIC_9023152,-1.059538
ISIC_9337570,-1.059609
ISIC_5409902,-1.059672
ISIC_1929937,-1.060525
ISIC_7180438,-1.060878
ISIC_0010785,-1.061411
ISIC_6093728,-1.061858
ISIC_0006757,-1.062179
ISIC_6805527,-1.062603
ISIC_0028462,-1.063229
ISIC_7498132,-1.063342
ISIC_0056707,-1.063624
ISIC_1383822,-1.064737
ISIC_8559515,-1.065066
ISIC_3105924,-1.065228
ISIC_0068530,-1.065264
ISIC_8295834,-1.06538
ISIC_4906385,-1.065563
ISIC_3372750,-1.065909
ISIC_8096177,-1.066239
ISIC_0973194,-1.06656
ISIC_5527447,-1.066792
ISIC_0025735,-1.06856
ISIC_5808758,-1.068816
ISIC_0031835,-1.069565
ISIC_0012865,-1.070118
ISIC_2323082,-1.070132
ISIC_5152859,-1.070169
ISIC_0064763,-1.070233
ISIC_0008510,-1.070275
ISIC_0055388,-1.071072
ISIC_1532403,-1.071515
ISIC_0032383,-1.071566
ISIC_0027112,-1.071654
ISIC_6676776,-1.07185
ISIC_2039579,-1.073383
ISIC_9896801,-1.073583
ISIC_8082460,-1.074323
ISIC_5807608,-1.074937
ISIC_5674396,-1.075197
ISIC_5091996,-1.075501
ISIC_0064879,-1.075554
ISIC_6171084,-1.077084
ISIC_0028696,-1.077353
ISIC_6326803,-1.077917
ISIC_0061077,-1.077941
ISIC_8956001,-1.079163
ISIC_1805921,-1.079479
ISIC_1848300,-1.079556
ISIC_0072294,-1.080609
ISIC_2106823,-1.080965
ISIC_4756979,-1.081788
ISIC_3909443,-1.082283
ISIC_4357596,-1.082616
ISIC_7017387,-1.082923
ISIC_9024078,-1.083819
ISIC_0438136,-1.084808
ISIC_0011064,-1.08512
ISIC_9364740,-1.08625
ISIC_0001875,-1.086518
ISIC_0765584,-1.086827
ISIC_0057344,-1.087332
ISIC_7137995,-1.087405
ISIC_2690597,-1.08778
ISIC_4223155,-1.087948
ISIC_0014288,-1.088187
ISIC_0028407,-1.088214
ISIC_5393367,-1.088698
ISIC_0012450,-1.089049
ISIC_0009642,-1.089548
ISIC_6428021,-1.089977
ISIC_1208705,-1.090111
ISIC_0028127,-1.090258
ISIC_2704046,-1.091167
ISIC_0025289,-1.091308
ISIC_6828892,-1.093816
ISIC_0028612,-1.094681
ISIC_2466892,-1.095355
ISIC_5233226,-1.096915
ISIC_0026278,-1.097931
ISIC_0003111,-1.100115
ISIC_8077943,-1.100722
ISIC_8319768,-1.101463
ISIC_0563533,-1.101711
ISIC_0012425,-1.102278
ISIC_5420979,-1.102717
ISIC_0033603,-1.103279
ISIC_3926019,-1.10339
ISIC_6785249,-1.104083
ISIC_0071754,-1.104299
ISIC_4538207,-1.105405
ISIC_6860222,-1.106414
ISIC_2819798,-1.107079
ISIC_9109361,-1.107611
ISIC_9948815,-1.109205
ISIC_2693412,-1.10997
ISIC_7988794,-1.11023
ISIC_7097931,-1.110344
ISIC_0007084,-1.110404
ISIC_0031629,-1.110415
ISIC_6145261,-1.110944
ISIC_7763831,-1.113024
ISIC_0067840,-1.11435
ISIC_4294705,-1.11466
ISIC_8051628,-1.11532
ISIC_8603734,-1.116679
ISIC_7298784,-1.116948
ISIC_7330564,-1.117291
ISIC_0001923,-1.117467
ISIC_9178485,-1.117818
ISIC_9417173,-1.118037
ISIC_0008864,-1.118763
ISIC_0839675,-1.119065
ISIC_3934537,-1.11953
ISIC_8787152,-1.122255
ISIC_4533833,-1.123305
ISIC_2196127,-1.124676
ISIC_1078854,-1.125583
ISIC_0028027,-1.126195
ISIC_0025152,-1.126294
ISIC_2805573,-1.127041
ISIC_2670475,-1.129892
ISIC_1595325,-1.130559
ISIC_0063151,-1.132092
ISIC_1868816,-1.132226
ISIC_0033832,-1.132994
ISIC_0031363,-1.133008
ISIC_4153687,-1.134302
ISIC_6188574,-1.134528
ISIC_8655206,-1.13474
ISIC_0952221,-1.135789
ISIC_1234463,-1.135803
ISIC_8651053,-1.135824
ISIC_0034087,-1.139575
ISIC_8637134,-1.139883
ISIC_5005961,-1.139964
ISIC_9425937,-1.141334
ISIC_1735204,-1.142318
ISIC_0014423,-1.142818
ISIC_7888672,-1.143395
ISIC_4023381,-1.143518
ISIC_2732573,-1.143894
ISIC_0029934,-1.143981
ISIC_0006108,-1.144649
ISIC_0350472,-1.146278
ISIC_0003168,-1.149246
ISIC_8008242,-1.150137
ISIC_0062906,-1.150213
ISIC_9048192,-1.150552
ISIC_5722914,-1.15089
ISIC_0032162,-1.151149
ISIC_9390107,-1.151193
ISIC_3505339,-1.152265
ISIC_0059625,-1.152764
ISIC_1426331,-1.155468
ISIC_0054206,-1.155644
ISIC_0026198,-1.156095
ISIC_0025702,-1.159663
ISIC_9728003,-1.161246
ISIC_0918078,-1.161383
ISIC_8592235,-1.163077
ISIC_3566243,-1.16347
ISIC_6773367,-1.163798
ISIC_1220154,-1.16479
ISIC_6646939,-1.166258
ISIC_5920470,-1.167852
ISIC_5439597,-1.168496
ISIC_0005769,-1.168868
ISIC_2151178,-1.168879
ISIC_0031741,-1.170049
ISIC_2616719,-1.170267
ISIC_5673859,-1.17133
ISIC_1008321,-1.17216
ISIC_0884550,-1.173846
ISIC_0010768,-1.174511
ISIC_7203184,-1.174768
ISIC_5823859,-1.175585
ISIC_0005239,-1.177563
ISIC_5941314,-1.17759
ISIC_0015226,-1.178164
ISIC_7830756,-1.179349
ISIC_0061562,-1.181143
ISIC_5413788,-1.181792
ISIC_0002901,-1.182142
ISIC_3365692,-1.183386
ISIC_1233104,-1.187275
ISIC_2498064,-1.188216
ISIC_9193127,-1.188433
ISIC_0030342,-1.189286
ISIC_0061021,-1.189753
ISIC_9126992,-1.190281
ISIC_0177304,-1.190844
ISIC_6777714,-1.191802
ISIC_4014307,-1.193499
ISIC_0012164,-1.195291
ISIC_0031705,-1.195483
ISIC_4529363,-1.195894
ISIC_6324832,-1.195906
ISIC_0000585,-1.197239
ISIC_7670817,-1.197849
ISIC_0641480,-1.198322
ISIC_0010262,-1.199252
ISIC_9860895,-1.200956
ISIC_0030029,-1.201194
ISIC_6463417,-1.201363
ISIC_0760740,-1.202593
ISIC_8837880,-1.204142
ISIC_7563744,-1.204658
ISIC_7997132,-1.205291
ISIC_0002026,-1.206112
ISIC_4277207,-1.207199
ISIC_0025579,-1.208539
ISIC_3571523,-1.208792
ISIC_0033916,-1.208983
ISIC_6442221,-1.209249
ISIC_0008055,-1.212106
ISIC_4255013,-1.213061
ISIC_0193907,-1.213684
ISIC_0032875,-1.213906
ISIC_4163843,-1.214221
ISIC_9525136,-1.215663
ISIC_1576437,-1.217361
ISIC_8712559,-1.219312
ISIC_4401524,-1.22171
ISIC_3893354,-1.222081
ISIC_6683370,-1.222909
ISIC_4264600,-1.224168
ISIC_5729818,-1.224597
ISIC_5850699,-1.22671
ISIC_8375123,-1.227909
ISIC_0033886,-1.228851
ISIC_0029672,-1.23017
ISIC_2481044,-1.230183
ISIC_7860137,-1.23086
ISIC_0002639,-1.232301
ISIC_5102688,-1.233817
ISIC_6090057,-1.23424
ISIC_0026996,-1.234457
ISIC_2724529,-1.236146
ISIC_2470795,-1.238031
ISIC_9562157,-1.239208
ISIC_9084751,-1.23957
ISIC_5327271,-1.241127
ISIC_1356715,-1.243163
ISIC_8284685,-1.24369
ISIC_5583159,-1.24431
ISIC_0034232,-1.245389
ISIC_9330527,-1.245908
ISIC_3163773,-1.247858
ISIC_9572761,-1.248254
ISIC_2193761,-1.254474
ISIC_0305800,-1.254541
ISIC_5611010,-1.254757
ISIC_0013688,-1.255124
ISIC_9613570,-1.257771
ISIC_9499787,-1.258468
ISIC_0034194,-1.258848
ISIC_0012208,-1.258926
ISIC_4730066,-1.259564
ISIC_1727826,-1.260945
ISIC_2426937,-1.261158
ISIC_7053271,-1.261746
ISIC_0027432,-1.262389
ISIC_0013617,-1.262495
ISIC_7138875,-1.265557
ISIC_2027392,-1.267821
ISIC_9939653,-1.269163
ISIC_2421696,-1.269838
ISIC_0005762,-1.27059
ISIC_1048913,-1.271226
ISIC_9260499,-1.271567
ISIC_1195689,-1.271612
ISIC_9822801,-1.273223
ISIC_3743283,-1.275301
ISIC_8769415,-1.277187
ISIC_1264725,-1.278667
ISIC_4241907,-1.280808
ISIC_6692344,-1.281212
ISIC_6704623,-1.281794
ISIC_0033329,-1.285151
ISIC_4981135,-1.285377
ISIC_0030291,-1.286774
ISIC_0061735,-1.291462
ISIC_0002566,-1.294176
ISIC_8607090,-1.296175
ISIC_2625894,-1.297041
ISIC_8263741,-1.298081
ISIC_4114269,-1.298181
ISIC_1870309,-1.299043
ISIC_0072604,-1.300438
ISIC_0029150,-1.302493
ISIC_0046597,-1.303782
ISIC_0924902,-1.304436
ISIC_0071508,-1.305232
ISIC_7254359,-1.30782
ISIC_0004486,-1.308294
ISIC_6732560,-1.309584
ISIC_7102028,-1.31561
ISIC_0013096,-1.317631
ISIC_5796736,-1.318835
ISIC_7766007,-1.319129
ISIC_0013817,-1.319454
ISIC_4418545,-1.320643
ISIC_0844312,-1.321137
ISIC_8967786,-1.32283
ISIC_0001057,-1.324406
ISIC_7999342,-1.325221
ISIC_2307760,-1.327211
ISIC_3059367,-1.327245
ISIC_2532039,-1.328204
ISIC_3959570,-1.330701
ISIC_9851899,-1.333558
ISIC_6785041,-1.335654
ISIC_8257549,-1.335877
ISIC_5179503,-1.336388
ISIC_8613657,-1.337638
ISIC_5049365,-1.339698
ISIC_6876281,-1.340201
ISIC_0000121,-1.344494
ISIC_5008399,-1.344661
ISIC_0008447,-1.347016
ISIC_7889838,-1.350982
ISIC_3310625,-1.351273
ISIC_2286175,-1.353507
ISIC_0176781,-1.353641
ISIC_0708542,-1.354017
ISIC_0063556,-1.354238
ISIC_0005261,-1.355401
ISIC_9418196,-1.356152
ISIC_4580926,-1.357704
ISIC_0010837,-1.358712
ISIC_9160614,-1.361866
ISIC_2547431,-1.363469
ISIC_6118204,-1.365064
ISIC_0002041,-1.366097
ISIC_5591622,-1.367222
ISIC_9141065,-1.36753
ISIC_8969855,-1.36792
ISIC_2687641,-1.367943
ISIC_5658900,-1.369998
ISIC_0071245,-1.370137
ISIC_0031377,-1.373159
ISIC_0005655,-1.373774
ISIC_1899683,-1.374564
ISIC_0002613,-1.376299
ISIC_9978107,-1.376951
ISIC_1059525,-1.377315
ISIC_7129901,-1.381222
ISIC_0003113,-1.388904
ISIC_9879347,-1.38969
ISIC_0046458,-1.390308
ISIC_2131707,-1.390826
ISIC_2463014,-1.391536
ISIC_4591316,-1.39232
ISIC_2804864,-1.393947
ISIC_8354042,-1.394084
ISIC_8249565,-1.394824
ISIC_3737739,-1.399088
ISIC_4107717,-1.400463
ISIC_0004334,-1.40273
ISIC_5457889,-1.41022
ISIC_0005854,-1.416999
ISIC_0012681,-1.419791
ISIC_7658729,-1.420334
ISIC_3601224,-1.422148
ISIC_0033954,-1.422797
ISIC_2440407,-1.42318
ISIC_2078053,-1.425058
ISIC_0026613,-1.426096
ISIC_0027507,-1.426805
ISIC_5538169,-1.426983
ISIC_0003150,-1.427299
ISIC_3666094,-1.428592
ISIC_0294687,-1.430883
ISIC_0056930,-1.433874
ISIC_7340112,-1.434811
ISIC_1923467,-1.441198
ISIC_0013831,-1.443395
ISIC_8355344,-1.44347
ISIC_7562708,-1.449444
ISIC_5519357,-1.452431
ISIC_0010089,-1.454512
ISIC_0005879,-1.457467
ISIC_0010397,-1.461367
ISIC_8773962,-1.462066
ISIC_6178088,-1.462157
ISIC_8855102,-1.462437
ISIC_0004857,-1.462564
ISIC_7264251,-1.462661
ISIC_0033166,-1.463108
ISIC_0008424,-1.463787
ISIC_0069952,-1.465239
ISIC_0028061,-1.467419
ISIC_6548307,-1.469476
ISIC_9887341,-1.473371
ISIC_0012099,-1.476696
ISIC_8692950,-1.478622
ISIC_6737771,-1.480079
ISIC_2563374,-1.480811
ISIC_7475827,-1.484693
ISIC_0007622,-1.485104
ISIC_4918571,-1.48511
ISIC_0024410,-1.486828
ISIC_1053427,-1.493659
ISIC_6588982,-1.495853
ISIC_9014786,-1.49896
ISIC_5028203,-1.500065
ISIC_0260290,-1.500916
ISIC_3952694,-1.505243
ISIC_8207162,-1.516987
ISIC_8909545,-1.518627
ISIC_9064823,-1.521671
ISIC_5859812,-1.538603
ISIC_0012740,-1.541435
ISIC_2075372,-1.548344
ISIC_6780471,-1.550119
ISIC_0197873,-1.559569
ISIC_4724660,-1.561849
ISIC_8002729,-1.564187
ISIC_1584535,-1.565518
ISIC_2908315,-1.568477
ISIC_0616491,-1.575871
ISIC_0008952,-1.576463
ISIC_5476463,-1.577995
ISIC_2454898,-1.581695
ISIC_9826778,-1.584936
ISIC_0000814,-1.589558
ISIC_6174156,-1.590201
ISIC_4107250,-1.590842
ISIC_2833213,-1.59567
ISIC_0031417,-1.598272
ISIC_9288923,-1.601632
ISIC_0000660,-1.602433
ISIC_2366172,-1.603813
ISIC_5414609,-1.610676
ISIC_3123711,-1.616554
ISIC_7030488,-1.622684
ISIC_8028631,-1.648735
ISIC_6344073,-1.665611
ISIC_6020636,-1.668901
ISIC_9644813,-1.671458
ISIC_5248948,-1.682089
ISIC_0030697,-1.698955
ISIC_0005572,-1.715557
ISIC_8650516,-1.718079
ISIC_2535382,-1.721617
ISIC_0310134,-1.72445
ISIC_8740331,-1.76878
ISIC_7365889,-1.792532
ISIC_2371495,-1.834408
ISIC_4707475,-1.913526
ISIC_4019724,-1.991232
