id,pi
ISIC_0069193,1.990495
ISIC_0066399,1.96467
ISIC_0029593,1.962098
ISIC_0032873,1.905783
ISIC_0027306,1.813744
ISIC_0011126,1.812255
ISIC_0014559,1.807717
ISIC_0069536,1.805345
ISIC_0046706,1.798918
ISIC_0070435,1.764613
ISIC_0072010,1.753629
ISIC_0010730,1.752214
ISIC_0055087,1.752013
ISIC_0066150,1.74512
ISIC_0055367,1.714302
ISIC_0060219,1.709194
ISIC_0014173,1.708557
ISIC_0069667,1.706862
ISIC_0046645,1.701931
ISIC_0022661,1.688649
ISIC_0070566,1.679436
ISIC_0024545,1.6788
ISIC_0060972,1.672786
ISIC_0000274,1.667986
ISIC_0056849,1.666094
ISIC_8575769,1.663921
ISIC_3481133,1.65941
ISIC_0032182,1.648583
ISIC_0068153,1.63652
ISIC_0065748,1.634092
ISIC_0011219,1.631662
ISIC_0032960,1.626186
ISIC_0070009,1.624646
ISIC_0025927,1.61777
ISIC_0067614,1.613585
ISIC_0033957,1.612775
ISIC_0024806,1.61041
ISIC_3305055,1.609886
ISIC_0010663,1.607511
ISIC_0032492,1.60226
ISIC_0073136,1.599694
ISIC_0068438,1.599185
ISIC_0062497,1.595957
ISIC_0071707,1.594674
ISIC_4187485,1.59392
ISIC_0066106,1.593333
ISIC_0063018,1.592281
ISIC_0061092,1.585999
ISIC_0054317,1.585729
ISIC_0072030,1.578132
ISIC_0063842,1.577162
ISIC_0054573,1.567245
ISIC_0072826,1.565137
ISIC_0010809,1.561336
ISIC_0024792,1.55485
ISIC_0066378,1.553891
ISIC_9141817,1.549198
ISIC_0027072,1.545274
ISIC_0030957,1.54415
ISIC_0059943,1.536831
ISIC_6577767,1.53568
ISIC_0072157,1.530743
ISIC_0028746,1.526479
ISIC_0053594,1.525673
ISIC_0069250,1.524651
ISIC_0028127,1.522951
ISIC_0010866,1.522295
ISIC_0069260,1.521783
ISIC_0034216,1.521074
ISIC_0000523,1.520097
ISIC_0060390,1.513907
ISIC_0032685,1.509709
ISIC_0070246,1.508552
ISIC_0031295,1.505014
ISIC_0061624,1.502853
ISIC_0054021,1.501799
ISIC_0027065,1.50138
ISIC_0072473,1.497725
ISIC_0029189,1.496384
ISIC_0057218,1.489427
ISIC_0033261,1.488494
ISIC_0069967,1.48734
ISIC_0059336,1.480926
ISIC_0063081,1.470922
ISIC_0023162,1.468352
ISIC_0001126,1.466169
ISIC_0028114,1.466122
ISIC_0064023,1.464199
ISIC_0070074,1.461955
ISIC_1939413,1.456599
ISIC_0070463,1.455369
ISIC_0033125,1.452212
ISIC_0032862,1.451016
ISIC_0054673,1.450163
ISIC_0033518,1.449678
ISIC_0059216,1.44963
ISIC_0081584,1.447865
ISIC_0011930,1.446062
ISIC_0061441,1.444058
ISIC_0060621,1.443663
ISIC_0057487,1.440755
ISIC_0034316,1.439951
ISIC_0013341,1.439358
ISIC_0012047,1.438913
ISIC_0010308,1.438482
ISIC_8691327,1.437826
ISIC_0056406,1.436518
ISIC_0024256,1.43493
ISIC_0065360,1.434889
ISIC_0065807,1.43367
ISIC_5323725,1.433195
ISIC_6088194,1.432237
ISIC_0000411,1.420177
ISIC_3673080,1.410837
ISIC_0000414,1.409002
ISIC_0011388,1.407288
ISIC_0026770,1.406058
ISIC_0941332,1.404404
ISIC_0064080,1.400872
ISIC_0056921,1.400579
ISIC_0056902,1.398738
ISIC_0026188,1.395849
ISIC_7967397,1.393316
ISIC_0055265,1.393282
ISIC_0016114,1.390689
ISIC_0001110,1.39068
ISIC_0033569,1.389089
ISIC_0059884,1.386813
ISIC_0069373,1.385659
ISIC_0028415,1.384197
ISIC_0073032,1.382358
ISIC_0024552,1.381993
ISIC_0011286,1.375968
ISIC_0028655,1.374403
ISIC_7579316,1.373894
ISIC_0057155,1.373574
ISIC_0024702,1.372055
ISIC_0066354,1.371093
ISIC_0011984,1.370029
ISIC_0029318,1.369043
ISIC_0054332,1.368629
ISIC_9716860,1.368622
ISIC_0029698,1.365649
ISIC_0060893,1.36516
ISIC_0069210,1.364292
ISIC_0072353,1.363668
ISIC_0032917,1.361061
ISIC_0054651,1.359172
ISIC_0066626,1.356672
ISIC_0034243,1.354466
ISIC_0057180,1.354252
ISIC_0069475,1.353618
ISIC_0001103,1.353043
ISIC_7462953,1.352517
ISIC_0070012,1.350357
ISIC_3928910,1.348975
ISIC_0030060,1.34843
ISIC_0054770,1.346561
ISIC_0015390,1.345991
ISIC_0063617,1.345835
ISIC_0058022,1.345689
ISIC_0011374,1.344879
ISIC_0001118,1.34426
ISIC_0068975,1.343943
ISIC_0030889,1.342319
ISIC_0072496,1.341858
ISIC_0061734,1.341211
ISIC_0033585,1.340843
ISIC_0059929,1.340539
ISIC_5547318,1.339975
ISIC_0011507,1.339867
ISIC_0046361,1.339511
ISIC_0070210,1.339465
ISIC_0058753,1.339372
ISIC_0066750,1.337786
ISIC_8355446,1.336634
ISIC_0063568,1.336048
ISIC_0055550,1.332729
ISIC_0032718,1.331985
ISIC_0060586,1.331644
ISIC_0009984,1.331316
ISIC_0030681,1.331288
ISIC_0029630,1.330344
ISIC_0059671,1.326567
ISIC_0011527,1.325757
ISIC_0000549,1.324619
ISIC_0013997,1.324616
ISIC_0054459,1.324206
ISIC_0057406,1.32354
ISIC_0030616,1.322159
ISIC_0065449,1.320586
ISIC_0028328,1.319832
ISIC_0062443,1.318713
ISIC_0066476,1.316918
ISIC_0059082,1.3169
ISIC_4509925,1.313985
ISIC_0071875,1.313883
ISIC_0033479,1.313844
ISIC_0029881,1.312257
ISIC_0064376,1.310969
ISIC_0070163,1.309817
ISIC_0061583,1.309183
ISIC_0061915,1.307821
ISIC_0055039,1.307312
ISIC_0072977,1.307231
ISIC_0065121,1.305513
ISIC_0053734,1.304337
ISIC_0046449,1.29955
ISIC_0031368,1.299306
ISIC_0054167,1.298131
ISIC_0068884,1.297496
ISIC_0059506,1.295177
ISIC_0056119,1.294794
ISIC_0011931,1.29293
ISIC_3444719,1.292686
ISIC_0029026,1.290864
ISIC_0071050,1.290147
ISIC_0064633,1.289826
ISIC_0068460,1.287582
ISIC_0056226,1.285418
ISIC_0054874,1.285381
ISIC_0058594,1.285252
ISIC_0032017,1.284252
ISIC_0034218,1.283113
ISIC_0030554,1.283052
ISIC_0010644,1.28209
ISIC_3416107,1.281806
ISIC_0072507,1.280678
ISIC_0071806,1.280521
ISIC_0058016,1.280091
ISIC_0069370,1.279037
ISIC_0066240,1.278937
ISIC_0031507,1.278473
ISIC_0025132,1.278267
ISIC_0015436,1.277664
ISIC_0059093,1.277253
ISIC_0056788,1.276878
ISIC_0057286,1.276825
ISIC_0031711,1.276165
ISIC_0072612,1.274839
ISIC_7079349,1.274539
ISIC_0010295,1.273882
ISIC_0061265,1.27141
ISIC_0068886,1.270776
ISIC_0533122,1.269818
ISIC_0065181,1.266045
ISIC_0028065,1.26525
ISIC_0058877,1.264181
ISIC_8241457,1.263753
ISIC_0056271,1.26365
ISIC_0013364,1.261841
ISIC_0059273,1.26123
ISIC_0063871,1.2577
ISIC_9667908,1.257404
ISIC_0033886,1.25521
ISIC_0066101,1.255038
ISIC_0010171,1.253471
ISIC_0014925,1.250784
ISIC_0029495,1.250621
ISIC_0029000,1.250284
ISIC_0028003,1.249655
ISIC_0015455,1.249466
ISIC_0026500,1.2483
ISIC_0061941,1.24697
ISIC_0034268,1.245081
ISIC_0032447,1.244638
ISIC_0054932,1.242302
ISIC_0067167,1.242288
ISIC_0032925,1.241925
ISIC_0071536,1.240216
ISIC_0060817,1.239488
ISIC_1369273,1.239279
ISIC_7895093,1.238597
ISIC_7484771,1.238086
ISIC_0065235,1.23672
ISIC_1216698,1.235627
ISIC_0058909,1.23484
ISIC_0014722,1.233956
ISIC_0015005,1.233292
ISIC_0055747,1.231359
ISIC_0033787,1.231163
ISIC_0015204,1.231048
ISIC_0011801,1.230305
ISIC_0012069,1.229717
ISIC_0065324,1.229343
ISIC_0032780,1.229235
ISIC_0059768,1.22915
ISIC_0067696,1.229038
ISIC_0060773,1.228831
ISIC_0034107,1.22754
ISIC_0063753,1.227125
ISIC_0403458,1.22628
ISIC_0029118,1.224283
ISIC_0055081,1.223844
ISIC_0057696,1.223693
ISIC_0011957,1.223013
ISIC_0065463,1.221872
ISIC_5879789,1.216933
ISIC_0011516,1.215114
ISIC_0025277,1.214706
ISIC_0069791,1.214601
ISIC_0063824,1.21196
ISIC_0010024,1.211817
ISIC_0012068,1.209923
ISIC_0032610,1.209877
ISIC_0066262,1.208799
ISIC_0033024,1.208469
ISIC_0070992,1.208055
ISIC_0024802,1.207784
ISIC_0060032,1.206677
ISIC_0046526,1.206426
ISIC_0058730,1.205806
ISIC_4347535,1.204799
ISIC_0011007,1.203026
ISIC_0071892,1.202865
ISIC_0000292,1.202517
ISIC_0070285,1.202246
ISIC_0010653,1.202025
ISIC_0013334,1.200964
ISIC_0010044,1.200043
ISIC_0072393,1.198408
ISIC_0028086,1.198275
ISIC_0070940,1.196377
ISIC_0064683,1.195668
ISIC_0028239,1.193974
ISIC_0065622,1.193762
ISIC_0024537,1.193541
ISIC_0010023,1.193381
ISIC_8252406,1.192802
ISIC_0069617,1.192731
ISIC_0061936,1.192579
ISIC_0012063,1.192198
ISIC_0033399,1.192059
ISIC_0026272,1.19196
ISIC_0065313,1.191273
ISIC_0025382,1.191015
ISIC_0067170,1.189034
ISIC_0000450,1.188706
ISIC_0032586,1.18634
ISIC_8253317,1.185881
ISIC_0063070,1.185246
ISIC_0070387,1.184819
ISIC_0031208,1.184709
ISIC_0028352,1.184428
ISIC_6404049,1.183096
ISIC_0057759,1.181934
ISIC_0062765,1.178952
ISIC_0032927,1.178768
ISIC_0032861,1.177545
ISIC_0069481,1.176918
ISIC_0026089,1.176502
ISIC_0025413,1.175218
ISIC_5948805,1.174506
ISIC_0064694,1.174084
ISIC_0015071,1.173265
ISIC_0069669,1.172021
ISIC_0024999,1.171887
ISIC_0016123,1.171504
ISIC_0055404,1.171376
ISIC_0015631,1.17131
ISIC_0024317,1.171129
ISIC_0027620,1.171024
ISIC_0030695,1.170684
ISIC_0000473,1.170513
ISIC_0071388,1.169964
ISIC_0059551,1.169179
ISIC_0067577,1.16895
ISIC_0010778,1.168404
ISIC_0031543,1.167582
ISIC_0054851,1.1672
ISIC_0061825,1.166419
ISIC_5216586,1.166395
ISIC_0026115,1.164545
ISIC_0060308,1.164257
ISIC_0072182,1.163945
ISIC_0055169,1.161147
ISIC_0027190,1.159375
ISIC_0908367,1.158719
ISIC_0000140,1.157911
ISIC_0423483,1.156852
ISIC_0058098,1.156704
ISIC_0064863,1.155615
ISIC_0010772,1.154976
ISIC_0011501,1.154849
ISIC_0028306,1.154131
ISIC_0013651,1.152356
ISIC_0033589,1.150442
ISIC_0061491,1.150015
ISIC_0061647,1.149407
ISIC_0033595,1.148846
ISIC_0015045,1.148079
ISIC_0067719,1.148028
ISIC_0067808,1.14739
ISIC_0070137,1.14694
ISIC_0063473,1.144955
ISIC_0031214,1.144391
ISIC_0056660,1.14392
ISIC_2146346,1.143831
ISIC_0046622,1.141587
ISIC_0069204,1.139568
ISIC_0016145,1.139068
ISIC_5343231,1.138894
ISIC_0063234,1.138198
ISIC_0061029,1.13812
ISIC_0064113,1.137637
ISIC_0014987,1.136751
ISIC_0067653,1.136648
ISIC_0000287,1.136284
ISIC_0072953,1.134887
ISIC_7047780,1.134766
ISIC_0033217,1.13416
ISIC_6767569,1.132168
ISIC_8521610,1.132018
ISIC_0000300,1.131746
ISIC_0058666,1.130758
ISIC_0071043,1.129831
ISIC_0010965,1.129706
ISIC_0065022,1.129121
ISIC_0032626,1.129036
ISIC_0062111,1.127032
ISIC_4980656,1.126305
ISIC_0062161,1.125105
ISIC_0059571,1.124559
ISIC_0032408,1.12453
ISIC_0066213,1.12453
ISIC_0065128,1.124409
ISIC_0000144,1.121852
ISIC_0014795,1.121032
ISIC_0033476,1.120969
ISIC_0029652,1.120861
ISIC_0068696,1.119853
ISIC_0359307,1.117328
ISIC_0011365,1.116473
ISIC_0054341,1.116451
ISIC_0065192,1.116182
ISIC_0056717,1.115509
ISIC_0033813,1.115255
ISIC_0071947,1.114673
ISIC_0060659,1.113504
ISIC_0068628,1.113245
ISIC_0034002,1.112652
ISIC_0063289,1.11248
ISIC_0010283,1.111537
ISIC_3871225,1.111336
ISIC_0029397,1.111102
ISIC_0029021,1.111028
ISIC_0053916,1.108301
ISIC_0029575,1.107751
ISIC_0011140,1.10756
ISIC_0063243,1.106982
ISIC_0011234,1.105774
ISIC_2868199,1.105466
ISIC_0011521,1.102463
ISIC_1287370,1.102368
ISIC_0011505,1.101836
ISIC_1026382,1.101048
ISIC_0056677,1.100674
ISIC_0063680,1.099365
ISIC_0028916,1.097923
ISIC_0028418,1.097484
ISIC_0054146,1.096564
ISIC_0032559,1.095401
ISIC_0061320,1.094399
ISIC_9760968,1.092416
ISIC_0068234,1.092312
ISIC_0058315,1.091124
ISIC_0010468,1.090693
ISIC_0015264,1.090383
ISIC_0021901,1.089834
ISIC_0519386,1.089333
ISIC_0067333,1.089079
ISIC_0057787,1.089044
ISIC_0071988,1.088845
ISIC_0072412,1.088754
ISIC_0010289,1.086853
ISIC_0011526,1.086786
ISIC_5536710,1.0864
ISIC_0060096,1.086378
ISIC_0011013,1.086245
ISIC_0011268,1.08617
ISIC_0013691,1.085637
ISIC_0024962,1.085328
ISIC_0066935,1.08494
ISIC_0024720,1.08487
ISIC_0061751,1.084858
ISIC_0025580,1.084457
ISIC_0032019,1.083253
ISIC_4049598,1.082633
ISIC_0011489,1.082469
ISIC_0068080,1.082309
ISIC_0071135,1.082306
ISIC_0032695,1.081987
ISIC_0011729,1.08114
ISIC_0030921,1.080524
ISIC_0029809,1.080078
ISIC_0070032,1.078323
ISIC_0000180,1.077727
ISIC_0059597,1.077549
ISIC_0054599,1.077265
ISIC_3684488,1.077228
ISIC_0063601,1.076446
ISIC_0033416,1.076108
ISIC_0033333,1.074762
ISIC_0067733,1.073774
ISIC_0030002,1.073704
ISIC_0032531,1.07196
ISIC_0010962,1.071688
ISIC_0032922,1.071395
ISIC_0063961,1.070955
ISIC_0061606,1.068867
ISIC_5261146,1.068549
ISIC_0064692,1.067256
ISIC_0071576,1.066851
ISIC_0033700,1.066603
ISIC_6790780,1.066239
ISIC_0030552,1.065769
ISIC_0070747,1.065419
ISIC_0027110,1.064356
ISIC_0013580,1.063525
ISIC_0032372,1.062808
ISIC_1113629,1.061127
ISIC_0030417,1.060836
ISIC_0069970,1.059832
ISIC_0030597,1.059765
ISIC_0011628,1.058274
ISIC_0027956,1.057996
ISIC_7519557,1.055854
ISIC_0032840,1.05546
ISIC_0024951,1.055399
ISIC_0031863,1.05527
ISIC_0055526,1.055227
ISIC_7070020,1.054934
ISIC_0055498,1.054141
ISIC_0056957,1.053151
ISIC_7468304,1.051348
ISIC_0062686,1.050896
ISIC_5307086,1.050698
ISIC_0057083,1.05048
ISIC_0033804,1.049861
ISIC_6821316,1.04982
ISIC_0015411,1.049739
ISIC_0033603,1.047523
ISIC_0010267,1.046869
ISIC_4120174,1.046723
ISIC_0024688,1.046225
ISIC_0011626,1.045194
ISIC_1985569,1.042217
ISIC_1224329,1.041698
ISIC_0015180,1.041144
ISIC_4398011,1.040409
ISIC_0056201,1.03995
ISIC_0000519,1.038477
ISIC_0030106,1.038385
ISIC_0068950,1.038287
ISIC_0069635,1.037527
ISIC_0057594,1.037427
ISIC_0000074,1.037242
ISIC_0069361,1.036171
ISIC_7612992,1.03564
ISIC_0027622,1.035629
ISIC_0065658,1.033872
ISIC_9906799,1.030692
ISIC_0032396,1.030133
ISIC_0068993,1.030072
ISIC_9546876,1.030006
ISIC_0011458,1.02994
ISIC_0010546,1.029785
ISIC_0058676,1.028812
ISIC_0025242,1.027932
ISIC_7951202,1.027717
ISIC_0029944,1.027433
ISIC_0069638,1.026306
ISIC_0059248,1.026093
ISIC_0031499,1.026083
ISIC_0062031,1.026066
ISIC_0026595,1.025875
ISIC_0061293,1.025697
ISIC_0046405,1.021923
ISIC_0069946,1.021558
ISIC_0030238,1.02057
ISIC_4408559,1.020046
ISIC_3094758,1.020022
ISIC_0032965,1.019002
ISIC_5602826,1.018775
ISIC_0027693,1.018493
ISIC_0071783,1.018259
ISIC_0014922,1.017365
ISIC_0011645,1.017269
ISIC_5576354,1.016867
ISIC_3513367,1.016565
ISIC_0032550,1.016169
ISIC_0011422,1.015905
ISIC_0054670,1.015822
ISIC_0033807,1.015757
ISIC_5527224,1.015728
ISIC_0027981,1.01572
ISIC_0000406,1.014692
ISIC_0063521,1.014516
ISIC_0032424,1.014022
ISIC_0759561,1.013931
ISIC_0011031,1.013646
ISIC_0025546,1.012744
ISIC_0030610,1.012469
ISIC_0000161,1.012208
ISIC_0030107,1.012105
ISIC_4821309,1.012002
ISIC_0033759,1.010161
ISIC_7373074,1.008793
ISIC_0063980,1.008378
ISIC_0010746,1.007615
ISIC_0057287,1.007606
ISIC_0065582,1.007554
ISIC_4851652,1.007399
ISIC_0055241,1.00715
ISIC_0027235,1.007056
ISIC_2805634,1.005814
ISIC_0034192,1.005658
ISIC_0011750,1.005591
ISIC_0066429,1.005572
ISIC_0031795,1.005408
ISIC_5156491,1.00503
ISIC_0025996,1.004889
ISIC_5403296,1.00426
ISIC_0046394,1.003753
ISIC_0072843,1.003107
ISIC_0055140,1.003041
ISIC_0067205,1.003
ISIC_0061643,1.002721
ISIC_0072691,1.002218
ISIC_0063369,1.002168
ISIC_0033232,1.001866
ISIC_0064821,1.001683
ISIC_0032766,1.001544
ISIC_4517738,1.001442
ISIC_0064120,1.001313
ISIC_0028967,1.001217
ISIC_9828853,1.00118
ISIC_0033063,1.001172
ISIC_8685259,0.999508
ISIC_0069411,0.998442
ISIC_0280912,0.997732
ISIC_0054080,0.997719
ISIC_3413138,0.99752
ISIC_0000429,0.997375
ISIC_3060248,0.99707
ISIC_6721869,0.996857
ISIC_0070342,0.996708
ISIC_0031005,0.9967
ISIC_2468509,0.996452
ISIC_0071740,0.996289
ISIC_0025267,0.995934
ISIC_0061566,0.99587
ISIC_0034294,0.995844
ISIC_5267208,0.995564
ISIC_0034222,0.995415
ISIC_0010486,0.9948
ISIC_0061685,0.994531
ISIC_0062048,0.992721
ISIC_0032233,0.990987
ISIC_1630301,0.990948
ISIC_0065735,0.989618
ISIC_0014291,0.989364
ISIC_3485482,0.989309
ISIC_0065204,0.989111
ISIC_0032823,0.989036
ISIC_0072641,0.988938
ISIC_6447681,0.988331
ISIC_0027751,0.987647
ISIC_0066338,0.987608
ISIC_0056055,0.987511
ISIC_0026586,0.987247
ISIC_0064534,0.987157
ISIC_0032181,0.98695
ISIC_0011158,0.986889
ISIC_0010723,0.986805
ISIC_0014217,0.986716
ISIC_0067789,0.986346
ISIC_0056316,0.986186
ISIC_0000305,0.985765
ISIC_0029316,0.985317
ISIC_0027253,0.985239
ISIC_0010162,0.984928
ISIC_0032968,0.984738
ISIC_0014926,0.984667
ISIC_0053540,0.984592
ISIC_0027694,0.98381
ISIC_0011703,0.983442
ISIC_8278458,0.982831
ISIC_0011369,0.982741
ISIC_0026652,0.982305
ISIC_0032070,0.982187
ISIC_0015046,0.981648
ISIC_0068223,0.981422
ISIC_7096389,0.981232
ISIC_0015110,0.980898
ISIC_0014703,0.980651
ISIC_0034076,0.980576
ISIC_0054355,0.980513
ISIC_0056440,0.980505
ISIC_3093026,0.980156
ISIC_0069292,0.978594
ISIC_8176449,0.978414
ISIC_2991354,0.977652
ISIC_0011094,0.976742
ISIC_3941123,0.976601
ISIC_0066532,0.975767
ISIC_2987613,0.974526
ISIC_0033779,0.973944
ISIC_0033876,0.973752
ISIC_9612228,0.972685
ISIC_9024529,0.972422
ISIC_0073044,0.972244
ISIC_0207268,0.97191
ISIC_0015189,0.971134
ISIC_9063429,0.9711
ISIC_0033359,0.971032
ISIC_0015132,0.970838
ISIC_0068314,0.970083
ISIC_0070248,0.969342
ISIC_0060716,0.968976
ISIC_0061371,0.968931
ISIC_4197990,0.968696
ISIC_6882582,0.968559
ISIC_0070003,0.968087
ISIC_0053617,0.96764
ISIC_0010235,0.966694
ISIC_0064060,0.966449
ISIC_9028726,0.966026
ISIC_0010784,0.965526
ISIC_0024449,0.964769
ISIC_0011404,0.96474
ISIC_0439726,0.964258
ISIC_0058047,0.963649
ISIC_8268025,0.963482
ISIC_0061531,0.963242
ISIC_0057518,0.962853
ISIC_0046640,0.962841
ISIC_0063447,0.962078
ISIC_0010810,0.960486
ISIC_0026700,0.959378
ISIC_0054914,0.959375
ISIC_0033216,0.959312
ISIC_0032938,0.957961
ISIC_0011364,0.957859
ISIC_3203344,0.957444
ISIC_0055289,0.957032
ISIC_7936755,0.956882
ISIC_0067801,0.956847
ISIC_0010900,0.95673
ISIC_0031784,0.956641
ISIC_6339509,0.956531
ISIC_0069395,0.956497
ISIC_4923095,0.956254
ISIC_0033570,0.955997
ISIC_0032537,0.955978
ISIC_0065728,0.955336
ISIC_0000173,0.952855
ISIC_3688407,0.950629
ISIC_0026293,0.950393
ISIC_0065133,0.949908
ISIC_0000554,0.949798
ISIC_0055293,0.948938
ISIC_0064427,0.948474
ISIC_0012107,0.948363
ISIC_1729351,0.947854
ISIC_0060481,0.946841
ISIC_0030296,0.946783
ISIC_9791275,0.946027
ISIC_0056546,0.945622
ISIC_0062536,0.945142
ISIC_0030135,0.944612
ISIC_0034092,0.944413
ISIC_0071797,0.942425
ISIC_0068259,0.942309
ISIC_0072382,0.942229
ISIC_0070403,0.942104
ISIC_0071951,0.941651
ISIC_0010040,0.941618
ISIC_0056364,0.941321
ISIC_4521222,0.941113
ISIC_0068015,0.941052
ISIC_4834687,0.940766
ISIC_1200192,0.940734
ISIC_0033278,0.94037
ISIC_0011752,0.940238
ISIC_4289906,0.938901
ISIC_0069986,0.938442
ISIC_0053854,0.937866
ISIC_0033432,0.937562
ISIC_0032313,0.93732
ISIC_0072175,0.93657
ISIC_0014832,0.936535
ISIC_2856521,0.936408
ISIC_0063492,0.936134
ISIC_0060968,0.935511
ISIC_0071901,0.935488
ISIC_0028508,0.934566
ISIC_0062364,0.933615
ISIC_0010760,0.933541
ISIC_0034059,0.933134
ISIC_0063493,0.932608
ISIC_0012048,0.932387
ISIC_0060559,0.932152
ISIC_0011490,0.931977
ISIC_9955163,0.930878
ISIC_9615486,0.930876
ISIC_0057898,0.930721
ISIC_0073119,0.930688
ISIC_0027238,0.92997
ISIC_1785627,0.929826
ISIC_3430311,0.929471
ISIC_0029591,0.929418
ISIC_0060091,0.927801
ISIC_4220010,0.927704
ISIC_0059181,0.927497
ISIC_2221217,0.927264
ISIC_0061231,0.927113
ISIC_4407580,0.926208
ISIC_0028103,0.925444
ISIC_7331345,0.925147
ISIC_1499915,0.92468
ISIC_0027252,0.923849
ISIC_0054350,0.923734
ISIC_5101111,0.923464
ISIC_0033538,0.92237
ISIC_0064247,0.921669
ISIC_9363106,0.921454
ISIC_7662993,0.920695
ISIC_0027590,0.920472
ISIC_0026916,0.920233
ISIC_3445468,0.920066
ISIC_0067969,0.91982
ISIC_0062517,0.91977
ISIC_8290994,0.919609
ISIC_0033274,0.917774
ISIC_7320371,0.91732
ISIC_0063164,0.916895
ISIC_0032921,0.916319
ISIC_0010714,0.916257
ISIC_0046596,0.915933
ISIC_0025603,0.915779
ISIC_7670149,0.915637
ISIC_3435596,0.915257
ISIC_2406492,0.914917
ISIC_0012070,0.914184
ISIC_0028225,0.91372
ISIC_0033027,0.912983
ISIC_0026518,0.912977
ISIC_0030852,0.912865
ISIC_0058033,0.9124
ISIC_7961365,0.912297
ISIC_0053791,0.910412
ISIC_0001108,0.908576
ISIC_0011757,0.907681
ISIC_0032005,0.907646
ISIC_0012049,0.907055
ISIC_0032484,0.907044
ISIC_0002057,0.906535
ISIC_0010514,0.9062
ISIC_0057462,0.906125
ISIC_0057556,0.905066
ISIC_0058768,0.904874
ISIC_0010591,0.904872
ISIC_0057655,0.904778
ISIC_0057067,0.904712
ISIC_0057059,0.904052
ISIC_0010380,0.90405
ISIC_0054777,0.903815
ISIC_0057858,0.902759
ISIC_7811951,0.902708
ISIC_0072748,0.902247
ISIC_2483825,0.902016
ISIC_0069248,0.901966
ISIC_0066659,0.901842
ISIC_0059314,0.901288
ISIC_6278273,0.901065
ISIC_0011857,0.901056
ISIC_0013967,0.900988
ISIC_0025744,0.90079
ISIC_6124481,0.900308
ISIC_9053910,0.900202
ISIC_0010775,0.899374
ISIC_0027560,0.899064
ISIC_0068895,0.898737
ISIC_9948600,0.897979
ISIC_4564960,0.897669
ISIC_0033834,0.896694
ISIC_0056339,0.896647
ISIC_0046664,0.896479
ISIC_0010734,0.895157
ISIC_6550761,0.8951
ISIC_0071069,0.895094
ISIC_0000035,0.895039
ISIC_1530981,0.894841
ISIC_0069175,0.894328
ISIC_0055841,0.893641
ISIC_0057821,0.893545
ISIC_0064997,0.891798
ISIC_0053542,0.891271
ISIC_0061749,0.891144
ISIC_0027838,0.891096
ISIC_0014982,0.890325
ISIC_0054395,0.890164
ISIC_0030910,0.889237
ISIC_2714572,0.888858
ISIC_0031401,0.888555
ISIC_0011356,0.888186
ISIC_0014809,0.888164
ISIC_0073238,0.887794
ISIC_0030492,0.887186
ISIC_0065260,0.886894
ISIC_0009975,0.886815
ISIC_8724944,0.886308
ISIC_7236365,0.88629
ISIC_0026745,0.885866
ISIC_0033204,0.884934
ISIC_9579922,0.884737
ISIC_0029157,0.884537
ISIC_0058496,0.8839
ISIC_0060946,0.883773
ISIC_0031752,0.88364
ISIC_0053541,0.883296
ISIC_0003539,0.883237
ISIC_0000349,0.882906
ISIC_0054334,0.882373
ISIC_3786075,0.882331
ISIC_0029581,0.88128
ISIC_0060297,0.880859
ISIC_9572152,0.880857
ISIC_0025573,0.880762
ISIC_0060585,0.879336
ISIC_0030080,0.87932
ISIC_0065062,0.878725
ISIC_0009992,0.878291
ISIC_3963183,0.878071
ISIC_6125652,0.877499
ISIC_0015443,0.8768
ISIC_0000398,0.876025
ISIC_0009882,0.875965
ISIC_0026208,0.874824
ISIC_0059864,0.874245
ISIC_0031589,0.873775
ISIC_4170698,0.873607
ISIC_0029433,0.873426
ISIC_0026738,0.873019
ISIC_0064986,0.87295
ISIC_0033154,0.872215
ISIC_7477006,0.872053
ISIC_1114966,0.871706
ISIC_0055412,0.871317
ISIC_0033341,0.869949
ISIC_0024967,0.869661
ISIC_0028215,0.869491
ISIC_0072568,0.869371
ISIC_0030754,0.8693
ISIC_0069698,0.869214
ISIC_6948604,0.869151
ISIC_6780662,0.868638
ISIC_0069432,0.86862
ISIC_0033074,0.867895
ISIC_0032258,0.865787
ISIC_0027742,0.865452
ISIC_0010393,0.865174
ISIC_0010938,0.86512
ISIC_0034233,0.864724
ISIC_0014366,0.864491
ISIC_0013707,0.864012
ISIC_0058079,0.863988
ISIC_3389704,0.863338
ISIC_0011949,0.863051
ISIC_3696488,0.862589
ISIC_9640145,0.862159
ISIC_0033901,0.861868
ISIC_8935085,0.859509
ISIC_0054043,0.858405
ISIC_0033843,0.858101
ISIC_0010140,0.857586
ISIC_0069556,0.857548
ISIC_0056739,0.857491
ISIC_0065883,0.857438
ISIC_0067609,0.857375
ISIC_0062740,0.85729
ISIC_5883331,0.857253
ISIC_0054244,0.856953
ISIC_6032520,0.85672
ISIC_0014189,0.855753
ISIC_0015193,0.855661
ISIC_0034187,0.8556
ISIC_0057032,0.855595
ISIC_0011509,0.855564
ISIC_0053469,0.855415
ISIC_0032858,0.855187
ISIC_8510848,0.85456
ISIC_0070170,0.854239
ISIC_0064517,0.853765
ISIC_6529073,0.853623
ISIC_0055003,0.853504
ISIC_0012904,0.853303
ISIC_0014392,0.853023
ISIC_0033968,0.852854
ISIC_0011728,0.852328
ISIC_8135931,0.852133
ISIC_0071300,0.851628
ISIC_2784664,0.851412
ISIC_0046609,0.850393
ISIC_6917681,0.85024
ISIC_6269543,0.849621
ISIC_5313574,0.849574
ISIC_0054527,0.849553
ISIC_0033309,0.849524
ISIC_0063295,0.849019
ISIC_0032134,0.848962
ISIC_0034106,0.848909
ISIC_0014127,0.848694
ISIC_8838753,0.848312
ISIC_0072582,0.848302
ISIC_0062005,0.847951
ISIC_2554114,0.847534
ISIC_7503950,0.847137
ISIC_0046416,0.8471
ISIC_0032751,0.847028
ISIC_0014788,0.846504
ISIC_6718969,0.846431
ISIC_0054220,0.846296
ISIC_0033369,0.846281
ISIC_0009916,0.84605
ISIC_0028152,0.84589
ISIC_0030780,0.845805
ISIC_2739449,0.845218
ISIC_7233368,0.845121
ISIC_7630208,0.844144
ISIC_0009913,0.842969
ISIC_0056740,0.842066
ISIC_5988539,0.842035
ISIC_0071289,0.841862
ISIC_2936321,0.841763
ISIC_0034183,0.841308
ISIC_0066483,0.840986
ISIC_0011039,0.840906
ISIC_0011534,0.840313
ISIC_0026167,0.840205
ISIC_0000526,0.839958
ISIC_0027585,0.839636
ISIC_0274382,0.839622
ISIC_0055046,0.839478
ISIC_0033103,0.838875
ISIC_0029092,0.838214
ISIC_0026531,0.838158
ISIC_0014541,0.837884
ISIC_0068627,0.837041
ISIC_9613570,0.836829
ISIC_2071966,0.836544
ISIC_0025732,0.836381
ISIC_0071678,0.836215
ISIC_6381981,0.836004
ISIC_1650523,0.835881
ISIC_0010213,0.835521
ISIC_0046537,0.8352
ISIC_0024679,0.834567
ISIC_0032774,0.834459
ISIC_0014336,0.834433
ISIC_0026509,0.833677
ISIC_0057963,0.832991
ISIC_0065882,0.832913
ISIC_0055314,0.832131
ISIC_0012151,0.831337
ISIC_8621568,0.831056
ISIC_0062827,0.830938
ISIC_0071040,0.830881
ISIC_5885403,0.830674
ISIC_0000452,0.829732
ISIC_0072553,0.829402
ISIC_0064240,0.82933
ISIC_0030798,0.829058
ISIC_0046224,0.829056
ISIC_0000401,0.829017
ISIC_0026619,0.828271
ISIC_0011269,0.828252
ISIC_0014946,0.827833
ISIC_0056041,0.827485
ISIC_0064738,0.825953
ISIC_4938994,0.825542
ISIC_0072021,0.824743
ISIC_0032892,0.824194
ISIC_7421214,0.823837
ISIC_9337870,0.822185
ISIC_8398000,0.821914
ISIC_8922355,0.821727
ISIC_0067953,0.821519
ISIC_0055378,0.821505
ISIC_0028469,0.82124
ISIC_0014327,0.821052
ISIC_0027964,0.82096
ISIC_0033211,0.820502
ISIC_0294399,0.819865
ISIC_5737704,0.819787
ISIC_0010478,0.819536
ISIC_0027104,0.819508
ISIC_0046504,0.819168
ISIC_8145348,0.818945
ISIC_0046615,0.818795
ISIC_0070110,0.818792
ISIC_0034101,0.818517
ISIC_0033708,0.818431
ISIC_0029933,0.818182
ISIC_0026094,0.817862
ISIC_5675703,0.816729
ISIC_0070447,0.816624
ISIC_0056723,0.815335
ISIC_0001129,0.814856
ISIC_0066518,0.814577
ISIC_7180096,0.813999
ISIC_0034164,0.81366
ISIC_5762714,0.813456
ISIC_4876193,0.811957
ISIC_0011697,0.811839
ISIC_0064660,0.811711
ISIC_0024840,0.811269
ISIC_0046633,0.811106
ISIC_0061141,0.81006
ISIC_0033619,0.809853
ISIC_0057539,0.809091
ISIC_0072429,0.80823
ISIC_0068677,0.807876
ISIC_5191344,0.806934
ISIC_0067235,0.806238
ISIC_0025589,0.80616
ISIC_0032914,0.805126
ISIC_0025219,0.804826
ISIC_0011665,0.804786
ISIC_0030139,0.804679
ISIC_0025491,0.804639
ISIC_5442834,0.804356
ISIC_0066094,0.80397
ISIC_6966001,0.803283
ISIC_0026558,0.802903
ISIC_0011778,0.801074
ISIC_0028757,0.800706
ISIC_0012059,0.800112
ISIC_0016013,0.800017
ISIC_0067006,0.79933
ISIC_0011794,0.798978
ISIC_0027021,0.798842
ISIC_5298608,0.798683
ISIC_0014695,0.798549
ISIC_0032510,0.798386
ISIC_0068580,0.798318
ISIC_0026559,0.798018
ISIC_0032970,0.79774
ISIC_0013096,0.797613
ISIC_0073147,0.797522
ISIC_0066878,0.797381
ISIC_0011531,0.797083
ISIC_2200197,0.79703
ISIC_0071550,0.796954
ISIC_0411688,0.796582
ISIC_0066588,0.796416
ISIC_0029898,0.79628
ISIC_0011528,0.79561
ISIC_5993530,0.794678
ISIC_6416533,0.793123
ISIC_0060446,0.792876
ISIC_2458253,0.791837
ISIC_0024805,0.791623
ISIC_0034211,0.79132
ISIC_6674797,0.790872
ISIC_0029405,0.790334
ISIC_2733043,0.79025
ISIC_0062463,0.789807
ISIC_0013917,0.789152
ISIC_0054885,0.788454
ISIC_0028723,0.788021
ISIC_0056309,0.78763
ISIC_0063655,0.787109
ISIC_9754098,0.786953
ISIC_9244047,0.786877
ISIC_0011564,0.786853
ISIC_0034104,0.786444
ISIC_0071869,0.786089
ISIC_0059773,0.785783
ISIC_5044438,0.785685
ISIC_0062133,0.784653
ISIC_0030817,0.784256
ISIC_0032187,0.783986
ISIC_8298434,0.783815
ISIC_0033710,0.783605
ISIC_1566428,0.783571
ISIC_4906385,0.783019
ISIC_0033473,0.782807
ISIC_0028156,0.78245
ISIC_0011497,0.78215
ISIC_0063190,0.781003
ISIC_0034237,0.780918
ISIC_0010527,0.780781
ISIC_0034036,0.780445
ISIC_1092432,0.780202
ISIC_8712559,0.780048
ISIC_8901371,0.779839
ISIC_0059440,0.779616
ISIC_1264950,0.778471
ISIC_0065346,0.777913
ISIC_0026081,0.777856
ISIC_0025904,0.777757
ISIC_0033800,0.77751
ISIC_0056979,0.777135
ISIC_3902917,0.777044
ISIC_0011343,0.777008
ISIC_0069865,0.776988
ISIC_0067893,0.776603
ISIC_0028839,0.776385
ISIC_2212473,0.776148
ISIC_7074321,0.776137
ISIC_6507792,0.776097
ISIC_0034000,0.775943
ISIC_5867911,0.775577
ISIC_0027327,0.77467
ISIC_0068106,0.774416
ISIC_6255113,0.774112
ISIC_9471156,0.773909
ISIC_0013499,0.772989
ISIC_1597566,0.772368
ISIC_0027842,0.772016
ISIC_0021271,0.771724
ISIC_0015969,0.771591
ISIC_0058224,0.77157
ISIC_1752943,0.771078
ISIC_1693572,0.770261
ISIC_5926550,0.770235
ISIC_0047003,0.769975
ISIC_0012137,0.769853
ISIC_0056155,0.769072
ISIC_0011691,0.768721
ISIC_7276156,0.768554
ISIC_0070581,0.768262
ISIC_3738751,0.767994
ISIC_7899041,0.767923
ISIC_4856536,0.767803
ISIC_0204355,0.76693
ISIC_0071180,0.766176
ISIC_5777697,0.766001
ISIC_0011211,0.765475
ISIC_0031553,0.765096
ISIC_0032265,0.764586
ISIC_9022005,0.764512
ISIC_0069558,0.76406
ISIC_9203812,0.764039
ISIC_0062026,0.763688
ISIC_0010145,0.762136
ISIC_0062914,0.762116
ISIC_9939963,0.761984
ISIC_0011295,0.761596
ISIC_4033676,0.761548
ISIC_0064180,0.76125
ISIC_0011484,0.760932
ISIC_0062935,0.760893
ISIC_0033500,0.760769
ISIC_0010271,0.760587
ISIC_0066506,0.760486
ISIC_0071430,0.76047
ISIC_0070784,0.76046
ISIC_0000277,0.76027
ISIC_0232101,0.760223
ISIC_4554381,0.75956
ISIC_0502582,0.759323
ISIC_0011996,0.758023
ISIC_0011434,0.757755
ISIC_0009905,0.757302
ISIC_0033605,0.757058
ISIC_0065521,0.756992
ISIC_0027101,0.755643
ISIC_9797578,0.754731
ISIC_0011529,0.754644
ISIC_7171090,0.754618
ISIC_0013243,0.754179
ISIC_0062525,0.753095
ISIC_0001138,0.752814
ISIC_5406677,0.752612
ISIC_9870885,0.752321
ISIC_0025812,0.752146
ISIC_0061188,0.751857
ISIC_0010255,0.751419
ISIC_0055513,0.751401
ISIC_9751013,0.751195
ISIC_6653311,0.751005
ISIC_0054954,0.750061
ISIC_4084359,0.749646
ISIC_0072252,0.749458
ISIC_0029744,0.749435
ISIC_0011403,0.749406
ISIC_0059052,0.749388
ISIC_0031248,0.749164
ISIC_0953317,0.748823
ISIC_0033007,0.748778
ISIC_0029363,0.747322
ISIC_0016161,0.745859
ISIC_0205127,0.745612
ISIC_8325260,0.745559
ISIC_0029453,0.745307
ISIC_0028082,0.744167
ISIC_8263489,0.743581
ISIC_0064907,0.742965
ISIC_0033119,0.742796
ISIC_0053763,0.741989
ISIC_0032248,0.741785
ISIC_2349994,0.740899
ISIC_0034202,0.74082
ISIC_0030575,0.74053
ISIC_0056192,0.740427
ISIC_0067418,0.740326
ISIC_5067317,0.740296
ISIC_0057949,0.73996
ISIC_0010131,0.739932
ISIC_0032903,0.73992
ISIC_0028410,0.739807
ISIC_6633906,0.7397
ISIC_4811165,0.739371
ISIC_0000535,0.739016
ISIC_0000042,0.738597
ISIC_5234605,0.737999
ISIC_0000550,0.737953
ISIC_8617277,0.73714
ISIC_0068924,0.736437
ISIC_7423852,0.735858
ISIC_1605945,0.735703
ISIC_0068616,0.73567
ISIC_0059897,0.735344
ISIC_9513918,0.735146
ISIC_7415335,0.734833
ISIC_5170766,0.734403
ISIC_0034173,0.734311
ISIC_0027126,0.73402
ISIC_0773096,0.734013
ISIC_9881460,0.733928
ISIC_0033037,0.733861
ISIC_0027067,0.73375
ISIC_0046900,0.733749
ISIC_0032624,0.733402
ISIC_0011869,0.733233
ISIC_4451735,0.733229
ISIC_0072292,0.733218
ISIC_0028543,0.733021
ISIC_0031501,0.732757
ISIC_3428523,0.732689
ISIC_9690263,0.732669
ISIC_4708642,0.732439
ISIC_0031013,0.73223
ISIC_0010729,0.731989
ISIC_0032047,0.731905
ISIC_0011947,0.730759
ISIC_1957685,0.730428
ISIC_6712342,0.730381
ISIC_0000520,0.730194
ISIC_0212774,0.730193
ISIC_0010409,0.728672
ISIC_0010319,0.728609
ISIC_0033524,0.728431
ISIC_0033412,0.728223
ISIC_0060829,0.727865
ISIC_0029686,0.727756
ISIC_0055048,0.727308
ISIC_0058661,0.727275
ISIC_4081632,0.726667
ISIC_0067127,0.726615
ISIC_0033956,0.726613
ISIC_4371210,0.726446
ISIC_7161002,0.726425
ISIC_0025791,0.725995
ISIC_1805602,0.725718
ISIC_0029441,0.72547
ISIC_0000167,0.725238
ISIC_1761083,0.72521
ISIC_0011702,0.724631
ISIC_0026475,0.724353
ISIC_0062099,0.724258
ISIC_0013427,0.723977
ISIC_0032810,0.723893
ISIC_0254447,0.723887
ISIC_5410481,0.723438
ISIC_0061625,0.723167
ISIC_0001135,0.722924
ISIC_2799447,0.7224
ISIC_6125358,0.721704
ISIC_0065823,0.721691
ISIC_0033696,0.72124
ISIC_0032095,0.721055
ISIC_7334117,0.72085
ISIC_5581931,0.720691
ISIC_1983754,0.720676
ISIC_0028230,0.720547
ISIC_5877410,0.720424
ISIC_8527737,0.719705
ISIC_0032426,0.719582
ISIC_0031958,0.719512
ISIC_0033016,0.719349
ISIC_0057371,0.718977
ISIC_0030774,0.718948
ISIC_0029914,0.718839
ISIC_0030657,0.718838
ISIC_0027187,0.71883
ISIC_0054073,0.718122
ISIC_0063241,0.717607
ISIC_0013617,0.717449
ISIC_0067805,0.717107
ISIC_0031074,0.716957
ISIC_0002639,0.716706
ISIC_0027798,0.716392
ISIC_0031310,0.716362
ISIC_0010061,0.716096
ISIC_0068107,0.715535
ISIC_0026204,0.715491
ISIC_0015133,0.715398
ISIC_0024987,0.714699
ISIC_0011030,0.714623
ISIC_0059905,0.714438
ISIC_0029050,0.714117
ISIC_6733338,0.714003
ISIC_0027673,0.713918
ISIC_0011349,0.713676
ISIC_0009894,0.713359
ISIC_0000171,0.713227
ISIC_0026281,0.712699
ISIC_0000150,0.712683
ISIC_0064925,0.712526
ISIC_0027721,0.71218
ISIC_0030901,0.71215
ISIC_0072441,0.71116
ISIC_0032736,0.710972
ISIC_0055013,0.710404
ISIC_0781380,0.709149
ISIC_0021713,0.70874
ISIC_0069743,0.708662
ISIC_0065394,0.70817
ISIC_0420249,0.707691
ISIC_5204796,0.707274
ISIC_0025458,0.707257
ISIC_0032509,0.706958
ISIC_0000030,0.706934
ISIC_0010942,0.706473
ISIC_4505178,0.706456
ISIC_0011506,0.705939
ISIC_0063692,0.705154
ISIC_0033856,0.704885
ISIC_3591332,0.704448
ISIC_2670619,0.704139
ISIC_0010174,0.703761
ISIC_0034141,0.703616
ISIC_0000146,0.703474
ISIC_0032687,0.703347
ISIC_0027872,0.703195
ISIC_0014110,0.703146
ISIC_0065766,0.702932
ISIC_6324832,0.702873
ISIC_0257447,0.702265
ISIC_3370062,0.702231
ISIC_0061848,0.70216
ISIC_0058040,0.702155
ISIC_9130157,0.702074
ISIC_0070136,0.701347
ISIC_4728968,0.701321
ISIC_0057313,0.701287
ISIC_0030981,0.700667
ISIC_0068798,0.699986
ISIC_0033168,0.699799
ISIC_5164416,0.699388
ISIC_1632313,0.699204
ISIC_9785077,0.699196
ISIC_0071471,0.699078
ISIC_0046340,0.698833
ISIC_4182801,0.698812
ISIC_0054364,0.698803
ISIC_0011315,0.69838
ISIC_0030356,0.698156
ISIC_1034397,0.697887
ISIC_0060033,0.697502
ISIC_9382494,0.697239
ISIC_0029214,0.696942
ISIC_0069192,0.696494
ISIC_7928137,0.696416
ISIC_0072041,0.696407
ISIC_0024529,0.69627
ISIC_0072375,0.695811
ISIC_0032130,0.695412
ISIC_3610783,0.695368
ISIC_0063981,0.694724
ISIC_0016085,0.694597
ISIC_0033725,0.694582
ISIC_1850196,0.69413
ISIC_0029478,0.69293
ISIC_0015136,0.692862
ISIC_0025683,0.692814
ISIC_0030101,0.69264
ISIC_0032637,0.691523
ISIC_0064125,0.691366
ISIC_0008431,0.691201
ISIC_2882945,0.690594
ISIC_0032638,0.689791
ISIC_7137773,0.689776
ISIC_6227397,0.689666
ISIC_0060266,0.689159
ISIC_0032400,0.68914
ISIC_0056127,0.689112
ISIC_0068897,0.68902
ISIC_0024929,0.688219
ISIC_0070422,0.688085
ISIC_0010265,0.68742
ISIC_0070860,0.687334
ISIC_0061067,0.68683
ISIC_0027472,0.686795
ISIC_9219692,0.686368
ISIC_0054422,0.686314
ISIC_0033806,0.686193
ISIC_0064026,0.686
ISIC_9806131,0.68595
ISIC_0061183,0.6856
ISIC_0015167,0.685525
ISIC_0055781,0.684765
ISIC_8866896,0.684662
ISIC_0011700,0.684659
ISIC_5223280,0.684622
ISIC_0029481,0.684095
ISIC_0033071,0.683513
ISIC_0026239,0.683376
ISIC_2222091,0.683324
ISIC_0071826,0.683286
ISIC_8224270,0.682444
ISIC_0014666,0.682321
ISIC_0029513,0.682243
ISIC_0070051,0.682215
ISIC_0033206,0.682194
ISIC_0000283,0.68205
ISIC_2843983,0.681916
ISIC_5396394,0.681554
ISIC_0059368,0.681187
ISIC_0032504,0.68087
ISIC_0070412,0.680193
ISIC_0064625,0.679904
ISIC_0013411,0.679788
ISIC_0064563,0.679693
ISIC_0024306,0.679566
ISIC_0027561,0.679306
ISIC_0070852,0.679164
ISIC_0026103,0.679078
ISIC_0031397,0.678981
ISIC_0011517,0.678795
ISIC_0178370,0.678299
ISIC_0010376,0.678065
ISIC_0070432,0.678026
ISIC_0031972,0.677928
ISIC_8513112,0.677395
ISIC_0024298,0.676966
ISIC_0000507,0.676685
ISIC_0028488,0.676163
ISIC_0030183,0.676079
ISIC_0010597,0.675876
ISIC_0057892,0.675553
ISIC_0000310,0.674963
ISIC_0060979,0.673771
ISIC_0015208,0.673476
ISIC_0072215,0.673408
ISIC_0047022,0.672888
ISIC_5747486,0.672376
ISIC_0030150,0.671758
ISIC_0033977,0.67168
ISIC_6208508,0.671545
ISIC_0011381,0.671189
ISIC_6666329,0.670758
ISIC_0031018,0.670717
ISIC_0025832,0.670122
ISIC_3343475,0.669955
ISIC_6093728,0.669905
ISIC_0056983,0.669492
ISIC_0028031,0.669432
ISIC_0032089,0.669082
ISIC_4303228,0.668898
ISIC_0034304,0.668871
ISIC_0000303,0.668504
ISIC_0014108,0.668028
ISIC_8172822,0.667867
ISIC_0027060,0.667656
ISIC_5459256,0.667432
ISIC_0054886,0.667359
ISIC_5369000,0.667282
ISIC_0011500,0.667028
ISIC_0026244,0.666525
ISIC_1496194,0.666365
ISIC_0061479,0.666307
ISIC_0247330,0.665593
ISIC_0070046,0.665523
ISIC_0061379,0.665462
ISIC_2432848,0.665452
ISIC_0012025,0.664631
ISIC_0064014,0.664478
ISIC_0015200,0.66425
ISIC_0010400,0.664212
ISIC_7167811,0.664091
ISIC_0000445,0.663814
ISIC_0025796,0.663519
ISIC_0033533,0.663503
ISIC_0053816,0.663438
ISIC_1140410,0.66289
ISIC_0034074,0.662722
ISIC_0059707,0.662713
ISIC_0030916,0.662051
ISIC_0072564,0.660941
ISIC_0024310,0.66065
ISIC_0057913,0.66046
ISIC_4960406,0.660265
ISIC_0055240,0.660083
ISIC_0030833,0.660032
ISIC_0061066,0.65984
ISIC_3193774,0.659089
ISIC_0001149,0.658912
ISIC_0010068,0.658685
ISIC_3837132,0.658661
ISIC_0067601,0.658327
ISIC_0000179,0.657606
ISIC_0026853,0.657474
ISIC_0068246,0.65741
ISIC_0032149,0.657101
ISIC_0004789,0.656909
ISIC_0033512,0.65681
ISIC_6613150,0.656723
ISIC_0030194,0.656688
ISIC_0067985,0.656616
ISIC_0367225,0.656189
ISIC_0024675,0.656089
ISIC_0031155,0.655957
ISIC_0032684,0.655843
ISIC_0015166,0.65574
ISIC_0010242,0.655552
ISIC_6668093,0.654714
ISIC_0030219,0.654382
ISIC_5642824,0.654266
ISIC_0058206,0.654066
ISIC_0032699,0.653928
ISIC_5498202,0.653486
ISIC_0000541,0.653449
ISIC_0025391,0.653399
ISIC_3395488,0.652992
ISIC_0013501,0.652759
ISIC_0015109,0.652628
ISIC_7412559,0.651967
ISIC_0033678,0.651889
ISIC_0033562,0.650741
ISIC_0010426,0.650291
ISIC_0030110,0.650289
ISIC_2106823,0.649203
ISIC_0060975,0.64914
ISIC_0026868,0.648993
ISIC_6561111,0.648883
ISIC_0027764,0.648184
ISIC_0070666,0.648021
ISIC_0060403,0.647935
ISIC_0058649,0.647545
ISIC_2259861,0.647525
ISIC_0034217,0.647463
ISIC_0024507,0.647348
ISIC_3651451,0.646845
ISIC_0025217,0.646816
ISIC_0014325,0.646427
ISIC_0066739,0.646366
ISIC_0238570,0.646352
ISIC_0058513,0.646228
ISIC_0028297,0.646217
ISIC_5097947,0.645581
ISIC_0055820,0.645331
ISIC_0034180,0.645255
ISIC_1323048,0.64509
ISIC_7482149,0.64478
ISIC_0057016,0.644777
ISIC_0030211,0.644731
ISIC_8866651,0.644666
ISIC_0068299,0.644588
ISIC_0013977,0.64429
ISIC_0025748,0.644264
ISIC_0011863,0.644192
ISIC_0028528,0.644046
ISIC_7788318,0.643911
ISIC_0014151,0.643779
ISIC_9630931,0.643704
ISIC_0033099,0.643615
ISIC_0026659,0.643611
ISIC_0059626,0.643554
ISIC_0028505,0.643526
ISIC_2769292,0.643457
ISIC_3597812,0.643147
ISIC_7302456,0.643136
ISIC_0027076,0.642694
ISIC_0064006,0.642607
ISIC_0034313,0.642283
ISIC_0033492,0.642262
ISIC_8969883,0.642148
ISIC_0010629,0.641638
ISIC_0029572,0.641362
ISIC_0026993,0.64135
ISIC_6639094,0.641299
ISIC_5284935,0.641067
ISIC_8918703,0.640997
ISIC_1472731,0.64094
ISIC_0033374,0.640766
ISIC_0072377,0.639834
ISIC_0032993,0.639489
ISIC_0064107,0.639395
ISIC_4108397,0.638796
ISIC_5546806,0.638769
ISIC_0026545,0.638736
ISIC_3069695,0.638726
ISIC_7980339,0.637736
ISIC_9028997,0.637535
ISIC_0025766,0.637315
ISIC_7960321,0.636932
ISIC_0056692,0.636826
ISIC_0064943,0.636764
ISIC_0057484,0.636628
ISIC_0032671,0.636365
ISIC_0025814,0.636037
ISIC_0032629,0.635949
ISIC_0046659,0.635068
ISIC_8133350,0.634879
ISIC_1948545,0.634824
ISIC_0064033,0.634365
ISIC_0024652,0.634291
ISIC_0046618,0.634121
ISIC_0010050,0.633483
ISIC_1977265,0.633381
ISIC_0026746,0.632838
ISIC_0055491,0.632758
ISIC_5581297,0.632581
ISIC_0014912,0.632486
ISIC_6512653,0.632196
ISIC_0058303,0.631742
ISIC_0024266,0.631262
ISIC_3800974,0.63122
ISIC_0067417,0.630469
ISIC_0061418,0.630053
ISIC_0056860,0.629279
ISIC_3578186,0.628628
ISIC_0031763,0.628381
ISIC_0011704,0.628037
ISIC_0033325,0.627582
ISIC_8843901,0.627577
ISIC_0066033,0.627405
ISIC_3979826,0.627374
ISIC_0046828,0.626263
ISIC_0064284,0.626142
ISIC_0000469,0.626057
ISIC_0011995,0.625929
ISIC_5921777,0.625902
ISIC_0069995,0.625674
ISIC_0000440,0.625545
ISIC_0001832,0.625335
ISIC_0026360,0.625127
ISIC_8468512,0.624906
ISIC_0069167,0.624801
ISIC_0011642,0.624719
ISIC_8737794,0.624581
ISIC_0063516,0.623993
ISIC_0064875,0.623809
ISIC_0026266,0.623386
ISIC_0064095,0.623243
ISIC_2175855,0.62321
ISIC_0001152,0.622956
ISIC_0034090,0.622428
ISIC_0069351,0.622368
ISIC_0033258,0.622301
ISIC_0027696,0.622255
ISIC_0000240,0.622014
ISIC_2987579,0.621963
ISIC_6937905,0.621888
ISIC_0029937,0.621513
ISIC_5747942,0.620954
ISIC_0032602,0.620631
ISIC_0014973,0.620559
ISIC_0000002,0.620128
ISIC_0000174,0.620092
ISIC_5580000,0.619259
ISIC_0030119,0.619028
ISIC_0058177,0.618987
ISIC_2341100,0.618833
ISIC_6450034,0.618815
ISIC_0055282,0.618207
ISIC_0054444,0.61806
ISIC_3568218,0.617994
ISIC_0055797,0.617752
ISIC_0528044,0.617685
ISIC_0067798,0.617612
ISIC_0011276,0.617568
ISIC_0059412,0.617396
ISIC_0001102,0.617287
ISIC_5971591,0.617082
ISIC_0031529,0.616129
ISIC_0029353,0.615586
ISIC_0062058,0.614743
ISIC_0010909,0.614633
ISIC_0028207,0.614483
ISIC_0011398,0.614325
ISIC_0028211,0.614283
ISIC_0055251,0.613957
ISIC_0068744,0.613945
ISIC_0061334,0.613935
ISIC_0073173,0.613612
ISIC_0030898,0.613473
ISIC_0011780,0.613251
ISIC_8184471,0.613195
ISIC_0064261,0.612922
ISIC_0032244,0.61273
ISIC_5952650,0.612523
ISIC_7186677,0.612315
ISIC_2642742,0.612201
ISIC_0024417,0.612097
ISIC_0032072,0.612004
ISIC_0899961,0.611762
ISIC_0033180,0.610995
ISIC_9958062,0.610553
ISIC_2916754,0.610219
ISIC_7867077,0.610169
ISIC_0031482,0.610072
ISIC_3382231,0.609655
ISIC_9059311,0.609136
ISIC_3686329,0.608474
ISIC_0033336,0.608223
ISIC_8659639,0.608034
ISIC_6089318,0.607578
ISIC_2565206,0.607401
ISIC_5239856,0.607364
ISIC_9498942,0.607347
ISIC_2513018,0.607268
ISIC_8024841,0.606895
ISIC_0033893,0.606477
ISIC_3272999,0.606364
ISIC_2214766,0.606256
ISIC_0067804,0.606023
ISIC_0055776,0.605729
ISIC_0029716,0.605597
ISIC_6297317,0.605138
ISIC_4103653,0.604923
ISIC_5934239,0.604913
ISIC_6714082,0.604859
ISIC_0057997,0.60471
ISIC_0025186,0.604467
ISIC_0031611,0.604316
ISIC_0065537,0.604208
ISIC_0070092,0.604178
ISIC_0010580,0.604101
ISIC_0029081,0.603809
ISIC_5843614,0.60295
ISIC_0066798,0.602542
ISIC_0069595,0.602341
ISIC_8320640,0.602142
ISIC_4680417,0.601646
ISIC_0638889,0.60155
ISIC_0033068,0.601284
ISIC_6531118,0.600254
ISIC_0054652,0.599957
ISIC_0064589,0.59991
ISIC_0059855,0.599549
ISIC_0062547,0.599338
ISIC_3799267,0.599262
ISIC_2682861,0.599097
ISIC_0059341,0.599018
ISIC_5315062,0.598791
ISIC_0073115,0.598662
ISIC_0013530,0.598462
ISIC_9465061,0.597915
ISIC_8911683,0.597581
ISIC_3663705,0.597545
ISIC_9720518,0.597457
ISIC_0024718,0.597452
ISIC_7507286,0.597371
ISIC_0028898,0.597049
ISIC_3446357,0.596935
ISIC_1384527,0.596363
ISIC_0031337,0.596293
ISIC_0070313,0.596208
ISIC_0065918,0.595584
ISIC_0030089,0.595283
ISIC_0032630,0.594808
ISIC_6127074,0.594805
ISIC_4116224,0.59428
ISIC_1784255,0.593998
ISIC_0030404,0.593723
ISIC_0030423,0.593452
ISIC_0030824,0.593205
ISIC_0011496,0.593175
ISIC_0033985,0.592687
ISIC_0067412,0.592243
ISIC_0058906,0.591837
ISIC_4933735,0.591489
ISIC_0067564,0.5913
ISIC_0024512,0.591046
ISIC_5005869,0.590766
ISIC_0031741,0.590765
ISIC_9699426,0.590742
ISIC_0032204,0.590724
ISIC_6449065,0.590492
ISIC_2337650,0.590052
ISIC_4433832,0.589983
ISIC_0072601,0.589869
ISIC_4985027,0.58935
ISIC_0010724,0.589167
ISIC_6101007,0.589
ISIC_0029736,0.588964
ISIC_0014766,0.588938
ISIC_0025464,0.588859
ISIC_0026352,0.58842
ISIC_5081382,0.58835
ISIC_0033304,0.587879
ISIC_5324623,0.587336
ISIC_0000533,0.587171
ISIC_0024258,0.586829
ISIC_0063958,0.586735
ISIC_0055136,0.586726
ISIC_7984569,0.586286
ISIC_0034242,0.586164
ISIC_0011095,0.586024
ISIC_7888517,0.585645
ISIC_0504730,0.584531
ISIC_0031671,0.584168
ISIC_3850432,0.584042
ISIC_0071778,0.583467
ISIC_0028069,0.583197
ISIC_0056466,0.583149
ISIC_0054006,0.58289
ISIC_6547707,0.582793
ISIC_0001104,0.582656
ISIC_5868291,0.582508
ISIC_0624498,0.582329
ISIC_0011958,0.582131
ISIC_0030932,0.581962
ISIC_0028126,0.581907
ISIC_0024732,0.581418
ISIC_0024265,0.581096
ISIC_3207651,0.581002
ISIC_0058125,0.580831
ISIC_0058408,0.58069
ISIC_0058607,0.580652
ISIC_0059925,0.580233
ISIC_0025165,0.580167
ISIC_0032723,0.580007
ISIC_0027627,0.579826
ISIC_0990298,0.57982
ISIC_0032784,0.57943
ISIC_0028984,0.579101
ISIC_0033885,0.578697
ISIC_0054941,0.578583
ISIC_0011471,0.578148
ISIC_0029740,0.577316
ISIC_2807121,0.577007
ISIC_0062762,0.576877
ISIC_0065535,0.576573
ISIC_0066114,0.576519
ISIC_1818238,0.575746
ISIC_1897507,0.575055
ISIC_0060897,0.575027
ISIC_0027247,0.574505
ISIC_8789051,0.574241
ISIC_1807276,0.574201
ISIC_0046773,0.574087
ISIC_0054233,0.573937
ISIC_0046670,0.57373
ISIC_9193127,0.572308
ISIC_0066952,0.572284
ISIC_0028087,0.571394
ISIC_4568425,0.57128
ISIC_7292983,0.570902
ISIC_7077047,0.570807
ISIC_8197240,0.570479
ISIC_0033428,0.570079
ISIC_8073555,0.569701
ISIC_0031278,0.569617
ISIC_0066358,0.569329
ISIC_0033171,0.569253
ISIC_0029574,0.569006
ISIC_0822238,0.568677
ISIC_0027749,0.567014
ISIC_0055086,0.566856
ISIC_8274622,0.566664
ISIC_0033911,0.566635
ISIC_0026398,0.566621
ISIC_0072893,0.565469
ISIC_6982386,0.565204
ISIC_0060148,0.565203
ISIC_0012512,0.564878
ISIC_0011698,0.564606
ISIC_0025305,0.5645
ISIC_0022328,0.564473
ISIC_0024961,0.563998
ISIC_0744870,0.563971
ISIC_6990973,0.563731
ISIC_0034253,0.563666
ISIC_8689112,0.563236
ISIC_5048571,0.563179
ISIC_0011099,0.562526
ISIC_0069891,0.562525
ISIC_8120622,0.561746
ISIC_0061516,0.561314
ISIC_0067326,0.560989
ISIC_6126554,0.560888
ISIC_0027928,0.560839
ISIC_0061829,0.560667
ISIC_0030994,0.560374
ISIC_0024268,0.560347
ISIC_9121369,0.56034
ISIC_0033464,0.560187
ISIC_0011695,0.560183
ISIC_0067565,0.559671
ISIC_0032462,0.559621
ISIC_0013588,0.559303
ISIC_7400458,0.558989
ISIC_1722909,0.55863
ISIC_0057481,0.558464
ISIC_1793624,0.558416
ISIC_6983970,0.558414
ISIC_0063026,0.558409
ISIC_0028412,0.558299
ISIC_0067873,0.558293
ISIC_0061581,0.558204
ISIC_5031549,0.558111
ISIC_0033947,0.55792
ISIC_5634573,0.557832
ISIC_0027171,0.557604
ISIC_0011895,0.556794
ISIC_0014903,0.556663
ISIC_1306790,0.556593
ISIC_7738955,0.55651
ISIC_5148474,0.556311
ISIC_0013678,0.556301
ISIC_0010103,0.556157
ISIC_0063061,0.556047
ISIC_0071586,0.555669
ISIC_0033319,0.555399
ISIC_6745554,0.555328
ISIC_0006181,0.555288
ISIC_0011868,0.555093
ISIC_0001111,0.554935
ISIC_0011446,0.554861
ISIC_0068217,0.554571
ISIC_0055253,0.554467
ISIC_8007849,0.554457
ISIC_0070017,0.554386
ISIC_0010860,0.554003
ISIC_0060848,0.55391
ISIC_0034140,0.553668
ISIC_4613437,0.553643
ISIC_8153123,0.5534
ISIC_0034068,0.552792
ISIC_0030047,0.552626
ISIC_0069087,0.552472
ISIC_0058035,0.552464
ISIC_0024315,0.552109
ISIC_6517663,0.551923
ISIC_0062223,0.551802
ISIC_7820005,0.551557
ISIC_9780632,0.55113
ISIC_0054982,0.551109
ISIC_0072559,0.550742
ISIC_8175453,0.550415
ISIC_3016754,0.550377
ISIC_4326917,0.549687
ISIC_4482610,0.549587
ISIC_7740023,0.549338
ISIC_0034207,0.548264
ISIC_0032907,0.547805
ISIC_3205354,0.547644
ISIC_0073043,0.547232
ISIC_0000346,0.547108
ISIC_8082988,0.546885
ISIC_0071568,0.546691
ISIC_0057978,0.546414
ISIC_5278307,0.545977
ISIC_9286292,0.545748
ISIC_6517852,0.545501
ISIC_0033025,0.545368
ISIC_0031926,0.545165
ISIC_4918571,0.544906
ISIC_8282404,0.544698
ISIC_0033630,0.544683
ISIC_0059065,0.544403
ISIC_8654660,0.54431
ISIC_0011858,0.544291
ISIC_0055783,0.54411
ISIC_2844539,0.544028
ISIC_5298216,0.543777
ISIC_4193253,0.543436
ISIC_0032190,0.5434
ISIC_8419663,0.54338
ISIC_0033845,0.54335
ISIC_0069273,0.543324
ISIC_0055361,0.542855
ISIC_0029803,0.542571
ISIC_0033905,0.542339
ISIC_7017547,0.542074
ISIC_0010382,0.541748
ISIC_7935462,0.541747
ISIC_8027899,0.541656
ISIC_9860895,0.541365
ISIC_0066382,0.541304
ISIC_0028075,0.541116
ISIC_1955991,0.540975
ISIC_5377237,0.54086
ISIC_3608788,0.540837
ISIC_0005239,0.540282
ISIC_4673648,0.540113
ISIC_0011692,0.539968
ISIC_0034256,0.539786
ISIC_0028929,0.53946
ISIC_0072171,0.539442
ISIC_7740744,0.539129
ISIC_0028584,0.539037
ISIC_9803747,0.539006
ISIC_3485583,0.539005
ISIC_0029571,0.53875
ISIC_3947143,0.538662
ISIC_0055714,0.538198
ISIC_0068176,0.537851
ISIC_0070961,0.537274
ISIC_0034120,0.537255
ISIC_0032532,0.537129
ISIC_0025520,0.536977
ISIC_0028422,0.536493
ISIC_4624973,0.536417
ISIC_0026314,0.536204
ISIC_3763984,0.536101
ISIC_4699066,0.5361
ISIC_0034052,0.535933
ISIC_0069705,0.535833
ISIC_0060978,0.53553
ISIC_2054066,0.53528
ISIC_0061475,0.535021
ISIC_0026671,0.534175
ISIC_0066783,0.534057
ISIC_0057692,0.533973
ISIC_2215276,0.533972
ISIC_0026120,0.533734
ISIC_0015245,0.533649
ISIC_2945891,0.533618
ISIC_0054523,0.533608
ISIC_0024656,0.533487
ISIC_0708542,0.533342
ISIC_0064307,0.533157
ISIC_2311665,0.53307
ISIC_6625102,0.532901
ISIC_1146341,0.532793
ISIC_3179296,0.532445
ISIC_5552381,0.532346
ISIC_8551124,0.531936
ISIC_0029651,0.531583
ISIC_0033752,0.531122
ISIC_5150200,0.530728
ISIC_0034022,0.530481
ISIC_6440229,0.530316
ISIC_0029163,0.530202
ISIC_3384884,0.529775
ISIC_0032836,0.529688
ISIC_7662910,0.529617
ISIC_0030951,0.529452
ISIC_7162711,0.529445
ISIC_0070215,0.52907
ISIC_0025897,0.528749
ISIC_0062575,0.528517
ISIC_0034239,0.52784
ISIC_0010664,0.527724
ISIC_6692344,0.527519
ISIC_3933658,0.526999
ISIC_0058647,0.526035
ISIC_0068215,0.525849
ISIC_8664718,0.525342
ISIC_9142919,0.52512
ISIC_2008230,0.524948
ISIC_4732684,0.524523
ISIC_0066012,0.524276
ISIC_0030333,0.523944
ISIC_9354604,0.52387
ISIC_0015035,0.523783
ISIC_0000294,0.523291
ISIC_5367118,0.522936
ISIC_6672654,0.522415
ISIC_0064010,0.522279
ISIC_0072136,0.521808
ISIC_0032197,0.521675
ISIC_0024229,0.521584
ISIC_2310935,0.521148
ISIC_0062087,0.521142
ISIC_0011114,0.520787
ISIC_0029094,0.520722
ISIC_0025409,0.519271
ISIC_0033902,0.518643
ISIC_2937642,0.518613
ISIC_0033664,0.518591
ISIC_0033830,0.518478
ISIC_0055311,0.518406
ISIC_0061559,0.518146
ISIC_9223156,0.518144
ISIC_0072576,0.518127
ISIC_0034061,0.518073
ISIC_0053513,0.51805
ISIC_0055179,0.518015
ISIC_0010611,0.517661
ISIC_0033594,0.517317
ISIC_0068633,0.516323
ISIC_5623973,0.516116
ISIC_0060934,0.515788
ISIC_0027867,0.515329
ISIC_8249854,0.515119
ISIC_0056937,0.515029
ISIC_0011370,0.514948
ISIC_0059547,0.514873
ISIC_0054963,0.51453
ISIC_9611100,0.514422
ISIC_0064798,0.514197
ISIC_0034089,0.514114
ISIC_5481211,0.514025
ISIC_3251773,0.513987
ISIC_0024235,0.513639
ISIC_7824688,0.51338
ISIC_0016092,0.512956
ISIC_8733345,0.512764
ISIC_0066430,0.512666
ISIC_0064785,0.512445
ISIC_0000163,0.512279
ISIC_5325805,0.511727
ISIC_0010886,0.511442
ISIC_0067097,0.511418
ISIC_0013457,0.511379
ISIC_0054728,0.511104
ISIC_6785680,0.51109
ISIC_9786863,0.510845
ISIC_5233226,0.510588
ISIC_0033534,0.510474
ISIC_0067274,0.510165
ISIC_6995731,0.509435
ISIC_5787517,0.509234
ISIC_0000459,0.508499
ISIC_0034236,0.50827
ISIC_0032672,0.506785
ISIC_0070888,0.506775
ISIC_0064393,0.506683
ISIC_0054936,0.506589
ISIC_0064066,0.506204
ISIC_0061252,0.505479
ISIC_6856140,0.505239
ISIC_0032759,0.505193
ISIC_6310591,0.505151
ISIC_3313317,0.504766
ISIC_2768787,0.50441
ISIC_7539727,0.503721
ISIC_7545432,0.503721
ISIC_4619903,0.503716
ISIC_0072976,0.503687
ISIC_4765919,0.503608
ISIC_0060380,0.503213
ISIC_0059609,0.502091
ISIC_0067318,0.501663
ISIC_0025139,0.501659
ISIC_0065513,0.501327
ISIC_0063300,0.500891
ISIC_0024701,0.500806
ISIC_0027155,0.500724
ISIC_0029660,0.50012
ISIC_0068727,0.500062
ISIC_0033520,0.499606
ISIC_0070351,0.499119
ISIC_0055924,0.498973
ISIC_0055680,0.498891
ISIC_8630818,0.498346
ISIC_0000553,0.498264
ISIC_0003767,0.498175
ISIC_3824206,0.497988
ISIC_7032028,0.497935
ISIC_0033472,0.497834
ISIC_3916064,0.497734
ISIC_0031204,0.497693
ISIC_4652186,0.497269
ISIC_0000172,0.497142
ISIC_7138875,0.497103
ISIC_0011648,0.496714
ISIC_0065525,0.496688
ISIC_0062869,0.495793
ISIC_0014027,0.495704
ISIC_9626843,0.495518
ISIC_0024284,0.495499
ISIC_8684147,0.495361
ISIC_0033995,0.495195
ISIC_7364041,0.494072
ISIC_0000031,0.493928
ISIC_0013258,0.493594
ISIC_7144739,0.49355
ISIC_2664946,0.493512
ISIC_6780901,0.493375
ISIC_0067695,0.493369
ISIC_0030342,0.492097
ISIC_0033636,0.491726
ISIC_9605122,0.491429
ISIC_0046351,0.491407
ISIC_0014013,0.49096
ISIC_0026910,0.490581
ISIC_0028361,0.489437
ISIC_0068905,0.489095
ISIC_9099430,0.488997
ISIC_7365615,0.488995
ISIC_2809019,0.488622
ISIC_0012708,0.488559
ISIC_0059686,0.488314
ISIC_7621389,0.48775
ISIC_0066784,0.487681
ISIC_2410736,0.48741
ISIC_6225409,0.486549
ISIC_0027436,0.486247
ISIC_0033771,0.486179
ISIC_0070814,0.48615
ISIC_6688311,0.486079
ISIC_0033819,0.486
ISIC_5347727,0.485951
ISIC_0030784,0.48578
ISIC_0011730,0.485607
ISIC_8011058,0.485398
ISIC_0070419,0.485115
ISIC_0021442,0.484629
ISIC_9406755,0.484561
ISIC_4153542,0.484334
ISIC_0010940,0.483665
ISIC_0005639,0.483626
ISIC_0062298,0.483611
ISIC_2021321,0.483608
ISIC_0070588,0.483251
ISIC_0068239,0.483107
ISIC_0951519,0.481987
ISIC_0032033,0.481799
ISIC_0029729,0.481784
ISIC_0066733,0.481714
ISIC_0026470,0.481519
ISIC_0062468,0.48124
ISIC_0065775,0.481179
ISIC_0010742,0.481157
ISIC_2470790,0.48094
ISIC_0031517,0.480599
ISIC_2545299,0.480155
ISIC_7312551,0.479994
ISIC_0000466,0.479753
ISIC_0029508,0.479497
ISIC_0066314,0.479213
ISIC_0058164,0.479109
ISIC_9337570,0.479023
ISIC_0010782,0.478739
ISIC_0032988,0.478662
ISIC_3166276,0.478565
ISIC_4243283,0.478553
ISIC_2937407,0.478473
ISIC_2528656,0.478163
ISIC_6132976,0.478051
ISIC_0065421,0.47794
ISIC_0056501,0.477806
ISIC_0941085,0.477712
ISIC_0027411,0.477461
ISIC_0055440,0.477281
ISIC_0013473,0.477168
ISIC_0067521,0.476893
ISIC_5994286,0.476846
ISIC_0025169,0.476769
ISIC_7822725,0.476519
ISIC_7885531,0.476386
ISIC_3478437,0.476362
ISIC_9865097,0.476185
ISIC_3448630,0.476114
ISIC_0025324,0.475487
ISIC_1732527,0.475433
ISIC_0033233,0.475422
ISIC_6381197,0.475199
ISIC_0010209,0.475106
ISIC_3717983,0.475069
ISIC_0010364,0.474754
ISIC_0063544,0.474339
ISIC_0000135,0.474006
ISIC_0030083,0.473847
ISIC_9441572,0.47322
ISIC_5679942,0.472562
ISIC_0026497,0.472368
ISIC_0025835,0.472363
ISIC_0028573,0.471465
ISIC_0033738,0.471427
ISIC_8626909,0.471422
ISIC_0032490,0.471161
ISIC_0070822,0.470899
ISIC_0026166,0.470393
ISIC_0058071,0.470389
ISIC_0054280,0.470376
ISIC_0010934,0.470176
ISIC_9625295,0.469858
ISIC_0000168,0.469755
ISIC_1370142,0.469193
ISIC_8555379,0.46916
ISIC_1359533,0.46897
ISIC_0010923,0.4687
ISIC_0009993,0.468249
ISIC_6670242,0.467933
ISIC_0027234,0.46781
ISIC_5931552,0.467334
ISIC_0062235,0.467199
ISIC_0056817,0.466924
ISIC_0010550,0.466843
ISIC_4713698,0.466503
ISIC_0010175,0.46614
ISIC_0031931,0.466062
ISIC_0054248,0.466025
ISIC_0057048,0.465528
ISIC_0937261,0.465413
ISIC_0032716,0.465364
ISIC_0056186,0.465133
ISIC_5152000,0.465124
ISIC_0010869,0.464729
ISIC_7242312,0.464726
ISIC_7904250,0.464622
ISIC_0032522,0.464052
ISIC_2739547,0.46387
ISIC_0029290,0.463537
ISIC_1858989,0.463384
ISIC_0031015,0.463307
ISIC_0068233,0.463221
ISIC_0056811,0.462425
ISIC_1434141,0.462341
ISIC_0070782,0.462265
ISIC_0058836,0.462156
ISIC_0026655,0.461587
ISIC_6293107,0.461538
ISIC_5938680,0.461182
ISIC_0013801,0.460881
ISIC_0055474,0.460271
ISIC_0025231,0.460259
ISIC_2822718,0.460092
ISIC_8748070,0.45984
ISIC_0069058,0.459508
ISIC_6906476,0.458655
ISIC_4879187,0.458634
ISIC_1870415,0.45861
ISIC_0057244,0.458469
ISIC_0032133,0.458367
ISIC_7172145,0.458264
ISIC_1120654,0.458092
ISIC_0062530,0.45742
ISIC_0031304,0.45716
ISIC_8626787,0.456734
ISIC_0375034,0.456247
ISIC_0031045,0.456099
ISIC_0025582,0.456015
ISIC_0071693,0.455949
ISIC_0013865,0.455934
ISIC_0025619,0.455683
ISIC_8911740,0.455578
ISIC_0011289,0.455456
ISIC_0011987,0.455376
ISIC_0059435,0.455185
ISIC_8579575,0.455022
ISIC_6899527,0.454671
ISIC_0028548,0.45439
ISIC_0028319,0.453734
ISIC_0013073,0.453276
ISIC_5961619,0.45237
ISIC_4536709,0.452191
ISIC_8297563,0.452087
ISIC_3352799,0.451835
ISIC_0053555,0.451803
ISIC_8036175,0.451202
ISIC_0033029,0.45116
ISIC_5980439,0.451062
ISIC_0010094,0.450717
ISIC_6875745,0.450331
ISIC_1758558,0.450244
ISIC_1332766,0.449983
ISIC_0029389,0.449762
ISIC_2245325,0.449643
ISIC_0028129,0.449568
ISIC_0032939,0.449493
ISIC_0944273,0.449423
ISIC_0061077,0.449235
ISIC_0056679,0.448628
ISIC_0063852,0.448465
ISIC_0063748,0.447584
ISIC_0072714,0.447542
ISIC_0059569,0.447274
ISIC_0029531,0.446873
ISIC_0034208,0.446478
ISIC_0013874,0.446296
ISIC_0024307,0.446203
ISIC_0034156,0.446078
ISIC_2904067,0.446073
ISIC_0028081,0.445845
ISIC_0028949,0.445822
ISIC_0000162,0.445584
ISIC_0010442,0.445468
ISIC_0027674,0.445136
ISIC_0025751,0.444744
ISIC_0025127,0.444061
ISIC_3315146,0.443816
ISIC_6062657,0.443634
ISIC_0053485,0.443531
ISIC_0025783,0.443501
ISIC_8340256,0.44337
ISIC_0034162,0.443142
ISIC_2398511,0.443057
ISIC_0033405,0.443051
ISIC_0032690,0.442746
ISIC_1460932,0.442197
ISIC_0030156,0.44176
ISIC_0031941,0.441407
ISIC_0033196,0.441361
ISIC_0010543,0.44119
ISIC_0011435,0.440883
ISIC_5316803,0.440751
ISIC_6723937,0.440343
ISIC_0028910,0.439641
ISIC_2822622,0.439287
ISIC_0057015,0.439229
ISIC_0031835,0.439089
ISIC_0028919,0.438984
ISIC_0001101,0.438775
ISIC_4034244,0.438579
ISIC_0065539,0.438338
ISIC_4527661,0.437543
ISIC_0053765,0.437437
ISIC_0033384,0.437247
ISIC_0015241,0.436853
ISIC_6430210,0.436721
ISIC_7513677,0.436058
ISIC_3019509,0.435456
ISIC_0027271,0.434934
ISIC_1685962,0.434569
ISIC_4732241,0.43393
ISIC_0063151,0.433532
ISIC_0029078,0.433486
ISIC_0055450,0.433475
ISIC_0062712,0.433451
ISIC_0067667,0.433298
ISIC_0034159,0.432719
ISIC_8566006,0.43254
ISIC_0072703,0.432534
ISIC_0033055,0.432401
ISIC_0033643,0.432205
ISIC_2208006,0.432139
ISIC_2006783,0.432072
ISIC_8689583,0.431424
ISIC_0068413,0.431395
ISIC_6784593,0.43138
ISIC_5433087,0.430847
ISIC_1501483,0.430847
ISIC_0028944,0.430821
ISIC_6562871,0.429992
ISIC_0034094,0.429897
ISIC_6951506,0.429808
ISIC_9544832,0.429785
ISIC_2430937,0.429355
ISIC_7100755,0.429222
ISIC_0068961,0.429182
ISIC_0062114,0.428742
ISIC_0028915,0.428306
ISIC_0034100,0.428283
ISIC_8393181,0.428274
ISIC_0027248,0.428098
ISIC_0055226,0.42799
ISIC_0056572,0.427902
ISIC_0057307,0.427627
ISIC_0027514,0.427455
ISIC_0026224,0.42728
ISIC_0024380,0.427153
ISIC_0804420,0.426859
ISIC_0059485,0.426715
ISIC_0032320,0.42651
ISIC_0009908,0.426458
ISIC_0031039,0.426298
ISIC_7870290,0.426125
ISIC_0024313,0.425902
ISIC_0011747,0.425283
ISIC_1607865,0.425023
ISIC_0063157,0.42475
ISIC_0058658,0.42419
ISIC_1108204,0.423969
ISIC_9935444,0.423898
ISIC_0011633,0.423569
ISIC_0060321,0.423534
ISIC_0046626,0.423524
ISIC_0060397,0.423497
ISIC_0000413,0.423293
ISIC_0072087,0.423287
ISIC_7104307,0.423226
ISIC_0026930,0.423124
ISIC_0010958,0.423095
ISIC_4411889,0.422504
ISIC_0068166,0.422418
ISIC_0061021,0.422245
ISIC_7586566,0.422056
ISIC_4394524,0.421993
ISIC_8052769,0.421876
ISIC_6694724,0.421055
ISIC_0033287,0.421005
ISIC_0001148,0.420874
ISIC_0032540,0.420525
ISIC_1923467,0.420152
ISIC_0058501,0.420138
ISIC_0071335,0.420029
ISIC_4419686,0.419992
ISIC_0360367,0.419979
ISIC_0071735,0.419939
ISIC_9134566,0.419733
ISIC_0032622,0.419732
ISIC_0027069,0.419695
ISIC_9385996,0.419456
ISIC_0033192,0.41897
ISIC_0054570,0.418426
ISIC_0030255,0.418225
ISIC_0064836,0.418093
ISIC_0070689,0.418006
ISIC_0072828,0.417722
ISIC_5772938,0.417604
ISIC_1585511,0.417471
ISIC_0069933,0.417445
ISIC_4770073,0.41742
ISIC_0031744,0.41689
ISIC_8492957,0.416875
ISIC_7489564,0.416856
ISIC_0054748,0.416759
ISIC_0000164,0.416671
ISIC_5207050,0.416466
ISIC_0032955,0.416442
ISIC_0070585,0.416405
ISIC_3342474,0.416035
ISIC_0262770,0.415492
ISIC_4826449,0.415464
ISIC_0072768,0.41527
ISIC_0253516,0.415241
ISIC_0010533,0.415188
ISIC_0058837,0.415187
ISIC_0034075,0.415177
ISIC_0016139,0.414654
ISIC_1057521,0.41453
ISIC_8629635,0.414519
ISIC_0024892,0.414456
ISIC_0025105,0.414126
ISIC_3632419,0.414066
ISIC_0057656,0.414031
ISIC_0067830,0.413816
ISIC_0000860,0.413743
ISIC_6777714,0.413491
ISIC_2046891,0.413047
ISIC_0011127,0.413045
ISIC_0071532,0.412919
ISIC_0071771,0.412651
ISIC_7959386,0.412306
ISIC_1372928,0.412186
ISIC_4404772,0.412178
ISIC_0000213,0.412131
ISIC_0032425,0.412106
ISIC_0046345,0.411903
ISIC_7301963,0.411589
ISIC_0010630,0.411433
ISIC_0394140,0.410741
ISIC_0000295,0.41058
ISIC_0024607,0.410462
ISIC_7462746,0.410371
ISIC_0024661,0.410141
ISIC_7953039,0.410098
ISIC_0011378,0.410091
ISIC_0069264,0.409667
ISIC_0034311,0.409145
ISIC_0069952,0.409066
ISIC_6634951,0.40906
ISIC_6974830,0.408649
ISIC_0053742,0.408536
ISIC_0000142,0.408523
ISIC_4789784,0.407724
ISIC_0033299,0.40735
ISIC_3942075,0.407323
ISIC_9402324,0.407197
ISIC_0000175,0.407044
ISIC_5916208,0.40688
ISIC_0032473,0.406123
ISIC_0010416,0.405896
ISIC_0009868,0.405712
ISIC_0064124,0.40568
ISIC_0030360,0.405632
ISIC_0014434,0.405629
ISIC_9317929,0.405562
ISIC_3401777,0.405267
ISIC_0028481,0.405266
ISIC_3277722,0.405126
ISIC_0065066,0.404903
ISIC_9859873,0.404873
ISIC_0029905,0.404812
ISIC_0032645,0.404783
ISIC_3552245,0.404756
ISIC_0029859,0.404558
ISIC_0025531,0.404209
ISIC_0032517,0.404005
ISIC_0011508,0.403653
ISIC_9351418,0.403627
ISIC_0059987,0.403523
ISIC_1166740,0.403146
ISIC_6938608,0.40308
ISIC_0031213,0.402931
ISIC_1790808,0.402665
ISIC_0029339,0.402545
ISIC_0046441,0.402535
ISIC_6023518,0.402225
ISIC_4453506,0.402183
ISIC_0024427,0.402149
ISIC_0058024,0.401875
ISIC_0519705,0.401495
ISIC_0010433,0.401244
ISIC_0025355,0.401155
ISIC_8214287,0.400905
ISIC_9989936,0.400531
ISIC_2051278,0.400455
ISIC_0032044,0.400164
ISIC_0000176,0.399847
ISIC_0065013,0.399823
ISIC_0011709,0.399712
ISIC_0000384,0.399628
ISIC_0065477,0.398977
ISIC_1020369,0.398933
ISIC_5955057,0.398907
ISIC_0011350,0.398796
ISIC_8428097,0.398706
ISIC_3856662,0.398414
ISIC_6024335,0.398299
ISIC_0056167,0.398293
ISIC_0028131,0.398131
ISIC_8847321,0.398094
ISIC_2245709,0.398057
ISIC_0029675,0.39801
ISIC_0064337,0.397835
ISIC_0011894,0.39764
ISIC_0063926,0.397612
ISIC_0058138,0.397075
ISIC_0046908,0.396897
ISIC_0011753,0.396821
ISIC_0217267,0.396734
ISIC_0009931,0.396728
ISIC_0033117,0.396638
ISIC_3696726,0.396478
ISIC_9001948,0.396431
ISIC_3429835,0.396374
ISIC_8101493,0.396334
ISIC_0029470,0.396099
ISIC_0067458,0.396031
ISIC_0026596,0.395669
ISIC_8086526,0.395588
ISIC_4564163,0.395506
ISIC_0024958,0.395014
ISIC_0062639,0.395013
ISIC_1344537,0.394746
ISIC_0010500,0.394611
ISIC_0032192,0.394441
ISIC_6215631,0.393913
ISIC_0012865,0.393787
ISIC_5029636,0.393672
ISIC_0028692,0.393587
ISIC_2139752,0.393042
ISIC_0013577,0.39274
ISIC_9107280,0.392151
ISIC_0046344,0.392136
ISIC_0033393,0.391752
ISIC_8484660,0.391584
ISIC_8249565,0.391482
ISIC_0064822,0.391246
ISIC_0030470,0.391217
ISIC_0031742,0.391094
ISIC_4532303,0.390989
ISIC_0059904,0.390875
ISIC_0015412,0.390493
ISIC_0053574,0.390126
ISIC_0011488,0.389979
ISIC_0033878,0.389969
ISIC_5992534,0.389879
ISIC_0032782,0.38987
ISIC_3006279,0.389538
ISIC_8814398,0.389186
ISIC_0069645,0.389087
ISIC_0070593,0.388946
ISIC_0031545,0.388869
ISIC_7035246,0.388842
ISIC_0033272,0.388747
ISIC_0014103,0.388649
ISIC_0026348,0.388525
ISIC_4836699,0.387821
ISIC_0032052,0.387655
ISIC_8150108,0.387546
ISIC_0029013,0.387454
ISIC_4666619,0.387274
ISIC_6909624,0.387265
ISIC_9295267,0.387089
ISIC_0011512,0.387073
ISIC_0054974,0.386894
ISIC_2563948,0.386844
ISIC_0059601,0.386794
ISIC_0027391,0.386635
ISIC_0027387,0.38648
ISIC_0010198,0.385926
ISIC_0029328,0.385445
ISIC_0033114,0.384947
ISIC_4069836,0.384736
ISIC_0028176,0.384399
ISIC_7124160,0.384254
ISIC_0030077,0.384218
ISIC_0028698,0.383288
ISIC_0012988,0.383213
ISIC_6006795,0.382895
ISIC_0033289,0.382787
ISIC_0000036,0.382775
ISIC_4018813,0.382717
ISIC_6966230,0.382514
ISIC_1761799,0.382393
ISIC_0006744,0.381688
ISIC_6878417,0.381664
ISIC_0025512,0.381638
ISIC_0029970,0.381492
ISIC_0024759,0.381374
ISIC_0011428,0.381147
ISIC_0011150,0.380922
ISIC_0053554,0.380896
ISIC_0067743,0.380826
ISIC_5404908,0.38044
ISIC_0034087,0.380103
ISIC_4781223,0.379865
ISIC_0056444,0.379545
ISIC_2056104,0.379463
ISIC_6072777,0.379449
ISIC_0011498,0.379028
ISIC_7966295,0.37872
ISIC_6017985,0.378228
ISIC_2153686,0.378011
ISIC_0028641,0.377839
ISIC_0027102,0.377202
ISIC_0033655,0.3772
ISIC_0011797,0.376987
ISIC_0054559,0.376815
ISIC_8147542,0.376777
ISIC_0064877,0.376619
ISIC_9407667,0.376614
ISIC_0000551,0.376514
ISIC_0046623,0.37641
ISIC_1868816,0.376395
ISIC_1509635,0.376034
ISIC_0055191,0.375988
ISIC_8931948,0.375825
ISIC_0013767,0.375767
ISIC_0010852,0.375606
ISIC_9462738,0.375504
ISIC_0025243,0.375401
ISIC_0031586,0.375391
ISIC_2299749,0.375371
ISIC_0033980,0.375232
ISIC_0001057,0.375141
ISIC_0032722,0.374892
ISIC_0025970,0.374879
ISIC_0062713,0.374827
ISIC_4916704,0.374745
ISIC_1117369,0.374668
ISIC_0002435,0.374346
ISIC_0062318,0.373416
ISIC_0061199,0.373015
ISIC_5569568,0.372947
ISIC_1979534,0.372805
ISIC_9048507,0.372788
ISIC_0032535,0.372617
ISIC_0010081,0.37242
ISIC_3012778,0.372196
ISIC_2743014,0.371646
ISIC_3975743,0.371504
ISIC_8397077,0.371378
ISIC_1351604,0.371126
ISIC_1654342,0.370943
ISIC_0072004,0.370616
ISIC_3157046,0.37057
ISIC_0028024,0.370243
ISIC_2639144,0.370103
ISIC_7833178,0.369773
ISIC_0010414,0.369243
ISIC_0034260,0.36911
ISIC_0016082,0.368722
ISIC_2458609,0.36865
ISIC_1231419,0.368239
ISIC_0000166,0.367785
ISIC_4252887,0.367342
ISIC_0010322,0.367045
ISIC_6056692,0.367023
ISIC_9050826,0.366608
ISIC_6588853,0.366455
ISIC_0033181,0.366419
ISIC_3686179,0.365965
ISIC_7254359,0.365919
ISIC_0025379,0.364989
ISIC_0034262,0.36497
ISIC_0065219,0.364899
ISIC_0063046,0.364628
ISIC_0032161,0.364621
ISIC_0024853,0.364604
ISIC_2366172,0.364051
ISIC_0012887,0.363918
ISIC_0002811,0.363759
ISIC_0046331,0.363673
ISIC_1886756,0.363332
ISIC_0029672,0.3628
ISIC_4523382,0.362696
ISIC_0063191,0.362372
ISIC_0032615,0.361943
ISIC_5397818,0.3611
ISIC_1231722,0.361093
ISIC_3558747,0.360887
ISIC_4632020,0.360556
ISIC_0013984,0.35997
ISIC_0484171,0.359958
ISIC_0068381,0.359715
ISIC_3084322,0.359557
ISIC_6605122,0.359455
ISIC_0029626,0.359295
ISIC_9775430,0.358649
ISIC_0033986,0.358567
ISIC_0033470,0.35855
ISIC_0026426,0.358454
ISIC_0001112,0.358391
ISIC_0034210,0.35833
ISIC_0033485,0.357513
ISIC_3267196,0.357265
ISIC_0058946,0.356795
ISIC_8796968,0.356768
ISIC_0034050,0.356614
ISIC_7010552,0.356308
ISIC_5998926,0.355855
ISIC_0030017,0.355658
ISIC_0010754,0.355652
ISIC_0032771,0.355495
ISIC_0061184,0.353764
ISIC_2038024,0.353456
ISIC_0028501,0.35334
ISIC_0033704,0.353308
ISIC_5454766,0.353247
ISIC_8848134,0.353241
ISIC_0011086,0.353177
ISIC_0060999,0.353107
ISIC_7746479,0.35304
ISIC_5238649,0.353011
ISIC_9100283,0.35281
ISIC_0070050,0.352789
ISIC_0014782,0.352752
ISIC_2894223,0.352689
ISIC_0054640,0.352371
ISIC_0031028,0.352335
ISIC_0014302,0.352303
ISIC_1471329,0.351967
ISIC_0911264,0.351741
ISIC_0073015,0.351706
ISIC_3327201,0.351537
ISIC_6410859,0.351224
ISIC_0071647,0.350964
ISIC_4418545,0.350823
ISIC_9207137,0.350453
ISIC_0071972,0.350349
ISIC_0029732,0.350229
ISIC_0028405,0.350079
ISIC_0053686,0.350035
ISIC_7283084,0.35001
ISIC_0011040,0.349603
ISIC_2560463,0.349415
ISIC_7596681,0.349414
ISIC_0033073,0.349314
ISIC_4798962,0.349078
ISIC_6676647,0.348898
ISIC_0033496,0.348896
ISIC_3842916,0.348821
ISIC_0033337,0.348716
ISIC_0033668,0.348686
ISIC_1937955,0.348378
ISIC_0012840,0.34798
ISIC_6759173,0.347948
ISIC_5816399,0.347368
ISIC_2252958,0.346753
ISIC_0013652,0.346615
ISIC_0016050,0.346415
ISIC_0060827,0.346365
ISIC_3751172,0.34629
ISIC_0025658,0.346261
ISIC_0059294,0.345899
ISIC_0011848,0.345841
ISIC_0033508,0.345635
ISIC_0031077,0.345599
ISIC_0011504,0.345495
ISIC_7935989,0.34518
ISIC_0032472,0.34504
ISIC_6352565,0.345038
ISIC_0519719,0.345008
ISIC_5111521,0.344988
ISIC_0011092,0.344943
ISIC_0066749,0.344872
ISIC_0032913,0.344057
ISIC_9815788,0.343952
ISIC_0000056,0.34304
ISIC_0031463,0.342589
ISIC_0030122,0.342405
ISIC_0034209,0.342383
ISIC_5623844,0.34237
ISIC_9291926,0.342254
ISIC_0010750,0.342111
ISIC_0030519,0.341984
ISIC_2341875,0.341963
ISIC_0485881,0.341854
ISIC_1668831,0.341842
ISIC_0069385,0.34171
ISIC_6228963,0.341445
ISIC_0027152,0.341283
ISIC_3256116,0.341242
ISIC_0025450,0.340885
ISIC_0808203,0.340387
ISIC_0032951,0.340208
ISIC_0024519,0.339604
ISIC_4131353,0.33907
ISIC_0024261,0.338888
ISIC_0063168,0.338301
ISIC_2396791,0.338233
ISIC_0922552,0.338174
ISIC_0033193,0.337903
ISIC_6358752,0.337662
ISIC_0005319,0.337647
ISIC_4097868,0.336902
ISIC_0786233,0.336597
ISIC_0031363,0.336322
ISIC_0069093,0.336237
ISIC_0032940,0.336214
ISIC_0067296,0.336123
ISIC_0009911,0.335783
ISIC_6247668,0.335678
ISIC_3556980,0.335622
ISIC_1492055,0.335612
ISIC_6298228,0.335567
ISIC_7210119,0.335552
ISIC_0612080,0.335515
ISIC_0011693,0.335176
ISIC_0064879,0.33509
ISIC_5233769,0.334888
ISIC_0058428,0.334818
ISIC_0010421,0.334754
ISIC_3077674,0.3345
ISIC_0011375,0.334364
ISIC_0033174,0.334361
ISIC_2849353,0.334245
ISIC_0024586,0.334242
ISIC_0000539,0.334239
ISIC_0062241,0.334038
ISIC_0027033,0.333603
ISIC_1053427,0.333547
ISIC_0025015,0.333495
ISIC_0064932,0.333298
ISIC_4259290,0.333235
ISIC_3212781,0.33299
ISIC_1924949,0.33288
ISIC_0015206,0.332819
ISIC_6162545,0.332613
ISIC_8509219,0.332472
ISIC_9568138,0.332188
ISIC_0029089,0.332109
ISIC_0028773,0.331868
ISIC_0055905,0.331604
ISIC_0033607,0.331286
ISIC_9741917,0.331179
ISIC_0032269,0.330883
ISIC_5504560,0.329897
ISIC_0033883,0.329846
ISIC_2159510,0.329596
ISIC_4838916,0.329568
ISIC_0058149,0.329505
ISIC_6385074,0.32921
ISIC_0025061,0.329031
ISIC_0060760,0.328657
ISIC_0027769,0.328458
ISIC_3586669,0.328277
ISIC_0033129,0.328171
ISIC_1083681,0.328109
ISIC_0060719,0.327783
ISIC_0000462,0.327688
ISIC_0025472,0.32761
ISIC_0011329,0.327451
ISIC_0054287,0.327425
ISIC_3856233,0.327089
ISIC_0010883,0.326977
ISIC_8041078,0.326883
ISIC_1814941,0.326855
ISIC_0010785,0.326828
ISIC_0032147,0.326751
ISIC_0890398,0.326433
ISIC_0057009,0.326344
ISIC_2518672,0.325378
ISIC_7685761,0.325234
ISIC_0056228,0.325194
ISIC_1414751,0.324925
ISIC_0010164,0.324903
ISIC_0033679,0.324894
ISIC_0063551,0.324805
ISIC_0011215,0.324732
ISIC_0010690,0.324435
ISIC_5565517,0.324393
ISIC_0033981,0.3243
ISIC_0027302,0.324104
ISIC_4136591,0.323498
ISIC_0066355,0.323426
ISIC_8441905,0.322821
ISIC_1874480,0.322687
ISIC_0011627,0.322457
ISIC_0897526,0.322404
ISIC_9048192,0.322364
ISIC_0071944,0.322268
ISIC_0057617,0.321555
ISIC_9983696,0.321438
ISIC_0054292,0.321411
ISIC_0011733,0.321032
ISIC_0064073,0.321014
ISIC_2687641,0.320852
ISIC_0030032,0.320812
ISIC_2255411,0.320566
ISIC_0011510,0.320459
ISIC_0430837,0.320319
ISIC_0033519,0.320273
ISIC_0070709,0.320153
ISIC_3281565,0.319906
ISIC_0009918,0.319611
ISIC_2826618,0.319521
ISIC_2940684,0.319479
ISIC_0027022,0.319
ISIC_3623368,0.318987
ISIC_9338761,0.31872
ISIC_7988794,0.318615
ISIC_8727731,0.318389
ISIC_7190243,0.317878
ISIC_0012211,0.317869
ISIC_0065889,0.317849
ISIC_0013084,0.317573
ISIC_3984167,0.317264
ISIC_0033568,0.317142
ISIC_6517082,0.317084
ISIC_2805573,0.317011
ISIC_0028291,0.316816
ISIC_6019374,0.316095
ISIC_0060153,0.315821
ISIC_1473522,0.315741
ISIC_0072174,0.315666
ISIC_4240225,0.315326
ISIC_5826878,0.315121
ISIC_0061300,0.314967
ISIC_0029839,0.314725
ISIC_0066992,0.314595
ISIC_0033344,0.313989
ISIC_2457024,0.313977
ISIC_0010618,0.313762
ISIC_5611010,0.313588
ISIC_6805527,0.313467
ISIC_2702929,0.313435
ISIC_0031561,0.312989
ISIC_0013626,0.312769
ISIC_8357420,0.31239
ISIC_1793821,0.312354
ISIC_4781169,0.312162
ISIC_4345000,0.312154
ISIC_5391190,0.312114
ISIC_0054677,0.312057
ISIC_7293518,0.311975
ISIC_0024811,0.311963
ISIC_9568327,0.311828
ISIC_0067511,0.311735
ISIC_0064623,0.311713
ISIC_8100185,0.311454
ISIC_0060154,0.311356
ISIC_1050000,0.31129
ISIC_9978498,0.311285
ISIC_3301933,0.311252
ISIC_8066660,0.311179
ISIC_1067985,0.311123
ISIC_0067427,0.311046
ISIC_0058158,0.310598
ISIC_0029950,0.310286
ISIC_0192596,0.309891
ISIC_1247683,0.309784
ISIC_0070217,0.309569
ISIC_0010349,0.309441
ISIC_1431777,0.309316
ISIC_0030873,0.309238
ISIC_0067077,0.308989
ISIC_0025611,0.30896
ISIC_0031953,0.30857
ISIC_1292607,0.30848
ISIC_0010441,0.308142
ISIC_9072567,0.308101
ISIC_0030718,0.308014
ISIC_0060749,0.307746
ISIC_0059846,0.307691
ISIC_0011185,0.307519
ISIC_3884221,0.307375
ISIC_5624273,0.307137
ISIC_0046597,0.306805
ISIC_5382189,0.306681
ISIC_0059722,0.306612
ISIC_8338755,0.306531
ISIC_0026795,0.306402
ISIC_3072382,0.306374
ISIC_0062234,0.306277
ISIC_1850388,0.305992
ISIC_8945395,0.305908
ISIC_0511526,0.305871
ISIC_0013634,0.305764
ISIC_0030535,0.305176
ISIC_0054655,0.305068
ISIC_0069189,0.304953
ISIC_0001505,0.304683
ISIC_0000484,0.304402
ISIC_8504492,0.30412
ISIC_0032547,0.303321
ISIC_0065943,0.303112
ISIC_0012057,0.302998
ISIC_0056391,0.302564
ISIC_0011495,0.302365
ISIC_0004691,0.302202
ISIC_0011032,0.301841
ISIC_0046917,0.301247
ISIC_0010207,0.301212
ISIC_1280780,0.301009
ISIC_0026879,0.300962
ISIC_0033653,0.300787
ISIC_0027684,0.300555
ISIC_0062980,0.300516
ISIC_0032046,0.300009
ISIC_0065746,0.299793
ISIC_0024367,0.29947
ISIC_0001119,0.299361
ISIC_0058823,0.299302
ISIC_4614129,0.299233
ISIC_0011988,0.298552
ISIC_7130929,0.298522
ISIC_0000159,0.298419
ISIC_8664315,0.298399
ISIC_2200924,0.298302
ISIC_0011669,0.298145
ISIC_0034287,0.297956
ISIC_0030943,0.297846
ISIC_0066053,0.297357
ISIC_2151178,0.297287
ISIC_6201199,0.297272
ISIC_1684127,0.297258
ISIC_0064936,0.296895
ISIC_0026039,0.296625
ISIC_0897248,0.296603
ISIC_0031997,0.296517
ISIC_0015115,0.296375
ISIC_1306020,0.296265
ISIC_5063476,0.296089
ISIC_3329255,0.295797
ISIC_0033059,0.295724
ISIC_0062160,0.295621
ISIC_0025489,0.29551
ISIC_7973598,0.29542
ISIC_0033959,0.295294
ISIC_4793961,0.29511
ISIC_9384835,0.295075
ISIC_3993924,0.294662
ISIC_2447578,0.294614
ISIC_0012072,0.294547
ISIC_0069620,0.294163
ISIC_2364150,0.293924
ISIC_9672482,0.293923
ISIC_0026043,0.293747
ISIC_0029216,0.293331
ISIC_0010757,0.293277
ISIC_0064982,0.293131
ISIC_0069274,0.292895
ISIC_4099428,0.292787
ISIC_0026407,0.292466
ISIC_0011247,0.292352
ISIC_0060589,0.29234
ISIC_0027100,0.292224
ISIC_8650269,0.292141
ISIC_1202976,0.291819
ISIC_8562820,0.291669
ISIC_3493866,0.291126
ISIC_2211136,0.29112
ISIC_0351547,0.290948
ISIC_0024757,0.290937
ISIC_0062537,0.290932
ISIC_0011132,0.290825
ISIC_0010036,0.290673
ISIC_0027282,0.290066
ISIC_5714411,0.289407
ISIC_9936773,0.28939
ISIC_0030929,0.289203
ISIC_0056425,0.28907
ISIC_2445765,0.288847
ISIC_5671175,0.288699
ISIC_0033687,0.288589
ISIC_3319229,0.288529
ISIC_0011943,0.288269
ISIC_1413120,0.288095
ISIC_8040024,0.288047
ISIC_0025759,0.287749
ISIC_7587869,0.28697
ISIC_3260571,0.286719
ISIC_0031350,0.286374
ISIC_0073227,0.286242
ISIC_4826037,0.285973
ISIC_7901891,0.285367
ISIC_0429825,0.284544
ISIC_0032419,0.284518
ISIC_5026709,0.284402
ISIC_0032466,0.284349
ISIC_0009924,0.283451
ISIC_0010797,0.283421
ISIC_8624049,0.283389
ISIC_0014026,0.283273
ISIC_1782911,0.283006
ISIC_0010415,0.282959
ISIC_3256887,0.282706
ISIC_0029777,0.282594
ISIC_0945844,0.282458
ISIC_1343433,0.282104
ISIC_0033454,0.282083
ISIC_0063950,0.281682
ISIC_9458746,0.281572
ISIC_1008321,0.28146
ISIC_1944650,0.281434
ISIC_4414811,0.281246
ISIC_0031642,0.280932
ISIC_0026264,0.280931
ISIC_0034071,0.28054
ISIC_0016128,0.28018
ISIC_0031408,0.278738
ISIC_0000043,0.278731
ISIC_0000446,0.278279
ISIC_9051287,0.278161
ISIC_9211072,0.278072
ISIC_0024244,0.278058
ISIC_5721677,0.277727
ISIC_0033641,0.277692
ISIC_0061336,0.277466
ISIC_0067727,0.277408
ISIC_0011459,0.277115
ISIC_0028472,0.276802
ISIC_4533833,0.276768
ISIC_4884394,0.27663
ISIC_0012081,0.276513
ISIC_0199116,0.276446
ISIC_0031170,0.276282
ISIC_0862350,0.27618
ISIC_6348638,0.275774
ISIC_0055024,0.275738
ISIC_2141003,0.275547
ISIC_1178518,0.275517
ISIC_0060351,0.275385
ISIC_5153848,0.274984
ISIC_0016137,0.27483
ISIC_8060329,0.274717
ISIC_7397447,0.274395
ISIC_0032847,0.274212
ISIC_0014657,0.274159
ISIC_2850215,0.274055
ISIC_0753491,0.274037
ISIC_5923430,0.273948
ISIC_5903193,0.273709
ISIC_0687593,0.273559
ISIC_0273046,0.273436
ISIC_0024567,0.273288
ISIC_0011336,0.273187
ISIC_0281179,0.273181
ISIC_7284399,0.272864
ISIC_0072624,0.272771
ISIC_0055297,0.272608
ISIC_0031680,0.272444
ISIC_0055675,0.272431
ISIC_4055288,0.27232
ISIC_0027280,0.271938
ISIC_0031146,0.271898
ISIC_0028326,0.271755
ISIC_3474609,0.271669
ISIC_7349440,0.271589
ISIC_0066678,0.271519
ISIC_0032841,0.271491
ISIC_5415761,0.271371
ISIC_7319169,0.270935
ISIC_4508878,0.270761
ISIC_6159783,0.270542
ISIC_0001140,0.270522
ISIC_0060656,0.270353
ISIC_0054671,0.27024
ISIC_2663597,0.269973
ISIC_4672131,0.269879
ISIC_8013225,0.269647
ISIC_9986760,0.269399
ISIC_8483382,0.269372
ISIC_0029212,0.269307
ISIC_0030969,0.269051
ISIC_0032036,0.268816
ISIC_0072266,0.268813
ISIC_0535416,0.268713
ISIC_0061627,0.268574
ISIC_0027091,0.267908
ISIC_0905367,0.267851
ISIC_0030596,0.267346
ISIC_4026808,0.267165
ISIC_0060992,0.267044
ISIC_0032029,0.266994
ISIC_0000371,0.26649
ISIC_0062997,0.266243
ISIC_0056164,0.266104
ISIC_0062323,0.265987
ISIC_3304982,0.265466
ISIC_0062162,0.265037
ISIC_0026278,0.264862
ISIC_0033644,0.264724
ISIC_0064102,0.264486
ISIC_0029909,0.264453
ISIC_0579562,0.264399
ISIC_0568867,0.264333
ISIC_4950467,0.26425
ISIC_3685448,0.264196
ISIC_0011684,0.263929
ISIC_7296201,0.263703
ISIC_0028567,0.263698
ISIC_0028445,0.263436
ISIC_0033061,0.263366
ISIC_6036959,0.263298
ISIC_2058516,0.262724
ISIC_1877535,0.262586
ISIC_5174685,0.262274
ISIC_0027030,0.2622
ISIC_6915759,0.262197
ISIC_0031883,0.26176
ISIC_0024398,0.261676
ISIC_0033058,0.261639
ISIC_7084553,0.261287
ISIC_5108076,0.261281
ISIC_6446753,0.260961
ISIC_0062684,0.260808
ISIC_0066492,0.260802
ISIC_0057188,0.260387
ISIC_0060089,0.260333
ISIC_0028029,0.260303
ISIC_1394786,0.259957
ISIC_0028465,0.259884
ISIC_0027576,0.259853
ISIC_1014075,0.259721
ISIC_5423896,0.259639
ISIC_0033194,0.259255
ISIC_6435644,0.259243
ISIC_0025800,0.259233
ISIC_6498634,0.259139
ISIC_0000522,0.259139
ISIC_4734950,0.258973
ISIC_9453737,0.258939
ISIC_0030366,0.258772
ISIC_0064270,0.258723
ISIC_0062546,0.258687
ISIC_5559165,0.25865
ISIC_0032430,0.258052
ISIC_0073075,0.257972
ISIC_0034263,0.257801
ISIC_4378189,0.257762
ISIC_0027408,0.257532
ISIC_0059733,0.257249
ISIC_0063496,0.257208
ISIC_8073036,0.257203
ISIC_7515794,0.256928
ISIC_0865706,0.25686
ISIC_4009870,0.256792
ISIC_0032549,0.256604
ISIC_0015219,0.25659
ISIC_0056092,0.256439
ISIC_0029343,0.256056
ISIC_0029934,0.255792
ISIC_0012538,0.255727
ISIC_7572137,0.255641
ISIC_6557194,0.255573
ISIC_0010752,0.255482
ISIC_2021175,0.255449
ISIC_1069587,0.25531
ISIC_5564757,0.255079
ISIC_6373689,0.255033
ISIC_5416978,0.254941
ISIC_0000024,0.254796
ISIC_8255784,0.254729
ISIC_4534608,0.254291
ISIC_0010818,0.254269
ISIC_0011380,0.254199
ISIC_9234944,0.253704
ISIC_0071834,0.253638
ISIC_0033329,0.253442
ISIC_5258657,0.252948
ISIC_7592920,0.252938
ISIC_0003793,0.252925
ISIC_0010350,0.252796
ISIC_0034246,0.252781
ISIC_1008609,0.252688
ISIC_7008969,0.252219
ISIC_0034049,0.251997
ISIC_9593940,0.251993
ISIC_0033164,0.251683
ISIC_0029843,0.251671
ISIC_0056047,0.251567
ISIC_4801737,0.251539
ISIC_0026369,0.251482
ISIC_0010503,0.251474
ISIC_0046225,0.251385
ISIC_4128342,0.251233
ISIC_8759207,0.25117
ISIC_0067840,0.250967
ISIC_2748736,0.250886
ISIC_8023705,0.250814
ISIC_5091996,0.250806
ISIC_3787339,0.250755
ISIC_0030336,0.250621
ISIC_0055079,0.250382
ISIC_0065714,0.250297
ISIC_2011145,0.250092
ISIC_0000315,0.249905
ISIC_7550510,0.249001
ISIC_8955135,0.248821
ISIC_0010208,0.248722
ISIC_3110909,0.248685
ISIC_0010765,0.248481
ISIC_0033224,0.247666
ISIC_8651765,0.247357
ISIC_5203791,0.247239
ISIC_0010956,0.2471
ISIC_0056749,0.247044
ISIC_0064406,0.24689
ISIC_0026483,0.246646
ISIC_1851112,0.246386
ISIC_7873541,0.246163
ISIC_0031900,0.246162
ISIC_0218072,0.246153
ISIC_0333091,0.246101
ISIC_0011530,0.246074
ISIC_5415749,0.245768
ISIC_4974868,0.24563
ISIC_0010592,0.245341
ISIC_0016131,0.24527
ISIC_0013840,0.245209
ISIC_6997433,0.245122
ISIC_0033365,0.245052
ISIC_0015251,0.244648
ISIC_2778131,0.244578
ISIC_0027130,0.244415
ISIC_0830217,0.244313
ISIC_7297078,0.244197
ISIC_0033549,0.244048
ISIC_3195720,0.243937
ISIC_8764464,0.243881
ISIC_0046977,0.243693
ISIC_6210962,0.243657
ISIC_0033654,0.243424
ISIC_0033228,0.243359
ISIC_0000148,0.243253
ISIC_3952694,0.243062
ISIC_4794052,0.242754
ISIC_2379379,0.242047
ISIC_0640806,0.242042
ISIC_6536232,0.242023
ISIC_0059303,0.241651
ISIC_9795458,0.241465
ISIC_0054053,0.241246
ISIC_6313487,0.241151
ISIC_0010596,0.240889
ISIC_5960641,0.240539
ISIC_1105263,0.240371
ISIC_0053884,0.240055
ISIC_8855790,0.240026
ISIC_0010773,0.239954
ISIC_6526489,0.239651
ISIC_1520897,0.239611
ISIC_0026112,0.239279
ISIC_0067723,0.239233
ISIC_0063181,0.239219
ISIC_0011607,0.23881
ISIC_0010067,0.238733
ISIC_0057881,0.238539
ISIC_9586758,0.238093
ISIC_0014931,0.238022
ISIC_0072195,0.237486
ISIC_1637536,0.23713
ISIC_0214186,0.237049
ISIC_2987677,0.236819
ISIC_0033564,0.236735
ISIC_0029815,0.236636
ISIC_7839712,0.236379
ISIC_0034062,0.236352
ISIC_2241388,0.236314
ISIC_0014545,0.236116
ISIC_3892947,0.235889
ISIC_9819223,0.235781
ISIC_0000143,0.235749
ISIC_0058198,0.235151
ISIC_6691962,0.235129
ISIC_1850674,0.235108
ISIC_0058781,0.235044
ISIC_0014157,0.23497
ISIC_6274085,0.234786
ISIC_2226940,0.234646
ISIC_0030034,0.23441
ISIC_6882080,0.234249
ISIC_9008095,0.234152
ISIC_1472777,0.234114
ISIC_5813642,0.233988
ISIC_0261253,0.233901
ISIC_9422630,0.233878
ISIC_0839675,0.233576
ISIC_9171071,0.233507
ISIC_0060558,0.233313
ISIC_0033245,0.233297
ISIC_1115013,0.233272
ISIC_0065597,0.233242
ISIC_0054123,0.233093
ISIC_5679004,0.232759
ISIC_0010971,0.232692
ISIC_0033275,0.232669
ISIC_3013569,0.232521
ISIC_0026692,0.232477
ISIC_9034574,0.232407
ISIC_0028173,0.232385
ISIC_9024724,0.232069
ISIC_3506204,0.231955
ISIC_0054625,0.231916
ISIC_6366631,0.231708
ISIC_0012288,0.231643
ISIC_0010321,0.231611
ISIC_8899350,0.231556
ISIC_0034006,0.231476
ISIC_0028878,0.231039
ISIC_0056915,0.230348
ISIC_0032721,0.230119
ISIC_5866419,0.229863
ISIC_0065039,0.229844
ISIC_0030563,0.22979
ISIC_9944714,0.229771
ISIC_0070254,0.229661
ISIC_0027935,0.229593
ISIC_5486460,0.229551
ISIC_0027817,0.229467
ISIC_7181296,0.229026
ISIC_0031914,0.22882
ISIC_2506200,0.228757
ISIC_0066889,0.228117
ISIC_2412113,0.227895
ISIC_0826998,0.227546
ISIC_6609484,0.227308
ISIC_7147898,0.227134
ISIC_0028009,0.226923
ISIC_0054239,0.226885
ISIC_9067033,0.226351
ISIC_0024355,0.226113
ISIC_5422940,0.226003
ISIC_0031746,0.225997
ISIC_0501108,0.225798
ISIC_0047004,0.225786
ISIC_5777181,0.225583
ISIC_0027604,0.225262
ISIC_0016033,0.225165
ISIC_1795529,0.22514
ISIC_0063899,0.225124
ISIC_0011532,0.224936
ISIC_7223327,0.224606
ISIC_0061870,0.224602
ISIC_6640227,0.224483
ISIC_6901969,0.22433
ISIC_0073135,0.224283
ISIC_5559730,0.224067
ISIC_5837098,0.22403
ISIC_0064669,0.224024
ISIC_0062407,0.223315
ISIC_0062978,0.223298
ISIC_5238111,0.222801
ISIC_0056771,0.222753
ISIC_0012067,0.222645
ISIC_4938638,0.222412
ISIC_3254309,0.221945
ISIC_2703002,0.221731
ISIC_2748873,0.221632
ISIC_0026292,0.221491
ISIC_1838876,0.22146
ISIC_0029550,0.221183
ISIC_0072876,0.220988
ISIC_5881453,0.220859
ISIC_0068847,0.220649
ISIC_7484618,0.220438
ISIC_4462476,0.220158
ISIC_8586909,0.220099
ISIC_4128129,0.220065
ISIC_0510617,0.219906
ISIC_1484659,0.219903
ISIC_7575957,0.219901
ISIC_0007351,0.219615
ISIC_2078053,0.219486
ISIC_0031494,0.218924
ISIC_1075605,0.218899
ISIC_0527170,0.218754
ISIC_0024952,0.218605
ISIC_0024796,0.218572
ISIC_4702522,0.217895
ISIC_0067308,0.217749
ISIC_0071012,0.217706
ISIC_0055054,0.217694
ISIC_0065774,0.216889
ISIC_1589997,0.216676
ISIC_8108870,0.216571
ISIC_3747979,0.216107
ISIC_0010761,0.215166
ISIC_0032872,0.214973
ISIC_8791744,0.214818
ISIC_0011862,0.214441
ISIC_9597731,0.214121
ISIC_5527447,0.213802
ISIC_1899683,0.213635
ISIC_0399142,0.213499
ISIC_1348843,0.213451
ISIC_0034232,0.213051
ISIC_0844312,0.212899
ISIC_2818530,0.212896
ISIC_0029910,0.212795
ISIC_2819721,0.212562
ISIC_0057362,0.212254
ISIC_9417173,0.212162
ISIC_0000029,0.21197
ISIC_0028071,0.211871
ISIC_7711947,0.211612
ISIC_9061511,0.211599
ISIC_6539127,0.21146
ISIC_0068427,0.211456
ISIC_8692950,0.211435
ISIC_0027221,0.211279
ISIC_0055876,0.211247
ISIC_0024459,0.211235
ISIC_4377208,0.211106
ISIC_0071492,0.210961
ISIC_0058828,0.210952
ISIC_0076742,0.21095
ISIC_6731470,0.210745
ISIC_3708739,0.210589
ISIC_3147084,0.210539
ISIC_0027591,0.210372
ISIC_9556334,0.210199
ISIC_0011701,0.209881
ISIC_9675304,0.209586
ISIC_3654454,0.209274
ISIC_7162343,0.208909
ISIC_0000660,0.208791
ISIC_0009886,0.208751
ISIC_2033237,0.208694
ISIC_0030952,0.208664
ISIC_0914168,0.208452
ISIC_0056017,0.208393
ISIC_0011260,0.208262
ISIC_1375476,0.208215
ISIC_0030462,0.208037
ISIC_0010411,0.207933
ISIC_2394181,0.207864
ISIC_2100640,0.207778
ISIC_3706743,0.207259
ISIC_0026258,0.206699
ISIC_0066671,0.206547
ISIC_0058580,0.206332
ISIC_0653706,0.20585
ISIC_0033689,0.205309
ISIC_9168700,0.205235
ISIC_0031087,0.205216
ISIC_0010523,0.205198
ISIC_4735959,0.204973
ISIC_2394780,0.204959
ISIC_4810142,0.204917
ISIC_0032604,0.20489
ISIC_2700320,0.204467
ISIC_4066094,0.204252
ISIC_0046921,0.204188
ISIC_1074939,0.204105
ISIC_0254517,0.204047
ISIC_0032420,0.203949
ISIC_0000153,0.203834
ISIC_0025056,0.203751
ISIC_9969263,0.20358
ISIC_0067972,0.203461
ISIC_0031324,0.203181
ISIC_0000278,0.203083
ISIC_6413346,0.202014
ISIC_0029205,0.201945
ISIC_0056603,0.201828
ISIC_0027036,0.201761
ISIC_0030129,0.201209
ISIC_2007034,0.201055
ISIC_2746860,0.200891
ISIC_0056710,0.200615
ISIC_0071303,0.200578
ISIC_9331097,0.200487
ISIC_0033202,0.200285
ISIC_0000444,0.200282
ISIC_0066854,0.20013
ISIC_1461507,0.200029
ISIC_8539990,0.199975
ISIC_0011855,0.199881
ISIC_4007322,0.199855
ISIC_2206284,0.199756
ISIC_3436033,0.199674
ISIC_0013636,0.199589
ISIC_0063872,0.199538
ISIC_0072001,0.199187
ISIC_6052860,0.198837
ISIC_0059411,0.198763
ISIC_2879267,0.1984
ISIC_0024344,0.198169
ISIC_4606646,0.198144
ISIC_7788814,0.198141
ISIC_0046671,0.198063
ISIC_0062770,0.197796
ISIC_0061544,0.197598
ISIC_8436492,0.197493
ISIC_1885174,0.19749
ISIC_5900778,0.19725
ISIC_3433060,0.197133
ISIC_7342636,0.197056
ISIC_0000502,0.19693
ISIC_0057999,0.196708
ISIC_3449290,0.196672
ISIC_0030353,0.196555
ISIC_2126575,0.196516
ISIC_1628539,0.19601
ISIC_8496052,0.195912
ISIC_9307584,0.195673
ISIC_3948754,0.195527
ISIC_1453899,0.195388
ISIC_0061972,0.195312
ISIC_0062084,0.195132
ISIC_0593591,0.195095
ISIC_7024807,0.194857
ISIC_0028705,0.194824
ISIC_0009947,0.194698
ISIC_0010719,0.194631
ISIC_8711854,0.194507
ISIC_0030845,0.194481
ISIC_0010862,0.194347
ISIC_0193907,0.193992
ISIC_0054377,0.193989
ISIC_0683389,0.193894
ISIC_7620514,0.193857
ISIC_0046672,0.193819
ISIC_0025428,0.193719
ISIC_0071857,0.193625
ISIC_0011196,0.193592
ISIC_0011922,0.1932
ISIC_4064936,0.192874
ISIC_0013525,0.192393
ISIC_0054229,0.192018
ISIC_0065727,0.191877
ISIC_0031844,0.191323
ISIC_8909957,0.191186
ISIC_0070974,0.191166
ISIC_0068528,0.190942
ISIC_6289346,0.190927
ISIC_0058858,0.190585
ISIC_7637597,0.18999
ISIC_0065469,0.189765
ISIC_0010401,0.189489
ISIC_7714981,0.189362
ISIC_4653167,0.18934
ISIC_0056409,0.18925
ISIC_1337726,0.189237
ISIC_2752919,0.189189
ISIC_0594695,0.188776
ISIC_2644988,0.188702
ISIC_0060341,0.188582
ISIC_0010803,0.188561
ISIC_0057328,0.188519
ISIC_0032544,0.18841
ISIC_0010316,0.188253
ISIC_0014222,0.187904
ISIC_0028338,0.187799
ISIC_0012040,0.187568
ISIC_3045939,0.187276
ISIC_0025128,0.187215
ISIC_7180418,0.186857
ISIC_1308649,0.186525
ISIC_9879723,0.185577
ISIC_0025327,0.185439
ISIC_5049165,0.185412
ISIC_1608524,0.185387
ISIC_5942564,0.184939
ISIC_2876105,0.184553
ISIC_0565743,0.184549
ISIC_0064342,0.184302
ISIC_0072418,0.18414
ISIC_5922588,0.183569
ISIC_7132685,0.183522
ISIC_0064606,0.182983
ISIC_0024697,0.182936
ISIC_0029693,0.182918
ISIC_0806140,0.1825
ISIC_0056799,0.182386
ISIC_9694020,0.182097
ISIC_0028109,0.181908
ISIC_0069379,0.181858
ISIC_0031249,0.181597
ISIC_0031422,0.181567
ISIC_2375394,0.181405
ISIC_0027260,0.181235
ISIC_0027712,0.180834
ISIC_9024078,0.180617
ISIC_6056121,0.180542
ISIC_0027325,0.180337
ISIC_0034150,0.180295
ISIC_7570343,0.179726
ISIC_6609379,0.179084
ISIC_0025877,0.178589
ISIC_2843245,0.178587
ISIC_0072221,0.178298
ISIC_0192893,0.178099
ISIC_0011615,0.178051
ISIC_4554863,0.177629
ISIC_0546980,0.177592
ISIC_5393367,0.177564
ISIC_0033560,0.177506
ISIC_0027663,0.177336
ISIC_0054087,0.17729
ISIC_0000424,0.177135
ISIC_0028930,0.176922
ISIC_2517072,0.176717
ISIC_3399603,0.176148
ISIC_0031546,0.176071
ISIC_0053725,0.176057
ISIC_4481362,0.175774
ISIC_0058891,0.175436
ISIC_8849818,0.175302
ISIC_0072865,0.175162
ISIC_7623407,0.175159
ISIC_8167374,0.175098
ISIC_0010049,0.175057
ISIC_0011951,0.175006
ISIC_0013845,0.174949
ISIC_8893501,0.174938
ISIC_3934537,0.174634
ISIC_0065233,0.174598
ISIC_0010978,0.174581
ISIC_2758999,0.174531
ISIC_0025757,0.174088
ISIC_0033805,0.174038
ISIC_4890201,0.173879
ISIC_6038355,0.173868
ISIC_0011789,0.173744
ISIC_1952749,0.173598
ISIC_1175291,0.173522
ISIC_6126620,0.173171
ISIC_5831880,0.172738
ISIC_0024737,0.172009
ISIC_4136351,0.171558
ISIC_6373500,0.171278
ISIC_0000531,0.171148
ISIC_0032162,0.171132
ISIC_7532154,0.171122
ISIC_0054134,0.171117
ISIC_0013549,0.170869
ISIC_2309744,0.170782
ISIC_7380353,0.170496
ISIC_0062077,0.170154
ISIC_3819893,0.170091
ISIC_2095347,0.169535
ISIC_1565767,0.169398
ISIC_3072311,0.169049
ISIC_0029942,0.169027
ISIC_0031101,0.168879
ISIC_0068407,0.168026
ISIC_6905623,0.167783
ISIC_6209119,0.167356
ISIC_0072917,0.16694
ISIC_0025523,0.166366
ISIC_9160614,0.166138
ISIC_7412327,0.166094
ISIC_0062440,0.165964
ISIC_2772066,0.165539
ISIC_8330906,0.165476
ISIC_2294790,0.164807
ISIC_0054025,0.164616
ISIC_5703909,0.164509
ISIC_0000393,0.164392
ISIC_0031745,0.164066
ISIC_0054792,0.163883
ISIC_0000538,0.163728
ISIC_0011288,0.163601
ISIC_0239178,0.163523
ISIC_0027863,0.162997
ISIC_0033148,0.162963
ISIC_0033578,0.162732
ISIC_7636321,0.161134
ISIC_3559222,0.161098
ISIC_0010262,0.161076
ISIC_0034134,0.160965
ISIC_0046223,0.16081
ISIC_0047031,0.160719
ISIC_8257549,0.160607
ISIC_0030443,0.160522
ISIC_0028691,0.160348
ISIC_0015185,0.1603
ISIC_0031233,0.160254
ISIC_0386664,0.159859
ISIC_0033967,0.15975
ISIC_5662381,0.159467
ISIC_1383822,0.159134
ISIC_7176034,0.159036
ISIC_0182020,0.158745
ISIC_0033799,0.158661
ISIC_0030769,0.158425
ISIC_4596803,0.158108
ISIC_0025956,0.158094
ISIC_7097931,0.158093
ISIC_0014891,0.158021
ISIC_0032098,0.157663
ISIC_8617084,0.157578
ISIC_9182492,0.157433
ISIC_0813423,0.157158
ISIC_0027556,0.157064
ISIC_0025931,0.156607
ISIC_0034051,0.156593
ISIC_2563568,0.156007
ISIC_4052597,0.155943
ISIC_0293086,0.155837
ISIC_8613657,0.155322
ISIC_3582787,0.154012
ISIC_0006829,0.153782
ISIC_0082704,0.153627
ISIC_9989617,0.153525
ISIC_0572205,0.153375
ISIC_0055393,0.153147
ISIC_6523645,0.152997
ISIC_0033226,0.152941
ISIC_0030116,0.152714
ISIC_0057169,0.152525
ISIC_0009488,0.152202
ISIC_0062559,0.15207
ISIC_0000145,0.152047
ISIC_4966148,0.151903
ISIC_4641968,0.15183
ISIC_9723646,0.151822
ISIC_4723378,0.151728
ISIC_0005248,0.15147
ISIC_7785723,0.151257
ISIC_0028181,0.150928
ISIC_0033047,0.150762
ISIC_5673859,0.150755
ISIC_0009289,0.150672
ISIC_5797404,0.150454
ISIC_1453146,0.150146
ISIC_4308751,0.150122
ISIC_0032656,0.149925
ISIC_7271718,0.149528
ISIC_0011630,0.149286
ISIC_0010901,0.149116
ISIC_0027420,0.149113
ISIC_0010982,0.14903
ISIC_0026086,0.148992
ISIC_0067597,0.148705
ISIC_5666345,0.14838
ISIC_0014160,0.147919
ISIC_0031621,0.147498
ISIC_0033265,0.147118
ISIC_0025152,0.146916
ISIC_0010825,0.146621
ISIC_8837880,0.146584
ISIC_9685928,0.146295
ISIC_0030254,0.146276
ISIC_8953848,0.146061
ISIC_0031709,0.145611
ISIC_0056531,0.145334
ISIC_0027056,0.144827
ISIC_0011772,0.144766
ISIC_2197722,0.144638
ISIC_0033692,0.144531
ISIC_8139762,0.144408
ISIC_0046316,0.144308
ISIC_7728263,0.144247
ISIC_0062025,0.144068
ISIC_0010587,0.143831
ISIC_1377409,0.143815
ISIC_5132214,0.143798
ISIC_9798721,0.143427
ISIC_2272218,0.143331
ISIC_0067094,0.143198
ISIC_3996796,0.143165
ISIC_2276141,0.142936
ISIC_0061580,0.142734
ISIC_1059525,0.142678
ISIC_6207818,0.142247
ISIC_8462070,0.14215
ISIC_0034133,0.142117
ISIC_0025755,0.141878
ISIC_0055624,0.141301
ISIC_6912233,0.141279
ISIC_0033415,0.14122
ISIC_0033377,0.140792
ISIC_0054329,0.140654
ISIC_4475657,0.140432
ISIC_9086288,0.140354
ISIC_9206499,0.140233
ISIC_2668481,0.140072
ISIC_1296490,0.140066
ISIC_0066001,0.139906
ISIC_8087949,0.13985
ISIC_8773478,0.139849
ISIC_0011924,0.139738
ISIC_0011892,0.139723
ISIC_3994656,0.139543
ISIC_7306535,0.139232
ISIC_8907232,0.13912
ISIC_0027087,0.138956
ISIC_5441247,0.138472
ISIC_9445053,0.138388
ISIC_0027407,0.138234
ISIC_0033394,0.138205
ISIC_8108099,0.138037
ISIC_1102075,0.137825
ISIC_0028220,0.137577
ISIC_1210565,0.137442
ISIC_0222299,0.137287
ISIC_0027971,0.136875
ISIC_0071434,0.136573
ISIC_9101441,0.13604
ISIC_0065872,0.135964
ISIC_8751106,0.135572
ISIC_0894785,0.135553
ISIC_3292151,0.135551
ISIC_0011520,0.1355
ISIC_7418723,0.135425
ISIC_0054744,0.135262
ISIC_4998826,0.135237
ISIC_3059367,0.135195
ISIC_0000441,0.134881
ISIC_0027636,0.134806
ISIC_6714923,0.134373
ISIC_0034048,0.134258
ISIC_5049365,0.134214
ISIC_0012382,0.134073
ISIC_0013429,0.133854
ISIC_2948811,0.133814
ISIC_7050122,0.133788
ISIC_0063180,0.133738
ISIC_0029170,0.133638
ISIC_0068126,0.133414
ISIC_0032034,0.133314
ISIC_5300774,0.132253
ISIC_0055701,0.132124
ISIC_7336383,0.131911
ISIC_1632696,0.131833
ISIC_0030006,0.131828
ISIC_1513720,0.13175
ISIC_3646670,0.131744
ISIC_0064344,0.131683
ISIC_0067054,0.131541
ISIC_3181394,0.131497
ISIC_0012810,0.131353
ISIC_0013565,0.131248
ISIC_0028755,0.131205
ISIC_2621288,0.130943
ISIC_0024285,0.130522
ISIC_1122023,0.130414
ISIC_1166522,0.129936
ISIC_0029684,0.129607
ISIC_0014558,0.129093
ISIC_1293403,0.129091
ISIC_5789994,0.129012
ISIC_4172470,0.128991
ISIC_0010925,0.128772
ISIC_0071367,0.128732
ISIC_0059390,0.128705
ISIC_5358548,0.128704
ISIC_0188432,0.128489
ISIC_6803432,0.128485
ISIC_7765349,0.128409
ISIC_2198823,0.128361
ISIC_0027822,0.128311
ISIC_0399220,0.128268
ISIC_1225511,0.128101
ISIC_0558485,0.127963
ISIC_0031325,0.127688
ISIC_5722914,0.127551
ISIC_2376758,0.127488
ISIC_0060486,0.127481
ISIC_0015023,0.127114
ISIC_6434210,0.127047
ISIC_3590997,0.126562
ISIC_6968422,0.126191
ISIC_0028883,0.125911
ISIC_0058926,0.125229
ISIC_3757004,0.125039
ISIC_0272509,0.125024
ISIC_0385633,0.124782
ISIC_0011448,0.124289
ISIC_2366652,0.12426
ISIC_6475049,0.123898
ISIC_0033962,0.12378
ISIC_0027718,0.123482
ISIC_9527051,0.123056
ISIC_7131689,0.122994
ISIC_6284012,0.122959
ISIC_4382115,0.122947
ISIC_9052604,0.122853
ISIC_0067206,0.122693
ISIC_9203914,0.122389
ISIC_0027149,0.122385
ISIC_0015015,0.122238
ISIC_0058132,0.121971
ISIC_9126992,0.121816
ISIC_2219050,0.121742
ISIC_0053801,0.121678
ISIC_0009871,0.121612
ISIC_0065278,0.121607
ISIC_0011491,0.121361
ISIC_0011176,0.121342
ISIC_0463755,0.12122
ISIC_0170101,0.121174
ISIC_0010385,0.120645
ISIC_0067562,0.120524
ISIC_7128007,0.120309
ISIC_8711983,0.119917
ISIC_0060679,0.119851
ISIC_0757147,0.119793
ISIC_0010278,0.119609
ISIC_9304022,0.119609
ISIC_4595741,0.119455
ISIC_7235128,0.119148
ISIC_0065351,0.118823
ISIC_0032596,0.118531
ISIC_1910158,0.118126
ISIC_1884256,0.118018
ISIC_1619814,0.117948
ISIC_8409024,0.117914
ISIC_9014036,0.117673
ISIC_0026009,0.117334
ISIC_1858237,0.117266
ISIC_8378321,0.117176
ISIC_0009991,0.116981
ISIC_5907931,0.116765
ISIC_7942881,0.116743
ISIC_0033044,0.116628
ISIC_6635590,0.116599
ISIC_2074764,0.116451
ISIC_0069504,0.116364
ISIC_0030663,0.116361
ISIC_0028135,0.116164
ISIC_9802008,0.115889
ISIC_5629390,0.115484
ISIC_0000392,0.115268
ISIC_5388485,0.115085
ISIC_0010878,0.114817
ISIC_0030732,0.114789
ISIC_0027839,0.114771
ISIC_7354733,0.114385
ISIC_0032918,0.114168
ISIC_0010995,0.113763
ISIC_0069124,0.113522
ISIC_0025448,0.113497
ISIC_0772836,0.113479
ISIC_0010346,0.113449
ISIC_9268141,0.1133
ISIC_1342117,0.113131
ISIC_0010636,0.11311
ISIC_1035480,0.113101
ISIC_6722934,0.112898
ISIC_0071809,0.112855
ISIC_0028070,0.112855
ISIC_0033178,0.112786
ISIC_0011137,0.112698
ISIC_2964397,0.112688
ISIC_0065264,0.112656
ISIC_8296881,0.112329
ISIC_0010705,0.112288
ISIC_0027507,0.111743
ISIC_0031965,0.111663
ISIC_0069050,0.111285
ISIC_1444154,0.111025
ISIC_6908183,0.111001
ISIC_9433473,0.110809
ISIC_9029813,0.110788
ISIC_4518384,0.110593
ISIC_0525687,0.110442
ISIC_7438013,0.110423
ISIC_6808543,0.110355
ISIC_1217314,0.110353
ISIC_4459125,0.110034
ISIC_0260316,0.109952
ISIC_0066328,0.109546
ISIC_6978997,0.109516
ISIC_0010440,0.109352
ISIC_0032806,0.109085
ISIC_0012672,0.108956
ISIC_0071457,0.108937
ISIC_3677945,0.108899
ISIC_0032226,0.108782
ISIC_5490257,0.108718
ISIC_6330529,0.108608
ISIC_0071208,0.108313
ISIC_4589609,0.108257
ISIC_0060937,0.108082
ISIC_9254641,0.108078
ISIC_0010707,0.107571
ISIC_0058617,0.107194
ISIC_4232756,0.107074
ISIC_5273029,0.106933
ISIC_6066292,0.106391
ISIC_0015156,0.106367
ISIC_2433965,0.106361
ISIC_3734674,0.106241
ISIC_5810696,0.106176
ISIC_2741583,0.105672
ISIC_3805025,0.105507
ISIC_5910975,0.105418
ISIC_4363603,0.105318
ISIC_0028019,0.105304
ISIC_0031626,0.105105
ISIC_0046323,0.105041
ISIC_0011409,0.104975
ISIC_1576437,0.104705
ISIC_8523262,0.10467
ISIC_1522266,0.104285
ISIC_5755836,0.104285
ISIC_4887995,0.104096
ISIC_1023339,0.10399
ISIC_0029606,0.103356
ISIC_7681490,0.10316
ISIC_0033424,0.10315
ISIC_1776777,0.103068
ISIC_2904474,0.102925
ISIC_2741857,0.10265
ISIC_0033238,0.102418
ISIC_2930792,0.101976
ISIC_0010895,0.101787
ISIC_4701900,0.101559
ISIC_9254433,0.101304
ISIC_0061735,0.101246
ISIC_2841488,0.100943
ISIC_6380209,0.100869
ISIC_0028751,0.10065
ISIC_2612661,0.100309
ISIC_8306983,0.100002
ISIC_1228845,0.099746
ISIC_5732487,0.09964
ISIC_4293419,0.099602
ISIC_0001157,0.099508
ISIC_5808758,0.099376
ISIC_0028061,0.09925
ISIC_0056089,0.09902
ISIC_5614446,0.098258
ISIC_0024496,0.098169
ISIC_0031550,0.097796
ISIC_2652721,0.097751
ISIC_0097500,0.09774
ISIC_0063664,0.097647
ISIC_0013672,0.097105
ISIC_0029198,0.097101
ISIC_4118762,0.097028
ISIC_0032726,0.096813
ISIC_0008768,0.096796
ISIC_9688119,0.096657
ISIC_7748311,0.096379
ISIC_2349743,0.096119
ISIC_0010767,0.095331
ISIC_6673956,0.095304
ISIC_0065200,0.095086
ISIC_5383064,0.094576
ISIC_0033186,0.094569
ISIC_0030831,0.094419
ISIC_0025039,0.094272
ISIC_0033729,0.093909
ISIC_0056819,0.093787
ISIC_0024694,0.093731
ISIC_0024221,0.093199
ISIC_3310364,0.093187
ISIC_7763831,0.092759
ISIC_0066203,0.092307
ISIC_5888212,0.092274
ISIC_0010915,0.091864
ISIC_6590303,0.09122
ISIC_0027832,0.091206
ISIC_0025779,0.091106
ISIC_0067443,0.091049
ISIC_0014049,0.091035
ISIC_0066564,0.090985
ISIC_0026113,0.090773
ISIC_0033392,0.090535
ISIC_0072294,0.090275
ISIC_0025343,0.090094
ISIC_0028554,0.090059
ISIC_0071133,0.089994
ISIC_0008816,0.089824
ISIC_4136832,0.08979
ISIC_5457229,0.089728
ISIC_0030373,0.089723
ISIC_0014920,0.089655
ISIC_3447331,0.089307
ISIC_5768032,0.089304
ISIC_0058418,0.089238
ISIC_6581765,0.089048
ISIC_1124434,0.089019
ISIC_0070731,0.088852
ISIC_9476244,0.088444
ISIC_6829008,0.088155
ISIC_0032709,0.088095
ISIC_0302804,0.088009
ISIC_1159891,0.087855
ISIC_0057531,0.087823
ISIC_1638436,0.087819
ISIC_5519357,0.087639
ISIC_6385296,0.087589
ISIC_8822738,0.087466
ISIC_0031843,0.087172
ISIC_0012990,0.086946
ISIC_0058998,0.086868
ISIC_0027109,0.086255
ISIC_0000375,0.086152
ISIC_9087221,0.085747
ISIC_0033730,0.085732
ISIC_5206218,0.085715
ISIC_0651353,0.085004
ISIC_0067476,0.084931
ISIC_0033273,0.084402
ISIC_0000518,0.084308
ISIC_0032844,0.084299
ISIC_2166957,0.084219
ISIC_5796736,0.083963
ISIC_6119830,0.083504
ISIC_5934948,0.082833
ISIC_0000072,0.082761
ISIC_2918117,0.082557
ISIC_0014542,0.082403
ISIC_0059349,0.082214
ISIC_3650533,0.082201
ISIC_7068674,0.082176
ISIC_8976269,0.081748
ISIC_9822350,0.081513
ISIC_0029609,0.08133
ISIC_2616719,0.081323
ISIC_0028582,0.081244
ISIC_0033323,0.081042
ISIC_0069668,0.080936
ISIC_0061011,0.080859
ISIC_4369035,0.080571
ISIC_5400609,0.0805
ISIC_0033832,0.080463
ISIC_0482585,0.080302
ISIC_8979540,0.080102
ISIC_9499787,0.080074
ISIC_0062382,0.079618
ISIC_0054312,0.079539
ISIC_0030281,0.07946
ISIC_7875088,0.079018
ISIC_7131359,0.078881
ISIC_1071355,0.078791
ISIC_0981639,0.078576
ISIC_0024275,0.078397
ISIC_9974613,0.078207
ISIC_8048162,0.07817
ISIC_5312710,0.078085
ISIC_0032160,0.077827
ISIC_6375439,0.077753
ISIC_4976189,0.077749
ISIC_9660528,0.077575
ISIC_5028203,0.077563
ISIC_3992223,0.077561
ISIC_5611515,0.077303
ISIC_0054528,0.077193
ISIC_9498448,0.077094
ISIC_0806303,0.076493
ISIC_0011267,0.075953
ISIC_8440070,0.075415
ISIC_6443984,0.075281
ISIC_0031293,0.075245
ISIC_0029296,0.074926
ISIC_0962121,0.074845
ISIC_0056900,0.074484
ISIC_0027669,0.074325
ISIC_1620401,0.074309
ISIC_9744305,0.074288
ISIC_0013969,0.074072
ISIC_0778327,0.074044
ISIC_1738738,0.074008
ISIC_9996128,0.07399
ISIC_0054048,0.073733
ISIC_0030995,0.073672
ISIC_0029182,0.07356
ISIC_7567699,0.073328
ISIC_0032543,0.073306
ISIC_0010299,0.073297
ISIC_4026019,0.073217
ISIC_4525317,0.073201
ISIC_1611503,0.073125
ISIC_0068012,0.072771
ISIC_8527092,0.07251
ISIC_0011921,0.072426
ISIC_0033775,0.072347
ISIC_4870676,0.072346
ISIC_0026901,0.072326
ISIC_6685513,0.072293
ISIC_4359258,0.071974
ISIC_3590167,0.071756
ISIC_0066882,0.071582
ISIC_0201767,0.071567
ISIC_0053810,0.071448
ISIC_0071111,0.071267
ISIC_2997601,0.071037
ISIC_0065390,0.070911
ISIC_2526170,0.070865
ISIC_0024297,0.070778
ISIC_0012208,0.070738
ISIC_6069236,0.070397
ISIC_9745038,0.070033
ISIC_7329395,0.070014
ISIC_9482842,0.069654
ISIC_2122488,0.069309
ISIC_7430054,0.068797
ISIC_0059330,0.068756
ISIC_0070805,0.067869
ISIC_0024574,0.067614
ISIC_0025499,0.06745
ISIC_1175776,0.067353
ISIC_0066143,0.067104
ISIC_2400177,0.067068
ISIC_1640823,0.067017
ISIC_0046458,0.06689
ISIC_0071169,0.066723
ISIC_0001581,0.066587
ISIC_2171940,0.066445
ISIC_9406275,0.066382
ISIC_5381712,0.066278
ISIC_1175170,0.066202
ISIC_0015938,0.066168
ISIC_0058054,0.066112
ISIC_0626501,0.066054
ISIC_0059353,0.066003
ISIC_0071257,0.065567
ISIC_0034117,0.065151
ISIC_7530414,0.064986
ISIC_6425888,0.064838
ISIC_0028874,0.064827
ISIC_7365889,0.064404
ISIC_0053493,0.064053
ISIC_0010521,0.06402
ISIC_7466678,0.063755
ISIC_1495182,0.063672
ISIC_0056608,0.063474
ISIC_0061085,0.063103
ISIC_0032342,0.062917
ISIC_6384927,0.062783
ISIC_0028325,0.062575
ISIC_0015401,0.061708
ISIC_0028285,0.061525
ISIC_3716686,0.061314
ISIC_1080647,0.061284
ISIC_9088073,0.061138
ISIC_2225927,0.061024
ISIC_0028396,0.060608
ISIC_0006328,0.060581
ISIC_0026020,0.060568
ISIC_0031891,0.060364
ISIC_0034144,0.06021
ISIC_0026756,0.060078
ISIC_5046082,0.059864
ISIC_0013277,0.059788
ISIC_1258763,0.059385
ISIC_0010240,0.059371
ISIC_0031985,0.059275
ISIC_0887792,0.059227
ISIC_4956965,0.059191
ISIC_0058346,0.05885
ISIC_0011305,0.058588
ISIC_0068576,0.058588
ISIC_3900049,0.058529
ISIC_4570724,0.058502
ISIC_0011481,0.058375
ISIC_0014150,0.058107
ISIC_0059066,0.05794
ISIC_0046983,0.057556
ISIC_4756167,0.057333
ISIC_0014183,0.056866
ISIC_0058331,0.056809
ISIC_0031565,0.056791
ISIC_2514994,0.056544
ISIC_0667763,0.056434
ISIC_8425541,0.056407
ISIC_0067549,0.056161
ISIC_7287303,0.056152
ISIC_2801008,0.056024
ISIC_2562668,0.055841
ISIC_7732765,0.055776
ISIC_8738598,0.055656
ISIC_0033279,0.055501
ISIC_0030660,0.055161
ISIC_5312584,0.055093
ISIC_0030484,0.054516
ISIC_5330187,0.054277
ISIC_0029893,0.054202
ISIC_2376016,0.053991
ISIC_6888402,0.053834
ISIC_7045042,0.053685
ISIC_4024062,0.053539
ISIC_2377039,0.053516
ISIC_0011264,0.053167
ISIC_0024756,0.053111
ISIC_0068116,0.053051
ISIC_0025035,0.052871
ISIC_6227920,0.052603
ISIC_5982769,0.052226
ISIC_0014846,0.052122
ISIC_7939816,0.051779
ISIC_8363485,0.051512
ISIC_9486313,0.051416
ISIC_7216266,0.05114
ISIC_0682543,0.050958
ISIC_0032820,0.050872
ISIC_5960765,0.050835
ISIC_4331481,0.0508
ISIC_0065341,0.050585
ISIC_0030391,0.050516
ISIC_0029383,0.050515
ISIC_5729818,0.050181
ISIC_6377883,0.049501
ISIC_0026087,0.049432
ISIC_0024739,0.049311
ISIC_0012064,0.049178
ISIC_0927854,0.049126
ISIC_0026694,0.048936
ISIC_0064034,0.048678
ISIC_0013908,0.048617
ISIC_0012334,0.048454
ISIC_3464344,0.048438
ISIC_0028597,0.047992
ISIC_0033324,0.047878
ISIC_4508511,0.047755
ISIC_0010718,0.047678
ISIC_0010817,0.047649
ISIC_7650369,0.047409
ISIC_0024527,0.047226
ISIC_0010466,0.04717
ISIC_0027445,0.046971
ISIC_4253346,0.046953
ISIC_0010777,0.046719
ISIC_6640686,0.046598
ISIC_8035608,0.046506
ISIC_0068218,0.04608
ISIC_2395624,0.046007
ISIC_4649440,0.045947
ISIC_1961064,0.045461
ISIC_0053996,0.044924
ISIC_0029982,0.044852
ISIC_3519679,0.044686
ISIC_0027081,0.044524
ISIC_0011482,0.044341
ISIC_4164882,0.044135
ISIC_0013740,0.043878
ISIC_0392105,0.043812
ISIC_1809444,0.043727
ISIC_4184101,0.043641
ISIC_0026150,0.043604
ISIC_6620748,0.043463
ISIC_5501183,0.043391
ISIC_0027277,0.043349
ISIC_0030393,0.043218
ISIC_6155981,0.043116
ISIC_0011483,0.042992
ISIC_2928274,0.042831
ISIC_0056292,0.04281
ISIC_7618133,0.042698
ISIC_5240387,0.042669
ISIC_6685532,0.042664
ISIC_0033081,0.042638
ISIC_0001141,0.042524
ISIC_0054906,0.042369
ISIC_2714907,0.042328
ISIC_5706192,0.042205
ISIC_0062313,0.042093
ISIC_0063028,0.042066
ISIC_4105234,0.042049
ISIC_0054357,0.04192
ISIC_9509757,0.041042
ISIC_0000291,0.040976
ISIC_0056247,0.040489
ISIC_0013988,0.040488
ISIC_4015508,0.040442
ISIC_5823292,0.039627
ISIC_0026613,0.039262
ISIC_1358527,0.039042
ISIC_0034170,0.038872
ISIC_3391427,0.038039
ISIC_0056793,0.037822
ISIC_1508215,0.037798
ISIC_3820669,0.037603
ISIC_0057496,0.037383
ISIC_4156010,0.036948
ISIC_0013615,0.036836
ISIC_6054977,0.036809
ISIC_0056413,0.036696
ISIC_0024585,0.036663
ISIC_6037869,0.036595
ISIC_0012263,0.036595
ISIC_9934037,0.036407
ISIC_3124612,0.036165
ISIC_0497390,0.03615
ISIC_6448654,0.036068
ISIC_4899386,0.035934
ISIC_3764173,0.035584
ISIC_2757370,0.03553
ISIC_3064807,0.035247
ISIC_6697013,0.035215
ISIC_4620425,0.035179
ISIC_2266312,0.035146
ISIC_0000552,0.035109
ISIC_2000959,0.034988
ISIC_2456538,0.034678
ISIC_0030508,0.034557
ISIC_0033051,0.034283
ISIC_5682259,0.034265
ISIC_0011073,0.034156
ISIC_4843102,0.034035
ISIC_8634334,0.033609
ISIC_8015541,0.033572
ISIC_9294799,0.033096
ISIC_6606767,0.032817
ISIC_3323866,0.03276
ISIC_0000296,0.032557
ISIC_5821131,0.03229
ISIC_1366765,0.032286
ISIC_7299025,0.031997
ISIC_4610600,0.031916
ISIC_6356149,0.031822
ISIC_0072631,0.031671
ISIC_4069690,0.031594
ISIC_0033881,0.031472
ISIC_0024565,0.031463
ISIC_9685480,0.031134
ISIC_0397464,0.031046
ISIC_0011960,0.030978
ISIC_6912979,0.030668
ISIC_2823287,0.030531
ISIC_8156101,0.030374
ISIC_2864893,0.030363
ISIC_0032603,0.030238
ISIC_0032360,0.029407
ISIC_6342224,0.029158
ISIC_8452205,0.029121
ISIC_5495413,0.028902
ISIC_0071168,0.028884
ISIC_7454679,0.028409
ISIC_0058046,0.028306
ISIC_6732560,0.028197
ISIC_0011950,0.028052
ISIC_5377693,0.027824
ISIC_2246150,0.027817
ISIC_0030506,0.027803
ISIC_0060707,0.027785
ISIC_1477990,0.027663
ISIC_0033419,0.027448
ISIC_7501061,0.027114
ISIC_5010212,0.026923
ISIC_5476463,0.026529
ISIC_0026781,0.026494
ISIC_6028082,0.026282
ISIC_0000239,0.026073
ISIC_0620587,0.025888
ISIC_8559515,0.025675
ISIC_0504165,0.025451
ISIC_0027552,0.024979
ISIC_0070948,0.024836
ISIC_2647453,0.024782
ISIC_4062017,0.024584
ISIC_3888713,0.024557
ISIC_0033175,0.024342
ISIC_0028969,0.024106
ISIC_0060741,0.023783
ISIC_5226371,0.0235
ISIC_0027024,0.023127
ISIC_0448195,0.023091
ISIC_0058508,0.022687
ISIC_2776906,0.022442
ISIC_0032583,0.022371
ISIC_4887874,0.022228
ISIC_0028320,0.022194
ISIC_9822801,0.022185
ISIC_0033802,0.022062
ISIC_0064559,0.021914
ISIC_0014857,0.021891
ISIC_0032440,0.021765
ISIC_0011463,0.021651
ISIC_0026160,0.021576
ISIC_4045781,0.021536
ISIC_4219589,0.021343
ISIC_4563766,0.020836
ISIC_9719936,0.020769
ISIC_0878793,0.020748
ISIC_0024423,0.020695
ISIC_2795397,0.020542
ISIC_0031785,0.020454
ISIC_4428769,0.020058
ISIC_9161341,0.019938
ISIC_0026791,0.019929
ISIC_6488658,0.019924
ISIC_0072516,0.0198
ISIC_0011779,0.019663
ISIC_9848743,0.019655
ISIC_0027274,0.0196
ISIC_6384997,0.019416
ISIC_0034265,0.019147
ISIC_2333274,0.019138
ISIC_0007808,0.018972
ISIC_0067397,0.018831
ISIC_0060962,0.018617
ISIC_0027350,0.018565
ISIC_0027921,0.01841
ISIC_5347806,0.018199
ISIC_3704157,0.017558
ISIC_0058950,0.017429
ISIC_0025955,0.017149
ISIC_9529297,0.016865
ISIC_8036544,0.016827
ISIC_7381224,0.016648
ISIC_0029906,0.016385
ISIC_0027480,0.016356
ISIC_6606131,0.016344
ISIC_0024808,0.016267
ISIC_0010231,0.016252
ISIC_0000077,0.016194
ISIC_9545819,0.016192
ISIC_3857463,0.016165
ISIC_0004015,0.016075
ISIC_7339533,0.015911
ISIC_0071904,0.015657
ISIC_0638857,0.015654
ISIC_4474352,0.015422
ISIC_6556622,0.015289
ISIC_0014994,0.014289
ISIC_7898061,0.014162
ISIC_9241732,0.013543
ISIC_4607215,0.01351
ISIC_3981425,0.013475
ISIC_2466892,0.01329
ISIC_0000463,0.01319
ISIC_1210011,0.012907
ISIC_0027363,0.012835
ISIC_0032928,0.012646
ISIC_0060158,0.01261
ISIC_0013719,0.01241
ISIC_1805163,0.012317
ISIC_2946577,0.012236
ISIC_0025544,0.012158
ISIC_0030518,0.012084
ISIC_0026428,0.012023
ISIC_7672106,0.011821
ISIC_0536433,0.011646
ISIC_0029561,0.011568
ISIC_1470250,0.011528
ISIC_1387456,0.011484
ISIC_0032433,0.011003
ISIC_2975580,0.010702
ISIC_0053960,0.010384
ISIC_0009955,0.01014
ISIC_1937197,0.010119
ISIC_0030592,0.010103
ISIC_0024686,0.01003
ISIC_0064279,0.00994
ISIC_1265755,0.009893
ISIC_0033841,0.009684
ISIC_0602494,0.008834
ISIC_0010933,0.008726
ISIC_0072997,0.008583
ISIC_1115160,0.008512
ISIC_0009941,0.008503
ISIC_0651114,0.008416
ISIC_9466794,0.008046
ISIC_2679689,0.007724
ISIC_4752144,0.007665
ISIC_7212271,0.007582
ISIC_1068686,0.007501
ISIC_1788979,0.007241
ISIC_0030087,0.007023
ISIC_0597218,0.006646
ISIC_0032597,0.006592
ISIC_0027174,0.006528
ISIC_8477065,0.006519
ISIC_0012369,0.006473
ISIC_0061880,0.006202
ISIC_1834920,0.006142
ISIC_7897925,0.006018
ISIC_0030843,0.005884
ISIC_1945381,0.0053
ISIC_0027936,0.00529
ISIC_0060233,0.00529
ISIC_7906421,0.004865
ISIC_2228511,0.004803
ISIC_0061806,0.004759
ISIC_0032812,0.004674
ISIC_6756517,0.00438
ISIC_3868662,0.004302
ISIC_0008934,0.004212
ISIC_0069830,0.004095
ISIC_0027095,0.003925
ISIC_0779920,0.003917
ISIC_9887341,0.003861
ISIC_8588033,0.003684
ISIC_5707761,0.003145
ISIC_7096885,0.003134
ISIC_8563961,0.003072
ISIC_4208361,0.002883
ISIC_4475268,0.002839
ISIC_0071916,0.002485
ISIC_0000040,0.002412
ISIC_1412843,0.002249
ISIC_9104982,0.002247
ISIC_6613079,0.002063
ISIC_0067621,0.001897
ISIC_0028379,0.001892
ISIC_8350973,0.001699
ISIC_1552232,0.001454
ISIC_5008399,0.00136
ISIC_7203184,0.0013
ISIC_4875370,0.001289
ISIC_0070061,0.001229
ISIC_9312264,0.00118
ISIC_5327271,0.001091
ISIC_0033042,0.001028
ISIC_0000434,0.001025
ISIC_2918128,0.000811
ISIC_0029825,0.000617
ISIC_0510774,0.000521
ISIC_0698821,0.000304
ISIC_2740756,0.000185
ISIC_6844752,-5.7e-05
ISIC_0012681,-0.000179
ISIC_2287151,-0.000661
ISIC_6317162,-0.000681
ISIC_3105136,-0.000722
ISIC_0013792,-0.000892
ISIC_6392461,-0.000955
ISIC_7492046,-0.000986
ISIC_0031821,-0.001281
ISIC_0871853,-0.001623
ISIC_0027263,-0.001674
ISIC_0056389,-0.001866
ISIC_4136663,-0.001912
ISIC_8764927,-0.002326
ISIC_9987485,-0.002692
ISIC_0055438,-0.002707
ISIC_5149162,-0.003051
ISIC_0010372,-0.003199
ISIC_1977315,-0.003304
ISIC_7330564,-0.003494
ISIC_6766153,-0.003601
ISIC_0034046,-0.003634
ISIC_0032516,-0.003787
ISIC_0030641,-0.003972
ISIC_0026008,-0.004501
ISIC_4026569,-0.004681
ISIC_3018550,-0.005002
ISIC_0033080,-0.005073
ISIC_0025138,-0.00549
ISIC_0062456,-0.005685
ISIC_0064656,-0.005687
ISIC_0010379,-0.006084
ISIC_0033713,-0.006176
ISIC_2461360,-0.006282
ISIC_0032783,-0.00632
ISIC_8041550,-0.006417
ISIC_5964173,-0.006435
ISIC_0031203,-0.006534
ISIC_1300967,-0.006628
ISIC_6188469,-0.006694
ISIC_3744940,-0.006702
ISIC_0024865,-0.006822
ISIC_5315125,-0.007255
ISIC_0378399,-0.007419
ISIC_0031386,-0.007593
ISIC_0014543,-0.007681
ISIC_4232761,-0.007861
ISIC_4322954,-0.007965
ISIC_7357474,-0.008134
ISIC_1264576,-0.008434
ISIC_0031184,-0.008795
ISIC_0059808,-0.009075
ISIC_0024259,-0.009169
ISIC_8321148,-0.009234
ISIC_0032565,-0.009394
ISIC_7777873,-0.009529
ISIC_0016094,-0.009967
ISIC_1696845,-0.010189
ISIC_3652847,-0.01039
ISIC_4958578,-0.010513
ISIC_0024589,-0.010643
ISIC_0003822,-0.010645
ISIC_0031829,-0.010699
ISIC_0032701,-0.011094
ISIC_0000395,-0.011154
ISIC_9485536,-0.011246
ISIC_1328804,-0.011422
ISIC_0059632,-0.012116
ISIC_0055727,-0.012146
ISIC_0025195,-0.012282
ISIC_0068966,-0.012624
ISIC_0009893,-0.012667
ISIC_6626544,-0.012729
ISIC_0014489,-0.012849
ISIC_6323420,-0.012969
ISIC_7226381,-0.013349
ISIC_5732201,-0.013571
ISIC_0000504,-0.013624
ISIC_0061562,-0.013628
ISIC_5673994,-0.013852
ISIC_0013936,-0.013981
ISIC_0028219,-0.014423
ISIC_4530249,-0.01459
ISIC_0061343,-0.014627
ISIC_5281908,-0.015139
ISIC_0372902,-0.015292
ISIC_0028781,-0.015324
ISIC_0024219,-0.015465
ISIC_0030392,-0.01547
ISIC_0010551,-0.015529
ISIC_0024516,-0.015728
ISIC_0014694,-0.015743
ISIC_2386961,-0.015821
ISIC_3590814,-0.01595
ISIC_0982855,-0.015967
ISIC_0032901,-0.015971
ISIC_9631669,-0.016333
ISIC_0025929,-0.01637
ISIC_0014133,-0.016508
ISIC_0071132,-0.016534
ISIC_1763577,-0.016895
ISIC_8860929,-0.016953
ISIC_9409255,-0.017098
ISIC_0031021,-0.017219
ISIC_9854454,-0.017246
ISIC_6027459,-0.017899
ISIC_1177153,-0.01846
ISIC_0346815,-0.019077
ISIC_5046340,-0.019191
ISIC_0032797,-0.019281
ISIC_9019691,-0.019396
ISIC_0030689,-0.019889
ISIC_8705622,-0.020164
ISIC_8795740,-0.020343
ISIC_0063988,-0.020453
ISIC_0006118,-0.020479
ISIC_2173158,-0.020497
ISIC_0026921,-0.020554
ISIC_0071768,-0.02073
ISIC_0070383,-0.020738
ISIC_7340926,-0.020776
ISIC_0060832,-0.020835
ISIC_2457859,-0.021005
ISIC_9547089,-0.021891
ISIC_0030970,-0.022039
ISIC_0650126,-0.022297
ISIC_0030313,-0.022596
ISIC_8292279,-0.022599
ISIC_9810276,-0.022674
ISIC_0026812,-0.023045
ISIC_0058063,-0.023385
ISIC_1696516,-0.023598
ISIC_0010838,-0.023686
ISIC_0025081,-0.023747
ISIC_6119202,-0.023848
ISIC_0046932,-0.024072
ISIC_1988335,-0.024153
ISIC_0031977,-0.02418
ISIC_4601527,-0.024278
ISIC_0060050,-0.024296
ISIC_0069515,-0.024465
ISIC_0027112,-0.024795
ISIC_4707475,-0.024916
ISIC_0024401,-0.02508
ISIC_0046471,-0.025155
ISIC_0031999,-0.02516
ISIC_4190900,-0.025187
ISIC_0034065,-0.025269
ISIC_0010398,-0.025393
ISIC_5376036,-0.025445
ISIC_0013921,-0.02553
ISIC_0013839,-0.025673
ISIC_0060508,-0.0257
ISIC_0013497,-0.025703
ISIC_0011800,-0.025878
ISIC_5385528,-0.026113
ISIC_0032546,-0.026176
ISIC_7413786,-0.026184
ISIC_6644659,-0.026356
ISIC_2535541,-0.026459
ISIC_9049170,-0.026522
ISIC_8584748,-0.027085
ISIC_9000234,-0.027247
ISIC_5287748,-0.027263
ISIC_0067027,-0.027343
ISIC_4748605,-0.027476
ISIC_2999018,-0.027696
ISIC_0061158,-0.027787
ISIC_5656921,-0.027884
ISIC_5538169,-0.028295
ISIC_0012150,-0.028535
ISIC_0032724,-0.028546
ISIC_9045601,-0.028632
ISIC_2625894,-0.028842
ISIC_0027498,-0.029167
ISIC_3166535,-0.029189
ISIC_0001120,-0.029209
ISIC_0066209,-0.029252
ISIC_0024911,-0.029254
ISIC_0058625,-0.029491
ISIC_0016081,-0.029625
ISIC_9196783,-0.029944
ISIC_2260249,-0.030004
ISIC_5791954,-0.030052
ISIC_1783062,-0.03023
ISIC_9041897,-0.030489
ISIC_0000420,-0.030764
ISIC_0024525,-0.031105
ISIC_7787118,-0.031186
ISIC_1131588,-0.031347
ISIC_7044184,-0.031416
ISIC_0061918,-0.031455
ISIC_0058723,-0.031562
ISIC_0010532,-0.031577
ISIC_9152137,-0.031588
ISIC_3509838,-0.031654
ISIC_6758042,-0.031698
ISIC_3965087,-0.031739
ISIC_0011641,-0.032104
ISIC_4391909,-0.032658
ISIC_2067576,-0.033191
ISIC_0066401,-0.033251
ISIC_6809586,-0.033292
ISIC_1930598,-0.033543
ISIC_1379405,-0.033619
ISIC_0059501,-0.03384
ISIC_0014079,-0.033852
ISIC_0072694,-0.033987
ISIC_0057753,-0.034573
ISIC_0032165,-0.034585
ISIC_3401631,-0.034697
ISIC_7945429,-0.034758
ISIC_4384341,-0.035001
ISIC_0010789,-0.03505
ISIC_6023504,-0.035068
ISIC_4523565,-0.035203
ISIC_6839272,-0.035266
ISIC_1560455,-0.035552
ISIC_1479949,-0.036035
ISIC_0059427,-0.036046
ISIC_0025735,-0.036674
ISIC_0031104,-0.036723
ISIC_0028642,-0.037129
ISIC_6793983,-0.037215
ISIC_8436194,-0.037256
ISIC_0024826,-0.037267
ISIC_7976724,-0.037457
ISIC_6735970,-0.037882
ISIC_6231450,-0.037907
ISIC_2479512,-0.038028
ISIC_7251402,-0.038035
ISIC_8066110,-0.038234
ISIC_0033621,-0.038306
ISIC_9579506,-0.038364
ISIC_4782878,-0.038454
ISIC_7342840,-0.038677
ISIC_3065253,-0.039023
ISIC_0033122,-0.039051
ISIC_0069633,-0.039062
ISIC_0012298,-0.039231
ISIC_4961708,-0.039742
ISIC_5859812,-0.039745
ISIC_8159779,-0.040126
ISIC_5754023,-0.040234
ISIC_0025648,-0.041142
ISIC_2658858,-0.041322
ISIC_0027276,-0.041348
ISIC_0645477,-0.041426
ISIC_0067979,-0.041552
ISIC_0000121,-0.041719
ISIC_0067195,-0.042264
ISIC_3296136,-0.042426
ISIC_0010808,-0.042509
ISIC_2054180,-0.042854
ISIC_0056141,-0.042893
ISIC_0030407,-0.043166
ISIC_0029639,-0.043256
ISIC_5110133,-0.043283
ISIC_0029761,-0.043381
ISIC_9077722,-0.043466
ISIC_7167479,-0.043538
ISIC_0010540,-0.043557
ISIC_0054480,-0.043617
ISIC_0098784,-0.043806
ISIC_9470876,-0.04396
ISIC_4494516,-0.044169
ISIC_0033651,-0.044304
ISIC_6157226,-0.044317
ISIC_9312164,-0.044452
ISIC_0013165,-0.044625
ISIC_0033612,-0.044856
ISIC_2833213,-0.044875
ISIC_2893340,-0.044968
ISIC_0030469,-0.045038
ISIC_4472903,-0.04508
ISIC_6265473,-0.045254
ISIC_5797942,-0.045379
ISIC_7600621,-0.045406
ISIC_6255494,-0.045461
ISIC_0305928,-0.045572
ISIC_0054070,-0.045581
ISIC_0026802,-0.046097
ISIC_0000313,-0.046192
ISIC_0028041,-0.046214
ISIC_5179503,-0.046372
ISIC_6570611,-0.046759
ISIC_0015044,-0.046865
ISIC_2546644,-0.047066
ISIC_0061224,-0.047279
ISIC_6673506,-0.047319
ISIC_4640293,-0.047892
ISIC_0428383,-0.049159
ISIC_6535558,-0.049171
ISIC_0645834,-0.049183
ISIC_0027085,-0.04928
ISIC_7761711,-0.049373
ISIC_4042619,-0.049519
ISIC_0025626,-0.049903
ISIC_0014270,-0.049928
ISIC_1971254,-0.050143
ISIC_5281485,-0.050391
ISIC_0062325,-0.050408
ISIC_0027479,-0.050438
ISIC_1698119,-0.05046
ISIC_0065292,-0.050823
ISIC_0014675,-0.051018
ISIC_0063715,-0.051022
ISIC_4045323,-0.051372
ISIC_0062709,-0.051432
ISIC_0030235,-0.051696
ISIC_6268546,-0.051862
ISIC_0054705,-0.05187
ISIC_0061108,-0.051872
ISIC_0490442,-0.051924
ISIC_3305153,-0.052009
ISIC_0068560,-0.052637
ISIC_3212050,-0.052658
ISIC_0011699,-0.053031
ISIC_9482039,-0.053374
ISIC_0024227,-0.053392
ISIC_4417495,-0.053453
ISIC_7694028,-0.053488
ISIC_0283957,-0.053546
ISIC_0758797,-0.053595
ISIC_0009622,-0.053611
ISIC_3664380,-0.053705
ISIC_0024323,-0.05422
ISIC_0025817,-0.054482
ISIC_2953279,-0.054611
ISIC_0034086,-0.054653
ISIC_4603706,-0.054911
ISIC_0027879,-0.055002
ISIC_9765024,-0.055042
ISIC_0012756,-0.055058
ISIC_0056790,-0.055263
ISIC_7520843,-0.055437
ISIC_0011135,-0.05574
ISIC_0032975,-0.05574
ISIC_0011696,-0.056005
ISIC_0012722,-0.056122
ISIC_0066289,-0.056534
ISIC_5485661,-0.056541
ISIC_5706956,-0.056697
ISIC_7967108,-0.05687
ISIC_0004000,-0.056877
ISIC_0010108,-0.057254
ISIC_0028420,-0.057349
ISIC_0024260,-0.057436
ISIC_0034172,-0.05755
ISIC_2523776,-0.057626
ISIC_7973601,-0.057724
ISIC_0327406,-0.057747
ISIC_8143286,-0.057757
ISIC_0062906,-0.058064
ISIC_0026401,-0.0582
ISIC_0634107,-0.058337
ISIC_0053841,-0.058349
ISIC_0588322,-0.05842
ISIC_2007396,-0.058482
ISIC_4066726,-0.058805
ISIC_0000700,-0.059333
ISIC_0005291,-0.059555
ISIC_2245069,-0.059588
ISIC_0071651,-0.05969
ISIC_0028998,-0.059767
ISIC_0024546,-0.059917
ISIC_4248013,-0.06004
ISIC_1949126,-0.060149
ISIC_7632525,-0.06042
ISIC_0000304,-0.060973
ISIC_0026082,-0.061
ISIC_3351880,-0.061326
ISIC_3378691,-0.061464
ISIC_0000065,-0.061753
ISIC_2129020,-0.061977
ISIC_0034034,-0.062048
ISIC_0009738,-0.062324
ISIC_0028579,-0.06238
ISIC_8173531,-0.062526
ISIC_6813359,-0.062531
ISIC_0065796,-0.062593
ISIC_8124900,-0.062773
ISIC_0025597,-0.062786
ISIC_2721699,-0.062795
ISIC_0010807,-0.062834
ISIC_0027043,-0.062937
ISIC_0011649,-0.063385
ISIC_6128108,-0.063636
ISIC_1076091,-0.064103
ISIC_0014290,-0.064251
ISIC_4177450,-0.064278
ISIC_0025500,-0.064471
ISIC_0177304,-0.064974
ISIC_5539001,-0.065151
ISIC_0011694,-0.065375
ISIC_2967024,-0.065405
ISIC_0013232,-0.065459
ISIC_0013775,-0.065676
ISIC_0029409,-0.065704
ISIC_0027113,-0.065853
ISIC_1048077,-0.065986
ISIC_2729109,-0.066058
ISIC_0057164,-0.06624
ISIC_0753112,-0.066327
ISIC_8077943,-0.066512
ISIC_6271218,-0.066837
ISIC_2779787,-0.066869
ISIC_5738369,-0.066875
ISIC_5854552,-0.066951
ISIC_8794567,-0.067072
ISIC_0000482,-0.067178
ISIC_0028512,-0.067494
ISIC_0059786,-0.06754
ISIC_0010142,-0.067613
ISIC_0000141,-0.068097
ISIC_3380212,-0.068213
ISIC_0064874,-0.068278
ISIC_0032680,-0.068445
ISIC_0929517,-0.068712
ISIC_0032875,-0.069463
ISIC_0011125,-0.069615
ISIC_0069851,-0.069816
ISIC_0011802,-0.070277
ISIC_7575246,-0.070505
ISIC_0025571,-0.071544
ISIC_3541663,-0.071729
ISIC_9860255,-0.071792
ISIC_8781751,-0.071881
ISIC_0222117,-0.071962
ISIC_0028175,-0.072585
ISIC_8922893,-0.0726
ISIC_1798471,-0.072647
ISIC_0029250,-0.072935
ISIC_0007760,-0.073249
ISIC_3945116,-0.073291
ISIC_0000155,-0.073526
ISIC_3096949,-0.073745
ISIC_9543945,-0.073801
ISIC_3898738,-0.073995
ISIC_0027573,-0.074488
ISIC_6801680,-0.074546
ISIC_0010655,-0.074582
ISIC_2086540,-0.074765
ISIC_9505595,-0.074775
ISIC_9101055,-0.075147
ISIC_0026982,-0.07524
ISIC_0027951,-0.075855
ISIC_0150363,-0.076089
ISIC_9680433,-0.076151
ISIC_0033711,-0.076165
ISIC_0072173,-0.076218
ISIC_6945634,-0.076363
ISIC_5104731,-0.076454
ISIC_4699989,-0.077159
ISIC_9718067,-0.077279
ISIC_7034769,-0.077505
ISIC_6558697,-0.077657
ISIC_0014423,-0.078029
ISIC_0010912,-0.078102
ISIC_0027502,-0.078313
ISIC_8806180,-0.078344
ISIC_4087267,-0.078582
ISIC_9217340,-0.078623
ISIC_4623351,-0.078751
ISIC_7268804,-0.078751
ISIC_0046693,-0.078785
ISIC_0070048,-0.07881
ISIC_0061623,-0.078983
ISIC_7293697,-0.079011
ISIC_0070253,-0.079135
ISIC_0065518,-0.079264
ISIC_0014229,-0.079267
ISIC_0009186,-0.079516
ISIC_8096177,-0.079812
ISIC_0029120,-0.079889
ISIC_7240424,-0.080101
ISIC_1720856,-0.080106
ISIC_0028022,-0.080184
ISIC_0066200,-0.080198
ISIC_8124482,-0.080497
ISIC_8479104,-0.08054
ISIC_9317483,-0.080596
ISIC_1323743,-0.081013
ISIC_3386753,-0.081377
ISIC_0028847,-0.081522
ISIC_9921747,-0.081578
ISIC_7110531,-0.081691
ISIC_0060355,-0.081834
ISIC_4013189,-0.082026
ISIC_0057199,-0.082471
ISIC_4678416,-0.082509
ISIC_3727059,-0.082832
ISIC_5771106,-0.082868
ISIC_4582670,-0.083668
ISIC_0027145,-0.083684
ISIC_6381852,-0.083746
ISIC_1847556,-0.084081
ISIC_0055246,-0.084085
ISIC_0033268,-0.084228
ISIC_4804158,-0.08456
ISIC_8171432,-0.084645
ISIC_0072773,-0.084661
ISIC_0060700,-0.084751
ISIC_0067933,-0.085447
ISIC_5789263,-0.085505
ISIC_8505243,-0.086014
ISIC_0031935,-0.086075
ISIC_5941314,-0.086401
ISIC_5181177,-0.086469
ISIC_4425657,-0.08719
ISIC_0025238,-0.087199
ISIC_0070352,-0.087243
ISIC_8380904,-0.087313
ISIC_0056938,-0.0874
ISIC_7536704,-0.087595
ISIC_1037315,-0.087652
ISIC_6406517,-0.087762
ISIC_9977672,-0.087891
ISIC_8978290,-0.088085
ISIC_0000306,-0.088225
ISIC_4358550,-0.088403
ISIC_5305288,-0.088416
ISIC_2379024,-0.088469
ISIC_9002603,-0.088606
ISIC_0732375,-0.088754
ISIC_1334438,-0.088764
ISIC_0008864,-0.088908
ISIC_0027797,-0.089061
ISIC_0064318,-0.089193
ISIC_0033075,-0.089361
ISIC_0011136,-0.089444
ISIC_1048913,-0.089455
ISIC_0030974,-0.089759
ISIC_0014144,-0.089774
ISIC_0029705,-0.089881
ISIC_0027499,-0.090035
ISIC_7376906,-0.090146
ISIC_0034118,-0.090588
ISIC_4539674,-0.09065
ISIC_0014800,-0.09068
ISIC_0010916,-0.090852
ISIC_1450548,-0.091348
ISIC_4750271,-0.091395
ISIC_0000154,-0.09155
ISIC_8942967,-0.091774
ISIC_7797853,-0.0918
ISIC_7441957,-0.091821
ISIC_0185918,-0.09187
ISIC_8680266,-0.091984
ISIC_2500254,-0.092147
ISIC_0010143,-0.092526
ISIC_1368336,-0.092693
ISIC_3230874,-0.092774
ISIC_8578732,-0.092848
ISIC_4894802,-0.093187
ISIC_0027659,-0.093562
ISIC_2558816,-0.094134
ISIC_0028945,-0.094165
ISIC_0034042,-0.094229
ISIC_0060626,-0.094235
ISIC_6855540,-0.094348
ISIC_2847555,-0.09438
ISIC_0054185,-0.094383
ISIC_6174156,-0.094445
ISIC_1223849,-0.094492
ISIC_3571523,-0.094505
ISIC_0357043,-0.094506
ISIC_0031303,-0.094772
ISIC_0014171,-0.094834
ISIC_0006302,-0.095144
ISIC_3496800,-0.095351
ISIC_0026780,-0.09551
ISIC_0026302,-0.095746
ISIC_0030428,-0.095997
ISIC_4691943,-0.096196
ISIC_0024280,-0.096332
ISIC_5391758,-0.096414
ISIC_5247560,-0.096523
ISIC_0011177,-0.096549
ISIC_1883330,-0.096629
ISIC_1985436,-0.096662
ISIC_7424320,-0.097175
ISIC_0032121,-0.097232
ISIC_0656395,-0.097257
ISIC_2328829,-0.097431
ISIC_0054391,-0.097596
ISIC_0029863,-0.097696
ISIC_0067227,-0.097797
ISIC_1558504,-0.098152
ISIC_3430953,-0.098185
ISIC_1519891,-0.098254
ISIC_2910705,-0.09837
ISIC_0315631,-0.09839
ISIC_9125543,-0.098431
ISIC_0485996,-0.098456
ISIC_0030922,-0.098688
ISIC_0010347,-0.099078
ISIC_6370597,-0.099311
ISIC_0012260,-0.09972
ISIC_3494219,-0.09979
ISIC_0026690,-0.099888
ISIC_0013572,-0.099897
ISIC_9863059,-0.100019
ISIC_5768602,-0.100083
ISIC_7136995,-0.100243
ISIC_0000431,-0.100374
ISIC_1637588,-0.100392
ISIC_6954782,-0.100411
ISIC_0026730,-0.10067
ISIC_9227392,-0.10072
ISIC_8798059,-0.100866
ISIC_0059423,-0.100977
ISIC_1922084,-0.100995
ISIC_2293230,-0.101186
ISIC_3690890,-0.101395
ISIC_0026560,-0.102011
ISIC_0014860,-0.102109
ISIC_0059840,-0.102201
ISIC_5550263,-0.102311
ISIC_1929937,-0.102618
ISIC_1926656,-0.102626
ISIC_6945921,-0.10263
ISIC_7759376,-0.102657
ISIC_3520591,-0.102809
ISIC_0028696,-0.102893
ISIC_6959281,-0.103154
ISIC_5123817,-0.103228
ISIC_3649113,-0.10326
ISIC_8943906,-0.103323
ISIC_5674396,-0.103409
ISIC_0025965,-0.103796
ISIC_0068610,-0.104236
ISIC_7475827,-0.104883
ISIC_7107030,-0.105383
ISIC_0026666,-0.105571
ISIC_7440724,-0.106284
ISIC_0067395,-0.106611
ISIC_5699175,-0.106642
ISIC_2616327,-0.10668
ISIC_8356468,-0.106812
ISIC_0011994,-0.106849
ISIC_6752060,-0.10692
ISIC_2355374,-0.107029
ISIC_7025487,-0.107045
ISIC_0000046,-0.107354
ISIC_0031070,-0.107463
ISIC_0026198,-0.107508
ISIC_6443700,-0.107881
ISIC_0061359,-0.107943
ISIC_0058529,-0.108124
ISIC_0054663,-0.108254
ISIC_0046741,-0.108349
ISIC_8095877,-0.108722
ISIC_3576066,-0.108778
ISIC_0026516,-0.108831
ISIC_9529971,-0.10899
ISIC_3513288,-0.109112
ISIC_4362713,-0.109297
ISIC_7098141,-0.109419
ISIC_0025184,-0.109428
ISIC_0030828,-0.109502
ISIC_0806138,-0.109781
ISIC_3151260,-0.10984
ISIC_0012425,-0.110349
ISIC_4280835,-0.110397
ISIC_7062293,-0.110836
ISIC_5017874,-0.110871
ISIC_1076474,-0.111326
ISIC_1560272,-0.111499
ISIC_5354827,-0.111756
ISIC_0014629,-0.111835
ISIC_0033149,-0.111872
ISIC_0056156,-0.111875
ISIC_0055887,-0.112162
ISIC_9699238,-0.112198
ISIC_4288307,-0.112303
ISIC_8853902,-0.112321
ISIC_0032598,-0.11249
ISIC_4780727,-0.112497
ISIC_7147713,-0.112534
ISIC_0032272,-0.112545
ISIC_9076021,-0.112841
ISIC_5361404,-0.112977
ISIC_0066412,-0.113135
ISIC_8692218,-0.113853
ISIC_1369967,-0.113956
ISIC_0613014,-0.114111
ISIC_0064044,-0.114148
ISIC_0189694,-0.11479
ISIC_0029711,-0.114982
ISIC_6428021,-0.115132
ISIC_0013861,-0.115417
ISIC_0061315,-0.11547
ISIC_2268341,-0.115673
ISIC_3800541,-0.115837
ISIC_6684042,-0.115862
ISIC_3932879,-0.115945
ISIC_0046683,-0.116024
ISIC_5994645,-0.116098
ISIC_2108849,-0.116131
ISIC_5190920,-0.116243
ISIC_0009971,-0.116337
ISIC_0014480,-0.116538
ISIC_2430137,-0.116669
ISIC_0033530,-0.116687
ISIC_8837443,-0.116755
ISIC_0029913,-0.116814
ISIC_8206667,-0.116948
ISIC_0010749,-0.117188
ISIC_0070160,-0.11725
ISIC_0071931,-0.117308
ISIC_4222275,-0.117314
ISIC_2509304,-0.117569
ISIC_5586765,-0.118005
ISIC_2720971,-0.118051
ISIC_4701063,-0.1181
ISIC_1661837,-0.118106
ISIC_0000129,-0.118121
ISIC_0062864,-0.118537
ISIC_7341401,-0.118615
ISIC_0058851,-0.118635
ISIC_0010046,-0.119039
ISIC_0010241,-0.119127
ISIC_0016080,-0.119329
ISIC_0263478,-0.119447
ISIC_9267202,-0.119714
ISIC_3919752,-0.119844
ISIC_0067891,-0.12035
ISIC_0025987,-0.120389
ISIC_2980578,-0.120568
ISIC_0483289,-0.120948
ISIC_0012721,-0.121139
ISIC_0009048,-0.121401
ISIC_0056635,-0.12171
ISIC_0054568,-0.121749
ISIC_0026897,-0.121828
ISIC_7948290,-0.121953
ISIC_6806545,-0.122144
ISIC_1197584,-0.122276
ISIC_3295750,-0.122337
ISIC_4187627,-0.1225
ISIC_8158081,-0.12251
ISIC_9014786,-0.123059
ISIC_0059264,-0.123254
ISIC_0064478,-0.123257
ISIC_2909153,-0.123545
ISIC_0013459,-0.123597
ISIC_8892663,-0.123619
ISIC_9103090,-0.123859
ISIC_0026505,-0.123934
ISIC_8663136,-0.123936
ISIC_4107717,-0.123988
ISIC_6253295,-0.124015
ISIC_0000555,-0.12427
ISIC_0011035,-0.124336
ISIC_6400232,-0.124403
ISIC_4226975,-0.124468
ISIC_4620053,-0.124917
ISIC_0011348,-0.125329
ISIC_7448231,-0.125331
ISIC_4957216,-0.126092
ISIC_0033498,-0.126224
ISIC_0029281,-0.126247
ISIC_0015041,-0.126282
ISIC_0538042,-0.126342
ISIC_0029718,-0.126543
ISIC_7051167,-0.126866
ISIC_4372519,-0.126894
ISIC_5568834,-0.127221
ISIC_0046571,-0.127351
ISIC_0064860,-0.127366
ISIC_0025020,-0.127431
ISIC_0193456,-0.127548
ISIC_1388297,-0.127571
ISIC_0010614,-0.127987
ISIC_8082460,-0.127994
ISIC_0012406,-0.127999
ISIC_3039880,-0.128188
ISIC_0069105,-0.12849
ISIC_0011387,-0.128525
ISIC_0030501,-0.128526
ISIC_0031221,-0.128538
ISIC_1974152,-0.128602
ISIC_0072101,-0.128693
ISIC_0011546,-0.128766
ISIC_7235371,-0.12922
ISIC_7702483,-0.129509
ISIC_0066740,-0.129685
ISIC_6038490,-0.129843
ISIC_0032617,-0.130137
ISIC_8740331,-0.130189
ISIC_1189461,-0.130489
ISIC_0015250,-0.130529
ISIC_1532403,-0.130556
ISIC_7206167,-0.130816
ISIC_0029112,-0.130848
ISIC_0026882,-0.130978
ISIC_0033975,-0.131062
ISIC_7976934,-0.13132
ISIC_3716504,-0.13152
ISIC_0006772,-0.132214
ISIC_5647554,-0.132468
ISIC_5438156,-0.132596
ISIC_0000152,-0.132809
ISIC_4350093,-0.133045
ISIC_0011726,-0.13344
ISIC_5425721,-0.133837
ISIC_2945324,-0.133927
ISIC_5242216,-0.133951
ISIC_0025579,-0.134072
ISIC_0327225,-0.134185
ISIC_3826102,-0.134461
ISIC_0027882,-0.134505
ISIC_5641619,-0.134565
ISIC_0071996,-0.134734
ISIC_8030914,-0.135168
ISIC_0059891,-0.135447
ISIC_1144024,-0.135566
ISIC_5434055,-0.135691
ISIC_7693611,-0.135872
ISIC_2559074,-0.136065
ISIC_0006730,-0.136644
ISIC_8843592,-0.136799
ISIC_8222254,-0.136802
ISIC_3922580,-0.136928
ISIC_3452564,-0.137489
ISIC_1490986,-0.137499
ISIC_6378169,-0.137504
ISIC_2587955,-0.137593
ISIC_0776189,-0.137724
ISIC_9232153,-0.138063
ISIC_4438786,-0.138242
ISIC_2307760,-0.138336
ISIC_1423737,-0.138442
ISIC_1396767,-0.138488
ISIC_0000139,-0.13849
ISIC_0067467,-0.138555
ISIC_0024308,-0.138992
ISIC_4177043,-0.139142
ISIC_9709594,-0.139373
ISIC_8674332,-0.139582
ISIC_9929097,-0.13982
ISIC_3198111,-0.140123
ISIC_0009666,-0.14027
ISIC_0060629,-0.140607
ISIC_0070551,-0.140927
ISIC_9012513,-0.141364
ISIC_6620377,-0.141369
ISIC_0031674,-0.141466
ISIC_0028467,-0.141489
ISIC_3817292,-0.141524
ISIC_0046647,-0.141642
ISIC_4653503,-0.141857
ISIC_3009564,-0.142447
ISIC_0000054,-0.142598
ISIC_0067390,-0.142705
ISIC_0046315,-0.143022
ISIC_7933945,-0.143199
ISIC_0031010,-0.143405
ISIC_7443391,-0.14394
ISIC_0033089,-0.144305
ISIC_0069056,-0.144347
ISIC_0054767,-0.144548
ISIC_7533216,-0.144655
ISIC_0031406,-0.144669
ISIC_0033584,-0.144726
ISIC_0946787,-0.144911
ISIC_6114646,-0.14507
ISIC_0030512,-0.145243
ISIC_0059432,-0.145283
ISIC_5721110,-0.145417
ISIC_4223155,-0.145633
ISIC_0010304,-0.145666
ISIC_5895384,-0.145813
ISIC_6877295,-0.145822
ISIC_0069121,-0.146023
ISIC_5823859,-0.146518
ISIC_0028906,-0.14663
ISIC_0069257,-0.146697
ISIC_1580034,-0.146822
ISIC_9300579,-0.146916
ISIC_4174983,-0.147096
ISIC_0014422,-0.147153
ISIC_0033368,-0.147162
ISIC_0000226,-0.147685
ISIC_5588968,-0.148515
ISIC_0026683,-0.148518
ISIC_1294049,-0.148553
ISIC_0010834,-0.148752
ISIC_9210255,-0.148899
ISIC_0003122,-0.148975
ISIC_0033239,-0.149372
ISIC_9905633,-0.149647
ISIC_0025754,-0.149719
ISIC_6162308,-0.149913
ISIC_9571842,-0.150031
ISIC_0030704,-0.150201
ISIC_9876515,-0.150214
ISIC_7306131,-0.150247
ISIC_3133127,-0.150336
ISIC_7809510,-0.150378
ISIC_0011193,-0.150741
ISIC_4363398,-0.150968
ISIC_8709211,-0.151259
ISIC_7452503,-0.151575
ISIC_0009985,-0.151589
ISIC_5852396,-0.152136
ISIC_4646815,-0.152178
ISIC_1985763,-0.152254
ISIC_0032982,-0.152484
ISIC_4643298,-0.152505
ISIC_9401187,-0.152526
ISIC_7766007,-0.152726
ISIC_0047008,-0.152753
ISIC_0027359,-0.152807
ISIC_1241817,-0.153325
ISIC_0010098,-0.153446
ISIC_7004652,-0.153488
ISIC_0014684,-0.153512
ISIC_0014181,-0.153586
ISIC_0024980,-0.153698
ISIC_3899323,-0.153708
ISIC_0014059,-0.153982
ISIC_0028341,-0.154087
ISIC_0027193,-0.154109
ISIC_2884038,-0.154279
ISIC_0012678,-0.154366
ISIC_0032762,-0.1544
ISIC_0025265,-0.154759
ISIC_3043475,-0.154781
ISIC_8435105,-0.154838
ISIC_4930632,-0.154922
ISIC_9714746,-0.155404
ISIC_4216750,-0.155457
ISIC_0032369,-0.155564
ISIC_3492490,-0.156801
ISIC_9141065,-0.156907
ISIC_0033318,-0.157105
ISIC_5537876,-0.15741
ISIC_0032526,-0.157718
ISIC_0000423,-0.157782
ISIC_8855102,-0.157838
ISIC_4298761,-0.157961
ISIC_0013844,-0.158303
ISIC_4312841,-0.158595
ISIC_6644834,-0.158637
ISIC_8627293,-0.158765
ISIC_0000866,-0.158972
ISIC_8649055,-0.158977
ISIC_8713330,-0.159033
ISIC_5397483,-0.1591
ISIC_8787152,-0.159275
ISIC_5913155,-0.159287
ISIC_6176182,-0.159345
ISIC_7353400,-0.159368
ISIC_7853136,-0.159419
ISIC_8064866,-0.159592
ISIC_0024781,-0.159647
ISIC_0064823,-0.159847
ISIC_1925623,-0.16059
ISIC_8659618,-0.160693
ISIC_1745182,-0.161255
ISIC_9462979,-0.161267
ISIC_0911448,-0.161453
ISIC_2287083,-0.16194
ISIC_6145261,-0.16197
ISIC_1251811,-0.162343
ISIC_0010156,-0.162671
ISIC_0013736,-0.163242
ISIC_0014985,-0.163272
ISIC_0063319,-0.163319
ISIC_8319768,-0.163757
ISIC_0010631,-0.163776
ISIC_0060386,-0.163891
ISIC_6907218,-0.164217
ISIC_0250064,-0.164586
ISIC_1578253,-0.16461
ISIC_8779142,-0.164906
ISIC_7664137,-0.165139
ISIC_0062471,-0.165396
ISIC_1772828,-0.165427
ISIC_7587513,-0.165544
ISIC_0028366,-0.165672
ISIC_2673511,-0.165705
ISIC_5503634,-0.16577
ISIC_3901421,-0.166046
ISIC_0012066,-0.166133
ISIC_7803114,-0.1662
ISIC_0025724,-0.166494
ISIC_0033782,-0.166526
ISIC_0011904,-0.166596
ISIC_0010848,-0.166699
ISIC_4658487,-0.167012
ISIC_7011122,-0.167372
ISIC_9353514,-0.167917
ISIC_0033439,-0.168244
ISIC_9330527,-0.168307
ISIC_2283509,-0.168427
ISIC_4684860,-0.168678
ISIC_5437785,-0.168686
ISIC_0059593,-0.168788
ISIC_1192835,-0.168918
ISIC_1674754,-0.169034
ISIC_0058716,-0.169307
ISIC_7724635,-0.169391
ISIC_9302863,-0.169424
ISIC_5065360,-0.169476
ISIC_4978697,-0.169731
ISIC_0028520,-0.169866
ISIC_4814912,-0.170101
ISIC_0011715,-0.170159
ISIC_9604922,-0.170703
ISIC_9109361,-0.170773
ISIC_6674653,-0.170882
ISIC_0071733,-0.170945
ISIC_0031202,-0.171177
ISIC_7980387,-0.171323
ISIC_0296109,-0.171611
ISIC_0013316,-0.171642
ISIC_0024271,-0.171662
ISIC_8615491,-0.171689
ISIC_1615996,-0.171807
ISIC_5229861,-0.171964
ISIC_9232615,-0.172034
ISIC_0071559,-0.172176
ISIC_0025891,-0.172186
ISIC_5202231,-0.172192
ISIC_7693995,-0.172491
ISIC_2882237,-0.172725
ISIC_9588279,-0.172807
ISIC_5992826,-0.172945
ISIC_0011091,-0.172952
ISIC_4958006,-0.173199
ISIC_6942437,-0.173493
ISIC_3791309,-0.173563
ISIC_0024624,-0.173588
ISIC_0026685,-0.173759
ISIC_0030747,-0.173787
ISIC_6192289,-0.173906
ISIC_4119029,-0.173962
ISIC_0058432,-0.173976
ISIC_5848892,-0.174278
ISIC_0063445,-0.175061
ISIC_9961652,-0.17519
ISIC_2023592,-0.1753
ISIC_0025313,-0.176138
ISIC_0032413,-0.176169
ISIC_4591316,-0.176576
ISIC_2482061,-0.176712
ISIC_1314502,-0.176788
ISIC_0813342,-0.176944
ISIC_0817654,-0.177109
ISIC_0437978,-0.177368
ISIC_0185547,-0.177471
ISIC_0067253,-0.177866
ISIC_0026347,-0.178657
ISIC_0029283,-0.179037
ISIC_9788174,-0.179149
ISIC_2690597,-0.179154
ISIC_8872225,-0.179435
ISIC_0013953,-0.17957
ISIC_0071906,-0.179648
ISIC_6390738,-0.179736
ISIC_1305537,-0.179746
ISIC_0014974,-0.179755
ISIC_3880324,-0.17981
ISIC_7008335,-0.180302
ISIC_0316668,-0.180733
ISIC_6452498,-0.180849
ISIC_2366727,-0.18121
ISIC_9134453,-0.181361
ISIC_0014129,-0.181385
ISIC_9765760,-0.18169
ISIC_9626777,-0.181699
ISIC_0006821,-0.181794
ISIC_9732721,-0.181983
ISIC_0939648,-0.182048
ISIC_0000547,-0.182071
ISIC_4252285,-0.182072
ISIC_1919324,-0.182072
ISIC_1004416,-0.182358
ISIC_0015258,-0.182443
ISIC_7090336,-0.182444
ISIC_3474681,-0.182496
ISIC_0663588,-0.182638
ISIC_1739667,-0.182946
ISIC_0210282,-0.183034
ISIC_0000419,-0.183075
ISIC_7499769,-0.183543
ISIC_0000058,-0.184068
ISIC_0024385,-0.184671
ISIC_0057669,-0.184943
ISIC_0058021,-0.185151
ISIC_9742073,-0.185273
ISIC_0026438,-0.185321
ISIC_2502558,-0.185332
ISIC_0057374,-0.185441
ISIC_1974281,-0.18548
ISIC_0024894,-0.185752
ISIC_9509813,-0.185993
ISIC_8295306,-0.186152
ISIC_3637551,-0.186238
ISIC_8863344,-0.186608
ISIC_0026207,-0.186748
ISIC_5179884,-0.186896
ISIC_0002213,-0.187013
ISIC_2027392,-0.187046
ISIC_0065283,-0.187048
ISIC_1132966,-0.187106
ISIC_0708552,-0.18726
ISIC_9667297,-0.187493
ISIC_0032682,-0.187577
ISIC_0029995,-0.187603
ISIC_3652884,-0.187649
ISIC_0067697,-0.18767
ISIC_3338629,-0.188172
ISIC_8325226,-0.188199
ISIC_3814807,-0.18842
ISIC_0065378,-0.18848
ISIC_0027225,-0.188547
ISIC_5966190,-0.188891
ISIC_4980079,-0.189073
ISIC_7798403,-0.189141
ISIC_3529778,-0.189181
ISIC_6566042,-0.189184
ISIC_0479264,-0.189493
ISIC_3973431,-0.189632
ISIC_7409889,-0.189821
ISIC_1389563,-0.190072
ISIC_9521776,-0.190331
ISIC_0011337,-0.190531
ISIC_4842269,-0.191011
ISIC_5754070,-0.191095
ISIC_1515947,-0.191186
ISIC_1863917,-0.191457
ISIC_0942056,-0.191459
ISIC_6824842,-0.191519
ISIC_0055608,-0.191579
ISIC_5789052,-0.191594
ISIC_0055435,-0.191966
ISIC_8292179,-0.192351
ISIC_0068048,-0.192373
ISIC_1532684,-0.192493
ISIC_0867503,-0.192631
ISIC_0055731,-0.192659
ISIC_6442221,-0.192681
ISIC_0071338,-0.192808
ISIC_1389141,-0.193127
ISIC_9069800,-0.193421
ISIC_0029570,-0.193513
ISIC_2193761,-0.193603
ISIC_0010822,-0.19371
ISIC_3086579,-0.193899
ISIC_5595054,-0.194141
ISIC_9442018,-0.19458
ISIC_1155782,-0.194927
ISIC_0015256,-0.195224
ISIC_3067885,-0.195226
ISIC_0055859,-0.195337
ISIC_7835257,-0.195346
ISIC_8106899,-0.195596
ISIC_0001142,-0.195653
ISIC_2323082,-0.195689
ISIC_0260290,-0.19594
ISIC_8343285,-0.196015
ISIC_1711185,-0.196039
ISIC_4819371,-0.196226
ISIC_3613392,-0.196265
ISIC_0014088,-0.196361
ISIC_5362869,-0.196532
ISIC_2372468,-0.196555
ISIC_0031127,-0.196645
ISIC_5569091,-0.197213
ISIC_2410240,-0.197404
ISIC_2050638,-0.197468
ISIC_0025215,-0.197516
ISIC_3784812,-0.197855
ISIC_0063650,-0.197861
ISIC_0063268,-0.198219
ISIC_1831600,-0.198464
ISIC_8687105,-0.198667
ISIC_0067156,-0.199046
ISIC_7416587,-0.199095
ISIC_0029225,-0.199363
ISIC_3869533,-0.199549
ISIC_0013813,-0.199642
ISIC_0030694,-0.199818
ISIC_4897852,-0.199951
ISIC_0062158,-0.200165
ISIC_9106601,-0.200459
ISIC_8704668,-0.200528
ISIC_9742891,-0.200576
ISIC_0026966,-0.200866
ISIC_0033241,-0.200904
ISIC_5356775,-0.201105
ISIC_5308066,-0.201127
ISIC_9684649,-0.201226
ISIC_2131962,-0.201941
ISIC_0031717,-0.202701
ISIC_5614300,-0.202731
ISIC_9826778,-0.203166
ISIC_0010649,-0.203407
ISIC_2481044,-0.204018
ISIC_0060326,-0.204088
ISIC_8704257,-0.204277
ISIC_0010194,-0.204576
ISIC_0063930,-0.205148
ISIC_0011964,-0.205167
ISIC_9439034,-0.205215
ISIC_0068152,-0.205419
ISIC_5736292,-0.20591
ISIC_0056655,-0.206065
ISIC_8990907,-0.206074
ISIC_0029086,-0.206164
ISIC_0067226,-0.20621
ISIC_9699728,-0.20633
ISIC_7875959,-0.206607
ISIC_0014486,-0.206659
ISIC_2596574,-0.206692
ISIC_0031908,-0.206731
ISIC_2670475,-0.206786
ISIC_0963531,-0.207523
ISIC_6260969,-0.20799
ISIC_0060222,-0.208014
ISIC_7658133,-0.208018
ISIC_1960468,-0.208157
ISIC_8008242,-0.208172
ISIC_0033954,-0.208301
ISIC_4132082,-0.208331
ISIC_0668772,-0.208517
ISIC_6208708,-0.208723
ISIC_0055022,-0.208755
ISIC_6763221,-0.209225
ISIC_1720840,-0.209617
ISIC_0031438,-0.209668
ISIC_0054988,-0.209869
ISIC_0887530,-0.209928
ISIC_5498651,-0.209963
ISIC_9187876,-0.210176
ISIC_0064141,-0.210304
ISIC_0070927,-0.210512
ISIC_7071944,-0.210916
ISIC_0057762,-0.21124
ISIC_8803600,-0.211341
ISIC_0025153,-0.21161
ISIC_2915747,-0.212159
ISIC_1733794,-0.212446
ISIC_0057420,-0.212538
ISIC_6234702,-0.212583
ISIC_0014428,-0.213195
ISIC_3897960,-0.213692
ISIC_9332795,-0.21377
ISIC_1403974,-0.214212
ISIC_0033625,-0.214614
ISIC_0057661,-0.214816
ISIC_3286956,-0.215012
ISIC_7599444,-0.215179
ISIC_9720044,-0.216266
ISIC_0002578,-0.216313
ISIC_7454699,-0.216343
ISIC_9555580,-0.216947
ISIC_1601532,-0.217006
ISIC_1132788,-0.217282
ISIC_0031096,-0.217443
ISIC_0072569,-0.217471
ISIC_7296463,-0.217476
ISIC_0011870,-0.217542
ISIC_0032856,-0.217745
ISIC_5414609,-0.218156
ISIC_3545622,-0.2183
ISIC_5306427,-0.218303
ISIC_0010792,-0.218558
ISIC_0071196,-0.218826
ISIC_3792196,-0.218841
ISIC_0073102,-0.219293
ISIC_1077375,-0.219336
ISIC_4771769,-0.219464
ISIC_0013639,-0.219524
ISIC_0061381,-0.219532
ISIC_8655206,-0.219543
ISIC_8133871,-0.21962
ISIC_1223648,-0.219624
ISIC_7016261,-0.219903
ISIC_0027063,-0.220061
ISIC_0029007,-0.220252
ISIC_8882374,-0.220312
ISIC_1039970,-0.220584
ISIC_9027622,-0.220736
ISIC_0033017,-0.221591
ISIC_0063225,-0.221656
ISIC_9626241,-0.221967
ISIC_0030546,-0.222515
ISIC_4474170,-0.223172
ISIC_2365588,-0.224074
ISIC_0006717,-0.224092
ISIC_4569077,-0.224165
ISIC_9196033,-0.224511
ISIC_9375324,-0.224781
ISIC_2547431,-0.224819
ISIC_0016103,-0.224898
ISIC_0055917,-0.22494
ISIC_3314555,-0.225022
ISIC_7323761,-0.225149
ISIC_6642608,-0.225367
ISIC_8278688,-0.225402
ISIC_8742407,-0.2255
ISIC_1348538,-0.226172
ISIC_0024455,-0.226488
ISIC_5821293,-0.226526
ISIC_7164403,-0.226601
ISIC_5482426,-0.22669
ISIC_5434229,-0.227415
ISIC_7262685,-0.227453
ISIC_7185036,-0.227551
ISIC_9407690,-0.227677
ISIC_9912475,-0.227929
ISIC_7755875,-0.228009
ISIC_0028226,-0.228204
ISIC_7518524,-0.228517
ISIC_9308275,-0.228732
ISIC_6131393,-0.228787
ISIC_0001792,-0.22908
ISIC_2232883,-0.229156
ISIC_4768512,-0.22931
ISIC_7452410,-0.229744
ISIC_5021861,-0.230089
ISIC_0004482,-0.230115
ISIC_0013842,-0.230139
ISIC_1037945,-0.230167
ISIC_1784613,-0.230737
ISIC_0011798,-0.230822
ISIC_4791589,-0.230932
ISIC_8635849,-0.231202
ISIC_6254731,-0.231275
ISIC_0062367,-0.231679
ISIC_7175697,-0.231785
ISIC_1042960,-0.231948
ISIC_3505339,-0.232044
ISIC_0060525,-0.23208
ISIC_0025451,-0.232236
ISIC_7335659,-0.232575
ISIC_0420777,-0.232685
ISIC_0068184,-0.232946
ISIC_0057028,-0.232959
ISIC_1009042,-0.233633
ISIC_0163812,-0.233675
ISIC_2470795,-0.233694
ISIC_9555291,-0.233756
ISIC_3043219,-0.233956
ISIC_0009989,-0.233987
ISIC_5355302,-0.234149
ISIC_5176419,-0.23436
ISIC_0033429,-0.234535
ISIC_5583159,-0.234585
ISIC_8397285,-0.234701
ISIC_0030259,-0.235094
ISIC_7528996,-0.235342
ISIC_3170155,-0.235988
ISIC_0026309,-0.236114
ISIC_5338721,-0.236228
ISIC_0030193,-0.236719
ISIC_5578239,-0.236975
ISIC_0027901,-0.23707
ISIC_6618851,-0.237517
ISIC_0011333,-0.237684
ISIC_0012245,-0.238015
ISIC_1118894,-0.238119
ISIC_5179620,-0.238263
ISIC_0029349,-0.238279
ISIC_9740245,-0.238407
ISIC_1132496,-0.238554
ISIC_4432898,-0.238602
ISIC_5126638,-0.2392
ISIC_0026943,-0.239308
ISIC_3751090,-0.239329
ISIC_7677876,-0.239357
ISIC_3361955,-0.239458
ISIC_3965872,-0.239716
ISIC_0458561,-0.239758
ISIC_8462364,-0.239857
ISIC_7937065,-0.239864
ISIC_0002295,-0.240326
ISIC_9917640,-0.240542
ISIC_0244240,-0.240907
ISIC_4374554,-0.240916
ISIC_0033300,-0.241061
ISIC_7526548,-0.241159
ISIC_5442578,-0.24119
ISIC_0059041,-0.241207
ISIC_9114539,-0.24159
ISIC_6971606,-0.241678
ISIC_0055911,-0.242
ISIC_5526879,-0.24201
ISIC_4847584,-0.242012
ISIC_9155465,-0.242132
ISIC_0025892,-0.24236
ISIC_8433108,-0.242435
ISIC_0033879,-0.242444
ISIC_0014557,-0.242697
ISIC_2391053,-0.242869
ISIC_0032828,-0.242927
ISIC_4519298,-0.242942
ISIC_3971712,-0.243025
ISIC_0061558,-0.243148
ISIC_0025235,-0.243159
ISIC_0610849,-0.243539
ISIC_0032981,-0.243716
ISIC_4026540,-0.243844
ISIC_4787403,-0.244201
ISIC_0013517,-0.244733
ISIC_1525284,-0.244819
ISIC_2143002,-0.244865
ISIC_7685920,-0.24519
ISIC_0056152,-0.245202
ISIC_4574865,-0.245363
ISIC_0016127,-0.245564
ISIC_0026364,-0.245616
ISIC_1514401,-0.245627
ISIC_6441128,-0.246277
ISIC_9214649,-0.246307
ISIC_0031800,-0.246357
ISIC_0061244,-0.246404
ISIC_6860222,-0.246651
ISIC_0056984,-0.246692
ISIC_0059983,-0.247034
ISIC_5275138,-0.247062
ISIC_0069488,-0.247338
ISIC_0904712,-0.247488
ISIC_0011959,-0.24766
ISIC_0000314,-0.247708
ISIC_1819071,-0.247747
ISIC_0066637,-0.247872
ISIC_0063845,-0.248189
ISIC_5849178,-0.248362
ISIC_3073634,-0.248959
ISIC_6002694,-0.24914
ISIC_3702669,-0.249163
ISIC_0000546,-0.249177
ISIC_0033362,-0.24931
ISIC_2167209,-0.249556
ISIC_8692006,-0.249645
ISIC_0026300,-0.249841
ISIC_2819798,-0.249988
ISIC_0014936,-0.25002
ISIC_0001105,-0.250074
ISIC_9782083,-0.250248
ISIC_6663112,-0.250489
ISIC_9859495,-0.251033
ISIC_4035599,-0.25157
ISIC_2563374,-0.25167
ISIC_1590725,-0.252098
ISIC_0024891,-0.252163
ISIC_0068128,-0.252271
ISIC_8561963,-0.252332
ISIC_8409262,-0.252639
ISIC_8642938,-0.252754
ISIC_0706692,-0.253002
ISIC_2337786,-0.253249
ISIC_0033121,-0.253451
ISIC_0011948,-0.253788
ISIC_9219356,-0.253915
ISIC_7526530,-0.254271
ISIC_0033444,-0.254476
ISIC_0059948,-0.254513
ISIC_0060660,-0.25459
ISIC_5608998,-0.255138
ISIC_3397174,-0.255165
ISIC_0029814,-0.255375
ISIC_8194835,-0.25545
ISIC_0024631,-0.255509
ISIC_2378428,-0.255669
ISIC_3596927,-0.255706
ISIC_5309572,-0.255828
ISIC_0010017,-0.255932
ISIC_0057593,-0.255943
ISIC_0008447,-0.25671
ISIC_0057089,-0.25693
ISIC_0202167,-0.257106
ISIC_9486917,-0.257195
ISIC_0032278,-0.257238
ISIC_5933341,-0.257689
ISIC_0805941,-0.257971
ISIC_3966064,-0.258196
ISIC_8389839,-0.258218
ISIC_4266533,-0.258502
ISIC_1149693,-0.258795
ISIC_5359416,-0.258881
ISIC_2321671,-0.258969
ISIC_8121679,-0.259107
ISIC_9482251,-0.259127
ISIC_0027881,-0.259322
ISIC_3673517,-0.259375
ISIC_7919133,-0.25998
ISIC_0054151,-0.260124
ISIC_6710411,-0.260386
ISIC_0014826,-0.26064
ISIC_3180213,-0.26068
ISIC_3249783,-0.260878
ISIC_3544821,-0.260924
ISIC_0011460,-0.261059
ISIC_5935362,-0.261083
ISIC_2031626,-0.261446
ISIC_8199467,-0.261522
ISIC_0055549,-0.261656
ISIC_9226193,-0.261928
ISIC_4806829,-0.262024
ISIC_9204678,-0.2621
ISIC_0027378,-0.262233
ISIC_1735204,-0.26239
ISIC_0000026,-0.262558
ISIC_0030725,-0.26263
ISIC_0000410,-0.262703
ISIC_2854303,-0.262744
ISIC_9073150,-0.262844
ISIC_2275181,-0.262872
ISIC_0009883,-0.263044
ISIC_9100933,-0.263163
ISIC_0002162,-0.263184
ISIC_7781213,-0.263752
ISIC_0065206,-0.263976
ISIC_1644520,-0.264039
ISIC_4966865,-0.264629
ISIC_8159718,-0.264813
ISIC_0028025,-0.264842
ISIC_0033545,-0.264882
ISIC_6681802,-0.265188
ISIC_0010089,-0.265408
ISIC_4246086,-0.265414
ISIC_3596877,-0.265424
ISIC_0013184,-0.2655
ISIC_1681964,-0.265598
ISIC_0345607,-0.265619
ISIC_0218575,-0.265633
ISIC_0028800,-0.265658
ISIC_0011587,-0.265873
ISIC_4756979,-0.265897
ISIC_5499139,-0.266091
ISIC_9181399,-0.266383
ISIC_0010007,-0.266635
ISIC_0012183,-0.266727
ISIC_0711360,-0.266729
ISIC_8725878,-0.266841
ISIC_7215375,-0.266966
ISIC_0061630,-0.267184
ISIC_4393704,-0.267409
ISIC_9256438,-0.267495
ISIC_5439597,-0.267516
ISIC_1964243,-0.267702
ISIC_3985782,-0.267731
ISIC_7629589,-0.268002
ISIC_5041679,-0.268147
ISIC_1177505,-0.268206
ISIC_2487188,-0.268269
ISIC_0067550,-0.268691
ISIC_0027125,-0.269093
ISIC_3448546,-0.269114
ISIC_7956417,-0.269773
ISIC_0025964,-0.270035
ISIC_0011128,-0.270091
ISIC_6785041,-0.270439
ISIC_7466175,-0.270454
ISIC_4252268,-0.270557
ISIC_0062401,-0.270714
ISIC_0068168,-0.270972
ISIC_0025653,-0.270976
ISIC_6919856,-0.270983
ISIC_9618489,-0.271055
ISIC_7043369,-0.271103
ISIC_4553633,-0.271224
ISIC_3786438,-0.271542
ISIC_2241755,-0.272062
ISIC_0691454,-0.272251
ISIC_9726155,-0.27248
ISIC_0024441,-0.273048
ISIC_8897947,-0.273083
ISIC_4323070,-0.273203
ISIC_1161370,-0.273311
ISIC_5910595,-0.273365
ISIC_7161069,-0.273479
ISIC_7800706,-0.273488
ISIC_0014233,-0.273592
ISIC_4141315,-0.273933
ISIC_1543544,-0.273993
ISIC_4984668,-0.274012
ISIC_0024864,-0.274246
ISIC_2924968,-0.274266
ISIC_0034188,-0.274291
ISIC_6366417,-0.274318
ISIC_0031472,-0.274441
ISIC_0054318,-0.274763
ISIC_0064979,-0.274921
ISIC_0054892,-0.274956
ISIC_5555140,-0.275119
ISIC_8503961,-0.275119
ISIC_7776719,-0.275533
ISIC_0001128,-0.275582
ISIC_0029033,-0.275884
ISIC_0030653,-0.276088
ISIC_6384906,-0.276095
ISIC_3573969,-0.276282
ISIC_5964676,-0.276325
ISIC_1843053,-0.276351
ISIC_4927943,-0.27636
ISIC_7242542,-0.276774
ISIC_4644299,-0.27683
ISIC_0013141,-0.27684
ISIC_0029723,-0.277167
ISIC_3552318,-0.27718
ISIC_0011717,-0.277276
ISIC_9764024,-0.277397
ISIC_3087402,-0.277978
ISIC_8161933,-0.278383
ISIC_8412096,-0.278436
ISIC_0027304,-0.278554
ISIC_0058585,-0.278644
ISIC_0071458,-0.278851
ISIC_0033555,-0.279038
ISIC_8168598,-0.279505
ISIC_0024481,-0.279625
ISIC_0014548,-0.279722
ISIC_2011408,-0.279797
ISIC_7100813,-0.279911
ISIC_8263741,-0.280229
ISIC_7973296,-0.280284
ISIC_0024226,-0.280678
ISIC_0030818,-0.280684
ISIC_6892561,-0.281145
ISIC_6239663,-0.281522
ISIC_3993510,-0.281548
ISIC_0000087,-0.281821
ISIC_4325452,-0.281826
ISIC_2750230,-0.281861
ISIC_9513808,-0.282004
ISIC_3060145,-0.282005
ISIC_0026484,-0.282019
ISIC_2935987,-0.282549
ISIC_1612350,-0.283061
ISIC_0009713,-0.283241
ISIC_5744196,-0.283358
ISIC_5231145,-0.283771
ISIC_3810274,-0.283834
ISIC_0000358,-0.284213
ISIC_0015179,-0.284299
ISIC_3300710,-0.284454
ISIC_5301938,-0.284789
ISIC_0072730,-0.285015
ISIC_4810500,-0.285048
ISIC_7580408,-0.285173
ISIC_6991849,-0.285469
ISIC_0069183,-0.285519
ISIC_0028515,-0.285762
ISIC_1330008,-0.285813
ISIC_9472209,-0.285993
ISIC_3106058,-0.286615
ISIC_0033574,-0.286762
ISIC_9923630,-0.286786
ISIC_1109641,-0.287138
ISIC_0011139,-0.287462
ISIC_6447663,-0.287653
ISIC_5502342,-0.287824
ISIC_2555494,-0.287839
ISIC_0697953,-0.287982
ISIC_0030795,-0.288047
ISIC_0197873,-0.288241
ISIC_6178099,-0.288282
ISIC_3410193,-0.288456
ISIC_6062536,-0.288611
ISIC_2320481,-0.288802
ISIC_0069591,-0.288866
ISIC_3000569,-0.289362
ISIC_0066366,-0.289395
ISIC_2151846,-0.289554
ISIC_3409824,-0.289584
ISIC_7295035,-0.289613
ISIC_2620357,-0.289645
ISIC_7384382,-0.289859
ISIC_0025093,-0.290227
ISIC_8033373,-0.29044
ISIC_0067120,-0.290476
ISIC_1962845,-0.290676
ISIC_0062649,-0.290753
ISIC_1694817,-0.290798
ISIC_0028666,-0.290825
ISIC_9713706,-0.290965
ISIC_0013491,-0.291067
ISIC_9301005,-0.291346
ISIC_2133938,-0.291371
ISIC_1569775,-0.291488
ISIC_0012391,-0.291519
ISIC_3564136,-0.291589
ISIC_0032742,-0.291761
ISIC_0653633,-0.291822
ISIC_2345504,-0.292125
ISIC_8065633,-0.292354
ISIC_5807112,-0.292463
ISIC_0003664,-0.292557
ISIC_6814221,-0.292739
ISIC_8773962,-0.292859
ISIC_0032587,-0.292873
ISIC_0014349,-0.293369
ISIC_0070951,-0.293496
ISIC_0070752,-0.293609
ISIC_3666219,-0.294016
ISIC_0009903,-0.294097
ISIC_6920867,-0.294208
ISIC_9364350,-0.294405
ISIC_9153619,-0.294615
ISIC_3249704,-0.29525
ISIC_0028764,-0.295954
ISIC_0032079,-0.296534
ISIC_0070244,-0.296563
ISIC_5281762,-0.296636
ISIC_8822331,-0.296695
ISIC_0080539,-0.296883
ISIC_1104374,-0.297048
ISIC_5484086,-0.297136
ISIC_0008774,-0.297147
ISIC_0031079,-0.297179
ISIC_8694181,-0.297206
ISIC_0053659,-0.297561
ISIC_6792899,-0.297679
ISIC_0014765,-0.29785
ISIC_0817140,-0.298293
ISIC_5959795,-0.298315
ISIC_5297660,-0.298345
ISIC_6635699,-0.298369
ISIC_8618835,-0.298697
ISIC_0024900,-0.298807
ISIC_1554992,-0.298915
ISIC_0801281,-0.29902
ISIC_3074949,-0.299033
ISIC_7312977,-0.299093
ISIC_0027122,-0.299633
ISIC_3655327,-0.299819
ISIC_0031425,-0.299866
ISIC_9510497,-0.300161
ISIC_8732757,-0.300374
ISIC_0845105,-0.301548
ISIC_2826766,-0.30193
ISIC_7185913,-0.302164
ISIC_2436560,-0.302353
ISIC_0067338,-0.302438
ISIC_9011718,-0.302638
ISIC_0256926,-0.30296
ISIC_4864523,-0.303176
ISIC_9209245,-0.303341
ISIC_0033946,-0.303635
ISIC_3181358,-0.304206
ISIC_0679494,-0.304506
ISIC_9008026,-0.304512
ISIC_1566215,-0.304705
ISIC_3232329,-0.304851
ISIC_0071118,-0.305257
ISIC_9829805,-0.305462
ISIC_2057184,-0.305704
ISIC_8812781,-0.306201
ISIC_4401524,-0.306339
ISIC_9470020,-0.306356
ISIC_0029885,-0.3064
ISIC_1081051,-0.306405
ISIC_8384985,-0.306478
ISIC_6831482,-0.306859
ISIC_0014883,-0.307229
ISIC_0031649,-0.307417
ISIC_3882374,-0.307786
ISIC_3002956,-0.307982
ISIC_7022381,-0.308185
ISIC_0010280,-0.308213
ISIC_9590080,-0.308434
ISIC_0012758,-0.308826
ISIC_6497135,-0.309183
ISIC_0071245,-0.309798
ISIC_3478473,-0.30986
ISIC_4777536,-0.309902
ISIC_0067905,-0.30996
ISIC_0013671,-0.310255
ISIC_0028859,-0.310429
ISIC_4538207,-0.310627
ISIC_8429798,-0.310752
ISIC_0000377,-0.311294
ISIC_9913573,-0.31141
ISIC_0034289,-0.311523
ISIC_0006108,-0.312124
ISIC_6208222,-0.312201
ISIC_9301809,-0.312292
ISIC_8357415,-0.312357
ISIC_7351443,-0.312467
ISIC_6033222,-0.312526
ISIC_8423326,-0.313067
ISIC_0313507,-0.313365
ISIC_7249063,-0.313484
ISIC_4307205,-0.313562
ISIC_0912291,-0.31361
ISIC_0015079,-0.314455
ISIC_9918523,-0.314539
ISIC_5290521,-0.314659
ISIC_7169653,-0.314725
ISIC_9900191,-0.315399
ISIC_0071913,-0.315821
ISIC_0008945,-0.315897
ISIC_1402840,-0.316379
ISIC_5706908,-0.316458
ISIC_6385627,-0.316483
ISIC_0355177,-0.316676
ISIC_5810196,-0.316807
ISIC_0024321,-0.316905
ISIC_0533930,-0.317187
ISIC_0162967,-0.317272
ISIC_7938688,-0.317287
ISIC_0060452,-0.317309
ISIC_9436034,-0.317382
ISIC_4076162,-0.317422
ISIC_3789239,-0.317806
ISIC_5591622,-0.318015
ISIC_2661598,-0.318087
ISIC_3495799,-0.31835
ISIC_5247383,-0.318404
ISIC_4566439,-0.318489
ISIC_0030760,-0.318692
ISIC_0070250,-0.319015
ISIC_2680588,-0.319129
ISIC_0060955,-0.319156
ISIC_0001480,-0.319386
ISIC_0024846,-0.319568
ISIC_1154109,-0.320091
ISIC_8188797,-0.320532
ISIC_0025900,-0.320599
ISIC_0032152,-0.321084
ISIC_1753877,-0.321314
ISIC_0062204,-0.32138
ISIC_4022621,-0.321461
ISIC_0009100,-0.321717
ISIC_0030457,-0.321925
ISIC_0296580,-0.321962
ISIC_0056246,-0.321985
ISIC_0070308,-0.321995
ISIC_7562708,-0.322152
ISIC_6269414,-0.322501
ISIC_0206758,-0.32263
ISIC_0009441,-0.322796
ISIC_4980328,-0.322972
ISIC_0025145,-0.323041
ISIC_7205745,-0.323317
ISIC_0070711,-0.323472
ISIC_7101810,-0.323629
ISIC_9023152,-0.32384
ISIC_0009298,-0.324219
ISIC_8284685,-0.324395
ISIC_2160913,-0.324524
ISIC_7404937,-0.324654
ISIC_0009880,-0.325342
ISIC_0000814,-0.32556
ISIC_3418978,-0.325779
ISIC_0026544,-0.326254
ISIC_0028136,-0.32639
ISIC_0009927,-0.326603
ISIC_6913045,-0.326605
ISIC_9271800,-0.326799
ISIC_7492530,-0.326868
ISIC_1757941,-0.326959
ISIC_0033317,-0.326989
ISIC_2513933,-0.327004
ISIC_0552911,-0.327169
ISIC_7666224,-0.327179
ISIC_0064463,-0.327461
ISIC_8278912,-0.327669
ISIC_6981061,-0.327834
ISIC_1641823,-0.328171
ISIC_4907595,-0.328339
ISIC_9096302,-0.328356
ISIC_4116770,-0.329132
ISIC_2860618,-0.329145
ISIC_2124213,-0.329203
ISIC_0011130,-0.329577
ISIC_7030404,-0.329846
ISIC_4762702,-0.329956
ISIC_0026611,-0.330115
ISIC_3073339,-0.330267
ISIC_0011238,-0.330285
ISIC_0028780,-0.330367
ISIC_9572761,-0.3305
ISIC_0031477,-0.330631
ISIC_0031224,-0.330675
ISIC_1046678,-0.330745
ISIC_5839679,-0.330836
ISIC_0006116,-0.330837
ISIC_3701563,-0.330843
ISIC_9540825,-0.330948
ISIC_0060696,-0.331348
ISIC_3440813,-0.331382
ISIC_4137545,-0.33141
ISIC_0031629,-0.331446
ISIC_3700351,-0.331525
ISIC_6961503,-0.33161
ISIC_0013817,-0.332174
ISIC_8806357,-0.332179
ISIC_8301536,-0.332289
ISIC_5476277,-0.332348
ISIC_3368468,-0.332389
ISIC_0059357,-0.332461
ISIC_0013766,-0.332582
ISIC_0006754,-0.332669
ISIC_1353668,-0.332869
ISIC_0025397,-0.332898
ISIC_8295834,-0.33302
ISIC_0027089,-0.333231
ISIC_8497457,-0.333353
ISIC_0046450,-0.33336
ISIC_9053988,-0.333593
ISIC_1976571,-0.33385
ISIC_7604596,-0.334059
ISIC_1260545,-0.334586
ISIC_4538661,-0.334599
ISIC_5697228,-0.334794
ISIC_4139260,-0.334835
ISIC_2535382,-0.334963
ISIC_7231192,-0.334969
ISIC_8451869,-0.335101
ISIC_0728350,-0.335107
ISIC_0067339,-0.335334
ISIC_0033831,-0.335418
ISIC_2532544,-0.335434
ISIC_3689759,-0.335487
ISIC_0072990,-0.335577
ISIC_0011366,-0.33648
ISIC_8359258,-0.336519
ISIC_0004509,-0.336611
ISIC_6988514,-0.336764
ISIC_2467623,-0.336978
ISIC_0032790,-0.337178
ISIC_0072290,-0.337345
ISIC_5908780,-0.337622
ISIC_3761253,-0.337862
ISIC_0032331,-0.338021
ISIC_0010360,-0.338503
ISIC_0064072,-0.338552
ISIC_0033526,-0.33872
ISIC_7453676,-0.338855
ISIC_0031807,-0.339107
ISIC_8624186,-0.339185
ISIC_0070679,-0.339471
ISIC_6595186,-0.339541
ISIC_9639931,-0.339656
ISIC_0067857,-0.339967
ISIC_9155855,-0.340177
ISIC_5065245,-0.340248
ISIC_8505412,-0.340455
ISIC_0027836,-0.340521
ISIC_3959570,-0.34096
ISIC_0000516,-0.340999
ISIC_0027804,-0.341612
ISIC_9910791,-0.34221
ISIC_0025550,-0.342383
ISIC_1396573,-0.342412
ISIC_0058151,-0.342421
ISIC_3377082,-0.342559
ISIC_0268701,-0.342631
ISIC_0010863,-0.342838
ISIC_7921023,-0.342912
ISIC_5353986,-0.343338
ISIC_1590829,-0.343478
ISIC_4495099,-0.343828
ISIC_0033662,-0.344486
ISIC_1869829,-0.344541
ISIC_8590883,-0.344905
ISIC_2808323,-0.34498
ISIC_0000487,-0.345027
ISIC_9779803,-0.34524
ISIC_8773685,-0.34573
ISIC_9688534,-0.345794
ISIC_2050512,-0.345824
ISIC_0024292,-0.345911
ISIC_0002675,-0.346025
ISIC_0064471,-0.346201
ISIC_0029150,-0.346311
ISIC_9696846,-0.346503
ISIC_5688950,-0.34684
ISIC_7227223,-0.346876
ISIC_8635853,-0.346936
ISIC_2717192,-0.347055
ISIC_7724764,-0.347215
ISIC_0002184,-0.347426
ISIC_0010648,-0.347573
ISIC_6754835,-0.348142
ISIC_9355535,-0.348333
ISIC_0014132,-0.348575
ISIC_0026915,-0.348645
ISIC_2720426,-0.348893
ISIC_8535943,-0.349146
ISIC_6647306,-0.349306
ISIC_5366657,-0.349533
ISIC_5015378,-0.34974
ISIC_6771810,-0.349771
ISIC_2844085,-0.350244
ISIC_2126084,-0.350263
ISIC_1113265,-0.350359
ISIC_0053473,-0.350537
ISIC_6188574,-0.350983
ISIC_0032995,-0.351057
ISIC_6381785,-0.351245
ISIC_4294705,-0.351339
ISIC_0010317,-0.351481
ISIC_3760796,-0.351605
ISIC_8352392,-0.351638
ISIC_0014114,-0.352082
ISIC_9293491,-0.352134
ISIC_4915897,-0.352149
ISIC_7682938,-0.352215
ISIC_3635014,-0.352792
ISIC_7127760,-0.352824
ISIC_9424787,-0.352928
ISIC_1473511,-0.353259
ISIC_0011884,-0.353572
ISIC_0032987,-0.353991
ISIC_7313348,-0.354214
ISIC_0033681,-0.354543
ISIC_1932064,-0.354622
ISIC_0024513,-0.354752
ISIC_5525765,-0.354774
ISIC_0030440,-0.355028
ISIC_5879418,-0.355069
ISIC_5659295,-0.355076
ISIC_0068837,-0.355217
ISIC_9948815,-0.355261
ISIC_0010034,-0.355545
ISIC_0029322,-0.355878
ISIC_0026759,-0.356015
ISIC_0010770,-0.356023
ISIC_8916136,-0.356042
ISIC_5055871,-0.356211
ISIC_5961333,-0.356212
ISIC_0001137,-0.356224
ISIC_4271108,-0.356332
ISIC_0014186,-0.356463
ISIC_0101540,-0.356745
ISIC_0015291,-0.356794
ISIC_0031909,-0.356901
ISIC_0029459,-0.356998
ISIC_8478591,-0.357045
ISIC_6652978,-0.35753
ISIC_8995044,-0.357549
ISIC_0030656,-0.357682
ISIC_9167290,-0.35776
ISIC_1432058,-0.357926
ISIC_0010432,-0.358122
ISIC_8068693,-0.358431
ISIC_0000475,-0.358712
ISIC_2438917,-0.358849
ISIC_1265382,-0.359673
ISIC_0305800,-0.359749
ISIC_7097665,-0.359773
ISIC_6683370,-0.35984
ISIC_4445729,-0.359899
ISIC_0030300,-0.360183
ISIC_0001681,-0.360232
ISIC_1382677,-0.36027
ISIC_4730433,-0.360346
ISIC_0347984,-0.360381
ISIC_4307626,-0.360879
ISIC_0025437,-0.360889
ISIC_0029874,-0.361451
ISIC_2622189,-0.362487
ISIC_5141844,-0.362742
ISIC_5765854,-0.363851
ISIC_6356522,-0.36389
ISIC_0031357,-0.364286
ISIC_5194705,-0.364516
ISIC_7131973,-0.364696
ISIC_2312766,-0.364934
ISIC_8165906,-0.365132
ISIC_4960784,-0.365177
ISIC_0026909,-0.365253
ISIC_0034012,-0.365382
ISIC_9142818,-0.36562
ISIC_5218773,-0.365655
ISIC_4055361,-0.365715
ISIC_6334958,-0.36587
ISIC_2030997,-0.36593
ISIC_0009642,-0.366124
ISIC_0032001,-0.366527
ISIC_5510604,-0.366763
ISIC_3617159,-0.367046
ISIC_3979323,-0.367203
ISIC_6108795,-0.367454
ISIC_2163734,-0.367509
ISIC_4629662,-0.367529
ISIC_0055737,-0.367628
ISIC_4552230,-0.367826
ISIC_0071352,-0.367897
ISIC_0033501,-0.368067
ISIC_1686556,-0.368337
ISIC_3397377,-0.369158
ISIC_0028557,-0.369359
ISIC_6576397,-0.369694
ISIC_0053760,-0.369715
ISIC_0009006,-0.369742
ISIC_7125023,-0.369869
ISIC_7590292,-0.369984
ISIC_6882733,-0.370098
ISIC_0011169,-0.370398
ISIC_9159730,-0.371695
ISIC_8154363,-0.371846
ISIC_7912104,-0.37203
ISIC_0413804,-0.372106
ISIC_0012055,-0.372278
ISIC_0027541,-0.372289
ISIC_0918078,-0.372291
ISIC_0063672,-0.373066
ISIC_3633306,-0.373305
ISIC_6013764,-0.373422
ISIC_3188062,-0.373768
ISIC_0030435,-0.373803
ISIC_9263990,-0.373835
ISIC_1507583,-0.373863
ISIC_8417873,-0.374014
ISIC_5709878,-0.374103
ISIC_8535451,-0.374104
ISIC_3436139,-0.37431
ISIC_1604845,-0.37497
ISIC_0010874,-0.37504
ISIC_0011763,-0.375172
ISIC_5514594,-0.375221
ISIC_7633960,-0.37553
ISIC_0013778,-0.375761
ISIC_6345354,-0.375869
ISIC_2332127,-0.376367
ISIC_3159924,-0.376374
ISIC_0006517,-0.376392
ISIC_8719134,-0.376748
ISIC_0010658,-0.376767
ISIC_0030820,-0.376956
ISIC_8300954,-0.377217
ISIC_0014324,-0.377586
ISIC_8127394,-0.377783
ISIC_0033083,-0.377933
ISIC_0647224,-0.378184
ISIC_9199158,-0.378507
ISIC_0065740,-0.378508
ISIC_2908315,-0.378514
ISIC_5785408,-0.378835
ISIC_4311777,-0.37884
ISIC_0032996,-0.378914
ISIC_7801289,-0.378954
ISIC_6220625,-0.379136
ISIC_0005572,-0.379316
ISIC_4648593,-0.379424
ISIC_0005139,-0.379762
ISIC_4945233,-0.379774
ISIC_8127578,-0.379908
ISIC_7278885,-0.380177
ISIC_0377965,-0.380215
ISIC_0003333,-0.380308
ISIC_0031338,-0.380767
ISIC_0068100,-0.381063
ISIC_0066105,-0.381224
ISIC_6336926,-0.38149
ISIC_8265105,-0.381499
ISIC_5482805,-0.381672
ISIC_1315123,-0.381748
ISIC_5405889,-0.38186
ISIC_0027993,-0.382241
ISIC_0679781,-0.382505
ISIC_6546903,-0.382661
ISIC_0033104,-0.382746
ISIC_0010791,-0.382769
ISIC_1962844,-0.382964
ISIC_0032012,-0.382993
ISIC_5147292,-0.383184
ISIC_0003593,-0.383576
ISIC_7287540,-0.383629
ISIC_0000151,-0.384537
ISIC_1670165,-0.38465
ISIC_0011721,-0.38477
ISIC_0034079,-0.384844
ISIC_7997132,-0.384938
ISIC_9336830,-0.384978
ISIC_7012881,-0.384981
ISIC_9788545,-0.385047
ISIC_6207688,-0.38514
ISIC_4130478,-0.385189
ISIC_0025616,-0.385201
ISIC_3844404,-0.385395
ISIC_0056326,-0.385456
ISIC_9154716,-0.3861
ISIC_5167209,-0.386276
ISIC_0069918,-0.386548
ISIC_0033938,-0.387079
ISIC_5546488,-0.387088
ISIC_1312827,-0.387203
ISIC_8851038,-0.387608
ISIC_1290821,-0.387753
ISIC_0004140,-0.388254
ISIC_0033427,-0.388399
ISIC_0413173,-0.388441
ISIC_7747712,-0.388523
ISIC_0561249,-0.388783
ISIC_0432236,-0.3892
ISIC_8591425,-0.389293
ISIC_0067012,-0.389485
ISIC_0046642,-0.389729
ISIC_8671453,-0.390052
ISIC_0014598,-0.390074
ISIC_3234908,-0.390511
ISIC_2209697,-0.390871
ISIC_5716385,-0.391763
ISIC_0062196,-0.391816
ISIC_9483306,-0.392025
ISIC_8869929,-0.392059
ISIC_4731791,-0.392728
ISIC_0032845,-0.393182
ISIC_3213469,-0.393809
ISIC_0210998,-0.394247
ISIC_7575815,-0.394276
ISIC_6800044,-0.39435
ISIC_0033925,-0.394653
ISIC_1081430,-0.394763
ISIC_7511557,-0.394785
ISIC_0489267,-0.394886
ISIC_1695424,-0.394968
ISIC_0233487,-0.395176
ISIC_0030437,-0.395292
ISIC_0015129,-0.395356
ISIC_7368239,-0.395369
ISIC_1988058,-0.395383
ISIC_4446385,-0.395387
ISIC_0010788,-0.395582
ISIC_0000000,-0.395726
ISIC_1638357,-0.395878
ISIC_5377977,-0.396066
ISIC_8207162,-0.39608
ISIC_6099476,-0.396186
ISIC_5022895,-0.396298
ISIC_0064941,-0.396403
ISIC_0025708,-0.396508
ISIC_0028444,-0.39655
ISIC_0599047,-0.396562
ISIC_4926448,-0.396777
ISIC_0000186,-0.397442
ISIC_1782545,-0.397479
ISIC_9066201,-0.397523
ISIC_8324870,-0.39762
ISIC_0068000,-0.397762
ISIC_6496765,-0.397777
ISIC_6646939,-0.398034
ISIC_2136533,-0.398552
ISIC_6423860,-0.398767
ISIC_4102922,-0.399021
ISIC_8253326,-0.399118
ISIC_7053271,-0.399377
ISIC_4434803,-0.399407
ISIC_9324486,-0.39953
ISIC_2974214,-0.399532
ISIC_6657600,-0.400346
ISIC_8194371,-0.400461
ISIC_2733056,-0.400496
ISIC_1689678,-0.400744
ISIC_0226072,-0.400755
ISIC_0002549,-0.401301
ISIC_4274519,-0.401493
ISIC_2605120,-0.401615
ISIC_7210296,-0.402365
ISIC_0014745,-0.402467
ISIC_0028565,-0.402491
ISIC_1802502,-0.4031
ISIC_0046429,-0.403201
ISIC_1185006,-0.403241
ISIC_1531204,-0.403245
ISIC_5835414,-0.403372
ISIC_3729849,-0.403716
ISIC_0059769,-0.403731
ISIC_5073160,-0.403791
ISIC_5790319,-0.403955
ISIC_0000301,-0.40398
ISIC_0033801,-0.404034
ISIC_8799674,-0.404328
ISIC_2524005,-0.404398
ISIC_6755132,-0.404524
ISIC_4955457,-0.40453
ISIC_0011198,-0.404703
ISIC_1693458,-0.404796
ISIC_0029562,-0.404804
ISIC_9301346,-0.404895
ISIC_6661691,-0.404917
ISIC_9837030,-0.405128
ISIC_8010862,-0.405322
ISIC_0030481,-0.40534
ISIC_0055742,-0.405579
ISIC_0024421,-0.405732
ISIC_2902328,-0.405972
ISIC_3556039,-0.406126
ISIC_0066411,-0.406244
ISIC_2266857,-0.406536
ISIC_9223679,-0.406656
ISIC_0830131,-0.406659
ISIC_0060342,-0.406674
ISIC_0033302,-0.406742
ISIC_2421696,-0.407158
ISIC_2151856,-0.407166
ISIC_6687927,-0.407209
ISIC_5204408,-0.407215
ISIC_0002862,-0.407438
ISIC_8786606,-0.407504
ISIC_0182730,-0.407535
ISIC_6020636,-0.407923
ISIC_0011793,-0.408234
ISIC_6892286,-0.408487
ISIC_7349772,-0.408525
ISIC_0024918,-0.408611
ISIC_1860707,-0.40867
ISIC_0026699,-0.408731
ISIC_0025218,-0.408843
ISIC_3432650,-0.409074
ISIC_0071481,-0.409078
ISIC_8769415,-0.409284
ISIC_0024990,-0.409332
ISIC_0000118,-0.410075
ISIC_7109582,-0.410196
ISIC_2383335,-0.410531
ISIC_0057026,-0.410792
ISIC_0060860,-0.410834
ISIC_4055833,-0.411058
ISIC_0228772,-0.411112
ISIC_2489146,-0.411168
ISIC_3070206,-0.411294
ISIC_3920274,-0.41165
ISIC_0033754,-0.411731
ISIC_7298784,-0.412103
ISIC_3418245,-0.412126
ISIC_1220154,-0.412293
ISIC_0011612,-0.412622
ISIC_5948901,-0.412667
ISIC_8128335,-0.412741
ISIC_6891226,-0.41284
ISIC_2316159,-0.412899
ISIC_0024333,-0.41307
ISIC_0027431,-0.41317
ISIC_2519121,-0.413895
ISIC_0268187,-0.414032
ISIC_9972518,-0.414032
ISIC_0148751,-0.414106
ISIC_0033966,-0.414131
ISIC_4163843,-0.414155
ISIC_7057495,-0.414254
ISIC_1906141,-0.414365
ISIC_7601403,-0.414454
ISIC_9655520,-0.414571
ISIC_5999002,-0.41471
ISIC_7218890,-0.414859
ISIC_0058174,-0.41547
ISIC_8791729,-0.415559
ISIC_6208762,-0.415602
ISIC_0072422,-0.415864
ISIC_8646115,-0.415876
ISIC_3728352,-0.416639
ISIC_0033812,-0.416671
ISIC_8759726,-0.41682
ISIC_0011057,-0.417217
ISIC_5247508,-0.417566
ISIC_6478506,-0.417639
ISIC_7108282,-0.417705
ISIC_8043299,-0.417775
ISIC_0409276,-0.417838
ISIC_9276931,-0.417862
ISIC_0032112,-0.417978
ISIC_8181142,-0.418201
ISIC_0061884,-0.418406
ISIC_0659400,-0.418436
ISIC_0003117,-0.418485
ISIC_3218227,-0.418504
ISIC_0003925,-0.418616
ISIC_3009493,-0.419006
ISIC_8917755,-0.419582
ISIC_2757355,-0.420184
ISIC_6617840,-0.420846
ISIC_5098778,-0.421009
ISIC_8589961,-0.421093
ISIC_5884700,-0.421165
ISIC_8135400,-0.421214
ISIC_0072943,-0.421389
ISIC_9174306,-0.421751
ISIC_9095975,-0.421803
ISIC_0234248,-0.422004
ISIC_1194944,-0.422101
ISIC_3161477,-0.422233
ISIC_6383486,-0.422374
ISIC_0027321,-0.422591
ISIC_0031118,-0.422628
ISIC_7102028,-0.422838
ISIC_0033517,-0.422919
ISIC_9894782,-0.422975
ISIC_9499185,-0.423058
ISIC_3945916,-0.423079
ISIC_1663144,-0.423081
ISIC_5897799,-0.423369
ISIC_0061509,-0.423813
ISIC_0024296,-0.423849
ISIC_4067693,-0.423923
ISIC_4185719,-0.423954
ISIC_6828587,-0.424204
ISIC_3183782,-0.424767
ISIC_2772616,-0.424874
ISIC_0003438,-0.425085
ISIC_2076902,-0.42519
ISIC_6377613,-0.425312
ISIC_7797655,-0.42541
ISIC_2231191,-0.425518
ISIC_6299036,-0.426172
ISIC_7387061,-0.42628
ISIC_0292775,-0.426415
ISIC_3787504,-0.426519
ISIC_3372750,-0.426636
ISIC_7282415,-0.426666
ISIC_1438269,-0.426721
ISIC_2829088,-0.426736
ISIC_7984080,-0.426851
ISIC_4070687,-0.42694
ISIC_2979268,-0.427681
ISIC_6717452,-0.427738
ISIC_0011810,-0.427929
ISIC_9939653,-0.428286
ISIC_4000087,-0.428399
ISIC_0004794,-0.428612
ISIC_6520237,-0.429583
ISIC_0014708,-0.429719
ISIC_2202486,-0.429816
ISIC_3430447,-0.430012
ISIC_5272345,-0.430488
ISIC_7428248,-0.430788
ISIC_4292708,-0.430928
ISIC_0057716,-0.430968
ISIC_6445453,-0.431208
ISIC_0011064,-0.431306
ISIC_1534391,-0.431441
ISIC_8708106,-0.431615
ISIC_6715897,-0.431714
ISIC_0059866,-0.431909
ISIC_7699223,-0.432249
ISIC_8633894,-0.433133
ISIC_1382271,-0.433422
ISIC_6003500,-0.433578
ISIC_0063258,-0.433701
ISIC_3114020,-0.433789
ISIC_5150938,-0.434662
ISIC_5751956,-0.434702
ISIC_0610477,-0.435329
ISIC_3335505,-0.435379
ISIC_0010227,-0.435625
ISIC_0024294,-0.435729
ISIC_7260013,-0.436726
ISIC_7802213,-0.436756
ISIC_0067160,-0.436792
ISIC_0644590,-0.436819
ISIC_0962787,-0.437
ISIC_8382969,-0.437046
ISIC_0465476,-0.437059
ISIC_4509525,-0.437124
ISIC_7648726,-0.437799
ISIC_0026155,-0.437824
ISIC_7333928,-0.438133
ISIC_0066674,-0.438444
ISIC_8325569,-0.438596
ISIC_4001990,-0.438803
ISIC_8967786,-0.43934
ISIC_0012018,-0.439504
ISIC_6741865,-0.439589
ISIC_6774326,-0.439647
ISIC_0028462,-0.439683
ISIC_4642190,-0.439832
ISIC_0001100,-0.440078
ISIC_4614604,-0.440419
ISIC_4257634,-0.440466
ISIC_2954564,-0.44054
ISIC_4965832,-0.440645
ISIC_2736880,-0.441147
ISIC_5370803,-0.441169
ISIC_1216201,-0.441231
ISIC_0014288,-0.441579
ISIC_0356904,-0.441596
ISIC_8388593,-0.441834
ISIC_0026247,-0.442098
ISIC_5769654,-0.442502
ISIC_9756117,-0.442516
ISIC_4938791,-0.442545
ISIC_8883212,-0.442832
ISIC_0026394,-0.442837
ISIC_0010510,-0.443104
ISIC_0033004,-0.443304
ISIC_0032287,-0.443309
ISIC_0034317,-0.44332
ISIC_5182148,-0.44402
ISIC_1477056,-0.444069
ISIC_4705662,-0.444154
ISIC_4468129,-0.44444
ISIC_6340564,-0.444668
ISIC_9183042,-0.44478
ISIC_0028534,-0.44511
ISIC_9895220,-0.445329
ISIC_0032441,-0.445353
ISIC_0025072,-0.445405
ISIC_3431915,-0.445407
ISIC_9895436,-0.445461
ISIC_0062208,-0.445642
ISIC_4220326,-0.446886
ISIC_6761269,-0.446972
ISIC_9648812,-0.446994
ISIC_8943855,-0.447033
ISIC_0012054,-0.447212
ISIC_0068382,-0.447374
ISIC_1956354,-0.447418
ISIC_1441260,-0.447435
ISIC_3593161,-0.44773
ISIC_8205879,-0.447998
ISIC_0000078,-0.448282
ISIC_2486088,-0.448554
ISIC_0009940,-0.44865
ISIC_8702237,-0.449125
ISIC_4912684,-0.449194
ISIC_0054973,-0.449447
ISIC_5122220,-0.449601
ISIC_9709101,-0.449605
ISIC_0053572,-0.449672
ISIC_0069486,-0.449828
ISIC_4088647,-0.449961
ISIC_7642500,-0.450017
ISIC_0054206,-0.450279
ISIC_0014501,-0.450891
ISIC_5857303,-0.450909
ISIC_1398618,-0.450927
ISIC_0030749,-0.451228
ISIC_8820668,-0.45126
ISIC_4223734,-0.451633
ISIC_0012653,-0.451646
ISIC_0064761,-0.451946
ISIC_0032954,-0.452002
ISIC_0033546,-0.452281
ISIC_9112747,-0.452611
ISIC_1745731,-0.452691
ISIC_4384861,-0.452907
ISIC_0169604,-0.453195
ISIC_0005494,-0.453319
ISIC_7658276,-0.453458
ISIC_0485417,-0.453507
ISIC_6703027,-0.45358
ISIC_0057988,-0.453839
ISIC_3520709,-0.45384
ISIC_7582818,-0.454163
ISIC_0919467,-0.454677
ISIC_9574101,-0.454689
ISIC_6707990,-0.45497
ISIC_8065001,-0.455081
ISIC_0004075,-0.455128
ISIC_0879097,-0.45522
ISIC_0032476,-0.456375
ISIC_9335652,-0.456932
ISIC_5754233,-0.457009
ISIC_4470206,-0.45715
ISIC_1729223,-0.457241
ISIC_2203247,-0.458091
ISIC_0394030,-0.458287
ISIC_2638895,-0.458632
ISIC_6067430,-0.458742
ISIC_7039203,-0.458846
ISIC_0026185,-0.458852
ISIC_8375123,-0.459138
ISIC_3762459,-0.459641
ISIC_0014221,-0.459897
ISIC_0070601,-0.460647
ISIC_0032747,-0.461006
ISIC_1426331,-0.461117
ISIC_2977718,-0.461237
ISIC_8699453,-0.46136
ISIC_8516223,-0.461654
ISIC_6004197,-0.461762
ISIC_4071825,-0.462151
ISIC_0011163,-0.462159
ISIC_6870208,-0.4624
ISIC_2993032,-0.46246
ISIC_8530010,-0.462582
ISIC_5248948,-0.462598
ISIC_5219334,-0.463408
ISIC_0958701,-0.463453
ISIC_9518180,-0.463594
ISIC_8140072,-0.463941
ISIC_6105084,-0.464011
ISIC_7621412,-0.464172
ISIC_0059976,-0.464453
ISIC_0679553,-0.464582
ISIC_0064557,-0.464978
ISIC_5157799,-0.465345
ISIC_0066223,-0.465913
ISIC_5324987,-0.466204
ISIC_6298726,-0.466354
ISIC_7066723,-0.466994
ISIC_3225754,-0.46717
ISIC_0014093,-0.467394
ISIC_1078854,-0.467424
ISIC_5718805,-0.467443
ISIC_5005253,-0.467466
ISIC_5647697,-0.467489
ISIC_9764973,-0.467816
ISIC_2304753,-0.467837
ISIC_0056260,-0.467852
ISIC_3825641,-0.46793
ISIC_8427534,-0.468053
ISIC_2532039,-0.468162
ISIC_0065480,-0.468317
ISIC_8663971,-0.468595
ISIC_7299650,-0.46861
ISIC_0029303,-0.468641
ISIC_9109847,-0.468685
ISIC_3169133,-0.468951
ISIC_0030860,-0.468982
ISIC_6487069,-0.469144
ISIC_1440063,-0.469274
ISIC_4328662,-0.469581
ISIC_2490481,-0.469891
ISIC_3067522,-0.470282
ISIC_0030237,-0.470601
ISIC_6734679,-0.470792
ISIC_5230371,-0.470806
ISIC_8354042,-0.470944
ISIC_0030029,-0.47098
ISIC_0787229,-0.471014
ISIC_0055287,-0.471446
ISIC_5011583,-0.472075
ISIC_7651944,-0.472116
ISIC_0579047,-0.472118
ISIC_2161864,-0.472313
ISIC_0009721,-0.472371
ISIC_5296963,-0.472656
ISIC_3171104,-0.473093
ISIC_4086323,-0.473183
ISIC_5484776,-0.473217
ISIC_0013492,-0.473393
ISIC_9000901,-0.473532
ISIC_8647900,-0.473538
ISIC_5198780,-0.473616
ISIC_0011012,-0.473635
ISIC_1150482,-0.474177
ISIC_0028275,-0.474287
ISIC_5520533,-0.474445
ISIC_0028489,-0.474528
ISIC_3771332,-0.474589
ISIC_5929687,-0.474711
ISIC_1672821,-0.474895
ISIC_4468148,-0.475256
ISIC_0238824,-0.475503
ISIC_4425604,-0.475775
ISIC_0000801,-0.475916
ISIC_0064742,-0.476003
ISIC_7594601,-0.476005
ISIC_8813283,-0.476682
ISIC_0929483,-0.476872
ISIC_0000572,-0.477385
ISIC_9947624,-0.478718
ISIC_1380069,-0.478853
ISIC_7519274,-0.479039
ISIC_0032561,-0.479492
ISIC_5157775,-0.479633
ISIC_0013831,-0.479935
ISIC_4397068,-0.479988
ISIC_4034644,-0.480128
ISIC_2631789,-0.480361
ISIC_0033697,-0.480391
ISIC_5272837,-0.480508
ISIC_4093484,-0.480623
ISIC_3009877,-0.480626
ISIC_0014844,-0.48065
ISIC_0026356,-0.48092
ISIC_9588065,-0.481095
ISIC_6768006,-0.481215
ISIC_0000517,-0.481625
ISIC_5578611,-0.481843
ISIC_9152603,-0.481876
ISIC_6026759,-0.481934
ISIC_5426854,-0.48197
ISIC_0025841,-0.481997
ISIC_0029017,-0.482296
ISIC_0026506,-0.482308
ISIC_7558912,-0.48245
ISIC_0064964,-0.482526
ISIC_0046422,-0.482529
ISIC_4654965,-0.482856
ISIC_1655513,-0.483021
ISIC_0034166,-0.48305
ISIC_1848300,-0.483087
ISIC_5082596,-0.483145
ISIC_8651476,-0.483292
ISIC_7140778,-0.48335
ISIC_6557642,-0.483655
ISIC_0024246,-0.483748
ISIC_4348994,-0.483797
ISIC_3372067,-0.483965
ISIC_7035368,-0.484192
ISIC_4088444,-0.484516
ISIC_9596721,-0.484541
ISIC_4383671,-0.484834
ISIC_0000421,-0.485294
ISIC_9108776,-0.485488
ISIC_1731109,-0.4864
ISIC_0072371,-0.486611
ISIC_0063642,-0.486804
ISIC_6828892,-0.48698
ISIC_6553579,-0.487218
ISIC_0062524,-0.487228
ISIC_1920685,-0.487435
ISIC_0008621,-0.487546
ISIC_0028759,-0.488014
ISIC_0973194,-0.488174
ISIC_7129085,-0.488444
ISIC_6676776,-0.488459
ISIC_3775417,-0.488606
ISIC_2798803,-0.488666
ISIC_0002613,-0.488695
ISIC_8344345,-0.488775
ISIC_3777798,-0.489024
ISIC_5059476,-0.489399
ISIC_0011210,-0.489604
ISIC_0025508,-0.489959
ISIC_1461068,-0.490075
ISIC_0053846,-0.490458
ISIC_0006983,-0.490498
ISIC_0588855,-0.490986
ISIC_8901133,-0.49132
ISIC_1737600,-0.491329
ISIC_7260977,-0.491395
ISIC_0005006,-0.491698
ISIC_1568268,-0.491826
ISIC_3926305,-0.492029
ISIC_2286175,-0.492784
ISIC_8147189,-0.492828
ISIC_0027356,-0.493082
ISIC_4967639,-0.493149
ISIC_8612828,-0.493222
ISIC_2445475,-0.493224
ISIC_2384274,-0.493268
ISIC_2507845,-0.493278
ISIC_0065468,-0.493359
ISIC_0010266,-0.493804
ISIC_0005681,-0.493868
ISIC_0058376,-0.493896
ISIC_0004728,-0.493968
ISIC_0064763,-0.494455
ISIC_0062301,-0.494541
ISIC_0069944,-0.49517
ISIC_9906378,-0.495173
ISIC_2927673,-0.495268
ISIC_5932383,-0.495281
ISIC_9222136,-0.495298
ISIC_0059959,-0.495815
ISIC_0082348,-0.495901
ISIC_5922931,-0.495905
ISIC_6460137,-0.497281
ISIC_2015441,-0.497362
ISIC_9751601,-0.497856
ISIC_1888865,-0.497877
ISIC_1616031,-0.498119
ISIC_3312201,-0.498304
ISIC_0003703,-0.498414
ISIC_0029998,-0.498575
ISIC_4540332,-0.49922
ISIC_2911251,-0.499549
ISIC_2858419,-0.499745
ISIC_0029395,-0.499843
ISIC_7831274,-0.499856
ISIC_7755096,-0.500078
ISIC_3737739,-0.500098
ISIC_0781315,-0.500303
ISIC_0069505,-0.500578
ISIC_1687004,-0.500984
ISIC_0032140,-0.501338
ISIC_8733745,-0.501458
ISIC_0059350,-0.502014
ISIC_4679971,-0.502505
ISIC_0005879,-0.50258
ISIC_6973257,-0.502653
ISIC_7134821,-0.502726
ISIC_0011437,-0.502827
ISIC_8901784,-0.502888
ISIC_1925590,-0.503434
ISIC_0013311,-0.50374
ISIC_7196249,-0.503908
ISIC_0428257,-0.504185
ISIC_5364330,-0.504247
ISIC_0000368,-0.504349
ISIC_0029902,-0.504402
ISIC_3885808,-0.504559
ISIC_4746361,-0.504673
ISIC_6616542,-0.504747
ISIC_1452314,-0.504835
ISIC_0000279,-0.505042
ISIC_8671662,-0.505244
ISIC_0057702,-0.506077
ISIC_0874261,-0.506495
ISIC_0032887,-0.506522
ISIC_0046635,-0.507183
ISIC_2418276,-0.507261
ISIC_0028317,-0.507417
ISIC_4375524,-0.507443
ISIC_9106966,-0.508043
ISIC_1727826,-0.508112
ISIC_7912183,-0.508148
ISIC_0056257,-0.508336
ISIC_2440407,-0.508432
ISIC_2800198,-0.508658
ISIC_6052437,-0.508927
ISIC_0012065,-0.509046
ISIC_4871616,-0.509296
ISIC_0033923,-0.509523
ISIC_1373468,-0.5097
ISIC_6577632,-0.509832
ISIC_0034199,-0.510044
ISIC_0034039,-0.510352
ISIC_1952599,-0.510491
ISIC_0710431,-0.510714
ISIC_0009879,-0.51081
ISIC_5048124,-0.511089
ISIC_0033087,-0.511276
ISIC_0024779,-0.511474
ISIC_0032551,-0.511499
ISIC_6779421,-0.511566
ISIC_3981101,-0.512024
ISIC_8108090,-0.512251
ISIC_3985031,-0.512307
ISIC_5457889,-0.512548
ISIC_7642142,-0.51326
ISIC_0523125,-0.513264
ISIC_8109460,-0.513275
ISIC_3743283,-0.513312
ISIC_1978947,-0.513542
ISIC_7564545,-0.513724
ISIC_1226440,-0.513805
ISIC_6822870,-0.51421
ISIC_4348579,-0.514459
ISIC_0356611,-0.514498
ISIC_8892236,-0.514763
ISIC_0026231,-0.51489
ISIC_0012082,-0.51497
ISIC_8569205,-0.515029
ISIC_0028027,-0.515038
ISIC_2853290,-0.515039
ISIC_7494625,-0.515218
ISIC_5220698,-0.515555
ISIC_9021685,-0.515781
ISIC_4502605,-0.515809
ISIC_7277310,-0.515867
ISIC_0952221,-0.516042
ISIC_0013558,-0.516098
ISIC_4460849,-0.516142
ISIC_6451703,-0.516196
ISIC_6895016,-0.516234
ISIC_2851852,-0.516692
ISIC_0013244,-0.5167
ISIC_8986997,-0.517222
ISIC_4374944,-0.517749
ISIC_0066109,-0.518149
ISIC_0694677,-0.518162
ISIC_7888672,-0.518205
ISIC_6487809,-0.518278
ISIC_3666094,-0.51836
ISIC_6699854,-0.518389
ISIC_7566505,-0.518416
ISIC_5709247,-0.518849
ISIC_1165548,-0.519085
ISIC_7498132,-0.519355
ISIC_0001139,-0.519569
ISIC_6541615,-0.519632
ISIC_2192973,-0.519767
ISIC_0009998,-0.519921
ISIC_9350507,-0.519981
ISIC_0025535,-0.520237
ISIC_8609756,-0.520464
ISIC_5979783,-0.520612
ISIC_0046725,-0.520792
ISIC_5877211,-0.520808
ISIC_0013835,-0.52081
ISIC_0046222,-0.520838
ISIC_7491389,-0.521106
ISIC_0064298,-0.521205
ISIC_6780471,-0.521459
ISIC_6284312,-0.521534
ISIC_6918995,-0.521616
ISIC_0055931,-0.521885
ISIC_7114660,-0.521926
ISIC_9445196,-0.521963
ISIC_0011744,-0.521973
ISIC_3391254,-0.522071
ISIC_8752021,-0.522623
ISIC_9425937,-0.522783
ISIC_0033090,-0.523174
ISIC_0010011,-0.523373
ISIC_3269018,-0.523546
ISIC_0473135,-0.523582
ISIC_3222447,-0.523642
ISIC_8957571,-0.523672
ISIC_0010967,-0.523821
ISIC_3251486,-0.523867
ISIC_3392433,-0.52419
ISIC_0011956,-0.524731
ISIC_0070651,-0.525104
ISIC_4873045,-0.525745
ISIC_0003324,-0.52604
ISIC_3926397,-0.52604
ISIC_0014117,-0.526152
ISIC_1777398,-0.52622
ISIC_1040340,-0.526325
ISIC_0591226,-0.526355
ISIC_7253401,-0.526429
ISIC_4249893,-0.526567
ISIC_1504257,-0.527158
ISIC_4529363,-0.527553
ISIC_3975133,-0.52795
ISIC_0010609,-0.527992
ISIC_0029209,-0.527993
ISIC_0032094,-0.528175
ISIC_5237059,-0.528193
ISIC_6515546,-0.528206
ISIC_6444989,-0.528324
ISIC_8479913,-0.529061
ISIC_7642591,-0.529237
ISIC_4153687,-0.52927
ISIC_6113524,-0.529782
ISIC_2271767,-0.52992
ISIC_4786412,-0.530081
ISIC_8993666,-0.530386
ISIC_0015226,-0.531034
ISIC_0028248,-0.531083
ISIC_0283541,-0.53129
ISIC_0770920,-0.531556
ISIC_2177748,-0.531801
ISIC_7025208,-0.531855
ISIC_8525786,-0.531963
ISIC_0004932,-0.532138
ISIC_0046628,-0.532243
ISIC_7543736,-0.532368
ISIC_7663476,-0.532435
ISIC_9668514,-0.532767
ISIC_1700051,-0.532865
ISIC_5352684,-0.532902
ISIC_0006750,-0.533149
ISIC_0028716,-0.533334
ISIC_6250970,-0.533697
ISIC_0033638,-0.533922
ISIC_0000558,-0.5345
ISIC_2203239,-0.53508
ISIC_6571597,-0.535241
ISIC_0231745,-0.535517
ISIC_0009950,-0.535614
ISIC_0013610,-0.536221
ISIC_3352962,-0.536405
ISIC_1718403,-0.536442
ISIC_0025018,-0.536506
ISIC_2808622,-0.536558
ISIC_3283317,-0.53681
ISIC_8543040,-0.536856
ISIC_2724278,-0.536945
ISIC_0006727,-0.537297
ISIC_4715386,-0.537453
ISIC_8051628,-0.537676
ISIC_0066379,-0.537729
ISIC_5736979,-0.538092
ISIC_7080584,-0.538324
ISIC_0010759,-0.538536
ISIC_4951035,-0.538617
ISIC_0027941,-0.538952
ISIC_0000013,-0.539064
ISIC_5904116,-0.53947
ISIC_6793830,-0.540067
ISIC_0031377,-0.540118
ISIC_0029868,-0.540595
ISIC_0032569,-0.540907
ISIC_0028616,-0.541051
ISIC_0026664,-0.541381
ISIC_0000012,-0.541391
ISIC_7877488,-0.54156
ISIC_0025006,-0.541569
ISIC_9933790,-0.541656
ISIC_5218530,-0.541896
ISIC_0033586,-0.542329
ISIC_0061164,-0.542759
ISIC_4876378,-0.542829
ISIC_0027406,-0.542918
ISIC_2039579,-0.543831
ISIC_0033086,-0.543914
ISIC_0011097,-0.544881
ISIC_7260492,-0.545287
ISIC_2494956,-0.545744
ISIC_0008636,-0.545926
ISIC_3676643,-0.546402
ISIC_8699796,-0.54641
ISIC_0078703,-0.546811
ISIC_0012395,-0.54728
ISIC_7351939,-0.54739
ISIC_8887039,-0.547548
ISIC_3274493,-0.547673
ISIC_7183212,-0.547749
ISIC_0032945,-0.5479
ISIC_0001121,-0.548354
ISIC_9339756,-0.549041
ISIC_5599298,-0.549175
ISIC_0026727,-0.549526
ISIC_0003201,-0.5496
ISIC_1166678,-0.550039
ISIC_8483458,-0.550334
ISIC_1968421,-0.550775
ISIC_6811363,-0.55097
ISIC_2449919,-0.550986
ISIC_0030434,-0.551017
ISIC_8244535,-0.551237
ISIC_1328488,-0.551295
ISIC_4154293,-0.551384
ISIC_2431690,-0.552215
ISIC_4459528,-0.552224
ISIC_9927486,-0.553198
ISIC_7518798,-0.553232
ISIC_7694069,-0.554638
ISIC_9874512,-0.554685
ISIC_7833008,-0.554728
ISIC_0064472,-0.554778
ISIC_4263521,-0.55502
ISIC_2948896,-0.555917
ISIC_9072309,-0.556022
ISIC_3288342,-0.556462
ISIC_0024650,-0.556646
ISIC_7702857,-0.556768
ISIC_5166636,-0.557337
ISIC_0031369,-0.558057
ISIC_0025702,-0.558188
ISIC_8310944,-0.558416
ISIC_0012160,-0.558436
ISIC_7981097,-0.558487
ISIC_4981135,-0.559072
ISIC_9879693,-0.559216
ISIC_3952030,-0.559267
ISIC_4148086,-0.559513
ISIC_7581199,-0.559739
ISIC_2887355,-0.560037
ISIC_5746904,-0.560197
ISIC_5658900,-0.560199
ISIC_2298440,-0.560495
ISIC_0013674,-0.561233
ISIC_2993517,-0.561261
ISIC_0063742,-0.56173
ISIC_0014975,-0.561783
ISIC_0012164,-0.561955
ISIC_3098750,-0.562143
ISIC_0339930,-0.562158
ISIC_4236274,-0.56303
ISIC_6773367,-0.563063
ISIC_1200689,-0.563504
ISIC_0031548,-0.56356
ISIC_7798358,-0.563571
ISIC_0350472,-0.563714
ISIC_0026548,-0.563725
ISIC_4332885,-0.563854
ISIC_4396553,-0.564471
ISIC_3463156,-0.564476
ISIC_5768749,-0.564484
ISIC_6483504,-0.564823
ISIC_0475506,-0.565061
ISIC_3609379,-0.565101
ISIC_9239093,-0.565239
ISIC_0000483,-0.565502
ISIC_7521698,-0.565738
ISIC_2178032,-0.565954
ISIC_5983500,-0.566099
ISIC_1484525,-0.566587
ISIC_4226395,-0.567096
ISIC_3239813,-0.567325
ISIC_3049506,-0.567654
ISIC_9047184,-0.567886
ISIC_6913272,-0.567942
ISIC_0068144,-0.567963
ISIC_4810485,-0.568295
ISIC_0010555,-0.568394
ISIC_3923443,-0.568691
ISIC_2698722,-0.568954
ISIC_4425766,-0.569086
ISIC_0033756,-0.569109
ISIC_5005961,-0.569653
ISIC_5644242,-0.569702
ISIC_9084751,-0.569704
ISIC_0024288,-0.569736
ISIC_1110583,-0.570124
ISIC_5213829,-0.570321
ISIC_8436666,-0.570439
ISIC_7994337,-0.57071
ISIC_6320497,-0.570724
ISIC_5555700,-0.570726
ISIC_0008619,-0.570785
ISIC_0033998,-0.570846
ISIC_4634128,-0.571028
ISIC_9469284,-0.571363
ISIC_0073156,-0.571375
ISIC_7246852,-0.571506
ISIC_8765068,-0.572071
ISIC_8502341,-0.572201
ISIC_1711973,-0.572233
ISIC_8414421,-0.572559
ISIC_0029071,-0.572622
ISIC_0028407,-0.572631
ISIC_0030072,-0.572832
ISIC_9950866,-0.573043
ISIC_0485914,-0.573408
ISIC_9140779,-0.574076
ISIC_0247197,-0.574183
ISIC_0183290,-0.574218
ISIC_9270367,-0.574436
ISIC_0028484,-0.574582
ISIC_4344870,-0.575104
ISIC_4924690,-0.575323
ISIC_5194331,-0.575442
ISIC_8814612,-0.575566
ISIC_0014525,-0.575838
ISIC_6960446,-0.576259
ISIC_9727132,-0.576275
ISIC_0361149,-0.576337
ISIC_0053611,-0.576729
ISIC_0010837,-0.576793
ISIC_8194467,-0.577291
ISIC_4044751,-0.577556
ISIC_2153401,-0.57788
ISIC_6710082,-0.57809
ISIC_0013731,-0.578122
ISIC_0030085,-0.578293
ISIC_9792253,-0.578554
ISIC_0059625,-0.578676
ISIC_2728024,-0.578718
ISIC_2126035,-0.578794
ISIC_0014061,-0.579441
ISIC_2704046,-0.579671
ISIC_5127759,-0.579822
ISIC_0013618,-0.579947
ISIC_4686317,-0.580012
ISIC_0055143,-0.580199
ISIC_0033091,-0.580279
ISIC_0014469,-0.580853
ISIC_0027986,-0.581074
ISIC_4642695,-0.58135
ISIC_0007084,-0.58166
ISIC_0067159,-0.581717
ISIC_0068477,-0.581751
ISIC_0011313,-0.581903
ISIC_9354965,-0.582361
ISIC_5552066,-0.582537
ISIC_2660216,-0.582855
ISIC_4524488,-0.583033
ISIC_8020153,-0.583213
ISIC_0031356,-0.584054
ISIC_0058255,-0.584121
ISIC_0692990,-0.584132
ISIC_7947847,-0.584672
ISIC_0004352,-0.584744
ISIC_1018265,-0.584992
ISIC_0008114,-0.585079
ISIC_0013059,-0.585993
ISIC_0001134,-0.586037
ISIC_0310134,-0.586178
ISIC_0032779,-0.586183
ISIC_0001596,-0.586641
ISIC_0013052,-0.586706
ISIC_0197584,-0.587078
ISIC_6260086,-0.587246
ISIC_1744817,-0.587304
ISIC_3234899,-0.587442
ISIC_6529819,-0.588068
ISIC_0046985,-0.588137
ISIC_7614221,-0.588795
ISIC_0025369,-0.588875
ISIC_7189490,-0.589112
ISIC_9799596,-0.589384
ISIC_3356776,-0.589432
ISIC_1781273,-0.589581
ISIC_7266462,-0.589617
ISIC_4288845,-0.590386
ISIC_0370008,-0.59053
ISIC_0005377,-0.590537
ISIC_8906583,-0.590695
ISIC_0014790,-0.590805
ISIC_0007884,-0.591221
ISIC_4597707,-0.591485
ISIC_8130596,-0.591781
ISIC_3289651,-0.591843
ISIC_0231167,-0.591853
ISIC_3994250,-0.591906
ISIC_0028612,-0.591918
ISIC_9743052,-0.591961
ISIC_0021052,-0.592873
ISIC_1169724,-0.592963
ISIC_9699615,-0.592984
ISIC_5530598,-0.593002
ISIC_0004667,-0.593111
ISIC_7803163,-0.593188
ISIC_0016112,-0.593518
ISIC_2089231,-0.593596
ISIC_4590810,-0.593633
ISIC_4659355,-0.593753
ISIC_2872107,-0.593977
ISIC_0006158,-0.593994
ISIC_0056534,-0.594152
ISIC_0012706,-0.594234
ISIC_0024898,-0.594963
ISIC_0054925,-0.595297
ISIC_7844825,-0.595871
ISIC_9126343,-0.596088
ISIC_4646228,-0.596565
ISIC_5294540,-0.596901
ISIC_0013032,-0.59697
ISIC_2498064,-0.596986
ISIC_2642873,-0.597123
ISIC_3025889,-0.597412
ISIC_9175856,-0.597541
ISIC_7268123,-0.59778
ISIC_8406262,-0.597803
ISIC_0003168,-0.598583
ISIC_9472725,-0.598674
ISIC_0033953,-0.598825
ISIC_7180438,-0.598986
ISIC_8362891,-0.599151
ISIC_0834745,-0.59923
ISIC_3568801,-0.59959
ISIC_8766254,-0.599963
ISIC_2508901,-0.600257
ISIC_6398283,-0.60026
ISIC_7826557,-0.600271
ISIC_6661904,-0.600757
ISIC_0057259,-0.600873
ISIC_1440377,-0.6011
ISIC_6548307,-0.601633
ISIC_3336353,-0.6017
ISIC_0331389,-0.60203
ISIC_0011972,-0.6021
ISIC_8747095,-0.602103
ISIC_1470934,-0.602215
ISIC_5840341,-0.602271
ISIC_0002900,-0.602435
ISIC_6344073,-0.602556
ISIC_4728167,-0.603215
ISIC_0175530,-0.60323
ISIC_0527350,-0.603288
ISIC_7555812,-0.603364
ISIC_9940466,-0.603382
ISIC_0004961,-0.603399
ISIC_0289478,-0.603559
ISIC_2771979,-0.603611
ISIC_3649766,-0.604152
ISIC_9259989,-0.60427
ISIC_2266011,-0.605112
ISIC_7789452,-0.605421
ISIC_0295323,-0.605831
ISIC_5611104,-0.605911
ISIC_5897134,-0.606276
ISIC_4123109,-0.606286
ISIC_0059037,-0.606365
ISIC_0055388,-0.606736
ISIC_0008630,-0.606885
ISIC_4867043,-0.606914
ISIC_0360988,-0.606938
ISIC_0024591,-0.607209
ISIC_1475598,-0.607309
ISIC_0011944,-0.607424
ISIC_4926788,-0.607661
ISIC_0029480,-0.607977
ISIC_1352841,-0.608122
ISIC_5568525,-0.608405
ISIC_5625747,-0.608551
ISIC_8028631,-0.608708
ISIC_0032232,-0.608722
ISIC_7340112,-0.609087
ISIC_5485674,-0.609333
ISIC_0207349,-0.609568
ISIC_1251639,-0.609968
ISIC_0025155,-0.610238
ISIC_7460111,-0.610247
ISIC_7850786,-0.610414
ISIC_1135213,-0.610437
ISIC_0062389,-0.610507
ISIC_0011686,-0.611876
ISIC_2569851,-0.612049
ISIC_0623284,-0.612083
ISIC_0011209,-0.612154
ISIC_0034053,-0.612202
ISIC_7052658,-0.612656
ISIC_6446779,-0.612918
ISIC_0002853,-0.613199
ISIC_7254389,-0.613347
ISIC_7303761,-0.61336
ISIC_8714502,-0.613525
ISIC_0014219,-0.613632
ISIC_7799968,-0.613729
ISIC_4663883,-0.614456
ISIC_3886458,-0.614605
ISIC_7369312,-0.614724
ISIC_2379908,-0.614856
ISIC_0281291,-0.615005
ISIC_9092298,-0.615134
ISIC_0010768,-0.61566
ISIC_4141898,-0.615863
ISIC_3503213,-0.616563
ISIC_1566931,-0.616608
ISIC_5288404,-0.616725
ISIC_8628207,-0.616746
ISIC_0025289,-0.616796
ISIC_0374029,-0.616806
ISIC_7667157,-0.616923
ISIC_0010783,-0.617023
ISIC_8094432,-0.617039
ISIC_8910589,-0.617127
ISIC_4951213,-0.617182
ISIC_3475932,-0.617259
ISIC_8458843,-0.617314
ISIC_5971574,-0.618913
ISIC_5573566,-0.619385
ISIC_3447311,-0.619411
ISIC_0012222,-0.619552
ISIC_5333058,-0.619593
ISIC_7885010,-0.619735
ISIC_2279679,-0.619854
ISIC_8207974,-0.62068
ISIC_0024351,-0.621179
ISIC_3560519,-0.621265
ISIC_0027265,-0.621388
ISIC_0025778,-0.621418
ISIC_8048668,-0.621492
ISIC_0033152,-0.621493
ISIC_0069996,-0.621594
ISIC_0034032,-0.621676
ISIC_9017110,-0.622102
ISIC_0005261,-0.622566
ISIC_0013579,-0.622958
ISIC_8029613,-0.622976
ISIC_3495113,-0.62298
ISIC_0000467,-0.623047
ISIC_4201891,-0.623047
ISIC_0014319,-0.623502
ISIC_7517082,-0.623527
ISIC_0010960,-0.623685
ISIC_2647643,-0.623705
ISIC_8431648,-0.623968
ISIC_0030623,-0.623971
ISIC_4224064,-0.624006
ISIC_8959928,-0.624389
ISIC_0033452,-0.624749
ISIC_8348712,-0.624752
ISIC_9943579,-0.624833
ISIC_6377622,-0.624922
ISIC_9397126,-0.625405
ISIC_5501795,-0.625612
ISIC_4038618,-0.625724
ISIC_0057395,-0.625855
ISIC_0004686,-0.625937
ISIC_0058186,-0.626042
ISIC_0010684,-0.626058
ISIC_0974833,-0.626068
ISIC_4724660,-0.626083
ISIC_5282642,-0.626131
ISIC_1598039,-0.626155
ISIC_0609067,-0.626238
ISIC_0003111,-0.626377
ISIC_0011493,-0.626407
ISIC_7535412,-0.626506
ISIC_1915890,-0.62656
ISIC_8281208,-0.626604
ISIC_3878174,-0.626632
ISIC_0033916,-0.62696
ISIC_0009939,-0.62709
ISIC_1806179,-0.627438
ISIC_0066321,-0.628043
ISIC_7759913,-0.628151
ISIC_2162728,-0.628599
ISIC_0000513,-0.628698
ISIC_2772581,-0.629138
ISIC_6471212,-0.629513
ISIC_5071555,-0.629648
ISIC_7455460,-0.631199
ISIC_4837536,-0.631236
ISIC_5557025,-0.631245
ISIC_0003132,-0.631351
ISIC_0033616,-0.631452
ISIC_0071681,-0.632705
ISIC_3063260,-0.632946
ISIC_4692567,-0.633949
ISIC_3767325,-0.634335
ISIC_0030729,-0.63437
ISIC_4579262,-0.634566
ISIC_0024410,-0.634808
ISIC_1445277,-0.635508
ISIC_0028394,-0.635668
ISIC_7505369,-0.635711
ISIC_9157162,-0.636114
ISIC_2518896,-0.63647
ISIC_0005762,-0.636912
ISIC_0031575,-0.637205
ISIC_0061152,-0.637216
ISIC_7013005,-0.637256
ISIC_2051564,-0.637806
ISIC_6280523,-0.638075
ISIC_0032600,-0.638151
ISIC_6469202,-0.638771
ISIC_5087951,-0.638984
ISIC_3163773,-0.639045
ISIC_0422299,-0.639136
ISIC_1881133,-0.639162
ISIC_3298596,-0.63926
ISIC_0005360,-0.639323
ISIC_0031877,-0.639369
ISIC_0014395,-0.639378
ISIC_5491641,-0.639497
ISIC_9433388,-0.639869
ISIC_0010651,-0.639873
ISIC_1871890,-0.639878
ISIC_3365692,-0.639916
ISIC_0001572,-0.639946
ISIC_0058199,-0.63996
ISIC_2521424,-0.640123
ISIC_4074537,-0.640206
ISIC_8959410,-0.640319
ISIC_4936610,-0.640504
ISIC_3926019,-0.640761
ISIC_1334038,-0.640798
ISIC_1331993,-0.640946
ISIC_0147869,-0.640967
ISIC_0028018,-0.641412
ISIC_0749263,-0.641443
ISIC_2753279,-0.64178
ISIC_1350519,-0.641959
ISIC_0053674,-0.642272
ISIC_5281576,-0.642994
ISIC_0062812,-0.643503
ISIC_8495875,-0.643878
ISIC_0765973,-0.644003
ISIC_0060535,-0.644153
ISIC_0031246,-0.644281
ISIC_0067008,-0.64456
ISIC_1023354,-0.645228
ISIC_9412963,-0.645442
ISIC_7244604,-0.645453
ISIC_4903988,-0.646081
ISIC_4619789,-0.646224
ISIC_0010861,-0.647288
ISIC_9772383,-0.64783
ISIC_2151727,-0.647832
ISIC_0160831,-0.647839
ISIC_3687259,-0.647883
ISIC_0074311,-0.64832
ISIC_0271408,-0.648483
ISIC_0003345,-0.648658
ISIC_8796456,-0.648705
ISIC_0765585,-0.648975
ISIC_9334956,-0.64904
ISIC_3877643,-0.649132
ISIC_8588957,-0.649298
ISIC_0066149,-0.649342
ISIC_6448312,-0.649562
ISIC_0033573,-0.64978
ISIC_7670817,-0.649973
ISIC_0058954,-0.650014
ISIC_5422432,-0.650198
ISIC_5620802,-0.650646
ISIC_0248628,-0.650792
ISIC_5548914,-0.6509
ISIC_5616806,-0.651161
ISIC_3152541,-0.651477
ISIC_7915065,-0.651481
ISIC_4850678,-0.65182
ISIC_9197665,-0.651951
ISIC_0024735,-0.652198
ISIC_6166247,-0.652299
ISIC_9178485,-0.652801
ISIC_1470245,-0.652927
ISIC_5116614,-0.652987
ISIC_5529924,-0.653028
ISIC_6201338,-0.653279
ISIC_0029244,-0.653436
ISIC_0046443,-0.653744
ISIC_1545544,-0.653958
ISIC_3914140,-0.654028
ISIC_9544059,-0.654106
ISIC_8163269,-0.654288
ISIC_5240648,-0.654638
ISIC_0013688,-0.654798
ISIC_0031034,-0.654824
ISIC_8138363,-0.654832
ISIC_6180870,-0.655001
ISIC_7914631,-0.655907
ISIC_8190708,-0.656948
ISIC_0740449,-0.658041
ISIC_2142639,-0.658086
ISIC_4853597,-0.658089
ISIC_4692454,-0.658365
ISIC_0010225,-0.658892
ISIC_0028986,-0.659541
ISIC_3685955,-0.659871
ISIC_0900349,-0.660819
ISIC_7095615,-0.660866
ISIC_5758316,-0.661421
ISIC_5793600,-0.661499
ISIC_0030963,-0.661797
ISIC_0413154,-0.661797
ISIC_7999342,-0.662007
ISIC_0011164,-0.662103
ISIC_2635051,-0.662374
ISIC_0883408,-0.66345
ISIC_1851605,-0.663723
ISIC_0003159,-0.664675
ISIC_8650516,-0.664836
ISIC_6809191,-0.665407
ISIC_6507412,-0.665435
ISIC_0015950,-0.665847
ISIC_0010397,-0.665858
ISIC_8666446,-0.665923
ISIC_0783513,-0.66597
ISIC_0655635,-0.666168
ISIC_5732374,-0.666459
ISIC_3967213,-0.666768
ISIC_4738636,-0.667447
ISIC_2153301,-0.667505
ISIC_2266715,-0.668002
ISIC_9386509,-0.668577
ISIC_1202785,-0.668892
ISIC_0057344,-0.668913
ISIC_0014308,-0.669028
ISIC_0003052,-0.669055
ISIC_1706912,-0.669495
ISIC_6285076,-0.66961
ISIC_5833422,-0.669715
ISIC_5336007,-0.669908
ISIC_5221917,-0.670101
ISIC_8160596,-0.670357
ISIC_3501997,-0.670451
ISIC_8929288,-0.670555
ISIC_7844565,-0.67058
ISIC_0645454,-0.670801
ISIC_0061803,-0.670859
ISIC_3424207,-0.671076
ISIC_7487840,-0.671172
ISIC_9745562,-0.671492
ISIC_0026963,-0.671495
ISIC_7972996,-0.671742
ISIC_0025357,-0.671829
ISIC_8690631,-0.672427
ISIC_0862745,-0.672603
ISIC_8885809,-0.672977
ISIC_7562175,-0.672987
ISIC_0595080,-0.673484
ISIC_0026329,-0.67358
ISIC_9079361,-0.67371
ISIC_4949672,-0.67417
ISIC_5140952,-0.674276
ISIC_5714285,-0.674324
ISIC_2147549,-0.674344
ISIC_9559922,-0.674516
ISIC_0029056,-0.675554
ISIC_0604532,-0.676022
ISIC_9828053,-0.676347
ISIC_9644813,-0.67743
ISIC_5443837,-0.677594
ISIC_9512048,-0.677803
ISIC_0014919,-0.678059
ISIC_0027214,-0.678417
ISIC_6617618,-0.678446
ISIC_0054284,-0.678509
ISIC_0448485,-0.678584
ISIC_0004955,-0.678671
ISIC_2680640,-0.678867
ISIC_0012435,-0.679278
ISIC_2119925,-0.679349
ISIC_6065301,-0.679511
ISIC_9064823,-0.67976
ISIC_3211915,-0.680001
ISIC_0001875,-0.680155
ISIC_8535134,-0.680213
ISIC_8071637,-0.680511
ISIC_0028886,-0.680569
ISIC_0056330,-0.680834
ISIC_6548734,-0.681058
ISIC_5315486,-0.681195
ISIC_0025595,-0.681599
ISIC_7351007,-0.681814
ISIC_9322551,-0.68208
ISIC_6553389,-0.682508
ISIC_3440004,-0.682833
ISIC_0009510,-0.682905
ISIC_7137995,-0.682941
ISIC_6546981,-0.682953
ISIC_0068525,-0.683464
ISIC_0033386,-0.683588
ISIC_8105020,-0.683657
ISIC_7198887,-0.684109
ISIC_0030911,-0.684606
ISIC_0080817,-0.684925
ISIC_9288923,-0.685296
ISIC_0363130,-0.68553
ISIC_7680333,-0.685734
ISIC_8603734,-0.685878
ISIC_0010850,-0.68626
ISIC_6228471,-0.686565
ISIC_6926118,-0.686625
ISIC_4296456,-0.68703
ISIC_8584239,-0.687086
ISIC_3989526,-0.687552
ISIC_7846309,-0.687975
ISIC_4184050,-0.688476
ISIC_0000585,-0.688937
ISIC_6604862,-0.689148
ISIC_6111078,-0.690382
ISIC_0029963,-0.690581
ISIC_8438811,-0.691188
ISIC_2727016,-0.691627
ISIC_0059892,-0.691781
ISIC_0000394,-0.692242
ISIC_3031937,-0.69287
ISIC_0014347,-0.692907
ISIC_5994007,-0.692927
ISIC_4255013,-0.692993
ISIC_4191202,-0.693359
ISIC_8366864,-0.693816
ISIC_1797795,-0.693943
ISIC_0884550,-0.693972
ISIC_0030913,-0.694382
ISIC_4247149,-0.694567
ISIC_0069398,-0.694619
ISIC_8760203,-0.694847
ISIC_0033250,-0.695594
ISIC_0027432,-0.695821
ISIC_3238687,-0.695862
ISIC_7637091,-0.696029
ISIC_9696502,-0.696075
ISIC_0004089,-0.69615
ISIC_0071171,-0.696934
ISIC_5651106,-0.696941
ISIC_1285870,-0.697386
ISIC_0084086,-0.697881
ISIC_0536321,-0.697974
ISIC_0012450,-0.698199
ISIC_0024745,-0.698203
ISIC_7059794,-0.698235
ISIC_2123159,-0.698294
ISIC_7764987,-0.698307
ISIC_4357596,-0.698356
ISIC_3389695,-0.698595
ISIC_4734111,-0.698972
ISIC_0008162,-0.699218
ISIC_0024752,-0.699277
ISIC_9495211,-0.699363
ISIC_0033332,-0.699523
ISIC_1911193,-0.699864
ISIC_2371495,-0.700199
ISIC_7626256,-0.70021
ISIC_0056796,-0.700297
ISIC_3549225,-0.700964
ISIC_4011169,-0.700967
ISIC_0001151,-0.701302
ISIC_0028626,-0.701942
ISIC_1711134,-0.701965
ISIC_3236964,-0.702045
ISIC_0027170,-0.702375
ISIC_9364740,-0.702435
ISIC_5388493,-0.702511
ISIC_3278303,-0.702723
ISIC_0010873,-0.703139
ISIC_4314089,-0.703253
ISIC_2732573,-0.703717
ISIC_4463086,-0.703749
ISIC_2707664,-0.703765
ISIC_4695051,-0.70398
ISIC_3642043,-0.704138
ISIC_3028754,-0.704493
ISIC_0008952,-0.704495
ISIC_3809998,-0.705095
ISIC_0030703,-0.705324
ISIC_0030447,-0.705798
ISIC_2914160,-0.706144
ISIC_8869249,-0.706181
ISIC_8246858,-0.7062
ISIC_2412888,-0.706243
ISIC_8502869,-0.706334
ISIC_2238901,-0.70711
ISIC_0029993,-0.707318
ISIC_2597678,-0.7076
ISIC_0006321,-0.707819
ISIC_3598244,-0.708141
ISIC_2029418,-0.708246
ISIC_1097830,-0.708271
ISIC_0027061,-0.708418
ISIC_8969855,-0.708566
ISIC_2852805,-0.708748
ISIC_4099058,-0.708812
ISIC_0553932,-0.709005
ISIC_4471367,-0.709064
ISIC_2498215,-0.70931
ISIC_2513481,-0.709394
ISIC_3961647,-0.709411
ISIC_0156642,-0.709496
ISIC_6025721,-0.710994
ISIC_0024683,-0.711113
ISIC_0394157,-0.711417
ISIC_0678758,-0.711531
ISIC_6815524,-0.711591
ISIC_5795486,-0.711671
ISIC_0010251,-0.711756
ISIC_5483119,-0.712171
ISIC_0072991,-0.712244
ISIC_5798331,-0.712256
ISIC_0641480,-0.713175
ISIC_7806926,-0.713518
ISIC_0010476,-0.713524
ISIC_6831108,-0.713627
ISIC_7651838,-0.713808
ISIC_3487151,-0.714091
ISIC_0027641,-0.714144
ISIC_0056991,-0.714211
ISIC_0011051,-0.714702
ISIC_4580926,-0.714828
ISIC_0033463,-0.715102
ISIC_9538419,-0.715577
ISIC_0966527,-0.715672
ISIC_7110699,-0.716441
ISIC_5307210,-0.717267
ISIC_2354070,-0.717455
ISIC_8397011,-0.7175
ISIC_0027646,-0.717641
ISIC_2070595,-0.717757
ISIC_8979567,-0.717837
ISIC_1595658,-0.717853
ISIC_0953675,-0.717935
ISIC_0033021,-0.718089
ISIC_0072271,-0.718603
ISIC_8777813,-0.718746
ISIC_5508076,-0.718786
ISIC_5650816,-0.719425
ISIC_3058800,-0.719802
ISIC_0003550,-0.719915
ISIC_6118204,-0.720031
ISIC_3586824,-0.720032
ISIC_9944671,-0.720143
ISIC_1615485,-0.720281
ISIC_6507640,-0.720436
ISIC_0029502,-0.720937
ISIC_0026296,-0.721444
ISIC_1595325,-0.721929
ISIC_0963536,-0.722006
ISIC_3909443,-0.722539
ISIC_0016014,-0.722583
ISIC_6090057,-0.722837
ISIC_0033320,-0.722988
ISIC_0010014,-0.723133
ISIC_5190484,-0.723259
ISIC_0010998,-0.723498
ISIC_2259190,-0.723536
ISIC_9847428,-0.724229
ISIC_4604654,-0.724392
ISIC_7758102,-0.724545
ISIC_0490714,-0.724567
ISIC_7892362,-0.724785
ISIC_0027132,-0.725424
ISIC_6801988,-0.725738
ISIC_5413788,-0.725844
ISIC_4691689,-0.725935
ISIC_3289574,-0.726608
ISIC_0013733,-0.72701
ISIC_9566964,-0.72766
ISIC_1226882,-0.727675
ISIC_2034687,-0.72807
ISIC_7641956,-0.728131
ISIC_0072837,-0.728675
ISIC_2094429,-0.729082
ISIC_5226353,-0.729501
ISIC_9348809,-0.730135
ISIC_8692155,-0.730154
ISIC_5309814,-0.73023
ISIC_0072604,-0.73138
ISIC_7837503,-0.731748
ISIC_5390932,-0.732343
ISIC_1379601,-0.7327
ISIC_6533176,-0.732939
ISIC_0059005,-0.733769
ISIC_8749288,-0.734527
ISIC_1975042,-0.734681
ISIC_5458933,-0.735291
ISIC_1495793,-0.735482
ISIC_0027683,-0.735738
ISIC_4298624,-0.736074
ISIC_0055996,-0.736486
ISIC_7030488,-0.736611
ISIC_2134975,-0.736651
ISIC_0032976,-0.736877
ISIC_4019724,-0.737322
ISIC_7860137,-0.738064
ISIC_9169586,-0.738137
ISIC_3376976,-0.738252
ISIC_0026049,-0.738492
ISIC_9015182,-0.738686
ISIC_3346045,-0.738773
ISIC_0563516,-0.738984
ISIC_9122215,-0.740569
ISIC_0063053,-0.740704
ISIC_0030985,-0.740837
ISIC_4272317,-0.741379
ISIC_8626941,-0.741557
ISIC_8873236,-0.741709
ISIC_9395707,-0.741748
ISIC_9448281,-0.742041
ISIC_8523143,-0.742584
ISIC_0026392,-0.742872
ISIC_0485529,-0.74292
ISIC_0031379,-0.74322
ISIC_5566396,-0.743226
ISIC_0031365,-0.744389
ISIC_7489895,-0.744425
ISIC_9978107,-0.745774
ISIC_0176781,-0.745889
ISIC_3649632,-0.745982
ISIC_0073086,-0.746108
ISIC_4079108,-0.74618
ISIC_3797095,-0.746266
ISIC_1017377,-0.747233
ISIC_0027305,-0.747259
ISIC_7141361,-0.747485
ISIC_0062991,-0.747628
ISIC_8248922,-0.747942
ISIC_7184722,-0.748963
ISIC_0011799,-0.74943
ISIC_0065590,-0.74956
ISIC_4448959,-0.749827
ISIC_0005686,-0.750085
ISIC_7505254,-0.750088
ISIC_2479134,-0.750779
ISIC_7266604,-0.75104
ISIC_5584185,-0.751179
ISIC_8152423,-0.751197
ISIC_9268487,-0.751344
ISIC_0032339,-0.751759
ISIC_0924902,-0.751909
ISIC_4212044,-0.752249
ISIC_5476770,-0.752923
ISIC_0027654,-0.752965
ISIC_8865595,-0.753096
ISIC_1947833,-0.753231
ISIC_0055826,-0.753525
ISIC_3123711,-0.753864
ISIC_1988080,-0.754133
ISIC_9522489,-0.754591
ISIC_4796100,-0.754593
ISIC_2355513,-0.754984
ISIC_9808863,-0.755202
ISIC_3105924,-0.755373
ISIC_6963954,-0.755378
ISIC_1336351,-0.755652
ISIC_0003113,-0.755716
ISIC_5776158,-0.756246
ISIC_6569060,-0.75627
ISIC_2415803,-0.757
ISIC_0026832,-0.757287
ISIC_5360921,-0.757341
ISIC_5409902,-0.757372
ISIC_0024263,-0.757412
ISIC_0014190,-0.758298
ISIC_1208705,-0.758373
ISIC_7605678,-0.758454
ISIC_0009230,-0.758486
ISIC_0616491,-0.759181
ISIC_8690205,-0.759491
ISIC_0004334,-0.760457
ISIC_4911407,-0.760465
ISIC_6178088,-0.760529
ISIC_9228729,-0.760709
ISIC_7429127,-0.760793
ISIC_2059085,-0.761089
ISIC_6370748,-0.761136
ISIC_2096695,-0.76115
ISIC_0072733,-0.761266
ISIC_0032750,-0.761276
ISIC_0005062,-0.762046
ISIC_0002899,-0.762288
ISIC_0026498,-0.762515
ISIC_7017387,-0.762566
ISIC_1894133,-0.76328
ISIC_9694911,-0.763757
ISIC_8783066,-0.764258
ISIC_0025941,-0.765116
ISIC_5110505,-0.765718
ISIC_2283628,-0.76582
ISIC_0025001,-0.76591
ISIC_6427157,-0.766477
ISIC_0025316,-0.767006
ISIC_9956400,-0.767746
ISIC_5507066,-0.767899
ISIC_9801917,-0.768158
ISIC_1327515,-0.768497
ISIC_0011830,-0.769961
ISIC_0027088,-0.77021
ISIC_5509212,-0.770219
ISIC_8025644,-0.770262
ISIC_0014164,-0.770465
ISIC_0032558,-0.770877
ISIC_0025303,-0.771063
ISIC_0014527,-0.771084
ISIC_4900077,-0.77139
ISIC_8363069,-0.77171
ISIC_0030541,-0.771743
ISIC_7545340,-0.772087
ISIC_0059421,-0.772481
ISIC_0033166,-0.772533
ISIC_4640181,-0.772899
ISIC_0013079,-0.772957
ISIC_1343302,-0.772991
ISIC_9965754,-0.773005
ISIC_3936223,-0.773037
ISIC_7840728,-0.773898
ISIC_0057184,-0.774193
ISIC_6423964,-0.774207
ISIC_8960223,-0.774808
ISIC_0004996,-0.775034
ISIC_0465385,-0.775487
ISIC_3026660,-0.775531
ISIC_0031625,-0.775584
ISIC_0624779,-0.775776
ISIC_0004907,-0.775861
ISIC_2957732,-0.775905
ISIC_0010981,-0.776385
ISIC_6931712,-0.777026
ISIC_5518595,-0.777117
ISIC_0012037,-0.777122
ISIC_9947369,-0.777247
ISIC_0072286,-0.777295
ISIC_2152875,-0.777422
ISIC_0028768,-0.777528
ISIC_6767038,-0.777863
ISIC_0033561,-0.778291
ISIC_0413563,-0.778386
ISIC_7168122,-0.77881
ISIC_8493108,-0.778878
ISIC_3116288,-0.779985
ISIC_8956001,-0.780053
ISIC_0633835,-0.781039
ISIC_8796632,-0.781169
ISIC_0030171,-0.781495
ISIC_9005623,-0.782094
ISIC_2124148,-0.782297
ISIC_2565154,-0.782443
ISIC_2426937,-0.782995
ISIC_0674746,-0.783944
ISIC_8796769,-0.784112
ISIC_9050608,-0.78422
ISIC_4231346,-0.784734
ISIC_3833013,-0.784788
ISIC_4462773,-0.785062
ISIC_2178689,-0.785102
ISIC_0009958,-0.785537
ISIC_8401332,-0.785633
ISIC_2380341,-0.786202
ISIC_2633745,-0.786381
ISIC_8353090,-0.787276
ISIC_5358568,-0.787352
ISIC_6668197,-0.787459
ISIC_7814144,-0.788297
ISIC_7454487,-0.78848
ISIC_3136228,-0.788655
ISIC_0026236,-0.788698
ISIC_6220953,-0.788929
ISIC_9574191,-0.789114
ISIC_0025418,-0.789196
ISIC_4780541,-0.7892
ISIC_1193108,-0.789232
ISIC_8463871,-0.789401
ISIC_2331656,-0.789513
ISIC_2614347,-0.789765
ISIC_8727962,-0.78977
ISIC_2457132,-0.790222
ISIC_8951909,-0.7903
ISIC_4728200,-0.790571
ISIC_0481702,-0.7906
ISIC_5392118,-0.791406
ISIC_4436342,-0.791656
ISIC_4107250,-0.792325
ISIC_4183816,-0.793073
ISIC_1996356,-0.793143
ISIC_2536779,-0.793237
ISIC_3912838,-0.793955
ISIC_0062505,-0.794148
ISIC_6970607,-0.794163
ISIC_5576250,-0.794801
ISIC_0011045,-0.794899
ISIC_6256797,-0.795552
ISIC_3394080,-0.795631
ISIC_4412555,-0.795646
ISIC_6008974,-0.796184
ISIC_5798015,-0.796662
ISIC_4973666,-0.796691
ISIC_6637542,-0.797179
ISIC_6806124,-0.797339
ISIC_6996553,-0.797461
ISIC_7300631,-0.797608
ISIC_7727830,-0.797946
ISIC_4894929,-0.798952
ISIC_0455743,-0.799466
ISIC_7865214,-0.799642
ISIC_6400714,-0.799822
ISIC_0006327,-0.800435
ISIC_6552552,-0.800694
ISIC_9161898,-0.800796
ISIC_1676261,-0.800818
ISIC_0072335,-0.80085
ISIC_0013972,-0.801563
ISIC_3013468,-0.8018
ISIC_1550721,-0.802058
ISIC_5100319,-0.802096
ISIC_7619234,-0.802129
ISIC_0057815,-0.802261
ISIC_3475660,-0.802548
ISIC_6916213,-0.802931
ISIC_3750329,-0.802965
ISIC_0202119,-0.804498
ISIC_0007749,-0.804536
ISIC_9403390,-0.804636
ISIC_5518557,-0.804888
ISIC_4602691,-0.804922
ISIC_1072321,-0.805108
ISIC_0030856,-0.80529
ISIC_0004986,-0.806061
ISIC_7141153,-0.806168
ISIC_0821520,-0.8063
ISIC_0010358,-0.807597
ISIC_0301568,-0.808026
ISIC_2598575,-0.808179
ISIC_0027031,-0.808304
ISIC_7369690,-0.808666
ISIC_0645116,-0.808853
ISIC_0746397,-0.808921
ISIC_0002745,-0.809227
ISIC_4631711,-0.809785
ISIC_5178031,-0.810053
ISIC_0591011,-0.810752
ISIC_0033950,-0.810771
ISIC_6678508,-0.8109
ISIC_6326803,-0.811017
ISIC_0325771,-0.811697
ISIC_4161113,-0.812422
ISIC_0026460,-0.812504
ISIC_4343836,-0.812628
ISIC_0007678,-0.812765
ISIC_8671702,-0.812904
ISIC_1956504,-0.813053
ISIC_3566243,-0.813216
ISIC_4848047,-0.81375
ISIC_0008423,-0.813856
ISIC_0032341,-0.81401
ISIC_9119549,-0.814322
ISIC_3453832,-0.814437
ISIC_7852890,-0.815079
ISIC_0033387,-0.815144
ISIC_4114269,-0.81527
ISIC_0013365,-0.815414
ISIC_0027402,-0.815756
ISIC_0002118,-0.815874
ISIC_5909451,-0.816299
ISIC_0024277,-0.816907
ISIC_1233104,-0.817461
ISIC_0472513,-0.818033
ISIC_6523459,-0.818102
ISIC_9257356,-0.818107
ISIC_0029374,-0.818615
ISIC_9241599,-0.818707
ISIC_2797576,-0.818859
ISIC_1805921,-0.818863
ISIC_6993129,-0.818906
ISIC_0003851,-0.819189
ISIC_0440848,-0.819691
ISIC_1152559,-0.820311
ISIC_4442490,-0.820471
ISIC_0959863,-0.821537
ISIC_0029024,-0.821646
ISIC_2465895,-0.821731
ISIC_1862691,-0.822129
ISIC_6362735,-0.823091
ISIC_0008251,-0.823485
ISIC_6118824,-0.823678
ISIC_1356715,-0.824365
ISIC_0702876,-0.82464
ISIC_0071966,-0.825028
ISIC_6717322,-0.825067
ISIC_7806612,-0.825402
ISIC_7509837,-0.825657
ISIC_9125409,-0.8257
ISIC_0024214,-0.825776
ISIC_0013213,-0.825806
ISIC_9072034,-0.826777
ISIC_4882389,-0.827357
ISIC_8374889,-0.827557
ISIC_2583592,-0.827648
ISIC_2075121,-0.827802
ISIC_0005264,-0.827813
ISIC_8637134,-0.827916
ISIC_2256461,-0.827928
ISIC_0239949,-0.827996
ISIC_9598638,-0.828203
ISIC_9104843,-0.830268
ISIC_0063745,-0.830354
ISIC_0872145,-0.830419
ISIC_0034069,-0.830556
ISIC_8174881,-0.830565
ISIC_4427755,-0.830753
ISIC_0032494,-0.830855
ISIC_4151356,-0.83103
ISIC_9747194,-0.831415
ISIC_2166661,-0.831561
ISIC_3812485,-0.831611
ISIC_0013472,-0.831651
ISIC_5585279,-0.831909
ISIC_2681497,-0.832361
ISIC_7145788,-0.832376
ISIC_0032635,-0.832437
ISIC_6967143,-0.832584
ISIC_3390057,-0.83293
ISIC_3978280,-0.833179
ISIC_4343552,-0.833225
ISIC_0056707,-0.833919
ISIC_9450906,-0.834471
ISIC_6868089,-0.834966
ISIC_9989485,-0.836178
ISIC_8447658,-0.836423
ISIC_1584535,-0.836566
ISIC_0627979,-0.838573
ISIC_2424673,-0.839446
ISIC_9094080,-0.840069
ISIC_8368872,-0.840143
ISIC_3123377,-0.840717
ISIC_4269227,-0.840887
ISIC_0001745,-0.842024
ISIC_9080774,-0.842547
ISIC_2854610,-0.843156
ISIC_2731621,-0.843233
ISIC_3530422,-0.84431
ISIC_3310625,-0.844347
ISIC_0028788,-0.844562
ISIC_3941147,-0.844837
ISIC_6618652,-0.84512
ISIC_7630831,-0.846225
ISIC_0067172,-0.847005
ISIC_4884803,-0.84823
ISIC_4535099,-0.848319
ISIC_2463014,-0.848625
ISIC_9865814,-0.848835
ISIC_0002347,-0.848966
ISIC_0522926,-0.849416
ISIC_6340792,-0.849497
ISIC_2876073,-0.849635
ISIC_8389650,-0.849645
ISIC_3306135,-0.850084
ISIC_3046905,-0.850098
ISIC_6168754,-0.850343
ISIC_7755106,-0.850363
ISIC_0028718,-0.850828
ISIC_4168757,-0.851867
ISIC_0069859,-0.852016
ISIC_9228573,-0.852272
ISIC_2131707,-0.852792
ISIC_8622365,-0.85332
ISIC_5607702,-0.855564
ISIC_7670304,-0.855931
ISIC_6709052,-0.856006
ISIC_0006757,-0.856106
ISIC_3575862,-0.856184
ISIC_1308081,-0.857489
ISIC_7225978,-0.858707
ISIC_4745475,-0.858875
ISIC_0071508,-0.859031
ISIC_8814672,-0.859477
ISIC_0026627,-0.860526
ISIC_4573624,-0.86053
ISIC_0007619,-0.860534
ISIC_5805349,-0.860833
ISIC_3234816,-0.861001
ISIC_0007148,-0.861076
ISIC_6285925,-0.86115
ISIC_5563553,-0.861179
ISIC_0064071,-0.862399
ISIC_3520750,-0.863366
ISIC_0592973,-0.863427
ISIC_9418196,-0.863476
ISIC_0003910,-0.863602
ISIC_3289098,-0.865496
ISIC_0006624,-0.866273
ISIC_0028618,-0.867062
ISIC_0897876,-0.86721
ISIC_0013702,-0.867475
ISIC_2693412,-0.867835
ISIC_3084213,-0.867993
ISIC_4320200,-0.868151
ISIC_6717727,-0.86901
ISIC_4131697,-0.869283
ISIC_2970409,-0.869347
ISIC_9511265,-0.869714
ISIC_2299862,-0.869859
ISIC_0067485,-0.870859
ISIC_1254469,-0.870957
ISIC_6697332,-0.871521
ISIC_9851899,-0.871657
ISIC_1856556,-0.871954
ISIC_2378211,-0.872107
ISIC_2234076,-0.87326
ISIC_0443835,-0.873293
ISIC_0440582,-0.873402
ISIC_6985114,-0.876343
ISIC_4292879,-0.87701
ISIC_5039396,-0.877209
ISIC_3253098,-0.877389
ISIC_0062734,-0.877463
ISIC_0008881,-0.877695
ISIC_0004455,-0.878024
ISIC_0319928,-0.878985
ISIC_9260499,-0.879555
ISIC_0005304,-0.879586
ISIC_7935007,-0.880271
ISIC_7450481,-0.880351
ISIC_1684829,-0.880451
ISIC_7413149,-0.88049
ISIC_0028976,-0.880652
ISIC_0000387,-0.880741
ISIC_5362038,-0.881093
ISIC_0011933,-0.881286
ISIC_0975874,-0.882301
ISIC_0331124,-0.882664
ISIC_7830756,-0.884052
ISIC_4332846,-0.884057
ISIC_1216139,-0.884452
ISIC_0906465,-0.884653
ISIC_9879347,-0.88529
ISIC_4329176,-0.885557
ISIC_2839431,-0.8856
ISIC_2520840,-0.88671
ISIC_0007740,-0.886757
ISIC_7534592,-0.886879
ISIC_5102688,-0.88723
ISIC_0007501,-0.887928
ISIC_0174983,-0.888156
ISIC_0057192,-0.888634
ISIC_5545874,-0.888645
ISIC_1859923,-0.888976
ISIC_1740912,-0.889354
ISIC_5581936,-0.889437
ISIC_8693637,-0.889986
ISIC_0055601,-0.890243
ISIC_8234773,-0.891506
ISIC_5039895,-0.891652
ISIC_4443373,-0.892342
ISIC_3746471,-0.89241
ISIC_9280171,-0.892527
ISIC_9244393,-0.892529
ISIC_0027538,-0.892938
ISIC_0979974,-0.893079
ISIC_6392089,-0.893093
ISIC_4695396,-0.89353
ISIC_7508320,-0.894087
ISIC_0580054,-0.89463
ISIC_0025085,-0.895313
ISIC_9564379,-0.897092
ISIC_0255997,-0.897122
ISIC_6985859,-0.897881
ISIC_6382207,-0.898362
ISIC_2064934,-0.899214
ISIC_8579259,-0.899583
ISIC_1658623,-0.899719
ISIC_2000319,-0.899733
ISIC_7697022,-0.90032
ISIC_8127323,-0.900704
ISIC_0007257,-0.900739
ISIC_2867416,-0.901296
ISIC_0283506,-0.901543
ISIC_0030697,-0.90169
ISIC_6559840,-0.90179
ISIC_1497800,-0.901994
ISIC_3585381,-0.90289
ISIC_6001716,-0.903029
ISIC_0563533,-0.903564
ISIC_5820693,-0.903999
ISIC_2634356,-0.904018
ISIC_0058863,-0.904569
ISIC_7881017,-0.904629
ISIC_0014264,-0.905573
ISIC_6464772,-0.905668
ISIC_0030003,-0.906613
ISIC_5607452,-0.906884
ISIC_3770380,-0.906914
ISIC_0061454,-0.906978
ISIC_1390308,-0.907027
ISIC_0005769,-0.907739
ISIC_4829706,-0.907798
ISIC_0011668,-0.907813
ISIC_5830274,-0.907865
ISIC_0010306,-0.908309
ISIC_9155028,-0.908494
ISIC_0000022,-0.908552
ISIC_9410044,-0.908952
ISIC_0961235,-0.909055
ISIC_4529092,-0.910433
ISIC_8504479,-0.910662
ISIC_0004564,-0.911035
ISIC_0002953,-0.911522
ISIC_0033157,-0.911526
ISIC_0069492,-0.911895
ISIC_4014307,-0.912178
ISIC_0000957,-0.912711
ISIC_6184891,-0.912767
ISIC_4189981,-0.912804
ISIC_0000848,-0.912969
ISIC_3779093,-0.913195
ISIC_0789732,-0.913955
ISIC_4544879,-0.913987
ISIC_0000725,-0.914149
ISIC_6458982,-0.914397
ISIC_9760652,-0.914581
ISIC_9622250,-0.915287
ISIC_6017148,-0.915386
ISIC_2183722,-0.916327
ISIC_0030829,-0.916335
ISIC_7161651,-0.916772
ISIC_4129321,-0.917187
ISIC_0059170,-0.918048
ISIC_1142962,-0.918055
ISIC_0060705,-0.918679
ISIC_0027600,-0.918972
ISIC_8979275,-0.919245
ISIC_8570555,-0.919818
ISIC_7839741,-0.920539
ISIC_4969996,-0.920641
ISIC_5152859,-0.921508
ISIC_1476361,-0.921879
ISIC_4568084,-0.922728
ISIC_9684318,-0.922985
ISIC_0012701,-0.92316
ISIC_0172020,-0.924035
ISIC_2784686,-0.924508
ISIC_6401657,-0.924826
ISIC_4130167,-0.925574
ISIC_4645995,-0.925879
ISIC_3065032,-0.926133
ISIC_0654846,-0.926388
ISIC_5646706,-0.926487
ISIC_6414435,-0.926497
ISIC_0030128,-0.926596
ISIC_0032377,-0.926897
ISIC_3565564,-0.927545
ISIC_0026889,-0.927658
ISIC_0011077,-0.928075
ISIC_0000490,-0.928131
ISIC_5979807,-0.928376
ISIC_0000297,-0.928377
ISIC_1585370,-0.928432
ISIC_0010581,-0.928711
ISIC_0059836,-0.928808
ISIC_9052500,-0.928907
ISIC_0004679,-0.929307
ISIC_0031960,-0.929529
ISIC_8211214,-0.929562
ISIC_2603420,-0.929955
ISIC_7327423,-0.930072
ISIC_7747998,-0.931443
ISIC_0033213,-0.931767
ISIC_8607090,-0.932208
ISIC_2244564,-0.932405
ISIC_4868926,-0.932933
ISIC_9048840,-0.933195
ISIC_3209501,-0.933444
ISIC_0256715,-0.93365
ISIC_3836576,-0.934146
ISIC_0061705,-0.934709
ISIC_9864402,-0.935545
ISIC_5239607,-0.93561
ISIC_2975167,-0.936331
ISIC_0032357,-0.936801
ISIC_8414396,-0.937259
ISIC_0004848,-0.937314
ISIC_8021960,-0.937944
ISIC_9358630,-0.938505
ISIC_1912589,-0.939475
ISIC_1293743,-0.940487
ISIC_1002979,-0.941863
ISIC_2232442,-0.942204
ISIC_1027512,-0.942369
ISIC_7763042,-0.942404
ISIC_0062576,-0.94288
ISIC_8790198,-0.942933
ISIC_1410408,-0.943838
ISIC_0009960,-0.943867
ISIC_0027266,-0.944565
ISIC_8002729,-0.945577
ISIC_9842269,-0.94659
ISIC_9646599,-0.946733
ISIC_0027596,-0.947682
ISIC_9538004,-0.947738
ISIC_2075546,-0.948517
ISIC_0016043,-0.94862
ISIC_0013498,-0.949201
ISIC_8622204,-0.949286
ISIC_5354202,-0.949993
ISIC_4266157,-0.95
ISIC_3148533,-0.950074
ISIC_3198731,-0.950418
ISIC_3031102,-0.950432
ISIC_4354896,-0.951446
ISIC_0198331,-0.952151
ISIC_4237064,-0.952683
ISIC_3730327,-0.952725
ISIC_0056110,-0.953364
ISIC_6739241,-0.954155
ISIC_0010124,-0.954285
ISIC_6937199,-0.95439
ISIC_7696538,-0.954675
ISIC_5961092,-0.955365
ISIC_0004857,-0.955616
ISIC_5736624,-0.956788
ISIC_5122042,-0.956877
ISIC_0014707,-0.957696
ISIC_9852341,-0.95809
ISIC_1089617,-0.958096
ISIC_6778515,-0.958254
ISIC_0976232,-0.95833
ISIC_0033229,-0.958439
ISIC_3474472,-0.959664
ISIC_0013867,-0.959733
ISIC_2196127,-0.960228
ISIC_1211506,-0.960622
ISIC_3909039,-0.96068
ISIC_0430356,-0.961216
ISIC_7533983,-0.961323
ISIC_0014211,-0.961849
ISIC_0640770,-0.962192
ISIC_8730617,-0.962586
ISIC_0014082,-0.962826
ISIC_0021894,-0.962911
ISIC_0056063,-0.962945
ISIC_9007206,-0.963856
ISIC_2087913,-0.963911
ISIC_0002939,-0.963985
ISIC_0340453,-0.964663
ISIC_0001831,-0.964883
ISIC_7658729,-0.965094
ISIC_7394897,-0.965111
ISIC_7271745,-0.965163
ISIC_6199335,-0.96545
ISIC_2072219,-0.966662
ISIC_6705966,-0.968489
ISIC_8344196,-0.969503
ISIC_2565986,-0.969715
ISIC_0026911,-0.970224
ISIC_1067390,-0.970452
ISIC_6357263,-0.971555
ISIC_1269461,-0.971732
ISIC_0032383,-0.972117
ISIC_0641173,-0.972337
ISIC_4764568,-0.972648
ISIC_9562157,-0.973572
ISIC_8295152,-0.973733
ISIC_0056784,-0.97396
ISIC_0013762,-0.97482
ISIC_0026402,-0.97625
ISIC_0002693,-0.976612
ISIC_1453671,-0.976686
ISIC_2647198,-0.977589
ISIC_0007416,-0.978389
ISIC_0026552,-0.978931
ISIC_6592334,-0.979166
ISIC_0032717,-0.979755
ISIC_6511689,-0.979924
ISIC_0072642,-0.979968
ISIC_5318217,-0.98026
ISIC_6208107,-0.981625
ISIC_6496370,-0.98168
ISIC_5951430,-0.981999
ISIC_0071957,-0.982254
ISIC_1579745,-0.9823
ISIC_0053929,-0.983058
ISIC_2784965,-0.984129
ISIC_9820910,-0.984721
ISIC_9210086,-0.986754
ISIC_0469314,-0.987065
ISIC_8001757,-0.987357
ISIC_3148886,-0.987527
ISIC_6272501,-0.988134
ISIC_3671963,-0.988526
ISIC_0008424,-0.988652
ISIC_7208412,-0.989003
ISIC_0760740,-0.989113
ISIC_0014255,-0.989207
ISIC_4174592,-0.989652
ISIC_8679617,-0.989827
ISIC_4697037,-0.991709
ISIC_3826001,-0.992706
ISIC_7795549,-0.993593
ISIC_5363229,-0.993894
ISIC_2916677,-0.994327
ISIC_9596388,-0.995502
ISIC_8389361,-0.996274
ISIC_9417004,-0.997087
ISIC_7129901,-0.997547
ISIC_0476606,-0.997885
ISIC_6155782,-0.997979
ISIC_8145260,-0.998091
ISIC_9542544,-0.999505
ISIC_0069150,-0.999608
ISIC_0064784,-0.999773
ISIC_0068447,-0.999774
ISIC_0013898,-1.000397
ISIC_9745492,-1.000578
ISIC_3613012,-1.001388
ISIC_8909545,-1.002326
ISIC_4559115,-1.003574
ISIC_0010879,-1.003686
ISIC_0011227,-1.0038
ISIC_0057495,-1.004235
ISIC_9974299,-1.004464
ISIC_0015298,-1.0052
ISIC_5850699,-1.005372
ISIC_5335139,-1.005413
ISIC_1578399,-1.006425
ISIC_1927858,-1.006458
ISIC_0002119,-1.006929
ISIC_5705973,-1.008527
ISIC_3392451,-1.009534
ISIC_7492682,-1.010193
ISIC_4811593,-1.01105
ISIC_7858034,-1.011552
ISIC_4163686,-1.012229
ISIC_0059512,-1.012893
ISIC_7604870,-1.013034
ISIC_6914698,-1.013035
ISIC_6201695,-1.013425
ISIC_6946260,-1.013549
ISIC_0002258,-1.013618
ISIC_6171084,-1.01586
ISIC_0055759,-1.016298
ISIC_5037784,-1.016302
ISIC_0071754,-1.016622
ISIC_3893354,-1.016692
ISIC_5822017,-1.017343
ISIC_4721599,-1.017622
ISIC_4477599,-1.017641
ISIC_6927363,-1.01903
ISIC_6628544,-1.019108
ISIC_8433608,-1.01938
ISIC_9225640,-1.021069
ISIC_5336548,-1.021646
ISIC_0059257,-1.021877
ISIC_3475142,-1.023217
ISIC_8104064,-1.023232
ISIC_6392478,-1.023455
ISIC_3374533,-1.023868
ISIC_4264600,-1.024334
ISIC_1253960,-1.025006
ISIC_7768567,-1.025222
ISIC_0007029,-1.025728
ISIC_8636706,-1.02585
ISIC_7903838,-1.02593
ISIC_5420979,-1.026072
ISIC_1418304,-1.026762
ISIC_4536407,-1.027301
ISIC_6640753,-1.027397
ISIC_9303849,-1.027984
ISIC_0012338,-1.028478
ISIC_9475559,-1.028625
ISIC_4023381,-1.028627
ISIC_4043580,-1.029498
ISIC_0870751,-1.02959
ISIC_0914251,-1.031062
ISIC_3460125,-1.031183
ISIC_7583134,-1.03166
ISIC_6688417,-1.033223
ISIC_6785249,-1.034097
ISIC_0026371,-1.035472
ISIC_0031389,-1.03691
ISIC_4229473,-1.036941
ISIC_8266094,-1.037013
ISIC_8195528,-1.037045
ISIC_0004099,-1.037161
ISIC_5783440,-1.037874
ISIC_0001578,-1.037986
ISIC_0594534,-1.038116
ISIC_0068544,-1.038583
ISIC_9560298,-1.039924
ISIC_6119208,-1.040061
ISIC_2002605,-1.040796
ISIC_1054090,-1.04083
ISIC_3273370,-1.041949
ISIC_9449365,-1.042787
ISIC_1690909,-1.044408
ISIC_9163466,-1.044976
ISIC_2253931,-1.045794
ISIC_8785329,-1.047738
ISIC_8481979,-1.048219
ISIC_0027666,-1.048851
ISIC_7748144,-1.049133
ISIC_9690371,-1.04923
ISIC_0543351,-1.050132
ISIC_1367610,-1.050475
ISIC_5386244,-1.051906
ISIC_0029028,-1.052126
ISIC_0033724,-1.052353
ISIC_4548632,-1.052579
ISIC_0030666,-1.052632
ISIC_1794249,-1.053226
ISIC_0071594,-1.053226
ISIC_9511832,-1.053459
ISIC_1108178,-1.053533
ISIC_5622348,-1.053815
ISIC_0998962,-1.054567
ISIC_7923008,-1.054924
ISIC_5615694,-1.055956
ISIC_3466769,-1.056035
ISIC_1234463,-1.056655
ISIC_5832901,-1.056782
ISIC_0066470,-1.057596
ISIC_8373462,-1.057649
ISIC_2077116,-1.058224
ISIC_0012434,-1.058249
ISIC_0003281,-1.058792
ISIC_5099569,-1.059719
ISIC_7378303,-1.059771
ISIC_0561634,-1.060037
ISIC_3564461,-1.060881
ISIC_4718313,-1.061433
ISIC_7340247,-1.061707
ISIC_0033137,-1.063236
ISIC_2085855,-1.063844
ISIC_5807608,-1.063907
ISIC_7152347,-1.065224
ISIC_0003217,-1.065475
ISIC_0004042,-1.065669
ISIC_0277705,-1.066786
ISIC_8559778,-1.067468
ISIC_6654619,-1.069108
ISIC_0541345,-1.069144
ISIC_7927525,-1.06942
ISIC_4166490,-1.069652
ISIC_0055147,-1.070724
ISIC_5092834,-1.071917
ISIC_9090822,-1.071941
ISIC_5702591,-1.072367
ISIC_5874357,-1.072562
ISIC_0663824,-1.072923
ISIC_6455702,-1.073385
ISIC_0026996,-1.073393
ISIC_4885444,-1.073512
ISIC_1142933,-1.074771
ISIC_0719631,-1.075321
ISIC_5357288,-1.075473
ISIC_8169564,-1.075922
ISIC_5778927,-1.076049
ISIC_2998367,-1.076519
ISIC_2783450,-1.077586
ISIC_0034193,-1.077632
ISIC_8423248,-1.077985
ISIC_5223096,-1.078109
ISIC_0031627,-1.078595
ISIC_0002566,-1.078937
ISIC_8287726,-1.079058
ISIC_2291059,-1.079069
ISIC_2454898,-1.081753
ISIC_0663941,-1.082691
ISIC_8485716,-1.082737
ISIC_7407847,-1.082805
ISIC_5486725,-1.083142
ISIC_0348633,-1.083807
ISIC_0294687,-1.084801
ISIC_0982757,-1.084975
ISIC_6618943,-1.085619
ISIC_4587506,-1.085952
ISIC_8849004,-1.086246
ISIC_0005028,-1.086393
ISIC_9239632,-1.086473
ISIC_0056930,-1.086599
ISIC_0013644,-1.087424
ISIC_4507700,-1.087717
ISIC_2724529,-1.08801
ISIC_0946923,-1.088047
ISIC_6737771,-1.089632
ISIC_0026924,-1.0914
ISIC_3950753,-1.092327
ISIC_4720306,-1.093299
ISIC_0765584,-1.093313
ISIC_1460249,-1.094347
ISIC_1137915,-1.094703
ISIC_0028903,-1.096688
ISIC_4153234,-1.097075
ISIC_0011344,-1.09714
ISIC_8755163,-1.099211
ISIC_1835041,-1.099453
ISIC_6793603,-1.100084
ISIC_8383600,-1.101017
ISIC_5835765,-1.102171
ISIC_0026890,-1.103019
ISIC_0031598,-1.103869
ISIC_2922104,-1.104071
ISIC_9756858,-1.104379
ISIC_3313701,-1.106604
ISIC_5833015,-1.106753
ISIC_4882123,-1.107263
ISIC_1708591,-1.107367
ISIC_1452549,-1.107585
ISIC_8635889,-1.108778
ISIC_0009735,-1.10953
ISIC_7215208,-1.110617
ISIC_9348399,-1.110955
ISIC_0553565,-1.111162
ISIC_8006094,-1.11173
ISIC_0004217,-1.112645
ISIC_6489993,-1.112663
ISIC_4548995,-1.113938
ISIC_2222879,-1.115329
ISIC_0031915,-1.115735
ISIC_7565128,-1.11593
ISIC_2861793,-1.116225
ISIC_4718237,-1.116647
ISIC_5509946,-1.11721
ISIC_2577938,-1.118019
ISIC_2489504,-1.118324
ISIC_1608727,-1.118787
ISIC_1768733,-1.119203
ISIC_0062702,-1.121031
ISIC_1619470,-1.121178
ISIC_3425388,-1.121621
ISIC_8355344,-1.122252
ISIC_7883190,-1.122616
ISIC_3691320,-1.123243
ISIC_0438136,-1.123603
ISIC_3518299,-1.126453
ISIC_0013204,-1.126552
ISIC_9058340,-1.127074
ISIC_1020968,-1.127569
ISIC_5557806,-1.128244
ISIC_2092911,-1.129525
ISIC_4138377,-1.129618
ISIC_0003150,-1.129886
ISIC_2863397,-1.130073
ISIC_8812621,-1.13051
ISIC_0030291,-1.130881
ISIC_0032171,-1.131066
ISIC_5287679,-1.131494
ISIC_3521671,-1.131606
ISIC_2987630,-1.131696
ISIC_0010313,-1.131776
ISIC_0002821,-1.132739
ISIC_7984646,-1.132787
ISIC_0009959,-1.133902
ISIC_3303825,-1.134148
ISIC_5490352,-1.134281
ISIC_1533305,-1.134387
ISIC_0741694,-1.134422
ISIC_0029106,-1.135395
ISIC_6052702,-1.13579
ISIC_0007622,-1.136857
ISIC_0008510,-1.138676
ISIC_0046305,-1.138959
ISIC_0027537,-1.14029
ISIC_6854940,-1.141219
ISIC_6356803,-1.142903
ISIC_3503302,-1.143033
ISIC_8835545,-1.144373
ISIC_5993356,-1.14447
ISIC_4808298,-1.144502
ISIC_7746898,-1.145239
ISIC_2804864,-1.145879
ISIC_0006331,-1.149844
ISIC_7869255,-1.14987
ISIC_1264725,-1.150395
ISIC_3947876,-1.151184
ISIC_6976570,-1.151677
ISIC_2399613,-1.153776
ISIC_6876281,-1.153793
ISIC_3922602,-1.153817
ISIC_3328295,-1.153888
ISIC_2685523,-1.155525
ISIC_5610222,-1.156812
ISIC_7889838,-1.159226
ISIC_9323095,-1.159931
ISIC_0011256,-1.161328
ISIC_2927587,-1.161341
ISIC_9525136,-1.162782
ISIC_0822116,-1.162861
ISIC_0028606,-1.163872
ISIC_0002288,-1.163961
ISIC_0063556,-1.164911
ISIC_3736075,-1.166885
ISIC_6148533,-1.168254
ISIC_0008724,-1.169164
ISIC_4322723,-1.169575
ISIC_8560106,-1.170163
ISIC_3944634,-1.170601
ISIC_4352700,-1.172471
ISIC_8195604,-1.172488
ISIC_7288818,-1.173031
ISIC_0567814,-1.175017
ISIC_4973549,-1.175715
ISIC_1601784,-1.175782
ISIC_7563949,-1.176318
ISIC_4341261,-1.176643
ISIC_1205826,-1.179084
ISIC_1543770,-1.179674
ISIC_5458290,-1.179721
ISIC_9081663,-1.180637
ISIC_0034194,-1.181901
ISIC_9685931,-1.182221
ISIC_3816833,-1.182318
ISIC_5449076,-1.183083
ISIC_5909403,-1.183148
ISIC_7454512,-1.183486
ISIC_4286715,-1.184498
ISIC_5772144,-1.184685
ISIC_5320483,-1.185162
ISIC_1091626,-1.185263
ISIC_0063425,-1.185497
ISIC_3058627,-1.185545
ISIC_0014867,-1.186701
ISIC_9278685,-1.186944
ISIC_8651053,-1.18726
ISIC_1736735,-1.187555
ISIC_6292348,-1.188309
ISIC_3246746,-1.189675
ISIC_2885086,-1.191553
ISIC_6544382,-1.192064
ISIC_9957389,-1.194323
ISIC_7783346,-1.194476
ISIC_0014092,-1.196408
ISIC_0069330,-1.19657
ISIC_0830806,-1.197284
ISIC_6952773,-1.197417
ISIC_0002041,-1.199272
ISIC_5717433,-1.199346
ISIC_1819358,-1.200759
ISIC_0002622,-1.202079
ISIC_8170849,-1.202397
ISIC_6486856,-1.202751
ISIC_9439742,-1.203368
ISIC_6393611,-1.205435
ISIC_0001602,-1.206002
ISIC_3439215,-1.206388
ISIC_3349562,-1.206399
ISIC_0013342,-1.206746
ISIC_0012740,-1.206843
ISIC_7139908,-1.207563
ISIC_7319686,-1.208643
ISIC_4874581,-1.211217
ISIC_0025602,-1.211623
ISIC_5919355,-1.212292
ISIC_4846741,-1.21285
ISIC_0259179,-1.212944
ISIC_9768421,-1.213361
ISIC_1838888,-1.215238
ISIC_7358691,-1.215524
ISIC_0031417,-1.215536
ISIC_0011917,-1.215699
ISIC_0766328,-1.215759
ISIC_0027492,-1.216442
ISIC_3779424,-1.217258
ISIC_5504286,-1.218901
ISIC_7128811,-1.219141
ISIC_0006672,-1.223072
ISIC_9927221,-1.223121
ISIC_4921413,-1.223934
ISIC_0696303,-1.224904
ISIC_0031726,-1.226024
ISIC_3737487,-1.226521
ISIC_3416324,-1.226548
ISIC_0068776,-1.228488
ISIC_0013777,-1.229794
ISIC_1497525,-1.231221
ISIC_7779155,-1.231288
ISIC_1714941,-1.238402
ISIC_0010671,-1.238432
ISIC_9194220,-1.239145
ISIC_0056689,-1.239438
ISIC_0008055,-1.240681
ISIC_1195689,-1.241496
ISIC_2585066,-1.243104
ISIC_0000569,-1.244793
ISIC_0006332,-1.246479
ISIC_9182285,-1.247787
ISIC_0009236,-1.249048
ISIC_0031705,-1.250184
ISIC_8174951,-1.250806
ISIC_9562442,-1.251157
ISIC_4368650,-1.251295
ISIC_1870309,-1.252438
ISIC_7896667,-1.252699
ISIC_0695029,-1.253115
ISIC_1258986,-1.253843
ISIC_9303594,-1.254534
ISIC_0799535,-1.255425
ISIC_0014932,-1.255755
ISIC_0006850,-1.257915
ISIC_5619654,-1.257944
ISIC_3561065,-1.25862
ISIC_1605629,-1.258659
ISIC_8775014,-1.259274
ISIC_2772217,-1.263131
ISIC_0069908,-1.267199
ISIC_0004558,-1.267665
ISIC_3576000,-1.269054
ISIC_0001743,-1.26956
ISIC_2482653,-1.269894
ISIC_1457687,-1.270195
ISIC_0450295,-1.270863
ISIC_4142019,-1.271927
ISIC_4863784,-1.272261
ISIC_0024236,-1.272331
ISIC_1774797,-1.275886
ISIC_0418738,-1.275976
ISIC_6258744,-1.27629
ISIC_7544537,-1.278032
ISIC_0009187,-1.278523
ISIC_4541530,-1.279224
ISIC_6463417,-1.279731
ISIC_1925632,-1.280129
ISIC_7236842,-1.280632
ISIC_6000407,-1.283125
ISIC_0025592,-1.28317
ISIC_6271913,-1.28481
ISIC_4526581,-1.285557
ISIC_0012883,-1.287539
ISIC_4803943,-1.28908
ISIC_2874218,-1.289216
ISIC_3679789,-1.289666
ISIC_0025088,-1.289863
ISIC_3021188,-1.289916
ISIC_8545097,-1.29016
ISIC_6588982,-1.291575
ISIC_8671119,-1.291863
ISIC_0501843,-1.292008
ISIC_7775535,-1.292088
ISIC_1872823,-1.293641
ISIC_5920470,-1.294356
ISIC_0026141,-1.296411
ISIC_0024232,-1.2974
ISIC_4277207,-1.298878
ISIC_6001936,-1.299388
ISIC_2105563,-1.300324
ISIC_2075372,-1.300603
ISIC_0059219,-1.301266
ISIC_6704623,-1.301603
ISIC_4654443,-1.303613
ISIC_9030482,-1.305717
ISIC_9776851,-1.309793
ISIC_7519627,-1.310281
ISIC_7460560,-1.313239
ISIC_4730066,-1.313755
ISIC_2768150,-1.314015
ISIC_3386656,-1.314877
ISIC_0008393,-1.31585
ISIC_1413242,-1.316093
ISIC_0000763,-1.319962
ISIC_0030900,-1.320175
ISIC_3624318,-1.320194
ISIC_1570390,-1.321158
ISIC_1399572,-1.3235
ISIC_0726170,-1.324487
ISIC_0024208,-1.327475
ISIC_1595103,-1.32798
ISIC_0062286,-1.329299
ISIC_4393521,-1.331878
ISIC_0033640,-1.332907
ISIC_4129376,-1.334174
ISIC_5628615,-1.334302
ISIC_0002901,-1.334752
ISIC_9738202,-1.335999
ISIC_9792592,-1.336117
ISIC_8821700,-1.338505
ISIC_0004486,-1.339328
ISIC_0014431,-1.339562
ISIC_0028397,-1.340661
ISIC_0000754,-1.344642
ISIC_2476624,-1.344879
ISIC_9088774,-1.34511
ISIC_8009880,-1.346383
ISIC_8592235,-1.347367
ISIC_0002349,-1.348711
ISIC_0031582,-1.349173
ISIC_5468164,-1.349725
ISIC_0023811,-1.350012
ISIC_3961101,-1.3508
ISIC_1436929,-1.351693
ISIC_5787312,-1.352825
ISIC_4538489,-1.356593
ISIC_1488727,-1.35697
ISIC_1043267,-1.35699
ISIC_0068530,-1.360978
ISIC_9767255,-1.363127
ISIC_6507492,-1.363145
ISIC_4789377,-1.363802
ISIC_3190566,-1.36404
ISIC_6964131,-1.367193
ISIC_3601224,-1.367425
ISIC_4957315,-1.369445
ISIC_3459981,-1.374808
ISIC_0013136,-1.375011
ISIC_0026344,-1.376134
ISIC_9694867,-1.379408
ISIC_0693902,-1.382179
ISIC_3885041,-1.384418
ISIC_0053796,-1.385619
ISIC_3688362,-1.389218
ISIC_5974838,-1.392214
ISIC_4468549,-1.393582
ISIC_0026010,-1.39372
ISIC_0029538,-1.395486
ISIC_4175400,-1.395552
ISIC_9116323,-1.396212
ISIC_0046729,-1.397674
ISIC_6398669,-1.402948
ISIC_4898865,-1.407952
ISIC_6352730,-1.408837
ISIC_4936662,-1.413516
ISIC_3913709,-1.413819
ISIC_8357679,-1.417693
ISIC_2742786,-1.417863
ISIC_0030751,-1.418549
ISIC_3291765,-1.41929
ISIC_9969907,-1.422009
ISIC_7075474,-1.427824
ISIC_1102391,-1.428399
ISIC_5652135,-1.434567
ISIC_6532137,-1.441098
ISIC_4032636,-1.441846
ISIC_6098768,-1.445277
ISIC_9059250,-1.448223
ISIC_9261199,-1.448285
ISIC_5602724,-1.451657
ISIC_9728003,-1.451823
ISIC_0028477,-1.458703
ISIC_4943797,-1.463619
ISIC_0012099,-1.464267
ISIC_3653492,-1.468095
ISIC_9896801,-1.46867
ISIC_1654318,-1.471117
ISIC_4964478,-1.47464
ISIC_0002026,-1.477041
ISIC_0192490,-1.47922
ISIC_5648111,-1.480233
ISIC_8792007,-1.483738
ISIC_6370977,-1.492413
ISIC_9473492,-1.492525
ISIC_0002878,-1.493695
ISIC_7900295,-1.496578
ISIC_9390107,-1.504447
ISIC_7563744,-1.509765
ISIC_3356355,-1.512059
ISIC_0003046,-1.513438
ISIC_0002774,-1.518862
ISIC_0009791,-1.526436
ISIC_9829436,-1.532209
ISIC_3471815,-1.540372
ISIC_0001923,-1.541112
ISIC_0189336,-1.542356
ISIC_9876004,-1.545539
ISIC_7264251,-1.545697
ISIC_0005854,-1.54981
ISIC_2619533,-1.550424
ISIC_0200153,-1.552804
ISIC_7717907,-1.552889
ISIC_8316125,-1.555763
ISIC_0032590,-1.560951
ISIC_7433993,-1.569632
ISIC_2161819,-1.576171
ISIC_1603834,-1.587538
ISIC_0005655,-1.608377
ISIC_0003068,-1.614684
ISIC_0034044,-1.618591
ISIC_4241907,-1.66538
ISIC_6916924,-1.678115
ISIC_4728589,-1.687395
ISIC_2969968,-1.711484
ISIC_4978039,-1.724006
ISIC_6701139,-1.780782
ISIC_0024300,-1.827109
ISIC_2324728,-1.861424
