id,pi
ISIC_0069248,2.318137
ISIC_0010322,2.071727
ISIC_0031900,1.881795
ISIC_0032192,1.848459
ISIC_0011094,1.840821
ISIC_0032951,1.810616
ISIC_0000074,1.805385
ISIC_0072353,1.787188
ISIC_0067695,1.774245
ISIC_0059551,1.773034
ISIC_7104307,1.759541
ISIC_0010503,1.756034
ISIC_0011752,1.75598
ISIC_0009908,1.702674
ISIC_0061825,1.696425
ISIC_0011648,1.695562
ISIC_0054185,1.687945
ISIC_0068012,1.678161
ISIC_0001152,1.672491
ISIC_0025512,1.671665
ISIC_0062935,1.668736
ISIC_0027253,1.666827
ISIC_0030060,1.664702
ISIC_0070170,1.661464
ISIC_0054350,1.655352
ISIC_0071050,1.651824
ISIC_0011757,1.650295
ISIC_0032112,1.645289
ISIC_0031015,1.644803
ISIC_0069411,1.642967
ISIC_0072030,1.622979
ISIC_0011375,1.620053
ISIC_0071576,1.61902
ISIC_0046671,1.616672
ISIC_1814941,1.613094
ISIC_0010242,1.611196
ISIC_0010049,1.609031
ISIC_0062058,1.608165
ISIC_0061359,1.606257
ISIC_0034092,1.60569
ISIC_4958578,1.605582
ISIC_0072977,1.603796
ISIC_0060832,1.603031
ISIC_0065128,1.587085
ISIC_0053542,1.586748
ISIC_2975580,1.582835
ISIC_0069373,1.578435
ISIC_0053594,1.57512
ISIC_0071826,1.573558
ISIC_0010426,1.572244
ISIC_1247683,1.569875
ISIC_0014233,1.565974
ISIC_0055246,1.563483
ISIC_0011095,1.55875
ISIC_0067521,1.558366
ISIC_0011496,1.556526
ISIC_0031077,1.55523
ISIC_0010629,1.554194
ISIC_0070432,1.550253
ISIC_0060148,1.548956
ISIC_0046900,1.548938
ISIC_0010653,1.548453
ISIC_0010967,1.539081
ISIC_0024688,1.53751
ISIC_0010782,1.536733
ISIC_7942881,1.5355
ISIC_8153123,1.53498
ISIC_0061252,1.529872
ISIC_1200192,1.529798
ISIC_0030360,1.529552
ISIC_0054043,1.529363
ISIC_0064907,1.529326
ISIC_0012047,1.529015
ISIC_0063369,1.523294
ISIC_4408559,1.52168
ISIC_4022621,1.516829
ISIC_0067006,1.516805
ISIC_0033344,1.512674
ISIC_0029575,1.509841
ISIC_0411688,1.50579
ISIC_0011139,1.502794
ISIC_0070566,1.50266
ISIC_0010754,1.501984
ISIC_0072422,1.500035
ISIC_0046526,1.496157
ISIC_0032149,1.494532
ISIC_0070308,1.492498
ISIC_0781380,1.487288
ISIC_0067120,1.487107
ISIC_0058138,1.482817
ISIC_0000414,1.481187
ISIC_0011505,1.479959
ISIC_0059411,1.477764
ISIC_0000150,1.476037
ISIC_0034263,1.473446
ISIC_0000484,1.470274
ISIC_0053540,1.467312
ISIC_5897134,1.467223
ISIC_0032736,1.466619
ISIC_0024427,1.466245
ISIC_8702237,1.45575
ISIC_0024980,1.455613
ISIC_5353986,1.454885
ISIC_0011039,1.451844
ISIC_0024999,1.45044
ISIC_0046773,1.450402
ISIC_0011665,1.44993
ISIC_0024702,1.448398
ISIC_0011268,1.447666
ISIC_0061531,1.447011
ISIC_1948545,1.446717
ISIC_0032872,1.444444
ISIC_0057487,1.443751
ISIC_2309744,1.443277
ISIC_0055714,1.439461
ISIC_0024227,1.439372
ISIC_9471156,1.439343
ISIC_0030929,1.438
ISIC_0011534,1.437256
ISIC_1384527,1.431361
ISIC_0054480,1.42976
ISIC_0062160,1.429589
ISIC_0032630,1.429423
ISIC_0056740,1.42919
ISIC_3069695,1.427327
ISIC_0032671,1.42625
ISIC_0028567,1.423853
ISIC_0031146,1.42313
ISIC_0058022,1.42092
ISIC_7254359,1.420442
ISIC_0056723,1.417643
ISIC_0032823,1.413595
ISIC_0032892,1.412471
ISIC_6125652,1.41122
ISIC_0011364,1.410535
ISIC_0070588,1.409083
ISIC_0000452,1.407243
ISIC_0064761,1.407012
ISIC_1818238,1.406901
ISIC_0026963,1.405426
ISIC_0058164,1.403577
ISIC_1558504,1.403519
ISIC_0000518,1.398528
ISIC_3401631,1.396618
ISIC_0061379,1.396076
ISIC_0000164,1.394166
ISIC_0000547,1.39416
ISIC_0033479,1.391953
ISIC_0011349,1.391817
ISIC_0014108,1.391496
ISIC_0071208,1.38907
ISIC_0060817,1.388839
ISIC_8325569,1.388373
ISIC_0059435,1.387793
ISIC_5714285,1.38715
ISIC_0072175,1.387139
ISIC_0062318,1.386146
ISIC_0000487,1.385695
ISIC_0072730,1.382668
ISIC_0068616,1.382264
ISIC_0001118,1.382185
ISIC_0708552,1.381538
ISIC_0033129,1.380352
ISIC_4293419,1.377201
ISIC_0014766,1.376493
ISIC_0015256,1.375764
ISIC_0053469,1.375715
ISIC_0034140,1.375099
ISIC_0011495,1.372132
ISIC_0071040,1.370867
ISIC_0011747,1.370626
ISIC_5602826,1.370142
ISIC_0028773,1.369965
ISIC_0067235,1.369467
ISIC_0013740,1.369225
ISIC_0061624,1.369157
ISIC_0068477,1.367479
ISIC_0061566,1.366796
ISIC_0033710,1.366518
ISIC_0011691,1.366418
ISIC_0024732,1.365496
ISIC_6446753,1.364673
ISIC_5240387,1.36405
ISIC_0015969,1.361839
ISIC_3610783,1.361747
ISIC_9797578,1.361646
ISIC_9458746,1.360471
ISIC_2310935,1.359594
ISIC_6595186,1.355857
ISIC_6961503,1.355707
ISIC_6974830,1.354139
ISIC_7045042,1.353738
ISIC_6356803,1.353438
ISIC_0010965,1.352965
ISIC_0011378,1.349526
ISIC_0031972,1.349373
ISIC_0028220,1.349023
ISIC_0010630,1.347355
ISIC_0024546,1.346678
ISIC_5777181,1.343638
ISIC_0034208,1.34356
ISIC_0033678,1.34031
ISIC_0010142,1.339458
ISIC_6915759,1.339402
ISIC_0034180,1.332166
ISIC_0064376,1.331444
ISIC_5848892,1.331316
ISIC_0070747,1.331182
ISIC_0000420,1.328875
ISIC_0065181,1.328259
ISIC_7670149,1.325288
ISIC_0011772,1.324249
ISIC_0010746,1.323021
ISIC_0030798,1.322153
ISIC_0064066,1.322133
ISIC_0001157,1.32031
ISIC_0066935,1.320269
ISIC_9482251,1.319983
ISIC_0025500,1.319913
ISIC_0065525,1.319068
ISIC_0060266,1.318148
ISIC_0033392,1.317576
ISIC_0032987,1.316989
ISIC_0071988,1.31581
ISIC_0072601,1.315653
ISIC_0027187,1.315165
ISIC_0033419,1.313965
ISIC_2268341,1.313471
ISIC_0024265,1.312289
ISIC_0029825,1.310771
ISIC_0011633,1.310534
ISIC_6176182,1.309886
ISIC_0004075,1.308926
ISIC_0033332,1.308725
ISIC_0073238,1.306395
ISIC_0014183,1.305621
ISIC_3635014,1.304781
ISIC_0061371,1.303119
ISIC_0502582,1.302705
ISIC_0054317,1.299571
ISIC_6323420,1.299113
ISIC_0068107,1.29731
ISIC_0064279,1.297126
ISIC_0029591,1.296822
ISIC_9509757,1.295777
ISIC_0063164,1.295563
ISIC_0061516,1.295285
ISIC_5714411,1.29437
ISIC_3673080,1.293957
ISIC_0030006,1.29387
ISIC_0033429,1.293577
ISIC_0009931,1.288754
ISIC_0062471,1.28827
ISIC_0034134,1.286376
ISIC_0046394,1.284811
ISIC_0023162,1.282403
ISIC_0010227,1.282376
ISIC_0000520,1.282129
ISIC_4659355,1.28166
ISIC_0011158,1.28138
ISIC_0010007,1.28133
ISIC_0024929,1.28128
ISIC_4363398,1.280933
ISIC_0066674,1.280418
ISIC_5823292,1.279874
ISIC_0000278,1.279393
ISIC_0066399,1.278905
ISIC_0011696,1.278285
ISIC_0024806,1.278199
ISIC_0000161,1.277776
ISIC_2200197,1.276107
ISIC_0070210,1.276039
ISIC_9024529,1.275452
ISIC_0011500,1.274088
ISIC_1955991,1.273337
ISIC_0011007,1.271838
ISIC_6377613,1.270789
ISIC_1939413,1.270525
ISIC_0066564,1.267822
ISIC_0012057,1.267386
ISIC_0054528,1.266722
ISIC_6710411,1.266237
ISIC_0026360,1.26536
ISIC_0025683,1.265153
ISIC_0057016,1.265055
ISIC_0065748,1.2641
ISIC_0061870,1.263696
ISIC_0033325,1.263033
ISIC_0034068,1.262672
ISIC_4411889,1.262289
ISIC_0060629,1.262226
ISIC_9155465,1.261858
ISIC_0016085,1.260882
ISIC_1367610,1.260876
ISIC_3996796,1.259612
ISIC_7096389,1.259501
ISIC_0013073,1.259362
ISIC_0065746,1.257997
ISIC_0057617,1.257634
ISIC_0026746,1.256446
ISIC_4734111,1.256065
ISIC_0064240,1.255821
ISIC_0024652,1.255683
ISIC_0065774,1.25331
ISIC_0024900,1.251738
ISIC_0053674,1.251011
ISIC_0010208,1.249628
ISIC_0061829,1.249382
ISIC_0060972,1.248969
ISIC_1264576,1.248644
ISIC_0055474,1.248566
ISIC_0056119,1.24853
ISIC_0014912,1.24772
ISIC_6577767,1.246852
ISIC_0061475,1.246463
ISIC_7935462,1.246136
ISIC_9059311,1.245858
ISIC_0011509,1.245562
ISIC_0070092,1.244943
ISIC_0026087,1.242133
ISIC_0031368,1.241401
ISIC_0057192,1.240627
ISIC_0011917,1.240581
ISIC_0032840,1.24055
ISIC_0068798,1.240422
ISIC_7242312,1.239635
ISIC_0033595,1.238284
ISIC_0070435,1.237797
ISIC_0068166,1.235466
ISIC_0054167,1.235237
ISIC_0030889,1.235059
ISIC_0001121,1.233083
ISIC_0009924,1.231559
ISIC_0073173,1.231541
ISIC_0072393,1.231153
ISIC_0069967,1.230485
ISIC_2563948,1.230168
ISIC_3475660,1.230025
ISIC_0011697,1.229209
ISIC_0015156,1.228648
ISIC_0054936,1.22725
ISIC_0029318,1.227236
ISIC_0053541,1.22596
ISIC_0027622,1.225222
ISIC_0027407,1.225076
ISIC_0026595,1.22309
ISIC_0054329,1.22181
ISIC_9141817,1.221784
ISIC_0010690,1.22032
ISIC_0032861,1.219276
ISIC_4118762,1.218491
ISIC_0029898,1.218007
ISIC_5634573,1.217912
ISIC_0024739,1.21783
ISIC_5666345,1.217118
ISIC_0025305,1.216194
ISIC_0072496,1.215815
ISIC_8935085,1.215294
ISIC_0055251,1.214944
ISIC_0046659,1.214708
ISIC_0013334,1.21421
ISIC_0011686,1.214071
ISIC_7489564,1.214011
ISIC_3791309,1.213529
ISIC_7016261,1.211695
ISIC_0068106,1.210979
ISIC_0029120,1.209519
ISIC_2987613,1.209279
ISIC_5614300,1.208506
ISIC_0053763,1.207912
ISIC_0013861,1.207829
ISIC_0067601,1.207207
ISIC_0060946,1.207124
ISIC_6899527,1.207099
ISIC_0032988,1.206341
ISIC_0058158,1.206285
ISIC_0011086,1.205726
ISIC_0024679,1.204842
ISIC_0072021,1.203306
ISIC_9571842,1.199932
ISIC_7110531,1.198951
ISIC_0032858,1.19891
ISIC_3067522,1.198493
ISIC_0056156,1.197048
ISIC_0033369,1.196696
ISIC_4347535,1.196162
ISIC_0072004,1.195487
ISIC_0011703,1.195484
ISIC_1566428,1.193856
ISIC_0025277,1.193676
ISIC_0046618,1.193181
ISIC_0031203,1.188775
ISIC_0014548,1.188367
ISIC_5282642,1.188152
ISIC_0064589,1.187806
ISIC_0066678,1.187772
ISIC_2124148,1.186738
ISIC_0060955,1.186645
ISIC_0061441,1.18631
ISIC_0010644,1.185936
ISIC_0000167,1.185107
ISIC_8241457,1.18496
ISIC_0034076,1.184875
ISIC_8362891,1.184115
ISIC_0072568,1.183097
ISIC_0030353,1.182561
ISIC_2447578,1.181863
ISIC_0032544,1.181369
ISIC_0058174,1.180336
ISIC_0054334,1.17986
ISIC_0033813,1.179218
ISIC_0033893,1.177607
ISIC_0030663,1.176803
ISIC_0011694,1.176369
ISIC_0011957,1.175447
ISIC_2819721,1.175436
ISIC_6855540,1.175126
ISIC_8052769,1.174424
ISIC_0011958,1.1742
ISIC_0026694,1.17393
ISIC_0067511,1.173417
ISIC_0061936,1.172606
ISIC_0047022,1.172055
ISIC_0060481,1.171135
ISIC_0057328,1.171116
ISIC_0071492,1.170944
ISIC_0024244,1.170089
ISIC_3936223,1.169892
ISIC_0063026,1.169349
ISIC_2750230,1.168906
ISIC_0071012,1.168619
ISIC_0032182,1.168543
ISIC_2739547,1.166536
ISIC_0065022,1.163511
ISIC_3435596,1.162269
ISIC_0010162,1.162083
ISIC_2007396,1.162048
ISIC_6336926,1.16201
ISIC_8685259,1.161002
ISIC_0026086,1.160448
ISIC_0067326,1.160007
ISIC_0813342,1.159398
ISIC_8249854,1.159111
ISIC_0001112,1.158691
ISIC_3763984,1.157599
ISIC_0056228,1.156289
ISIC_0068886,1.155997
ISIC_7620514,1.155694
ISIC_1057521,1.154955
ISIC_6809586,1.154586
ISIC_0032396,1.15361
ISIC_6854940,1.153373
ISIC_0000555,1.153351
ISIC_6512653,1.152874
ISIC_0069210,1.151275
ISIC_0060397,1.150857
ISIC_7604870,1.150504
ISIC_2685523,1.150359
ISIC_0061915,1.149255
ISIC_0013988,1.147091
ISIC_2461360,1.146396
ISIC_0046571,1.146174
ISIC_0027659,1.145239
ISIC_6991849,1.144364
ISIC_5216586,1.14413
ISIC_0071875,1.142417
ISIC_0060222,1.142132
ISIC_0034166,1.140226
ISIC_0011704,1.14007
ISIC_0000434,1.139192
ISIC_0065278,1.138012
ISIC_0072507,1.137753
ISIC_0063492,1.137436
ISIC_6227397,1.13736
ISIC_0053554,1.136311
ISIC_3327201,1.135959
ISIC_0033518,1.135296
ISIC_0032722,1.135207
ISIC_0021901,1.134798
ISIC_0027986,1.134622
ISIC_0024987,1.134505
ISIC_0059506,1.134401
ISIC_7331345,1.1339
ISIC_0032771,1.133782
ISIC_0010998,1.133688
ISIC_0027149,1.133482
ISIC_2355513,1.13273
ISIC_0011948,1.13258
ISIC_0014013,1.129329
ISIC_0327225,1.128912
ISIC_0011045,1.128634
ISIC_0032420,1.127769
ISIC_0005291,1.127396
ISIC_0028481,1.126881
ISIC_3087402,1.125574
ISIC_6755132,1.125103
ISIC_0030597,1.124373
ISIC_0031965,1.123934
ISIC_4475268,1.12355
ISIC_1520897,1.123486
ISIC_0032699,1.122725
ISIC_0058858,1.122317
ISIC_0054954,1.121326
ISIC_1605945,1.121167
ISIC_0011493,1.120825
ISIC_0483289,1.118655
ISIC_5768602,1.118387
ISIC_7803114,1.117063
ISIC_0059632,1.116493
ISIC_0010046,1.115873
ISIC_0064606,1.114966
ISIC_0054395,1.114761
ISIC_0071536,1.11369
ISIC_0025391,1.1134
ISIC_0000502,1.112314
ISIC_0068176,1.111175
ISIC_0055289,1.110402
ISIC_0069620,1.110115
ISIC_0068966,1.110024
ISIC_3183782,1.109122
ISIC_0027674,1.109011
ISIC_0055526,1.107768
ISIC_0029189,1.106961
ISIC_0033526,1.106908
ISIC_0069986,1.106482
ISIC_0033636,1.105803
ISIC_0011763,1.105721
ISIC_0057374,1.104992
ISIC_0064318,1.104929
ISIC_0071471,1.103772
ISIC_0030970,1.102923
ISIC_4434803,1.102635
ISIC_7945429,1.102592
ISIC_0011715,1.10211
ISIC_0033099,1.100933
ISIC_0033802,1.100797
ISIC_0032504,1.099798
ISIC_0054892,1.099569
ISIC_0010719,1.098702
ISIC_9768421,1.098325
ISIC_0024545,1.098142
ISIC_0010765,1.097948
ISIC_3637551,1.097907
ISIC_0010580,1.097738
ISIC_8175453,1.097584
ISIC_0025472,1.097547
ISIC_0000296,1.097531
ISIC_0056089,1.097173
ISIC_0030695,1.095209
ISIC_7575815,1.092629
ISIC_0034059,1.092075
ISIC_0011933,1.092019
ISIC_0026531,1.090781
ISIC_0057539,1.086447
ISIC_0034048,1.085849
ISIC_0062517,1.083606
ISIC_0064943,1.082715
ISIC_0027101,1.082366
ISIC_0032797,1.082359
ISIC_2283628,1.082324
ISIC_2784664,1.081829
ISIC_0011753,1.081639
ISIC_0067097,1.081347
ISIC_8737794,1.081265
ISIC_5313574,1.081148
ISIC_0058508,1.080717
ISIC_0029729,1.080537
ISIC_7288818,1.080174
ISIC_0059219,1.078436
ISIC_0069946,1.078235
ISIC_0055491,1.077867
ISIC_2757355,1.076884
ISIC_0057821,1.076149
ISIC_0011506,1.075329
ISIC_8621568,1.074199
ISIC_2259861,1.073962
ISIC_8650269,1.073174
ISIC_0058666,1.072965
ISIC_0068905,1.072714
ISIC_0013839,1.072495
ISIC_0059412,1.072462
ISIC_0032036,1.071956
ISIC_0065421,1.071827
ISIC_0072714,1.071353
ISIC_7271718,1.071076
ISIC_0054728,1.070343
ISIC_9386509,1.07034
ISIC_4564960,1.070107
ISIC_9910791,1.069845
ISIC_0679553,1.069669
ISIC_0030552,1.069572
ISIC_6741865,1.069386
ISIC_0055079,1.069146
ISIC_0059353,1.068616
ISIC_0000549,1.06859
ISIC_0000022,1.068161
ISIC_0034162,1.068024
ISIC_6398669,1.067844
ISIC_0010778,1.067688
ISIC_4216750,1.066671
ISIC_0066213,1.066217
ISIC_0000173,1.066097
ISIC_0033524,1.064631
ISIC_0062709,1.064429
ISIC_6616542,1.061372
ISIC_0069189,1.061152
ISIC_0053686,1.059066
ISIC_0011387,1.058465
ISIC_0059294,1.058451
ISIC_0070463,1.058167
ISIC_0031517,1.057875
ISIC_0033498,1.057195
ISIC_8578732,1.056887
ISIC_0030916,1.056619
ISIC_0034141,1.056412
ISIC_0033573,1.055527
ISIC_5148474,1.055205
ISIC_0055293,1.054225
ISIC_0066378,1.053981
ISIC_1323048,1.052569
ISIC_0061320,1.052361
ISIC_0013588,1.05209
ISIC_0068413,1.051677
ISIC_0033362,1.051644
ISIC_0056192,1.051135
ISIC_1615996,1.05113
ISIC_7953039,1.050803
ISIC_0067743,1.050559
ISIC_0033027,1.050223
ISIC_0032400,1.0502
ISIC_0071430,1.049991
ISIC_0033428,1.049497
ISIC_0392105,1.049088
ISIC_0027872,1.048733
ISIC_0014541,1.048463
ISIC_0071951,1.048447
ISIC_0058649,1.048239
ISIC_0012064,1.047241
ISIC_0057815,1.047131
ISIC_0192490,1.046985
ISIC_6404049,1.046046
ISIC_0069933,1.045889
ISIC_0011870,1.04514
ISIC_5485661,1.044627
ISIC_0033775,1.044466
ISIC_0069273,1.044353
ISIC_4175400,1.04397
ISIC_0071135,1.043818
ISIC_0010540,1.043597
ISIC_0015390,1.043569
ISIC_0000519,1.043386
ISIC_3019509,1.043342
ISIC_0012055,1.042997
ISIC_0026369,1.04299
ISIC_0010108,1.042778
ISIC_9921747,1.042776
ISIC_7096885,1.042646
ISIC_0055086,1.04263
ISIC_2513018,1.042069
ISIC_0010213,1.041834
ISIC_4374554,1.041196
ISIC_0072612,1.040619
ISIC_1674754,1.040138
ISIC_5156491,1.039587
ISIC_0012054,1.039364
ISIC_6982386,1.039342
ISIC_8340256,1.039199
ISIC_4960784,1.03814
ISIC_0026428,1.038053
ISIC_0026652,1.03742
ISIC_0010866,1.037219
ISIC_0064247,1.035753
ISIC_0027190,1.03538
ISIC_0013707,1.035106
ISIC_0063568,1.035022
ISIC_6875745,1.033759
ISIC_1530981,1.033337
ISIC_0064095,1.033139
ISIC_0033570,1.033042
ISIC_6036959,1.032751
ISIC_0014392,1.032583
ISIC_8976269,1.03172
ISIC_0026500,1.031594
ISIC_1988335,1.031503
ISIC_0015046,1.031042
ISIC_0030824,1.029905
ISIC_7889838,1.029866
ISIC_0010714,1.029813
ISIC_7619234,1.029545
ISIC_5281485,1.029251
ISIC_2178032,1.02869
ISIC_0055136,1.028326
ISIC_0046361,1.02793
ISIC_0011238,1.02777
ISIC_0032751,1.027602
ISIC_0056749,1.026615
ISIC_0063243,1.025864
ISIC_0070927,1.024749
ISIC_0031575,1.024683
ISIC_0280912,1.0244
ISIC_1069587,1.024365
ISIC_0057180,1.022391
ISIC_9402324,1.022049
ISIC_0025267,1.021513
ISIC_0026738,1.020516
ISIC_0016114,1.02024
ISIC_6668093,1.019432
ISIC_4055361,1.018229
ISIC_0064986,1.018061
ISIC_8133350,1.018028
ISIC_0061011,1.017846
ISIC_0028291,1.017562
ISIC_5098778,1.01655
ISIC_0966527,1.016536
ISIC_8325260,1.016285
ISIC_2432848,1.016165
ISIC_0063268,1.015569
ISIC_0026853,1.013931
ISIC_6002694,1.013709
ISIC_0010164,1.013432
ISIC_0057188,1.0133
ISIC_5434229,1.010766
ISIC_0063958,1.009492
ISIC_0057978,1.009296
ISIC_0068696,1.009057
ISIC_0061491,1.008688
ISIC_0248628,1.008468
ISIC_1210011,1.00843
ISIC_0031202,1.007808
ISIC_4377208,1.007394
ISIC_0053473,1.006931
ISIC_0034246,1.005641
ISIC_0062497,1.005441
ISIC_1979534,1.005434
ISIC_0029905,1.005306
ISIC_0066483,1.004746
ISIC_0011930,1.004009
ISIC_0058033,1.003084
ISIC_0028082,1.003081
ISIC_0034218,1.002736
ISIC_0058768,1.002545
ISIC_0055759,1.002532
ISIC_0064463,1.00005
ISIC_8691327,0.999628
ISIC_0053791,0.999535
ISIC_0296109,0.999106
ISIC_0010415,0.998912
ISIC_0059897,0.998823
ISIC_0072876,0.99846
ISIC_0059891,0.998383
ISIC_0072953,0.996836
ISIC_0000148,0.996705
ISIC_0010707,0.995613
ISIC_0014666,0.995528
ISIC_0068993,0.995247
ISIC_0058580,0.995069
ISIC_8397285,0.994701
ISIC_0013610,0.99438
ISIC_0031208,0.993801
ISIC_0032917,0.993226
ISIC_1693572,0.992746
ISIC_0033905,0.991865
ISIC_0059314,0.990486
ISIC_0054021,0.990348
ISIC_2122488,0.990315
ISIC_2565206,0.990054
ISIC_0027238,0.990034
ISIC_3256887,0.989407
ISIC_0068080,0.988474
ISIC_3613392,0.988142
ISIC_0032685,0.987982
ISIC_0055498,0.987978
ISIC_0013498,0.987971
ISIC_0032726,0.987942
ISIC_6342224,0.987862
ISIC_0057067,0.987786
ISIC_0014985,0.987745
ISIC_0011778,0.987485
ISIC_0014982,0.986966
ISIC_0028325,0.986543
ISIC_0032190,0.985715
ISIC_4632020,0.984543
ISIC_7579316,0.983646
ISIC_0064742,0.98314
ISIC_0000054,0.983102
ISIC_0054123,0.982857
ISIC_0015136,0.982386
ISIC_0062686,0.982135
ISIC_0065204,0.981775
ISIC_0010962,0.981164
ISIC_9754098,0.98111
ISIC_2200924,0.980096
ISIC_0010886,0.979961
ISIC_0519386,0.979804
ISIC_0059082,0.979397
ISIC_0009940,0.978471
ISIC_4654965,0.97772
ISIC_0032447,0.977372
ISIC_7108282,0.97706
ISIC_7685920,0.9768
ISIC_0059093,0.97667
ISIC_0056406,0.976018
ISIC_0033287,0.976015
ISIC_0010757,0.975391
ISIC_0046443,0.974602
ISIC_7662910,0.97276
ISIC_0000413,0.972011
ISIC_4875370,0.971993
ISIC_0067667,0.971687
ISIC_0808203,0.971249
ISIC_0060773,0.970939
ISIC_0032269,0.970819
ISIC_0776189,0.97056
ISIC_0033517,0.969841
ISIC_0056784,0.968763
ISIC_0011288,0.968664
ISIC_9000901,0.966738
ISIC_8798059,0.966515
ISIC_0033946,0.966414
ISIC_0010664,0.966344
ISIC_0056938,0.965871
ISIC_3844404,0.964874
ISIC_0028086,0.964773
ISIC_0061625,0.964627
ISIC_0015035,0.964433
ISIC_0034117,0.963948
ISIC_0055143,0.963927
ISIC_1632313,0.963279
ISIC_0011863,0.962597
ISIC_0029094,0.962043
ISIC_8704257,0.959549
ISIC_0072569,0.95905
ISIC_5737704,0.958468
ISIC_9439034,0.958283
ISIC_0000411,0.957895
ISIC_9317483,0.956578
ISIC_0014883,0.956343
ISIC_0014217,0.956153
ISIC_9684318,0.955945
ISIC_0001100,0.955669
ISIC_4916704,0.955643
ISIC_0070163,0.955452
ISIC_0014795,0.95542
ISIC_9291926,0.954795
ISIC_0027021,0.954684
ISIC_0011289,0.952916
ISIC_0062087,0.952763
ISIC_0002288,0.952028
ISIC_5808758,0.950903
ISIC_1925632,0.949778
ISIC_0072917,0.949475
ISIC_0000065,0.949284
ISIC_0011728,0.949232
ISIC_0026008,0.948543
ISIC_0011931,0.948147
ISIC_0064261,0.947232
ISIC_8796632,0.947072
ISIC_0053617,0.946871
ISIC_0010346,0.946815
ISIC_0034090,0.946467
ISIC_6557642,0.946351
ISIC_0070888,0.945606
ISIC_8252406,0.944997
ISIC_3787504,0.944835
ISIC_0063157,0.944298
ISIC_0345607,0.943355
ISIC_0062005,0.943322
ISIC_1046678,0.943098
ISIC_0055003,0.941872
ISIC_0034094,0.941866
ISIC_0011642,0.941865
ISIC_0060696,0.941666
ISIC_0862745,0.940056
ISIC_0057286,0.939854
ISIC_0034071,0.939732
ISIC_1177505,0.939352
ISIC_6352565,0.939106
ISIC_0182730,0.938588
ISIC_0047003,0.938184
ISIC_0070412,0.938048
ISIC_0501843,0.937988
ISIC_0014151,0.936487
ISIC_0062111,0.936483
ISIC_0055087,0.936098
ISIC_4508878,0.935964
ISIC_0029909,0.93566
ISIC_0013615,0.935492
ISIC_0000526,0.935434
ISIC_0032233,0.935205
ISIC_5315062,0.934894
ISIC_0033878,0.934515
ISIC_0033876,0.934425
ISIC_7452410,0.934062
ISIC_0009886,0.933731
ISIC_0060559,0.931949
ISIC_1348843,0.931576
ISIC_0056660,0.931439
ISIC_0939648,0.931271
ISIC_0011857,0.929619
ISIC_0061199,0.929568
ISIC_3485482,0.929303
ISIC_0065521,0.929089
ISIC_0032940,0.928417
ISIC_8073555,0.926847
ISIC_7717907,0.926082
ISIC_0053810,0.925993
ISIC_3236964,0.925176
ISIC_0011130,0.924927
ISIC_0029885,0.924729
ISIC_0014190,0.924649
ISIC_0059733,0.924622
ISIC_0029843,0.924115
ISIC_0060341,0.923994
ISIC_0053916,0.923836
ISIC_6644659,0.923347
ISIC_0058781,0.923338
ISIC_0011031,0.92242
ISIC_5998926,0.922384
ISIC_3305055,0.922216
ISIC_8048162,0.92201
ISIC_0072087,0.921751
ISIC_0010050,0.921559
ISIC_0010729,0.921401
ISIC_0058676,0.920711
ISIC_0014255,0.920162
ISIC_0070601,0.920064
ISIC_5910595,0.919882
ISIC_3323866,0.919879
ISIC_0028746,0.919711
ISIC_0070992,0.919339
ISIC_0990298,0.919281
ISIC_5415749,0.919055
ISIC_0062158,0.91903
ISIC_4691943,0.918443
ISIC_0060975,0.918399
ISIC_0059248,0.918378
ISIC_0029609,0.918075
ISIC_3065032,0.918075
ISIC_8628207,0.917871
ISIC_0012067,0.917199
ISIC_0033104,0.916903
ISIC_0485996,0.916675
ISIC_6358752,0.915896
ISIC_0032160,0.914901
ISIC_0068580,0.914791
ISIC_0028152,0.914667
ISIC_0011077,0.9144
ISIC_9566964,0.913421
ISIC_8290994,0.912457
ISIC_0011348,0.91229
ISIC_7462953,0.911947
ISIC_3006279,0.911866
ISIC_0030985,0.911222
ISIC_0000394,0.910724
ISIC_0011356,0.910057
ISIC_5837098,0.909318
ISIC_0069667,0.90855
ISIC_0024756,0.908125
ISIC_9744305,0.908099
ISIC_0011329,0.907968
ISIC_1280780,0.907863
ISIC_0347984,0.907736
ISIC_0026475,0.907252
ISIC_0011209,0.9072
ISIC_0011305,0.90681
ISIC_7354733,0.906509
ISIC_0065260,0.906364
ISIC_3654454,0.906025
ISIC_0062048,0.905607
ISIC_0046645,0.904696
ISIC_0010235,0.904521
ISIC_8388593,0.904513
ISIC_0054767,0.904454
ISIC_0064860,0.903609
ISIC_0070342,0.903522
ISIC_4331481,0.903276
ISIC_0033834,0.903165
ISIC_0029339,0.902472
ISIC_7747712,0.901554
ISIC_0032645,0.901308
ISIC_4119029,0.901075
ISIC_0953317,0.900894
ISIC_0033194,0.900628
ISIC_3338629,0.90021
ISIC_0331389,0.899758
ISIC_0014558,0.899583
ISIC_0010308,0.898966
ISIC_0032718,0.898493
ISIC_0034100,0.898244
ISIC_0055675,0.898228
ISIC_0010933,0.897981
ISIC_0024449,0.897414
ISIC_0030852,0.896605
ISIC_2108849,0.896237
ISIC_4518384,0.894855
ISIC_1937197,0.894228
ISIC_0011460,0.894216
ISIC_0059273,0.89347
ISIC_7840728,0.89315
ISIC_7633960,0.892619
ISIC_3942075,0.892322
ISIC_0056937,0.891545
ISIC_4864523,0.891284
ISIC_0071388,0.890957
ISIC_0058024,0.890495
ISIC_0033968,0.890254
ISIC_0070285,0.889794
ISIC_5397483,0.889722
ISIC_0011458,0.889593
ISIC_0073044,0.88902
ISIC_6441128,0.888854
ISIC_0027742,0.888718
ISIC_0029809,0.888339
ISIC_0010555,0.888184
ISIC_0010789,0.887973
ISIC_0061141,0.887458
ISIC_0001141,0.887086
ISIC_0064026,0.887083
ISIC_9196783,0.886608
ISIC_0028543,0.885476
ISIC_0069595,0.885203
ISIC_0010596,0.885123
ISIC_0064563,0.885043
ISIC_0032903,0.883242
ISIC_0033324,0.88324
ISIC_0010705,0.882008
ISIC_0011512,0.881826
ISIC_1423737,0.881744
ISIC_0000279,0.881652
ISIC_0030575,0.881647
ISIC_0053742,0.881219
ISIC_0033630,0.880892
ISIC_0014422,0.880278
ISIC_8945395,0.880216
ISIC_0000522,0.879948
ISIC_0031561,0.879709
ISIC_0010749,0.879669
ISIC_0212774,0.879667
ISIC_0055169,0.879366
ISIC_0067012,0.879309
ISIC_0029995,0.87927
ISIC_0000174,0.879247
ISIC_0069087,0.879084
ISIC_0066101,0.87863
ISIC_0029212,0.877092
ISIC_0014349,0.876771
ISIC_5557806,0.876704
ISIC_4475657,0.876436
ISIC_0066476,0.875554
ISIC_1159891,0.875235
ISIC_5922588,0.873871
ISIC_0010956,0.873492
ISIC_0054677,0.873459
ISIC_0025061,0.872977
ISIC_0056635,0.87291
ISIC_4018813,0.872361
ISIC_0061334,0.871588
ISIC_0067226,0.870831
ISIC_7800706,0.870704
ISIC_0028764,0.869965
ISIC_0069264,0.869764
ISIC_9765760,0.869734
ISIC_0057048,0.869443
ISIC_0031931,0.868996
ISIC_0031350,0.868086
ISIC_0023811,0.867641
ISIC_8635849,0.867447
ISIC_0068460,0.866442
ISIC_2937642,0.865911
ISIC_0070032,0.86565
ISIC_0015132,0.865377
ISIC_0030254,0.865182
ISIC_0009913,0.865167
ISIC_0031843,0.864827
ISIC_0000031,0.864682
ISIC_0071771,0.864276
ISIC_4307626,0.864069
ISIC_0012069,0.863964
ISIC_0034170,0.863697
ISIC_0056710,0.863526
ISIC_1071355,0.863289
ISIC_0640770,0.863132
ISIC_0010140,0.863128
ISIC_0063642,0.863093
ISIC_9694020,0.863
ISIC_0066878,0.862773
ISIC_8397077,0.862594
ISIC_0068895,0.862561
ISIC_2727016,0.861869
ISIC_0055393,0.861249
ISIC_0174983,0.860862
ISIC_2619533,0.860841
ISIC_0033289,0.860432
ISIC_0054459,0.860254
ISIC_4603706,0.860174
ISIC_7181296,0.859735
ISIC_1488727,0.859349
ISIC_0013636,0.85841
ISIC_1260545,0.857711
ISIC_2006783,0.857586
ISIC_0070666,0.857153
ISIC_0000553,0.856624
ISIC_9161341,0.85653
ISIC_2850215,0.855982
ISIC_9090822,0.855934
ISIC_0030150,0.855391
ISIC_0061183,0.855241
ISIC_3884221,0.854828
ISIC_0047031,0.85428
ISIC_9436034,0.854154
ISIC_0072559,0.853484
ISIC_0056201,0.853304
ISIC_0001142,0.853268
ISIC_1413120,0.853262
ISIC_7501061,0.853019
ISIC_2948811,0.852103
ISIC_0055924,0.851972
ISIC_0011463,0.85043
ISIC_0024853,0.850203
ISIC_0011286,0.849362
ISIC_0027130,0.849213
ISIC_0000287,0.849063
ISIC_0011717,0.848581
ISIC_0067697,0.848489
ISIC_0033787,0.848082
ISIC_0009927,0.847343
ISIC_0033704,0.846344
ISIC_0028655,0.845655
ISIC_0000036,0.845103
ISIC_4509525,0.844199
ISIC_7966295,0.843961
ISIC_0061918,0.843903
ISIC_0000024,0.843785
ISIC_7147898,0.842802
ISIC_4243283,0.842402
ISIC_4834687,0.842243
ISIC_0012070,0.842157
ISIC_2057184,0.841933
ISIC_1241817,0.841404
ISIC_0032624,0.840872
ISIC_0014189,0.840659
ISIC_0060380,0.840341
ISIC_0030921,0.839757
ISIC_0497390,0.839713
ISIC_0034256,0.839496
ISIC_0386664,0.839161
ISIC_7430054,0.838903
ISIC_6803432,0.838472
ISIC_1513720,0.838284
ISIC_4701900,0.838129
ISIC_0057988,0.838058
ISIC_5908780,0.837273
ISIC_0025766,0.837106
ISIC_0024525,0.836146
ISIC_0034150,0.835656
ISIC_0028528,0.835564
ISIC_1983754,0.835159
ISIC_0012369,0.833928
ISIC_0072473,0.833902
ISIC_0027234,0.833671
ISIC_7223327,0.833358
ISIC_0028075,0.833209
ISIC_7820005,0.833187
ISIC_0030423,0.833084
ISIC_7022381,0.833056
ISIC_0032901,0.832772
ISIC_0011497,0.832264
ISIC_5588968,0.832245
ISIC_0030873,0.830901
ISIC_0015115,0.830733
ISIC_0011894,0.830414
ISIC_0068239,0.830157
ISIC_3016754,0.829968
ISIC_0026868,0.82988
ISIC_8563961,0.829869
ISIC_0031010,0.829414
ISIC_8592235,0.829373
ISIC_0031586,0.829275
ISIC_0010067,0.829124
ISIC_0026188,0.829036
ISIC_0009991,0.82887
ISIC_0010900,0.828059
ISIC_0029026,0.827802
ISIC_0066240,0.827516
ISIC_2778131,0.826634
ISIC_2379379,0.825859
ISIC_6626544,0.825855
ISIC_3585381,0.825689
ISIC_0064471,0.825474
ISIC_0033713,0.824757
ISIC_0028557,0.824241
ISIC_0032531,0.824011
ISIC_0013411,0.82371
ISIC_0030139,0.823631
ISIC_5404908,0.823109
ISIC_0056247,0.82203
ISIC_0000056,0.822009
ISIC_0009984,0.821825
ISIC_0010730,0.821798
ISIC_0026043,0.820844
ISIC_1922084,0.820791
ISIC_0031233,0.820094
ISIC_0014325,0.819278
ISIC_2458253,0.81924
ISIC_0027031,0.81911
ISIC_5481211,0.819026
ISIC_4771769,0.818943
ISIC_9211072,0.817749
ISIC_7904250,0.817592
ISIC_2597678,0.817513
ISIC_9072309,0.817237
ISIC_0011848,0.816732
ISIC_0062133,0.81664
ISIC_0058513,0.816439
ISIC_0000395,0.816211
ISIC_0059905,0.815838
ISIC_0025035,0.815779
ISIC_6385627,0.815115
ISIC_0029353,0.814399
ISIC_0013079,0.814325
ISIC_0034101,0.813433
ISIC_0026009,0.81342
ISIC_3812485,0.813101
ISIC_0027552,0.812961
ISIC_0011858,0.812689
ISIC_5857303,0.812528
ISIC_9363106,0.812072
ISIC_9442018,0.811719
ISIC_3800541,0.811293
ISIC_7196249,0.811213
ISIC_8588033,0.811195
ISIC_2266011,0.810559
ISIC_0000554,0.810141
ISIC_8699453,0.809725
ISIC_0067808,0.809466
ISIC_0010772,0.808975
ISIC_0055624,0.808954
ISIC_0062463,0.808945
ISIC_0010863,0.808843
ISIC_0010143,0.808486
ISIC_0014366,0.808442
ISIC_8065633,0.808299
ISIC_0011529,0.808254
ISIC_7973598,0.808168
ISIC_0010925,0.807287
ISIC_9406755,0.80677
ISIC_0072377,0.806586
ISIC_0059601,0.806108
ISIC_1641823,0.806105
ISIC_0011794,0.805402
ISIC_0012883,0.804621
ISIC_0061751,0.804612
ISIC_0057762,0.804393
ISIC_3897960,0.803863
ISIC_0014675,0.803564
ISIC_0025814,0.802827
ISIC_0026347,0.802106
ISIC_0071906,0.802079
ISIC_0070046,0.802018
ISIC_0027751,0.801695
ISIC_0071931,0.801389
ISIC_2486088,0.801314
ISIC_3941147,0.799567
ISIC_0027641,0.799512
ISIC_9058340,0.798527
ISIC_0025155,0.797321
ISIC_0070581,0.797153
ISIC_0027263,0.797132
ISIC_3738751,0.797003
ISIC_0063070,0.796992
ISIC_0650126,0.796659
ISIC_5813642,0.796291
ISIC_5877211,0.796236
ISIC_0002119,0.79514
ISIC_7450481,0.794853
ISIC_0072748,0.794779
ISIC_1784613,0.794436
ISIC_0000446,0.79442
ISIC_3787339,0.794336
ISIC_7039203,0.794321
ISIC_9511832,0.79422
ISIC_0068627,0.794167
ISIC_0056292,0.793739
ISIC_0063753,0.793566
ISIC_3810274,0.792899
ISIC_0058071,0.79275
ISIC_0069635,0.792641
ISIC_8357679,0.79246
ISIC_0001149,0.792388
ISIC_0504730,0.792256
ISIC_8694181,0.792061
ISIC_0010723,0.791804
ISIC_0899961,0.791748
ISIC_0010671,0.791609
ISIC_0028065,0.791169
ISIC_0024781,0.79101
ISIC_8617277,0.790837
ISIC_5391190,0.790678
ISIC_3439215,0.790667
ISIC_0065121,0.790569
ISIC_5961619,0.790452
ISIC_6284012,0.790283
ISIC_8325226,0.7902
ISIC_0061643,0.789739
ISIC_0061685,0.789566
ISIC_0066429,0.789339
ISIC_0070050,0.789325
ISIC_0033238,0.789166
ISIC_9482039,0.788778
ISIC_9295267,0.788725
ISIC_0053854,0.788582
ISIC_0000398,0.788113
ISIC_0030616,0.78663
ISIC_1104374,0.786621
ISIC_6613150,0.786363
ISIC_2642742,0.786343
ISIC_8796968,0.784501
ISIC_0032440,0.783828
ISIC_0000140,0.783518
ISIC_0070974,0.782801
ISIC_3666219,0.782382
ISIC_0021442,0.781854
ISIC_7960321,0.781133
ISIC_9806131,0.780892
ISIC_0072624,0.780832
ISIC_0063046,0.780314
ISIC_1843053,0.780216
ISIC_0027694,0.78019
ISIC_0046640,0.780174
ISIC_1496194,0.780146
ISIC_2087913,0.779909
ISIC_3826102,0.779901
ISIC_0034313,0.77941
ISIC_0056127,0.779214
ISIC_0024258,0.778669
ISIC_8848134,0.77859
ISIC_0027282,0.778336
ISIC_5297660,0.777892
ISIC_7466678,0.777696
ISIC_0072418,0.777207
ISIC_0068897,0.777146
ISIC_0065192,0.776657
ISIC_0064010,0.776295
ISIC_9210255,0.775764
ISIC_6907218,0.77561
ISIC_0059768,0.775406
ISIC_3067885,0.774561
ISIC_8433108,0.774409
ISIC_0062161,0.773907
ISIC_0026352,0.773815
ISIC_0067798,0.773447
ISIC_0013644,0.772901
ISIC_0031397,0.772724
ISIC_3278303,0.772657
ISIC_0028548,0.772646
ISIC_0059948,0.772646
ISIC_9322551,0.772563
ISIC_0011136,0.772508
ISIC_0070419,0.77054
ISIC_5258657,0.770236
ISIC_3850432,0.769748
ISIC_0482585,0.768976
ISIC_7276156,0.767984
ISIC_0010912,0.767584
ISIC_0062077,0.767384
ISIC_0011343,0.767079
ISIC_0014027,0.76684
ISIC_0028929,0.766528
ISIC_0057716,0.766388
ISIC_0033700,0.766251
ISIC_0054651,0.765646
ISIC_0010409,0.765597
ISIC_0015412,0.765349
ISIC_0010909,0.764859
ISIC_0015110,0.764744
ISIC_3377082,0.76471
ISIC_8145348,0.764201
ISIC_0009298,0.763079
ISIC_6557194,0.762671
ISIC_0064284,0.762296
ISIC_7728263,0.762272
ISIC_1835041,0.76201
ISIC_4462476,0.761462
ISIC_0026516,0.760938
ISIC_0012151,0.760761
ISIC_0066506,0.760436
ISIC_9876515,0.76036
ISIC_0026802,0.760263
ISIC_5988539,0.760007
ISIC_0062325,0.759849
ISIC_1495793,0.759561
ISIC_0070709,0.759309
ISIC_3026660,0.759062
ISIC_1434141,0.758981
ISIC_0010874,0.758275
ISIC_0027065,0.758061
ISIC_0059943,0.75792
ISIC_0014832,0.756902
ISIC_0010278,0.756535
ISIC_0033806,0.756114
ISIC_8708106,0.755627
ISIC_3147084,0.755235
ISIC_0060621,0.755006
ISIC_4548995,0.754942
ISIC_0000406,0.754446
ISIC_0011626,0.754385
ISIC_1372928,0.75426
ISIC_0000166,0.753247
ISIC_0067418,0.751768
ISIC_0070961,0.751593
ISIC_5868291,0.751448
ISIC_3045939,0.751344
ISIC_5073160,0.751252
ISIC_0034316,0.75122
ISIC_0000552,0.751103
ISIC_0009894,0.75068
ISIC_0296580,0.750263
ISIC_3444719,0.750151
ISIC_0013579,0.750112
ISIC_0061184,0.749734
ISIC_0028505,0.749697
ISIC_0064072,0.749287
ISIC_0009989,0.749092
ISIC_0028886,0.74832
ISIC_2418276,0.748127
ISIC_0060390,0.747388
ISIC_9727132,0.747045
ISIC_0025791,0.746712
ISIC_0065480,0.746666
ISIC_4345000,0.746317
ISIC_0062301,0.745379
ISIC_0031829,0.744923
ISIC_0069995,0.744831
ISIC_0060829,0.744697
ISIC_3736075,0.744693
ISIC_5789052,0.744476
ISIC_5552066,0.744016
ISIC_0011404,0.743843
ISIC_0055039,0.743528
ISIC_0012068,0.743248
ISIC_0064633,0.743069
ISIC_8483382,0.742292
ISIC_3506204,0.742138
ISIC_8001757,0.742007
ISIC_0064785,0.741558
ISIC_3941123,0.741492
ISIC_0014559,0.741335
ISIC_8108870,0.741284
ISIC_2681497,0.740618
ISIC_6207818,0.740123
ISIC_9072034,0.73994
ISIC_0011435,0.739509
ISIC_0000040,0.739298
ISIC_0010416,0.738895
ISIC_0010400,0.738861
ISIC_0011276,0.738846
ISIC_0070244,0.738589
ISIC_0011868,0.738584
ISIC_0026167,0.738113
ISIC_0000450,0.73766
ISIC_0046449,0.737006
ISIC_7010552,0.736112
ISIC_2366652,0.735818
ISIC_0024694,0.735487
ISIC_0053485,0.735138
ISIC_0061224,0.734945
ISIC_0069395,0.734272
ISIC_0005681,0.733679
ISIC_0010040,0.733292
ISIC_4374944,0.732926
ISIC_0027576,0.732716
ISIC_6882582,0.732249
ISIC_1327515,0.731517
ISIC_6452498,0.731502
ISIC_0069556,0.731464
ISIC_0029906,0.730652
ISIC_0055048,0.730501
ISIC_3445468,0.729614
ISIC_0025243,0.729218
ISIC_0028211,0.729066
ISIC_1601532,0.728656
ISIC_0359307,0.728412
ISIC_0011526,0.727493
ISIC_7057495,0.72726
ISIC_0010895,0.727127
ISIC_0032339,0.726691
ISIC_0055361,0.726586
ISIC_8417873,0.726344
ISIC_0009006,0.726182
ISIC_5063476,0.725948
ISIC_0030080,0.725669
ISIC_0030032,0.725453
ISIC_0067733,0.724823
ISIC_0027363,0.724546
ISIC_0031170,0.72414
ISIC_0029092,0.724109
ISIC_0011012,0.723575
ISIC_0057462,0.723252
ISIC_0033843,0.723039
ISIC_0013777,0.723029
ISIC_0000424,0.722977
ISIC_7901891,0.722356
ISIC_0068407,0.721725
ISIC_0028361,0.721521
ISIC_0067614,0.721473
ISIC_0072215,0.721391
ISIC_0027102,0.721341
ISIC_0062313,0.72086
ISIC_0032072,0.720771
ISIC_0013618,0.720569
ISIC_1373468,0.720545
ISIC_2635051,0.720066
ISIC_0067985,0.719968
ISIC_0029531,0.719803
ISIC_0011403,0.719627
ISIC_0032197,0.719476
ISIC_2663597,0.719232
ISIC_0030237,0.719169
ISIC_0014324,0.719055
ISIC_0028173,0.718535
ISIC_7320371,0.718322
ISIC_0011350,0.718058
ISIC_8048668,0.717978
ISIC_0072865,0.717671
ISIC_0013652,0.717392
ISIC_3817292,0.716851
ISIC_0024752,0.71634
ISIC_0011333,0.716183
ISIC_0053725,0.715994
ISIC_0046416,0.715866
ISIC_0011128,0.71586
ISIC_0063516,0.715681
ISIC_8909957,0.7155
ISIC_0067206,0.715208
ISIC_6705966,0.714988
ISIC_0033956,0.714076
ISIC_0011315,0.713495
ISIC_5530598,0.713244
ISIC_0072733,0.7126
ISIC_0011185,0.712532
ISIC_0060716,0.712415
ISIC_0011381,0.712298
ISIC_4524488,0.711903
ISIC_0071133,0.711541
ISIC_0011498,0.711321
ISIC_4292708,0.71131
ISIC_0065622,0.711173
ISIC_6917681,0.711014
ISIC_0000467,0.710652
ISIC_0060897,0.710396
ISIC_0011700,0.710207
ISIC_9228729,0.710086
ISIC_0029050,0.709356
ISIC_3249704,0.709293
ISIC_0033317,0.708942
ISIC_0068847,0.708497
ISIC_0014270,0.708488
ISIC_0058753,0.708319
ISIC_0579562,0.708308
ISIC_2843245,0.708017
ISIC_0033561,0.707784
ISIC_0024802,0.70768
ISIC_0031543,0.707613
ISIC_0026690,0.707415
ISIC_0033384,0.706344
ISIC_0026699,0.706123
ISIC_0070012,0.705977
ISIC_2321671,0.705779
ISIC_0058617,0.705671
ISIC_0011693,0.705571
ISIC_0073032,0.705098
ISIC_0061544,0.705097
ISIC_2670619,0.704721
ISIC_7008335,0.704547
ISIC_0061231,0.704379
ISIC_0034236,0.704324
ISIC_6892286,0.703963
ISIC_9206499,0.703407
ISIC_4780541,0.703103
ISIC_0011744,0.702077
ISIC_0014336,0.701896
ISIC_7400458,0.701792
ISIC_0057015,0.701752
ISIC_3761253,0.701741
ISIC_3289098,0.701669
ISIC_0011501,0.701386
ISIC_8679617,0.701001
ISIC_0054673,0.700988
ISIC_0009893,0.700933
ISIC_0787229,0.700599
ISIC_0011365,0.699667
ISIC_0060091,0.699592
ISIC_0062978,0.699329
ISIC_9072567,0.699239
ISIC_0054573,0.698813
ISIC_5071555,0.698056
ISIC_0032629,0.69786
ISIC_0067969,0.69783
ISIC_7928137,0.697816
ISIC_1450548,0.697789
ISIC_0009992,0.697714
ISIC_0014173,0.697709
ISIC_0065943,0.697324
ISIC_0033024,0.697131
ISIC_0011645,0.696875
ISIC_2366172,0.696819
ISIC_0062702,0.6966
ISIC_0009488,0.69656
ISIC_5585279,0.695588
ISIC_0046471,0.695384
ISIC_0059216,0.694835
ISIC_0911264,0.694524
ISIC_0013473,0.694294
ISIC_6464772,0.694145
ISIC_0536433,0.694061
ISIC_2007034,0.693605
ISIC_0046405,0.693505
ISIC_0033063,0.693052
ISIC_0063930,0.691824
ISIC_0033782,0.691769
ISIC_8806357,0.691701
ISIC_0030333,0.691294
ISIC_0062401,0.69095
ISIC_0975874,0.690711
ISIC_0055747,0.690657
ISIC_9254641,0.690571
ISIC_6184891,0.690496
ISIC_0028126,0.690341
ISIC_0000168,0.69032
ISIC_8195528,0.690222
ISIC_0014486,0.689553
ISIC_0056271,0.689517
ISIC_0064180,0.6893
ISIC_0000346,0.688885
ISIC_0098784,0.688785
ISIC_0010385,0.688706
ISIC_1014075,0.688406
ISIC_9776851,0.688345
ISIC_0011949,0.688184
ISIC_0033975,0.686059
ISIC_8496052,0.685694
ISIC_0057999,0.6851
ISIC_0033752,0.684998
ISIC_0031310,0.684993
ISIC_0066094,0.684811
ISIC_0065449,0.68479
ISIC_0063289,0.684378
ISIC_1037945,0.684166
ISIC_0061623,0.68415
ISIC_9482842,0.683793
ISIC_0025648,0.683734
ISIC_7236842,0.683217
ISIC_6539127,0.682542
ISIC_2266312,0.682047
ISIC_0033154,0.681279
ISIC_3691320,0.681198
ISIC_6515546,0.681186
ISIC_4229473,0.68116
ISIC_0013549,0.6808
ISIC_0054523,0.680275
ISIC_0010098,0.680225
ISIC_0346815,0.680021
ISIC_0071352,0.679738
ISIC_8785329,0.679704
ISIC_0567814,0.679404
ISIC_9879723,0.677969
ISIC_1265755,0.677917
ISIC_0000291,0.677537
ISIC_5324623,0.677091
ISIC_0001134,0.676929
ISIC_0032140,0.676914
ISIC_0014219,0.676896
ISIC_0030910,0.676508
ISIC_9615486,0.67618
ISIC_7885010,0.676145
ISIC_6228963,0.675584
ISIC_6860222,0.67481
ISIC_9726155,0.674697
ISIC_0063447,0.674473
ISIC_2535541,0.673967
ISIC_9859873,0.673785
ISIC_0014543,0.67374
ISIC_0064141,0.673675
ISIC_0033211,0.67226
ISIC_0031642,0.672194
ISIC_0010581,0.672192
ISIC_0072010,0.670478
ISIC_0010878,0.670304
ISIC_0060893,0.670159
ISIC_0000300,0.670003
ISIC_0071257,0.669955
ISIC_7895093,0.669838
ISIC_9171071,0.668634
ISIC_0031709,0.667941
ISIC_0059707,0.667817
ISIC_8781751,0.667267
ISIC_9562157,0.667112
ISIC_4949672,0.666899
ISIC_0012049,0.666552
ISIC_7582818,0.666399
ISIC_4343836,0.666325
ISIC_0031499,0.666271
ISIC_0033738,0.666244
ISIC_6909624,0.666233
ISIC_0013972,0.665993
ISIC_0010061,0.665956
ISIC_0055388,0.665716
ISIC_0027993,0.665569
ISIC_6831108,0.665229
ISIC_0061300,0.665107
ISIC_0060558,0.664326
ISIC_4730433,0.663618
ISIC_0013845,0.663054
ISIC_0012904,0.662904
ISIC_2829088,0.662481
ISIC_0029998,0.661068
ISIC_0030829,0.660797
ISIC_0056957,0.660647
ISIC_0021052,0.660642
ISIC_0014629,0.660128
ISIC_7059794,0.660069
ISIC_0054777,0.659965
ISIC_0010942,0.659764
ISIC_7293518,0.659696
ISIC_9125409,0.659562
ISIC_0065539,0.659488
ISIC_3448546,0.65938
ISIC_0056055,0.659151
ISIC_0011508,0.658308
ISIC_0025531,0.657811
ISIC_0000393,0.657791
ISIC_7732765,0.65752
ISIC_0060707,0.657154
ISIC_0033533,0.656825
ISIC_0065918,0.656643
ISIC_0000294,0.656513
ISIC_0026426,0.656348
ISIC_0057556,0.656094
ISIC_0024307,0.655769
ISIC_2916754,0.655667
ISIC_8463871,0.655581
ISIC_5736292,0.654771
ISIC_0054377,0.654745
ISIC_0060848,0.654729
ISIC_0046664,0.654463
ISIC_0061647,0.654409
ISIC_3432650,0.654077
ISIC_0872145,0.654015
ISIC_0010240,0.653886
ISIC_0011702,0.65387
ISIC_0073136,0.653484
ISIC_5545874,0.653202
ISIC_0062114,0.653021
ISIC_0033589,0.652983
ISIC_0058177,0.652803
ISIC_5900778,0.652614
ISIC_8172822,0.65256
ISIC_9785077,0.652493
ISIC_2498215,0.652135
ISIC_0065346,0.651872
ISIC_0033125,0.651629
ISIC_0071169,0.6512
ISIC_0030119,0.650905
ISIC_0009868,0.650573
ISIC_6101007,0.650542
ISIC_0059884,0.649866
ISIC_0014291,0.649373
ISIC_0009230,0.648643
ISIC_0046316,0.64852
ISIC_0070422,0.647827
ISIC_2333274,0.647681
ISIC_0031303,0.647679
ISIC_0066150,0.647217
ISIC_0033416,0.64704
ISIC_0058585,0.647036
ISIC_0072441,0.646717
ISIC_0054932,0.646599
ISIC_0032484,0.646325
ISIC_0481702,0.646249
ISIC_0029718,0.646134
ISIC_0066784,0.645771
ISIC_9829805,0.645646
ISIC_7098141,0.645464
ISIC_0027056,0.644754
ISIC_9842269,0.644412
ISIC_0064784,0.643857
ISIC_0010514,0.643554
ISIC_0072826,0.643393
ISIC_0001148,0.642649
ISIC_1744817,0.640892
ISIC_4066094,0.640544
ISIC_0068744,0.640331
ISIC_2031626,0.640175
ISIC_1897507,0.639584
ISIC_6633906,0.639519
ISIC_0011951,0.638903
ISIC_0024229,0.638355
ISIC_0028025,0.638352
ISIC_0034265,0.637754
ISIC_8154363,0.637731
ISIC_0059440,0.637367
ISIC_9012513,0.637162
ISIC_0057656,0.636338
ISIC_0068153,0.635803
ISIC_4517738,0.635288
ISIC_0070852,0.635053
ISIC_7809510,0.634943
ISIC_0010174,0.634641
ISIC_0014975,0.634603
ISIC_0032598,0.634326
ISIC_0011193,0.634034
ISIC_0064113,0.633553
ISIC_1440063,0.633275
ISIC_4810142,0.633193
ISIC_0000153,0.632827
ISIC_9182285,0.632751
ISIC_3300710,0.632622
ISIC_9069800,0.632316
ISIC_8887039,0.631905
ISIC_0059330,0.631898
ISIC_0028285,0.631833
ISIC_0012512,0.631741
ISIC_0014987,0.631571
ISIC_2517072,0.631327
ISIC_9815788,0.631024
ISIC_0062196,0.63084
ISIC_9611100,0.630817
ISIC_1185006,0.63053
ISIC_0029089,0.63045
ISIC_0033424,0.630243
ISIC_0061884,0.630148
ISIC_7896667,0.629743
ISIC_0032550,0.629553
ISIC_0064821,0.628313
ISIC_8911740,0.627818
ISIC_0010546,0.627344
ISIC_0071740,0.626958
ISIC_0015071,0.626555
ISIC_6126554,0.626224
ISIC_0000462,0.625856
ISIC_0072375,0.625785
ISIC_0027764,0.62505
ISIC_0897526,0.62479
ISIC_0069056,0.624665
ISIC_0032047,0.624615
ISIC_0000030,0.624311
ISIC_0065235,0.624111
ISIC_5629390,0.623789
ISIC_0029363,0.62375
ISIC_0071869,0.623607
ISIC_3727059,0.623605
ISIC_2341100,0.623513
ISIC_0011374,0.623267
ISIC_0030107,0.623091
ISIC_2166957,0.62282
ISIC_0034192,0.622169
ISIC_0010036,0.621813
ISIC_4436342,0.621647
ISIC_0065360,0.621358
ISIC_5376036,0.621267
ISIC_0068215,0.621182
ISIC_0054146,0.621131
ISIC_5442834,0.621097
ISIC_0156642,0.620853
ISIC_3256116,0.620659
ISIC_0058149,0.620582
ISIC_0062765,0.62054
ISIC_0065341,0.620029
ISIC_2508901,0.619959
ISIC_0054357,0.619621
ISIC_0066209,0.619251
ISIC_0024297,0.619184
ISIC_0013908,0.619163
ISIC_2038024,0.61873
ISIC_0273046,0.61869
ISIC_0010194,0.618641
ISIC_6634951,0.61856
ISIC_0055513,0.61811
ISIC_3750329,0.618051
ISIC_0030784,0.617919
ISIC_0013634,0.61779
ISIC_0313507,0.61721
ISIC_2241388,0.617073
ISIC_0963531,0.616909
ISIC_0063018,0.616817
ISIC_0033055,0.616804
ISIC_0066401,0.616436
ISIC_3251773,0.616283
ISIC_9226193,0.615881
ISIC_6839272,0.615639
ISIC_5498651,0.614823
ISIC_0033981,0.614645
ISIC_0056793,0.614621
ISIC_6497135,0.614509
ISIC_0014088,0.614058
ISIC_0011750,0.613761
ISIC_0053796,0.613372
ISIC_0069370,0.613041
ISIC_0029198,0.612547
ISIC_0069105,0.612394
ISIC_2307760,0.612373
ISIC_0009905,0.611757
ISIC_0011040,0.611689
ISIC_0025215,0.611572
ISIC_2271767,0.611062
ISIC_0027122,0.611012
ISIC_0070731,0.610791
ISIC_1956504,0.61078
ISIC_0025520,0.610698
ISIC_0062914,0.61029
ISIC_7351939,0.610214
ISIC_9596721,0.610083
ISIC_0070253,0.610068
ISIC_7528996,0.61
ISIC_6284312,0.609978
ISIC_0032907,0.60997
ISIC_0011196,0.609368
ISIC_9134566,0.609171
ISIC_9900191,0.608841
ISIC_2714907,0.608738
ISIC_0029170,0.608725
ISIC_0030981,0.608332
ISIC_0031389,0.608313
ISIC_0028757,0.608296
ISIC_0065537,0.608018
ISIC_9024724,0.607924
ISIC_0031507,0.607788
ISIC_5396394,0.607758
ISIC_0054292,0.607712
ISIC_7454679,0.607695
ISIC_0066114,0.607677
ISIC_7636321,0.607558
ISIC_0030681,0.607475
ISIC_0000277,0.607131
ISIC_0026089,0.60675
ISIC_0032070,0.606236
ISIC_0011520,0.606062
ISIC_9462979,0.605791
ISIC_0026692,0.605578
ISIC_0027822,0.604795
ISIC_4720306,0.604545
ISIC_0009879,0.604192
ISIC_0014926,0.604133
ISIC_0034233,0.603575
ISIC_2748873,0.60349
ISIC_0011471,0.603407
ISIC_0011484,0.60333
ISIC_4220326,0.602725
ISIC_0067953,0.602455
ISIC_0010527,0.602309
ISIC_0025138,0.600944
ISIC_5433087,0.600892
ISIC_0033653,0.600682
ISIC_0031744,0.600103
ISIC_0010825,0.5999
ISIC_3474609,0.59919
ISIC_2272218,0.5989
ISIC_4166490,0.598255
ISIC_0030259,0.59727
ISIC_0012160,0.597225
ISIC_0027305,0.597199
ISIC_0070447,0.59699
ISIC_0029740,0.59665
ISIC_0024701,0.596086
ISIC_2153401,0.59565
ISIC_0071834,0.595559
ISIC_0188432,0.594847
ISIC_0068168,0.594743
ISIC_2096695,0.593913
ISIC_0059569,0.593765
ISIC_0012263,0.593634
ISIC_0413173,0.593578
ISIC_0014171,0.593457
ISIC_2647453,0.593234
ISIC_0000401,0.592578
ISIC_5746904,0.592428
ISIC_0014722,0.592382
ISIC_0070784,0.591573
ISIC_0064298,0.591461
ISIC_0033224,0.590495
ISIC_0024962,0.589542
ISIC_0015015,0.589493
ISIC_0014308,0.589245
ISIC_0064660,0.588874
ISIC_0046706,0.588721
ISIC_0032672,0.588642
ISIC_0010349,0.588612
ISIC_1745731,0.588528
ISIC_0029562,0.588426
ISIC_0032490,0.588381
ISIC_0065728,0.588237
ISIC_0026791,0.587816
ISIC_0033068,0.58779
ISIC_3809998,0.58744
ISIC_5832901,0.587209
ISIC_7249063,0.586969
ISIC_0024864,0.586455
ISIC_0000459,0.586047
ISIC_0014302,0.585839
ISIC_0030501,0.585826
ISIC_2993032,0.585707
ISIC_0025970,0.585168
ISIC_6054977,0.584966
ISIC_0067550,0.584787
ISIC_0058926,0.584043
ISIC_0032875,0.583658
ISIC_0070160,0.58355
ISIC_0010523,0.583138
ISIC_0302804,0.583092
ISIC_0054233,0.582763
ISIC_6114646,0.582575
ISIC_0066338,0.58181
ISIC_0073115,0.581743
ISIC_8274622,0.581464
ISIC_0064863,0.580946
ISIC_8127394,0.580824
ISIC_0071733,0.580787
ISIC_0028420,0.580678
ISIC_2894223,0.580216
ISIC_2500254,0.580111
ISIC_0013617,0.579987
ISIC_0056799,0.57989
ISIC_1308081,0.579737
ISIC_0046725,0.579639
ISIC_8425541,0.57951
ISIC_2818530,0.578864
ISIC_0944273,0.578763
ISIC_1144024,0.578686
ISIC_0011488,0.578496
ISIC_2861793,0.577347
ISIC_5833422,0.576638
ISIC_1352841,0.57651
ISIC_6948604,0.576202
ISIC_0010797,0.575866
ISIC_5526879,0.57573
ISIC_6666329,0.575726
ISIC_0055701,0.57543
ISIC_0813423,0.575257
ISIC_4523382,0.575174
ISIC_7899041,0.575064
ISIC_3777798,0.574507
ISIC_0029281,0.574374
ISIC_8348712,0.573833
ISIC_0059264,0.573454
ISIC_1108204,0.573152
ISIC_2967024,0.573126
ISIC_6269543,0.573109
ISIC_0063168,0.573082
ISIC_0014703,0.573047
ISIC_3343475,0.572913
ISIC_1805602,0.572871
ISIC_0030995,0.572575
ISIC_0061418,0.571764
ISIC_6517082,0.571693
ISIC_6918995,0.571162
ISIC_0000377,0.570434
ISIC_0013813,0.570432
ISIC_0033192,0.569943
ISIC_2396791,0.569765
ISIC_6132976,0.569757
ISIC_0054312,0.569508
ISIC_0011780,0.569505
ISIC_0010648,0.569343
ISIC_0014129,0.569232
ISIC_0002258,0.568831
ISIC_2457132,0.568623
ISIC_8866651,0.568411
ISIC_0653633,0.568265
ISIC_0010792,0.568217
ISIC_1165548,0.567695
ISIC_3571523,0.567553
ISIC_0058496,0.567079
ISIC_0033492,0.566149
ISIC_3391427,0.565588
ISIC_0011295,0.565231
ISIC_0069150,0.565085
ISIC_8555379,0.564909
ISIC_0010306,0.564873
ISIC_0061580,0.564221
ISIC_8711854,0.564143
ISIC_9335652,0.564105
ISIC_5650816,0.563951
ISIC_1081051,0.563912
ISIC_0001110,0.563755
ISIC_1532684,0.563735
ISIC_3133127,0.56361
ISIC_5765854,0.563446
ISIC_2221217,0.563007
ISIC_0067805,0.562698
ISIC_0012887,0.562506
ISIC_0059808,0.562348
ISIC_1686556,0.56185
ISIC_8613657,0.561526
ISIC_0061479,0.561323
ISIC_3452564,0.561006
ISIC_2622189,0.560669
ISIC_0015258,0.56065
ISIC_9572152,0.559706
ISIC_0010319,0.559646
ISIC_4428769,0.559592
ISIC_6523459,0.559196
ISIC_0060700,0.559187
ISIC_9005623,0.558949
ISIC_0033193,0.558568
ISIC_0025965,0.558255
ISIC_0030820,0.557763
ISIC_0057669,0.557566
ISIC_8040024,0.557352
ISIC_1964243,0.5571
ISIC_1216201,0.55691
ISIC_0063980,0.556401
ISIC_0033856,0.556313
ISIC_0189694,0.555795
ISIC_0027327,0.555726
ISIC_4398011,0.555599
ISIC_0031546,0.555419
ISIC_5961333,0.555377
ISIC_7329395,0.554805
ISIC_1470934,0.554605
ISIC_5484086,0.554601
ISIC_0011459,0.554279
ISIC_0012082,0.554221
ISIC_0011247,0.5541
ISIC_0027088,0.553819
ISIC_9540825,0.553798
ISIC_8651765,0.553701
ISIC_0026671,0.55368
ISIC_0032836,0.552425
ISIC_0054906,0.552373
ISIC_0031379,0.551686
ISIC_3590814,0.55164
ISIC_0024310,0.551426
ISIC_0033202,0.551395
ISIC_0025800,0.550628
ISIC_0061108,0.550595
ISIC_0010510,0.550487
ISIC_0011150,0.550271
ISIC_0069192,0.549717
ISIC_7789452,0.549417
ISIC_2030997,0.548807
ISIC_0058823,0.548782
ISIC_0333091,0.548775
ISIC_0011546,0.548096
ISIC_8492957,0.547958
ISIC_0062323,0.547591
ISIC_0025616,0.547544
ISIC_0067972,0.547535
ISIC_0033029,0.547516
ISIC_8730617,0.547023
ISIC_0011950,0.546692
ISIC_0058432,0.546635
ISIC_0029777,0.546422
ISIC_0066492,0.54625
ISIC_5238649,0.546236
ISIC_6299036,0.545736
ISIC_0033412,0.545673
ISIC_5333058,0.544843
ISIC_8234773,0.544778
ISIC_3880324,0.544712
ISIC_4130478,0.544379
ISIC_0031028,0.544291
ISIC_0069488,0.544141
ISIC_0070061,0.544134
ISIC_1962844,0.543974
ISIC_1976571,0.543456
ISIC_0070679,0.543233
ISIC_0055378,0.542783
ISIC_0014049,0.54263
ISIC_7482149,0.542348
ISIC_0013651,0.542309
ISIC_0025195,0.542236
ISIC_7590292,0.541912
ISIC_0010850,0.541404
ISIC_0013232,0.5413
ISIC_6370597,0.541241
ISIC_9000234,0.540953
ISIC_0025458,0.540589
ISIC_5835765,0.540575
ISIC_0033995,0.540307
ISIC_7423852,0.540081
ISIC_0013844,0.540031
ISIC_0011114,0.539697
ISIC_3478437,0.539662
ISIC_0070951,0.539487
ISIC_0032079,0.539479
ISIC_4966865,0.539426
ISIC_0066289,0.539355
ISIC_0014144,0.539336
ISIC_3649766,0.538662
ISIC_2376758,0.538546
ISIC_0000551,0.538101
ISIC_0046741,0.538097
ISIC_3136228,0.538065
ISIC_7670304,0.537663
ISIC_9323095,0.537373
ISIC_0011126,0.537194
ISIC_1957685,0.537125
ISIC_0055191,0.537118
ISIC_0024840,0.536987
ISIC_0013736,0.536784
ISIC_0066430,0.536207
ISIC_3459981,0.536149
ISIC_1314502,0.535995
ISIC_0072516,0.535988
ISIC_1097830,0.53529
ISIC_0011862,0.535017
ISIC_6025721,0.534902
ISIC_0030417,0.534666
ISIC_7936755,0.534598
ISIC_0070017,0.5341
ISIC_0012538,0.533801
ISIC_9076021,0.533786
ISIC_9935444,0.533744
ISIC_0028691,0.53373
ISIC_0027248,0.53349
ISIC_0027110,0.533218
ISIC_0024516,0.53308
ISIC_8931948,0.532872
ISIC_0001104,0.532767
ISIC_0000301,0.532729
ISIC_0011695,0.531988
ISIC_0055179,0.531814
ISIC_0055781,0.531737
ISIC_0025132,0.531629
ISIC_2021321,0.53088
ISIC_0025603,0.530873
ISIC_0069865,0.530837
ISIC_0010393,0.530642
ISIC_0062382,0.53043
ISIC_0028396,0.530029
ISIC_0032587,0.529873
ISIC_0012810,0.529861
ISIC_0055797,0.529786
ISIC_0062649,0.529615
ISIC_0029397,0.529234
ISIC_0032993,0.52901
ISIC_0066992,0.52896
ISIC_6255494,0.528878
ISIC_8071637,0.527875
ISIC_0015005,0.527741
ISIC_3286956,0.527109
ISIC_5238111,0.526735
ISIC_0010971,0.526669
ISIC_0027838,0.526654
ISIC_3072382,0.5264
ISIC_0011527,0.526213
ISIC_0057898,0.526201
ISIC_0046441,0.525844
ISIC_0032750,0.525819
ISIC_5581931,0.525752
ISIC_2823287,0.525591
ISIC_6366631,0.525217
ISIC_0056984,0.525202
ISIC_5307210,0.524836
ISIC_8007849,0.524654
ISIC_0065013,0.524605
ISIC_2742786,0.524505
ISIC_2776906,0.524343
ISIC_0065735,0.524218
ISIC_7266604,0.524019
ISIC_2799447,0.523805
ISIC_3305153,0.523727
ISIC_5267208,0.523548
ISIC_9063429,0.523438
ISIC_0033538,0.523379
ISIC_0010231,0.523315
ISIC_5298608,0.523151
ISIC_9792253,0.522781
ISIC_0178370,0.522571
ISIC_5369000,0.52188
ISIC_0000533,0.521853
ISIC_0058125,0.521417
ISIC_9568138,0.521361
ISIC_9100283,0.520501
ISIC_5971591,0.52044
ISIC_0032569,0.520224
ISIC_0065535,0.519993
ISIC_0073227,0.519727
ISIC_0024686,0.519722
ISIC_3000569,0.519677
ISIC_1988080,0.519142
ISIC_0065872,0.518986
ISIC_0033258,0.518902
ISIC_0029250,0.518744
ISIC_1369967,0.518421
ISIC_9751013,0.518128
ISIC_5041679,0.517875
ISIC_0032960,0.517237
ISIC_4653503,0.517009
ISIC_2298440,0.516995
ISIC_0069668,0.516809
ISIC_4182801,0.516647
ISIC_0028666,0.516518
ISIC_4232756,0.516288
ISIC_4884394,0.516233
ISIC_0031079,0.516213
ISIC_0061152,0.516145
ISIC_0066518,0.51602
ISIC_0008251,0.515984
ISIC_4624973,0.515659
ISIC_9014786,0.515542
ISIC_0072157,0.515533
ISIC_4746361,0.515163
ISIC_7781213,0.515133
ISIC_3077674,0.514998
ISIC_3744940,0.514968
ISIC_7520843,0.514846
ISIC_9556334,0.514722
ISIC_0056979,0.514513
ISIC_0061806,0.51425
ISIC_0010280,0.514182
ISIC_9626777,0.514164
ISIC_0000358,0.51404
ISIC_0068246,0.513776
ISIC_0065062,0.513498
ISIC_9027622,0.513062
ISIC_0016043,0.512688
ISIC_0029723,0.512343
ISIC_9847428,0.51227
ISIC_0060308,0.512144
ISIC_2854303,0.511808
ISIC_0054599,0.511506
ISIC_0289478,0.511402
ISIC_6790780,0.511325
ISIC_0001832,0.511059
ISIC_0031278,0.511014
ISIC_0068218,0.510947
ISIC_0061880,0.510353
ISIC_3979826,0.510249
ISIC_0063655,0.510225
ISIC_2768787,0.509906
ISIC_6754835,0.509767
ISIC_0030689,0.509569
ISIC_8130596,0.509432
ISIC_0026993,0.509382
ISIC_0032425,0.509067
ISIC_4961708,0.509029
ISIC_3737739,0.508923
ISIC_0066588,0.508516
ISIC_1350519,0.508232
ISIC_0058647,0.508226
ISIC_0033399,0.508191
ISIC_1002979,0.507946
ISIC_9022005,0.507214
ISIC_5964676,0.506593
ISIC_0033708,0.506397
ISIC_0062762,0.506292
ISIC_5932383,0.506079
ISIC_0062576,0.506032
ISIC_8560106,0.505757
ISIC_3909039,0.505611
ISIC_6971606,0.505604
ISIC_0071196,0.505508
ISIC_6487809,0.505488
ISIC_3253098,0.505271
ISIC_0440848,0.504605
ISIC_7327423,0.504237
ISIC_0010414,0.504044
ISIC_5840341,0.504004
ISIC_1690909,0.503923
ISIC_0063692,0.503718
ISIC_0055742,0.503681
ISIC_6026759,0.50301
ISIC_0011987,0.503005
ISIC_4533833,0.502985
ISIC_0029508,0.502975
ISIC_9723646,0.502833
ISIC_3382231,0.502756
ISIC_5239856,0.502576
ISIC_0070137,0.502171
ISIC_2779787,0.501979
ISIC_4568425,0.501058
ISIC_9163466,0.500869
ISIC_0032921,0.500373
ISIC_0068234,0.500366
ISIC_8659639,0.500335
ISIC_0058206,0.500328
ISIC_0030943,0.500286
ISIC_3544821,0.500201
ISIC_0010466,0.50016
ISIC_0033545,0.500114
ISIC_0031070,0.499832
ISIC_0032687,0.499763
ISIC_7351007,0.499709
ISIC_0025105,0.499562
ISIC_6673506,0.499481
ISIC_0053555,0.49913
ISIC_0062980,0.499051
ISIC_3352799,0.498683
ISIC_2856521,0.498429
ISIC_0033341,0.498316
ISIC_7755106,0.498048
ISIC_0170101,0.498037
ISIC_0058837,0.497914
ISIC_3696488,0.497903
ISIC_0005360,0.497709
ISIC_0010934,0.497579
ISIC_0027936,0.497232
ISIC_5026709,0.497137
ISIC_0024232,0.496982
ISIC_3232329,0.496952
ISIC_0046633,0.496256
ISIC_0060760,0.4959
ISIC_0029574,0.494856
ISIC_0060342,0.494748
ISIC_0032017,0.494461
ISIC_0008934,0.49381
ISIC_0011337,0.493513
ISIC_0455743,0.493383
ISIC_7626256,0.493383
ISIC_8579259,0.493084
ISIC_7677876,0.49286
ISIC_1258986,0.492835
ISIC_6201338,0.492656
ISIC_0032586,0.492618
ISIC_3877643,0.492531
ISIC_0024967,0.492287
ISIC_3440813,0.492241
ISIC_8692218,0.491946
ISIC_5644242,0.491827
ISIC_6777714,0.491758
ISIC_0033947,0.491628
ISIC_0014132,0.491368
ISIC_8584748,0.491098
ISIC_7130929,0.490894
ISIC_5157799,0.490518
ISIC_7831274,0.490355
ISIC_4136832,0.490271
ISIC_0479264,0.489517
ISIC_0033393,0.488443
ISIC_7172145,0.488436
ISIC_0028930,0.48817
ISIC_0024236,0.488026
ISIC_0031883,0.487352
ISIC_0066382,0.48713
ISIC_0185547,0.486936
ISIC_0066358,0.486845
ISIC_0033178,0.486317
ISIC_0010347,0.486213
ISIC_0001137,0.485733
ISIC_0001108,0.485092
ISIC_5519357,0.484888
ISIC_0063988,0.484796
ISIC_0010809,0.484771
ISIC_3913709,0.484614
ISIC_3474472,0.484316
ISIC_3646670,0.484308
ISIC_4307205,0.484178
ISIC_0013766,0.483934
ISIC_0063493,0.483827
ISIC_7460111,0.483192
ISIC_7536704,0.483067
ISIC_0055022,0.482974
ISIC_0032034,0.482958
ISIC_5662381,0.482794
ISIC_4871616,0.482516
ISIC_4009870,0.4822
ISIC_8607090,0.481984
ISIC_0068382,0.481956
ISIC_3222447,0.481932
ISIC_0071707,0.481706
ISIC_0014932,0.481669
ISIC_7563744,0.481517
ISIC_0053884,0.481484
ISIC_0726170,0.481132
ISIC_0032232,0.481091
ISIC_9084751,0.480867
ISIC_8380904,0.480808
ISIC_0055608,0.480791
ISIC_0027836,0.480553
ISIC_0067159,0.480331
ISIC_0053960,0.480298
ISIC_0423483,0.480256
ISIC_0069385,0.480123
ISIC_0013762,0.479774
ISIC_3072311,0.479557
ISIC_3446357,0.479461
ISIC_0072294,0.479375
ISIC_0069791,0.479096
ISIC_0067562,0.479072
ISIC_8979540,0.47903
ISIC_8960223,0.479005
ISIC_0058224,0.47771
ISIC_0032278,0.477067
ISIC_9685928,0.476929
ISIC_0059866,0.476672
ISIC_0031357,0.476357
ISIC_1351604,0.475675
ISIC_8666446,0.475613
ISIC_5400609,0.475412
ISIC_1605629,0.475361
ISIC_1566931,0.475297
ISIC_0000292,0.474838
ISIC_0024720,0.47482
ISIC_0027221,0.474819
ISIC_0062575,0.474253
ISIC_0026921,0.473561
ISIC_0011491,0.47343
ISIC_6609484,0.473267
ISIC_0010784,0.472955
ISIC_0062364,0.472748
ISIC_0054248,0.472679
ISIC_0010609,0.472641
ISIC_6569060,0.471681
ISIC_0061077,0.471418
ISIC_0029163,0.470789
ISIC_3568801,0.470734
ISIC_0064307,0.470667
ISIC_9906378,0.470439
ISIC_0011684,0.470369
ISIC_0013626,0.470343
ISIC_0056389,0.47015
ISIC_0533122,0.469933
ISIC_0062026,0.46987
ISIC_0000026,0.469761
ISIC_0010862,0.469704
ISIC_7592920,0.469672
ISIC_0010750,0.469608
ISIC_3492490,0.46945
ISIC_2757370,0.469263
ISIC_0032369,0.46897
ISIC_6576397,0.468899
ISIC_0009916,0.468487
ISIC_7244604,0.468472
ISIC_2232442,0.468304
ISIC_0070387,0.468058
ISIC_0033472,0.467866
ISIC_9268487,0.467474
ISIC_9241599,0.467472
ISIC_0063601,0.46723
ISIC_0609067,0.466964
ISIC_0000375,0.466903
ISIC_0059571,0.466661
ISIC_3436033,0.466533
ISIC_0000305,0.466504
ISIC_0064073,0.465739
ISIC_0067873,0.465447
ISIC_3728352,0.465385
ISIC_0008431,0.465377
ISIC_0029078,0.465337
ISIC_0030077,0.464925
ISIC_5769654,0.464908
ISIC_4378189,0.464464
ISIC_0054080,0.463919
ISIC_3816833,0.463715
ISIC_5458933,0.463606
ISIC_7141361,0.463105
ISIC_0033439,0.4629
ISIC_0061029,0.462862
ISIC_3653492,0.462718
ISIC_0028755,0.462634
ISIC_0063981,0.461814
ISIC_0064625,0.461775
ISIC_0061293,0.461763
ISIC_0030211,0.461485
ISIC_0067054,0.461419
ISIC_0032424,0.461291
ISIC_0030366,0.46078
ISIC_2383335,0.460574
ISIC_5039396,0.459981
ISIC_2724278,0.459918
ISIC_0060446,0.459674
ISIC_0010441,0.458622
ISIC_8901133,0.458512
ISIC_9217340,0.458488
ISIC_0068438,0.458376
ISIC_0013341,0.458131
ISIC_5347727,0.456961
ISIC_0071303,0.455885
ISIC_5170766,0.455646
ISIC_0054851,0.455646
ISIC_0027266,0.455497
ISIC_0033278,0.45491
ISIC_2526170,0.454884
ISIC_0011140,0.454792
ISIC_8629635,0.454722
ISIC_0071797,0.454684
ISIC_0026348,0.454657
ISIC_0069274,0.454286
ISIC_7131689,0.453917
ISIC_7236365,0.453825
ISIC_0055450,0.453794
ISIC_0010938,0.453756
ISIC_0031711,0.453671
ISIC_0071857,0.453332
ISIC_0033080,0.453023
ISIC_0003201,0.452925
ISIC_7268123,0.45287
ISIC_7846309,0.452265
ISIC_3378691,0.452227
ISIC_7630208,0.452203
ISIC_0003122,0.451986
ISIC_0064517,0.451776
ISIC_7413786,0.451681
ISIC_0010978,0.451367
ISIC_0033643,0.451296
ISIC_0011517,0.451281
ISIC_6694724,0.451259
ISIC_0072221,0.450973
ISIC_0011530,0.450935
ISIC_0034036,0.45081
ISIC_0060321,0.450775
ISIC_4781223,0.450772
ISIC_0033470,0.450766
ISIC_0063544,0.45075
ISIC_0011422,0.450491
ISIC_6571597,0.449898
ISIC_6978997,0.449874
ISIC_0062162,0.449802
ISIC_0064034,0.449627
ISIC_0024214,0.449399
ISIC_0032918,0.449302
ISIC_0056364,0.448815
ISIC_0012706,0.448698
ISIC_0056717,0.448469
ISIC_0014082,0.447611
ISIC_0033090,0.446609
ISIC_6561111,0.446446
ISIC_1113265,0.446337
ISIC_0067905,0.446289
ISIC_0032473,0.446275
ISIC_6285925,0.446261
ISIC_0068152,0.446033
ISIC_1772828,0.445796
ISIC_0014079,0.4452
ISIC_0786233,0.444768
ISIC_0028129,0.4445
ISIC_1752943,0.444398
ISIC_5536710,0.444394
ISIC_0033272,0.444194
ISIC_7050122,0.443955
ISIC_3959570,0.443901
ISIC_0058021,0.443776
ISIC_6532137,0.443548
ISIC_0071300,0.442779
ISIC_0053816,0.44253
ISIC_0033394,0.442353
ISIC_7296201,0.442264
ISIC_7545340,0.442189
ISIC_0032516,0.442173
ISIC_0001120,0.442146
ISIC_9219692,0.442136
ISIC_0068727,0.44181
ISIC_3928910,0.441619
ISIC_2679689,0.441604
ISIC_5966190,0.441423
ISIC_0024631,0.44132
ISIC_5537876,0.440779
ISIC_8389650,0.440746
ISIC_9336830,0.440215
ISIC_0025744,0.440189
ISIC_6697332,0.439981
ISIC_0029970,0.439888
ISIC_9760968,0.439323
ISIC_1470245,0.439231
ISIC_0066143,0.43816
ISIC_7074321,0.437809
ISIC_0055859,0.437308
ISIC_0065394,0.437006
ISIC_0032187,0.436513
ISIC_4462773,0.436499
ISIC_6381852,0.436468
ISIC_0014557,0.436121
ISIC_0014489,0.435872
ISIC_0034216,0.435679
ISIC_3978280,0.435388
ISIC_2151178,0.434618
ISIC_4951213,0.43457
ISIC_0031005,0.434468
ISIC_8167374,0.433498
ISIC_0028986,0.43334
ISIC_7567699,0.432604
ISIC_6714923,0.4325
ISIC_4691689,0.43246
ISIC_0031369,0.432143
ISIC_9716860,0.432115
ISIC_0015200,0.431844
ISIC_0071069,0.431779
ISIC_0065823,0.431511
ISIC_4738636,0.431204
ISIC_0068116,0.430965
ISIC_0032887,0.430836
ISIC_0060326,0.4307
ISIC_0030072,0.430606
ISIC_2215276,0.430441
ISIC_5010212,0.430341
ISIC_0030440,0.42991
ISIC_7053271,0.429834
ISIC_0010398,0.429482
ISIC_2904067,0.429206
ISIC_0027561,0.42885
ISIC_7768567,0.4286
ISIC_0011380,0.428511
ISIC_0000531,0.428457
ISIC_0033476,0.428282
ISIC_0033664,0.42824
ISIC_0065727,0.428182
ISIC_0030122,0.428083
ISIC_7545432,0.427805
ISIC_2380341,0.427763
ISIC_8724944,0.427679
ISIC_0059929,0.427482
ISIC_5390932,0.42727
ISIC_0015455,0.426982
ISIC_2918128,0.42618
ISIC_9956400,0.426084
ISIC_0013459,0.426067
ISIC_2868199,0.425873
ISIC_0064692,0.425796
ISIC_5762714,0.425404
ISIC_0014347,0.425159
ISIC_5330187,0.424515
ISIC_4322954,0.424496
ISIC_0000145,0.424443
ISIC_0054006,0.424141
ISIC_4358550,0.423772
ISIC_0029205,0.42354
ISIC_0010251,0.423365
ISIC_9223679,0.423013
ISIC_0059065,0.422986
ISIC_0031184,0.422705
ISIC_0063180,0.422432
ISIC_0028319,0.422047
ISIC_4653167,0.421936
ISIC_0057164,0.421874
ISIC_1848300,0.421683
ISIC_9947624,0.421672
ISIC_7550510,0.421458
ISIC_0065468,0.421378
ISIC_1177153,0.421184
ISIC_1566215,0.421109
ISIC_0026545,0.421003
ISIC_0072001,0.420651
ISIC_0055601,0.42051
ISIC_1495182,0.420463
ISIC_0033114,0.420446
ISIC_0028898,0.420277
ISIC_3094758,0.420235
ISIC_0071043,0.420213
ISIC_9008026,0.419884
ISIC_6647306,0.419878
ISIC_4915897,0.419842
ISIC_0068233,0.419712
ISIC_0025508,0.419636
ISIC_0443835,0.419516
ISIC_6990973,0.419289
ISIC_9241732,0.419176
ISIC_0027499,0.418713
ISIC_6334958,0.41862
ISIC_5190484,0.418553
ISIC_7452503,0.418522
ISIC_0033621,0.418376
ISIC_6605122,0.418373
ISIC_7101810,0.418345
ISIC_5659295,0.417983
ISIC_0009993,0.417951
ISIC_0058040,0.417566
ISIC_2039579,0.417538
ISIC_0072641,0.417399
ISIC_4702522,0.417263
ISIC_0032583,0.417216
ISIC_0032383,0.415982
ISIC_2337650,0.415067
ISIC_8194835,0.414751
ISIC_0011490,0.414357
ISIC_1072321,0.41414
ISIC_4973666,0.413873
ISIC_0055241,0.413538
ISIC_0014857,0.413352
ISIC_0027921,0.413349
ISIC_9351418,0.41283
ISIC_9294799,0.412546
ISIC_7369690,0.412017
ISIC_6676647,0.411583
ISIC_0033042,0.411462
ISIC_0377965,0.41117
ISIC_0027033,0.410906
ISIC_0024607,0.410729
ISIC_7564545,0.410593
ISIC_0026010,0.410556
ISIC_6507412,0.410457
ISIC_1850196,0.410416
ISIC_7180418,0.410195
ISIC_4811165,0.409919
ISIC_0013530,0.409352
ISIC_0033473,0.409093
ISIC_6037869,0.409048
ISIC_0059904,0.408669
ISIC_0056413,0.40823
ISIC_8127578,0.408059
ISIC_0055367,0.40804
ISIC_6668197,0.407392
ISIC_0485881,0.406875
ISIC_4798962,0.406633
ISIC_1426331,0.406501
ISIC_0000163,0.40631
ISIC_6069236,0.406185
ISIC_0054670,0.406169
ISIC_3418978,0.405745
ISIC_8378321,0.405635
ISIC_4220010,0.405507
ISIC_0032121,0.405105
ISIC_7833178,0.405023
ISIC_0001102,0.404779
ISIC_1519891,0.404525
ISIC_0068961,0.404365
ISIC_7898061,0.404212
ISIC_0055253,0.404148
ISIC_0222299,0.403704
ISIC_0011698,0.403572
ISIC_3002956,0.403481
ISIC_5789994,0.403458
ISIC_0000151,0.402551
ISIC_0033452,0.402531
ISIC_0030774,0.402529
ISIC_9690263,0.402515
ISIC_0015251,0.401979
ISIC_0031101,0.401886
ISIC_0032244,0.401622
ISIC_0011521,0.401554
ISIC_0070585,0.40154
ISIC_6745554,0.401074
ISIC_2283509,0.400717
ISIC_0010788,0.400624
ISIC_1681964,0.400115
ISIC_7693611,0.399931
ISIC_2772616,0.399642
ISIC_8654660,0.399589
ISIC_0011135,0.399576
ISIC_5358568,0.399364
ISIC_0069351,0.399198
ISIC_0070217,0.39893
ISIC_2152875,0.398889
ISIC_7601403,0.398742
ISIC_8969883,0.398691
ISIC_0028847,0.398664
ISIC_1533305,0.398404
ISIC_9630931,0.398395
ISIC_0029639,0.397995
ISIC_1334038,0.39728
ISIC_7976724,0.397221
ISIC_0031363,0.397073
ISIC_6938608,0.396311
ISIC_1175291,0.395508
ISIC_0033655,0.395429
ISIC_0060589,0.395093
ISIC_1004416,0.394998
ISIC_0011947,0.394849
ISIC_0033415,0.39455
ISIC_4371210,0.394462
ISIC_0033337,0.394314
ISIC_0064014,0.394188
ISIC_4197990,0.39408
ISIC_0054070,0.394021
ISIC_0031477,0.393825
ISIC_7558912,0.393751
ISIC_7938688,0.392714
ISIC_0059547,0.392585
ISIC_0059671,0.392521
ISIC_0013639,0.39247
ISIC_3195720,0.392252
ISIC_0062713,0.392085
ISIC_0010770,0.391482
ISIC_7873541,0.39132
ISIC_0025987,0.39108
ISIC_0067830,0.390897
ISIC_0030845,0.390865
ISIC_0010533,0.39014
ISIC_0054332,0.390066
ISIC_0069705,0.390056
ISIC_0063680,0.389634
ISIC_0032181,0.389547
ISIC_0033261,0.389543
ISIC_0061941,0.389513
ISIC_3225754,0.389458
ISIC_0032922,0.389149
ISIC_0057594,0.389074
ISIC_0058909,0.388824
ISIC_6559840,0.388802
ISIC_0010550,0.388733
ISIC_0033016,0.388244
ISIC_0070313,0.388205
ISIC_0066001,0.38814
ISIC_3716504,0.388028
ISIC_7651838,0.38794
ISIC_6385074,0.387751
ISIC_9560298,0.387398
ISIC_9822350,0.386959
ISIC_1155782,0.385201
ISIC_0010773,0.384944
ISIC_0057531,0.384887
ISIC_0028418,0.384732
ISIC_9918523,0.384437
ISIC_0525687,0.384292
ISIC_0011729,0.383896
ISIC_3292151,0.383671
ISIC_0057696,0.383669
ISIC_3586669,0.383664
ISIC_0070074,0.383318
ISIC_7532154,0.38318
ISIC_5569091,0.382578
ISIC_7235128,0.382365
ISIC_0067333,0.382227
ISIC_0030171,0.382209
ISIC_8158081,0.381336
ISIC_2937407,0.380695
ISIC_5191344,0.380169
ISIC_6225409,0.380141
ISIC_9157162,0.379914
ISIC_9355535,0.379908
ISIC_6704623,0.379511
ISIC_1644520,0.378705
ISIC_7299025,0.378508
ISIC_0014229,0.378433
ISIC_0032812,0.378224
ISIC_2078053,0.377981
ISIC_1344537,0.377499
ISIC_9222136,0.377425
ISIC_0719631,0.377001
ISIC_7844565,0.376904
ISIC_0226072,0.376756
ISIC_3521671,0.37672
ISIC_2198823,0.376648
ISIC_0028352,0.376578
ISIC_0046224,0.375981
ISIC_9324486,0.375072
ISIC_0028969,0.375012
ISIC_0054229,0.37474
ISIC_4128129,0.374423
ISIC_9001948,0.374094
ISIC_0029675,0.373949
ISIC_4362713,0.373867
ISIC_0034104,0.373637
ISIC_0011510,0.373627
ISIC_0032152,0.373602
ISIC_0028031,0.373396
ISIC_0011956,0.373313
ISIC_4673648,0.37328
ISIC_4521222,0.373229
ISIC_0055226,0.372917
ISIC_4174592,0.372281
ISIC_0063926,0.372244
ISIC_0061559,0.372177
ISIC_4131697,0.372027
ISIC_1630301,0.371802
ISIC_4980656,0.371642
ISIC_2241755,0.371413
ISIC_0014501,0.371115
ISIC_0065597,0.370513
ISIC_0056677,0.369916
ISIC_9996128,0.369877
ISIC_3410193,0.369776
ISIC_2658858,0.369698
ISIC_1460249,0.369572
ISIC_0068126,0.369551
ISIC_0013672,0.369457
ISIC_7694028,0.369404
ISIC_0244240,0.369004
ISIC_7129085,0.368825
ISIC_3342474,0.368759
ISIC_3944634,0.36868
ISIC_0911448,0.36861
ISIC_0010380,0.368545
ISIC_0053734,0.368519
ISIC_0069996,0.368072
ISIC_0623284,0.36734
ISIC_9865097,0.367318
ISIC_0024805,0.366433
ISIC_0055054,0.366302
ISIC_5486725,0.36584
ISIC_0031013,0.365678
ISIC_7323761,0.365598
ISIC_0010321,0.365416
ISIC_9828853,0.365345
ISIC_0034237,0.365276
ISIC_8626787,0.365196
ISIC_1226882,0.365139
ISIC_3519679,0.364699
ISIC_3842916,0.364506
ISIC_4026540,0.36414
ISIC_7806612,0.363981
ISIC_0069167,0.363925
ISIC_8160596,0.363704
ISIC_0000517,0.363444
ISIC_0000392,0.363438
ISIC_0001103,0.363262
ISIC_5367118,0.363001
ISIC_0054625,0.362968
ISIC_5501795,0.362855
ISIC_0030610,0.36219
ISIC_0072182,0.361839
ISIC_0001578,0.361738
ISIC_0013525,0.361628
ISIC_1552232,0.361471
ISIC_8626909,0.361323
ISIC_0028698,0.361298
ISIC_0029593,0.360727
ISIC_0059349,0.360398
ISIC_5123817,0.360318
ISIC_1607865,0.360262
ISIC_0059987,0.360088
ISIC_2693412,0.359693
ISIC_0010103,0.359601
ISIC_2975167,0.359582
ISIC_9302863,0.359436
ISIC_0024811,0.359431
ISIC_0067979,0.359396
ISIC_6174156,0.359133
ISIC_4777536,0.3588
ISIC_7505369,0.358741
ISIC_4900077,0.358634
ISIC_4184101,0.358611
ISIC_0025546,0.358519
ISIC_0030183,0.358333
ISIC_5833015,0.35817
ISIC_0060297,0.358008
ISIC_7292983,0.357746
ISIC_0014222,0.357703
ISIC_2885086,0.357225
ISIC_6486856,0.357178
ISIC_0062025,0.35694
ISIC_0014844,0.356937
ISIC_7984646,0.356467
ISIC_0057759,0.356321
ISIC_0005769,0.356211
ISIC_0056811,0.356137
ISIC_0067170,0.355042
ISIC_0024951,0.355034
ISIC_4836699,0.354777
ISIC_0046917,0.354426
ISIC_0046225,0.354325
ISIC_0905367,0.35409
ISIC_0024351,0.354064
ISIC_0065313,0.353817
ISIC_1142962,0.353735
ISIC_8523143,0.353696
ISIC_7260977,0.353662
ISIC_0295323,0.353498
ISIC_0056246,0.352778
ISIC_0007619,0.35234
ISIC_0062208,0.351953
ISIC_1738738,0.351936
ISIC_8266094,0.351922
ISIC_0063190,0.351822
ISIC_3892947,0.351424
ISIC_0013565,0.351329
ISIC_0000035,0.35105
ISIC_9121369,0.350788
ISIC_0029028,0.350685
ISIC_0032626,0.35063
ISIC_3289574,0.350547
ISIC_0032546,0.350471
ISIC_0062241,0.350303
ISIC_0034089,0.350301
ISIC_0033485,0.349898
ISIC_6997433,0.349729
ISIC_4086323,0.349591
ISIC_6357263,0.349561
ISIC_5485674,0.349559
ISIC_4847584,0.349342
ISIC_8624049,0.349208
ISIC_5747486,0.349102
ISIC_0030760,0.349002
ISIC_0001792,0.348551
ISIC_0890398,0.34828
ISIC_0028087,0.348074
ISIC_7637091,0.347763
ISIC_4136663,0.347653
ISIC_0064427,0.34748
ISIC_0010241,0.347131
ISIC_6674797,0.347073
ISIC_5164416,0.347064
ISIC_1863917,0.347056
ISIC_0025231,0.346944
ISIC_0046315,0.346938
ISIC_9183042,0.346395
ISIC_0026730,0.345841
ISIC_0012988,0.34583
ISIC_0011091,0.345702
ISIC_0034253,0.345591
ISIC_0072976,0.345524
ISIC_7369312,0.345346
ISIC_0016145,0.345324
ISIC_0028768,0.345103
ISIC_5377237,0.34463
ISIC_0027302,0.344503
ISIC_0973194,0.344437
ISIC_9974613,0.344415
ISIC_0025904,0.344326
ISIC_0024344,0.344133
ISIC_0033562,0.34376
ISIC_9232153,0.343687
ISIC_0054151,0.343665
ISIC_2177748,0.343442
ISIC_9579506,0.343228
ISIC_0071904,0.343221
ISIC_0006328,0.343167
ISIC_0032248,0.343004
ISIC_3764173,0.342881
ISIC_3436139,0.342817
ISIC_0056534,0.342745
ISIC_0000466,0.342708
ISIC_5247560,0.342297
ISIC_0062525,0.342194
ISIC_8278688,0.342137
ISIC_4645995,0.341906
ISIC_0561634,0.341331
ISIC_6681802,0.34132
ISIC_2163734,0.341084
ISIC_2126035,0.34089
ISIC_7533983,0.340226
ISIC_4460849,0.340189
ISIC_4552230,0.340184
ISIC_2703002,0.339982
ISIC_0014319,0.339973
ISIC_0010304,0.339944
ISIC_0034046,0.339773
ISIC_5359416,0.339705
ISIC_8907232,0.339679
ISIC_0063842,0.339641
ISIC_5335139,0.339524
ISIC_6004197,0.339446
ISIC_1685962,0.339375
ISIC_7438013,0.339295
ISIC_1501483,0.339166
ISIC_0005261,0.338604
ISIC_0010267,0.33853
ISIC_0770920,0.338348
ISIC_0058047,0.338279
ISIC_0024308,0.338127
ISIC_6821316,0.337992
ISIC_0026560,0.337731
ISIC_0055297,0.337692
ISIC_2337786,0.337682
ISIC_4348579,0.337665
ISIC_8344345,0.337643
ISIC_9317929,0.337321
ISIC_0012678,0.337113
ISIC_4765919,0.337086
ISIC_0008816,0.336989
ISIC_0026081,0.336728
ISIC_0067127,0.336611
ISIC_1638357,0.33645
ISIC_0056921,0.33639
ISIC_9453737,0.336086
ISIC_0010848,0.335976
ISIC_0072252,0.335906
ISIC_0059855,0.335786
ISIC_0062456,0.335566
ISIC_0027981,0.335414
ISIC_0009975,0.335346
ISIC_6258744,0.335259
ISIC_1637536,0.335154
ISIC_7994337,0.33447
ISIC_0033119,0.334212
ISIC_2647198,0.334136
ISIC_0034222,0.334032
ISIC_0283541,0.333926
ISIC_0887530,0.333805
ISIC_8433608,0.33374
ISIC_2772066,0.333722
ISIC_0032695,0.333093
ISIC_0033037,0.333
ISIC_7140778,0.332455
ISIC_0059773,0.331896
ISIC_0057787,0.331506
ISIC_0054963,0.3313
ISIC_0067417,0.331243
ISIC_1802502,0.330627
ISIC_9125543,0.329755
ISIC_0033759,0.329668
ISIC_3193774,0.329534
ISIC_7235371,0.329232
ISIC_0331124,0.328662
ISIC_6159783,0.328585
ISIC_8409262,0.328266
ISIC_6220625,0.328216
ISIC_0011434,0.327899
ISIC_0024958,0.327749
ISIC_3018550,0.327737
ISIC_0057655,0.327631
ISIC_0033687,0.327595
ISIC_9049170,0.327451
ISIC_0010468,0.327394
ISIC_1216698,0.326932
ISIC_4414811,0.326918
ISIC_2253931,0.326851
ISIC_0025796,0.326708
ISIC_3800974,0.326704
ISIC_9955163,0.326701
ISIC_6458982,0.326399
ISIC_7466175,0.326188
ISIC_0069918,0.325467
ISIC_4067693,0.325352
ISIC_1343302,0.325025
ISIC_2554114,0.324896
ISIC_0032914,0.324865
ISIC_0032441,0.324819
ISIC_3246746,0.324711
ISIC_6260969,0.324656
ISIC_0032098,0.324631
ISIC_0011269,0.324567
ISIC_0055081,0.324502
ISIC_0033359,0.324491
ISIC_6556622,0.324414
ISIC_3188062,0.323547
ISIC_0010131,0.322502
ISIC_0067564,0.322386
ISIC_0033668,0.322352
ISIC_7351443,0.321441
ISIC_4438786,0.321343
ISIC_0062443,0.321029
ISIC_6297317,0.320856
ISIC_0014093,0.320773
ISIC_9791275,0.320383
ISIC_7666224,0.320281
ISIC_8689112,0.320248
ISIC_2954564,0.319868
ISIC_0055412,0.31985
ISIC_3074949,0.319718
ISIC_7513677,0.3192
ISIC_1696845,0.319138
ISIC_0063081,0.319022
ISIC_0062536,0.318959
ISIC_9852341,0.318727
ISIC_0063225,0.318446
ISIC_0034002,0.318249
ISIC_0055314,0.317515
ISIC_0033725,0.317365
ISIC_7658133,0.317128
ISIC_0024552,0.316965
ISIC_5823859,0.316859
ISIC_7865214,0.31649
ISIC_0924902,0.316028
ISIC_0062997,0.315906
ISIC_0011030,0.315759
ISIC_4748605,0.315283
ISIC_6254731,0.315099
ISIC_1785627,0.315021
ISIC_3826001,0.314891
ISIC_0026966,0.314837
ISIC_0015185,0.314701
ISIC_0054671,0.314628
ISIC_0057949,0.314156
ISIC_0610849,0.313954
ISIC_4933735,0.313941
ISIC_0028716,0.313879
ISIC_8298434,0.313225
ISIC_0068381,0.313062
ISIC_0054744,0.312991
ISIC_7967108,0.31278
ISIC_3346045,0.312518
ISIC_7740023,0.312476
ISIC_5942564,0.312461
ISIC_6208708,0.312448
ISIC_0046908,0.312209
ISIC_1089617,0.311883
ISIC_0014061,0.311777
ISIC_0182020,0.311717
ISIC_2226940,0.311535
ISIC_4838916,0.311172
ISIC_0026094,0.31084
ISIC_0032019,0.310738
ISIC_0063872,0.310435
ISIC_0031941,0.310287
ISIC_0504165,0.310184
ISIC_0057881,0.310093
ISIC_4619903,0.310034
ISIC_0067077,0.309809
ISIC_9052604,0.309599
ISIC_0061454,0.309533
ISIC_0014891,0.309531
ISIC_1453146,0.309495
ISIC_0030235,0.30934
ISIC_0026781,0.309266
ISIC_5866419,0.309211
ISIC_0073043,0.309161
ISIC_3561065,0.308803
ISIC_0064822,0.308801
ISIC_1497525,0.308551
ISIC_2234076,0.307179
ISIC_0063258,0.307143
ISIC_6108795,0.30706
ISIC_5272345,0.306292
ISIC_3961647,0.306282
ISIC_8174951,0.306124
ISIC_0378399,0.306085
ISIC_0485529,0.305873
ISIC_9655520,0.305502
ISIC_3805025,0.305461
ISIC_7822725,0.305368
ISIC_0057892,0.30523
ISIC_1076474,0.304973
ISIC_3965087,0.304306
ISIC_0011013,0.304117
ISIC_5951430,0.304103
ISIC_8821700,0.303995
ISIC_4044751,0.303966
ISIC_8779142,0.303927
ISIC_0069204,0.303621
ISIC_8820668,0.303298
ISIC_5468164,0.302771
ISIC_0011127,0.302606
ISIC_0029322,0.302572
ISIC_0806140,0.302466
ISIC_0645477,0.301833
ISIC_0030817,0.301741
ISIC_7454512,0.301278
ISIC_9207137,0.301239
ISIC_0060355,0.301071
ISIC_2518672,0.301052
ISIC_0055438,0.301041
ISIC_8495875,0.300783
ISIC_0057913,0.300566
ISIC_0804420,0.300546
ISIC_0029441,0.300493
ISIC_2075546,0.300441
ISIC_1328488,0.300361
ISIC_0054048,0.29978
ISIC_1732527,0.299674
ISIC_0033986,0.299308
ISIC_4474352,0.298704
ISIC_0070110,0.298387
ISIC_0026309,0.298322
ISIC_2354070,0.298209
ISIC_0068924,0.298175
ISIC_2058516,0.297651
ISIC_0027721,0.297618
ISIC_0033017,0.297037
ISIC_0024246,0.296965
ISIC_0024298,0.296872
ISIC_6546981,0.296576
ISIC_0004907,0.296558
ISIC_5305288,0.296484
ISIC_4964478,0.296357
ISIC_0066952,0.296162
ISIC_7264251,0.295934
ISIC_0008774,0.295918
ISIC_2011408,0.295753
ISIC_0014150,0.29564
ISIC_0030373,0.295504
ISIC_6976570,0.295482
ISIC_0055287,0.295155
ISIC_0058016,0.295133
ISIC_2395624,0.295074
ISIC_3180213,0.295049
ISIC_4614604,0.295016
ISIC_3560519,0.294728
ISIC_0025238,0.294685
ISIC_5203791,0.29437
ISIC_3386753,0.294138
ISIC_0033953,0.293975
ISIC_0024266,0.293905
ISIC_0025653,0.293865
ISIC_5364330,0.293829
ISIC_0062234,0.293732
ISIC_5498202,0.293482
ISIC_0030952,0.293314
ISIC_3399603,0.292993
ISIC_0403458,0.292942
ISIC_0070551,0.292566
ISIC_0063061,0.292404
ISIC_4404772,0.292387
ISIC_0030447,0.292338
ISIC_9182492,0.292239
ISIC_0033696,0.292164
ISIC_4442490,0.292034
ISIC_0010883,0.291766
ISIC_5490257,0.291491
ISIC_0063300,0.291471
ISIC_5239607,0.290795
ISIC_5284935,0.290655
ISIC_9210086,0.290433
ISIC_0929483,0.289975
ISIC_0029495,0.289969
ISIC_3409824,0.289726
ISIC_2050512,0.289714
ISIC_0057963,0.289663
ISIC_0002295,0.289498
ISIC_0033007,0.289074
ISIC_8128335,0.288857
ISIC_6526489,0.288735
ISIC_0067027,0.288548
ISIC_0059864,0.287965
ISIC_2513481,0.287895
ISIC_0011733,0.287756
ISIC_0066012,0.287426
ISIC_0058607,0.287152
ISIC_8562820,0.287086
ISIC_8344196,0.286956
ISIC_7641956,0.286839
ISIC_0056092,0.286715
ISIC_0056466,0.286603
ISIC_0032046,0.28648
ISIC_0066033,0.286266
ISIC_0065883,0.286162
ISIC_9775430,0.28608
ISIC_1628539,0.285104
ISIC_0028903,0.284927
ISIC_8663971,0.284843
ISIC_0031915,0.284629
ISIC_0025413,0.284227
ISIC_0061188,0.284197
ISIC_0028488,0.284071
ISIC_0064124,0.283533
ISIC_4099428,0.283477
ISIC_5476277,0.283238
ISIC_4597707,0.283031
ISIC_0010543,0.28287
ISIC_0067458,0.282822
ISIC_0059357,0.282537
ISIC_0070215,0.282326
ISIC_7319686,0.282054
ISIC_5233769,0.281788
ISIC_5895384,0.281694
ISIC_6255113,0.281606
ISIC_7530414,0.281557
ISIC_0030660,0.281504
ISIC_0028465,0.281481
ISIC_0028207,0.281219
ISIC_0012288,0.280923
ISIC_4642190,0.280519
ISIC_4350093,0.280406
ISIC_0053996,0.280358
ISIC_8651476,0.280312
ISIC_0058625,0.28022
ISIC_6348638,0.280145
ISIC_1194944,0.279954
ISIC_0029815,0.279704
ISIC_4288307,0.279593
ISIC_8207162,0.27934
ISIC_5960641,0.279161
ISIC_0031795,0.278905
ISIC_8206667,0.278603
ISIC_0025219,0.278396
ISIC_4843102,0.277992
ISIC_7976934,0.277934
ISIC_9626241,0.277868
ISIC_9513808,0.277511
ISIC_0294399,0.277295
ISIC_1379601,0.277292
ISIC_4903988,0.276847
ISIC_1860707,0.276432
ISIC_1578253,0.275987
ISIC_0069504,0.275959
ISIC_2457859,0.275878
ISIC_0000440,0.275584
ISIC_0054941,0.275577
ISIC_0350472,0.275553
ISIC_1543544,0.275186
ISIC_4055288,0.27513
ISIC_3878174,0.275041
ISIC_0056546,0.274923
ISIC_0027030,0.274773
ISIC_0032976,0.274295
ISIC_2445765,0.274277
ISIC_0013497,0.274079
ISIC_0026160,0.274007
ISIC_1805921,0.273921
ISIC_0012081,0.273717
ISIC_0024313,0.273567
ISIC_0028878,0.273322
ISIC_0027445,0.273251
ISIC_3617159,0.273143
ISIC_7685761,0.27263
ISIC_0012395,0.272292
ISIC_0015938,0.272226
ISIC_4955457,0.272166
ISIC_0064107,0.272058
ISIC_0000469,0.271938
ISIC_0014221,0.271399
ISIC_9547089,0.271222
ISIC_0031401,0.271068
ISIC_0010364,0.271022
ISIC_4062017,0.270743
ISIC_3152541,0.270726
ISIC_0032820,0.270603
ISIC_6496370,0.270254
ISIC_4837536,0.269952
ISIC_8033373,0.269733
ISIC_0026770,0.269548
ISIC_3786438,0.269366
ISIC_2739449,0.269279
ISIC_4170698,0.269248
ISIC_5843614,0.268975
ISIC_0000483,0.268939
ISIC_7421214,0.268602
ISIC_8749288,0.26825
ISIC_8561963,0.268145
ISIC_0065039,0.268113
ISIC_7702857,0.268052
ISIC_5974838,0.267765
ISIC_0413154,0.267599
ISIC_0010982,0.267246
ISIC_3260571,0.267236
ISIC_0062223,0.266534
ISIC_1985436,0.266524
ISIC_5298216,0.266358
ISIC_8481979,0.266147
ISIC_0070403,0.265537
ISIC_0072195,0.265287
ISIC_4884803,0.265275
ISIC_0068314,0.264618
ISIC_9465061,0.264575
ISIC_6384927,0.264545
ISIC_0064559,0.264507
ISIC_7384382,0.264326
ISIC_0031295,0.2643
ISIC_9860895,0.264264
ISIC_7797655,0.263853
ISIC_6385296,0.263808
ISIC_3370062,0.263647
ISIC_5738369,0.263378
ISIC_0063745,0.262761
ISIC_1729223,0.262382
ISIC_1359533,0.262212
ISIC_1223849,0.262151
ISIC_0027391,0.262054
ISIC_7604596,0.261846
ISIC_2555494,0.261727
ISIC_0001151,0.261525
ISIC_0061627,0.261473
ISIC_0072174,0.26141
ISIC_1497800,0.261321
ISIC_0024277,0.261286
ISIC_0025409,0.261011
ISIC_0070250,0.260959
ISIC_7218890,0.260833
ISIC_4087267,0.260677
ISIC_5495413,0.260664
ISIC_0058836,0.260535
ISIC_0029478,0.260523
ISIC_4938638,0.260415
ISIC_1037315,0.260346
ISIC_6298228,0.260345
ISIC_0029513,0.260296
ISIC_8135400,0.26009
ISIC_6507492,0.25978
ISIC_4369035,0.259692
ISIC_1370142,0.259496
ISIC_6779421,0.259219
ISIC_7680333,0.258572
ISIC_0027378,0.258472
ISIC_4303228,0.258354
ISIC_0058716,0.257986
ISIC_0653706,0.257779
ISIC_0011211,0.257667
ISIC_0029698,0.257642
ISIC_8041550,0.257192
ISIC_9154716,0.257162
ISIC_0927854,0.256634
ISIC_0028883,0.256333
ISIC_2193761,0.256288
ISIC_1977265,0.255529
ISIC_5441247,0.255169
ISIC_8296881,0.25511
ISIC_4289906,0.255062
ISIC_8440070,0.255045
ISIC_0031324,0.255
ISIC_0080539,0.254996
ISIC_2394780,0.254988
ISIC_6228471,0.254591
ISIC_6127074,0.254557
ISIC_0011615,0.254308
ISIC_8953848,0.254244
ISIC_0011398,0.254048
ISIC_0026258,0.253733
ISIC_0024697,0.252894
ISIC_0011798,0.252854
ISIC_7068674,0.252702
ISIC_0097500,0.252538
ISIC_9786863,0.252492
ISIC_2266715,0.25241
ISIC_7349772,0.252132
ISIC_0593591,0.252116
ISIC_5790319,0.252061
ISIC_5580000,0.252036
ISIC_0014290,0.251884
ISIC_6088194,0.251603
ISIC_0032955,0.251386
ISIC_1440377,0.251164
ISIC_0026438,0.251005
ISIC_5581297,0.25078
ISIC_9593940,0.250731
ISIC_5067317,0.250596
ISIC_0032981,0.249887
ISIC_1115160,0.249697
ISIC_0014860,0.249196
ISIC_8011058,0.249161
ISIC_0027590,0.249094
ISIC_5810196,0.249046
ISIC_0030296,0.24879
ISIC_8064866,0.248581
ISIC_0000541,0.248406
ISIC_5576354,0.248087
ISIC_0009985,0.247969
ISIC_0031589,0.247935
ISIC_0069638,0.24779
ISIC_3440004,0.247602
ISIC_0024441,0.247415
ISIC_0032559,0.247322
ISIC_0058035,0.247316
ISIC_0001101,0.247299
ISIC_0025324,0.24716
ISIC_7572137,0.247102
ISIC_8860929,0.246467
ISIC_0071457,0.246367
ISIC_6774326,0.246093
ISIC_0069475,0.246069
ISIC_1092432,0.245824
ISIC_3495113,0.245484
ISIC_7919133,0.245409
ISIC_0070822,0.245188
ISIC_8692950,0.245066
ISIC_0030754,0.244917
ISIC_0062440,0.244652
ISIC_0012840,0.244361
ISIC_2430937,0.244333
ISIC_4538207,0.244252
ISIC_5611515,0.243588
ISIC_2690597,0.242596
ISIC_0013577,0.242593
ISIC_8993666,0.24215
ISIC_0012245,0.242124
ISIC_0057484,0.241969
ISIC_1597566,0.24145
ISIC_5275138,0.241346
ISIC_4033676,0.241195
ISIC_0054914,0.241155
ISIC_4525317,0.241117
ISIC_0064683,0.240933
ISIC_7507286,0.240917
ISIC_0046828,0.240599
ISIC_0028103,0.240434
ISIC_1287370,0.240414
ISIC_0062684,0.24008
ISIC_2094429,0.240059
ISIC_0210998,0.239918
ISIC_5747942,0.239091
ISIC_7262685,0.238962
ISIC_4574865,0.238832
ISIC_0067577,0.238697
ISIC_0033771,0.238375
ISIC_0002213,0.238199
ISIC_6425888,0.237669
ISIC_0055140,0.236759
ISIC_0031087,0.236518
ISIC_0026700,0.235979
ISIC_0028915,0.235471
ISIC_0061315,0.235446
ISIC_0032873,0.235441
ISIC_0027265,0.235192
ISIC_0674746,0.234947
ISIC_4780727,0.23487
ISIC_0055046,0.234733
ISIC_9782083,0.234676
ISIC_0066749,0.23421
ISIC_2106823,0.233633
ISIC_7575957,0.233384
ISIC_8374889,0.233318
ISIC_0006672,0.232896
ISIC_0065658,0.232858
ISIC_9672482,0.232822
ISIC_0056817,0.232133
ISIC_0064623,0.232049
ISIC_0025751,0.231255
ISIC_0654846,0.23118
ISIC_9745492,0.230799
ISIC_6761269,0.230687
ISIC_0024261,0.230591
ISIC_0271408,0.230537
ISIC_0014160,0.230468
ISIC_0011388,0.230321
ISIC_0015180,0.230052
ISIC_0032492,0.230041
ISIC_0031629,0.229883
ISIC_8783066,0.22984
ISIC_0061085,0.229681
ISIC_0046609,0.229412
ISIC_2940684,0.228915
ISIC_0026115,0.228749
ISIC_0030101,0.228309
ISIC_0072990,0.228248
ISIC_5867911,0.227594
ISIC_0007416,0.227572
ISIC_0067857,0.227484
ISIC_7176034,0.227306
ISIC_1137915,0.22704
ISIC_0029630,0.227022
ISIC_0024792,0.226957
ISIC_5717433,0.226814
ISIC_1560272,0.22638
ISIC_0667763,0.22593
ISIC_7416587,0.225598
ISIC_5422940,0.225281
ISIC_7097931,0.225257
ISIC_8523262,0.225215
ISIC_1328804,0.224612
ISIC_0071111,0.224451
ISIC_0032927,0.224219
ISIC_1009042,0.224075
ISIC_0032684,0.223643
ISIC_0068884,0.223594
ISIC_0054886,0.223561
ISIC_0025812,0.223456
ISIC_1220154,0.223373
ISIC_5709247,0.223185
ISIC_0056860,0.223067
ISIC_9331097,0.222718
ISIC_0060452,0.222641
ISIC_3361955,0.222527
ISIC_5993356,0.222276
ISIC_4049598,0.221779
ISIC_7378303,0.22143
ISIC_8530010,0.221309
ISIC_6449065,0.220784
ISIC_0711360,0.220517
ISIC_5324987,0.219903
ISIC_0057307,0.219848
ISIC_4433832,0.219768
ISIC_0490442,0.219728
ISIC_4899386,0.219721
ISIC_6570611,0.219566
ISIC_9714746,0.219149
ISIC_3460125,0.219023
ISIC_9028726,0.21846
ISIC_5206218,0.218239
ISIC_4507700,0.218199
ISIC_7935989,0.218145
ISIC_0032913,0.218143
ISIC_7799968,0.218141
ISIC_9330527,0.218088
ISIC_0072997,0.217916
ISIC_8429798,0.217646
ISIC_8773962,0.217545
ISIC_6993129,0.217419
ISIC_0070048,0.217355
ISIC_9586758,0.217136
ISIC_0060979,0.216811
ISIC_0026166,0.216686
ISIC_4640181,0.21632
ISIC_8843901,0.216165
ISIC_2153686,0.215821
ISIC_5273029,0.215649
ISIC_6613079,0.215361
ISIC_0056983,0.215185
ISIC_0056063,0.215114
ISIC_7759376,0.21503
ISIC_4266533,0.214765
ISIC_0010655,0.21468
ISIC_0055265,0.214416
ISIC_7852890,0.214245
ISIC_0021713,0.214221
ISIC_0011366,0.21391
ISIC_6809191,0.213842
ISIC_0010597,0.213666
ISIC_0024650,0.213665
ISIC_9525136,0.213618
ISIC_6227920,0.213543
ISIC_0563516,0.213171
ISIC_4359258,0.213068
ISIC_0003117,0.212894
ISIC_9572761,0.212512
ISIC_0058376,0.212127
ISIC_0028029,0.212019
ISIC_6640227,0.211589
ISIC_0002026,0.21142
ISIC_7233368,0.211409
ISIC_0030843,0.21134
ISIC_6201695,0.211168
ISIC_0026239,0.210778
ISIC_0028944,0.210722
ISIC_2661598,0.210364
ISIC_0071996,0.210259
ISIC_5994645,0.210141
ISIC_0065283,0.210087
ISIC_2987677,0.210045
ISIC_8835545,0.210024
ISIC_1632696,0.209821
ISIC_8504492,0.209729
ISIC_0015045,0.209678
ISIC_0064738,0.209593
ISIC_0033071,0.209539
ISIC_0010783,0.209447
ISIC_4646815,0.209305
ISIC_3871225,0.209305
ISIC_1509635,0.209211
ISIC_0070805,0.208681
ISIC_5921777,0.208179
ISIC_0072171,0.208099
ISIC_4459528,0.207995
ISIC_0072335,0.207712
ISIC_6793983,0.207576
ISIC_0063748,0.207404
ISIC_0053611,0.207258
ISIC_9618489,0.207112
ISIC_2071966,0.206817
ISIC_9622250,0.206706
ISIC_0032968,0.206365
ISIC_6278273,0.206156
ISIC_0025218,0.206132
ISIC_6536232,0.206015
ISIC_0054982,0.205655
ISIC_5150938,0.205506
ISIC_0046983,0.205496
ISIC_7518798,0.205331
ISIC_0061092,0.204649
ISIC_0024260,0.204542
ISIC_0069505,0.204526
ISIC_0070940,0.204314
ISIC_0011489,0.204151
ISIC_3430311,0.203938
ISIC_0059597,0.203922
ISIC_0063871,0.203655
ISIC_4821309,0.203597
ISIC_1068686,0.203415
ISIC_5789263,0.203317
ISIC_0025571,0.20306
ISIC_7302456,0.202901
ISIC_3882374,0.202891
ISIC_1974281,0.202677
ISIC_6271913,0.202571
ISIC_1763577,0.202558
ISIC_6731470,0.202278
ISIC_0000143,0.202076
ISIC_0014973,0.201716
ISIC_0024537,0.201426
ISIC_0028306,0.201293
ISIC_0027673,0.201081
ISIC_3975133,0.201016
ISIC_0033568,0.200962
ISIC_5048124,0.200697
ISIC_0067397,0.200638
ISIC_0027817,0.200485
ISIC_3039880,0.199887
ISIC_0015436,0.199812
ISIC_0069481,0.199756
ISIC_1579745,0.199746
ISIC_1499915,0.199686
ISIC_7775535,0.199076
ISIC_0031958,0.199007
ISIC_6398283,0.198585
ISIC_0976232,0.197894
ISIC_0064044,0.197751
ISIC_8664315,0.197558
ISIC_0028626,0.197381
ISIC_7152347,0.196584
ISIC_0013840,0.196523
ISIC_6168754,0.196421
ISIC_6988514,0.196345
ISIC_0060827,0.196015
ISIC_0024898,0.195839
ISIC_0207349,0.195705
ISIC_4193253,0.195411
ISIC_7494625,0.19503
ISIC_3902917,0.194969
ISIC_9848743,0.194723
ISIC_9469284,0.19466
ISIC_0026264,0.194621
ISIC_0024519,0.194372
ISIC_0029686,0.19421
ISIC_1353668,0.194207
ISIC_7035246,0.193836
ISIC_0030957,0.193778
ISIC_0061265,0.193727
ISIC_0066106,0.193623
ISIC_0025152,0.193368
ISIC_0033157,0.193312
ISIC_4129321,0.193238
ISIC_7563949,0.192892
ISIC_0012425,0.192857
ISIC_1108178,0.192644
ISIC_8822738,0.192573
ISIC_0027072,0.192527
ISIC_0066882,0.192048
ISIC_9740245,0.191704
ISIC_5642824,0.191612
ISIC_2980578,0.19152
ISIC_0032372,0.191319
ISIC_7455460,0.1913
ISIC_0027901,0.190706
ISIC_0028366,0.190609
ISIC_1117369,0.190596
ISIC_8527092,0.190522
ISIC_4791589,0.190496
ISIC_0081584,0.190448
ISIC_0030492,0.189586
ISIC_0056440,0.189567
ISIC_4634128,0.189354
ISIC_2733056,0.189308
ISIC_0015264,0.188923
ISIC_0033586,0.188703
ISIC_9417173,0.188643
ISIC_9605122,0.188464
ISIC_0010024,0.188048
ISIC_0030969,0.187881
ISIC_0011799,0.187265
ISIC_0001129,0.187222
ISIC_0028859,0.187133
ISIC_0054341,0.187048
ISIC_0034133,0.187047
ISIC_2141003,0.1869
ISIC_0025056,0.186497
ISIC_2000319,0.186361
ISIC_0067719,0.186309
ISIC_3043475,0.186192
ISIC_0261253,0.186132
ISIC_1432058,0.186129
ISIC_0027069,0.18584
ISIC_8760203,0.185829
ISIC_0176781,0.185815
ISIC_0000155,0.185574
ISIC_0071947,0.185433
ISIC_0032841,0.185176
ISIC_6653311,0.184902
ISIC_7714981,0.184799
ISIC_0024683,0.184686
ISIC_9348809,0.184629
ISIC_0016014,0.184498
ISIC_3820669,0.184439
ISIC_0193907,0.184394
ISIC_7667157,0.184236
ISIC_9445053,0.183933
ISIC_7189490,0.183882
ISIC_7586566,0.183726
ISIC_9529971,0.183695
ISIC_3586824,0.183636
ISIC_3545622,0.183606
ISIC_0033616,0.183552
ISIC_2341875,0.183382
ISIC_9107280,0.183341
ISIC_2291059,0.183006
ISIC_0031935,0.182893
ISIC_0029933,0.182865
ISIC_0032928,0.182832
ISIC_4534608,0.18267
ISIC_0003539,0.182666
ISIC_9509813,0.182576
ISIC_0030407,0.182567
ISIC_0031021,0.182493
ISIC_3797095,0.182457
ISIC_0914251,0.182442
ISIC_3649113,0.182286
ISIC_8306983,0.182114
ISIC_0656395,0.181927
ISIC_7341401,0.181845
ISIC_0192893,0.181494
ISIC_0163812,0.181361
ISIC_0030156,0.180517
ISIC_2245069,0.180435
ISIC_8748070,0.180223
ISIC_0057026,0.180045
ISIC_0071678,0.179805
ISIC_5315125,0.179804
ISIC_5584185,0.179681
ISIC_0060032,0.179673
ISIC_0059427,0.179355
ISIC_6856140,0.178945
ISIC_7312551,0.178809
ISIC_0463755,0.178765
ISIC_0055024,0.178375
ISIC_0011943,0.178034
ISIC_5623973,0.177962
ISIC_1798471,0.177609
ISIC_8622204,0.177581
ISIC_5343231,0.177299
ISIC_3059367,0.177267
ISIC_0033902,0.176757
ISIC_4332885,0.176412
ISIC_0010618,0.176412
ISIC_3418245,0.176335
ISIC_0012065,0.176122
ISIC_6370748,0.176089
ISIC_0027260,0.175979
ISIC_0054087,0.17589
ISIC_0062537,0.175088
ISIC_0056425,0.175072
ISIC_0032995,0.175005
ISIC_0024367,0.174985
ISIC_9168700,0.174949
ISIC_0033977,0.174854
ISIC_1264725,0.174713
ISIC_0027956,0.174468
ISIC_0029651,0.174091
ISIC_8478591,0.174063
ISIC_9743052,0.173825
ISIC_5301938,0.173806
ISIC_3747979,0.172674
ISIC_0070593,0.17238
ISIC_7365615,0.172148
ISIC_2562668,0.172114
ISIC_5550263,0.172111
ISIC_3679789,0.172043
ISIC_0033374,0.171919
ISIC_3447331,0.171536
ISIC_0007501,0.171436
ISIC_8995044,0.171287
ISIC_1152559,0.171266
ISIC_0056902,0.171026
ISIC_0030135,0.170885
ISIC_0064342,0.170803
ISIC_1925623,0.170652
ISIC_1870309,0.170459
ISIC_6440229,0.170267
ISIC_9543945,0.170216
ISIC_0010156,0.169975
ISIC_4263521,0.169671
ISIC_6157226,0.169531
ISIC_4383671,0.169164
ISIC_0028131,0.16906
ISIC_0065324,0.168999
ISIC_0030749,0.168732
ISIC_3767325,0.168461
ISIC_0026910,0.168384
ISIC_0473135,0.167997
ISIC_0015041,0.167534
ISIC_0033432,0.167359
ISIC_5768749,0.167343
ISIC_0028512,0.167249
ISIC_0057362,0.166793
ISIC_0057495,0.16633
ISIC_0067789,0.16623
ISIC_0033279,0.166164
ISIC_4601527,0.165887
ISIC_6684042,0.165868
ISIC_1570390,0.165558
ISIC_0026916,0.165488
ISIC_2160913,0.165284
ISIC_0011944,0.165233
ISIC_2139752,0.16521
ISIC_6767569,0.165134
ISIC_8513112,0.164595
ISIC_5233226,0.164568
ISIC_0026039,0.164404
ISIC_1877535,0.164381
ISIC_4038618,0.16438
ISIC_6119202,0.164294
ISIC_0065463,0.164286
ISIC_1663144,0.164278
ISIC_0011869,0.164208
ISIC_5527224,0.163221
ISIC_0025755,0.163097
ISIC_0982757,0.163061
ISIC_6434210,0.163035
ISIC_0029374,0.162853
ISIC_0028916,0.162141
ISIC_7380353,0.162134
ISIC_4468148,0.162112
ISIC_2809019,0.162084
ISIC_1793624,0.162035
ISIC_5583159,0.161954
ISIC_0029071,0.161816
ISIC_0032939,0.161704
ISIC_0068128,0.161666
ISIC_0071901,0.161287
ISIC_0003822,0.160999
ISIC_8733345,0.160698
ISIC_0026745,0.16065
ISIC_2244564,0.160626
ISIC_0031494,0.160534
ISIC_0057059,0.160481
ISIC_0059336,0.160335
ISIC_0058501,0.159591
ISIC_0010852,0.159575
ISIC_1783062,0.159184
ISIC_5909451,0.158905
ISIC_0065518,0.158824
ISIC_3919752,0.158813
ISIC_0535416,0.158643
ISIC_7867077,0.158598
ISIC_8738598,0.15849
ISIC_0071966,0.158247
ISIC_0465476,0.158114
ISIC_0024892,0.158051
ISIC_2974214,0.158037
ISIC_0072582,0.158006
ISIC_0057858,0.157938
ISIC_3496800,0.15783
ISIC_0029859,0.157469
ISIC_0030087,0.156938
ISIC_5881453,0.156869
ISIC_4856536,0.156817
ISIC_9159730,0.156642
ISIC_0026398,0.156471
ISIC_9122215,0.155993
ISIC_7011122,0.155921
ISIC_0010752,0.15591
ISIC_8135931,0.155832
ISIC_5979807,0.155824
ISIC_7044184,0.15568
ISIC_0904712,0.155572
ISIC_0010440,0.155044
ISIC_0031742,0.154429
ISIC_7287303,0.154156
ISIC_0058998,0.154103
ISIC_0029606,0.154094
ISIC_5110133,0.153281
ISIC_5884700,0.152959
ISIC_0031863,0.152749
ISIC_4826449,0.152452
ISIC_0057155,0.152278
ISIC_0027214,0.152194
ISIC_7226381,0.152048
ISIC_0064270,0.15199
ISIC_0683389,0.151957
ISIC_0000162,0.151614
ISIC_0025597,0.151594
ISIC_3743283,0.151233
ISIC_6672654,0.151213
ISIC_2162728,0.150755
ISIC_0024219,0.150676
ISIC_0028397,0.150366
ISIC_8244535,0.149668
ISIC_7839712,0.149591
ISIC_2219050,0.14944
ISIC_6550761,0.149365
ISIC_7433993,0.149204
ISIC_1637588,0.149005
ISIC_0027502,0.148865
ISIC_5923430,0.148837
ISIC_0024567,0.148721
ISIC_2445475,0.148407
ISIC_0026685,0.148293
ISIC_0009187,0.148213
ISIC_0058828,0.147876
ISIC_0026611,0.147751
ISIC_0012048,0.147737
ISIC_9142919,0.147544
ISIC_6906476,0.14706
ISIC_0032938,0.146983
ISIC_4328662,0.1469
ISIC_0004564,0.146874
ISIC_1265382,0.146826
ISIC_0056041,0.14682
ISIC_9109847,0.146814
ISIC_0645454,0.146655
ISIC_0031463,0.146367
ISIC_0011369,0.146209
ISIC_0033832,0.14564
ISIC_5403296,0.145484
ISIC_1113629,0.145452
ISIC_0029316,0.144864
ISIC_9181399,0.144455
ISIC_0032408,0.144442
ISIC_0009903,0.144212
ISIC_0069121,0.144152
ISIC_5182148,0.144031
ISIC_3684488,0.144016
ISIC_8624186,0.143927
ISIC_0068950,0.143926
ISIC_0032774,0.143921
ISIC_2349743,0.143911
ISIC_0066379,0.143862
ISIC_0024624,0.143716
ISIC_0013243,0.143541
ISIC_4288845,0.143506
ISIC_0413563,0.143451
ISIC_0032638,0.143339
ISIC_0024459,0.143255
ISIC_0000523,0.143099
ISIC_4810485,0.143055
ISIC_2225927,0.143042
ISIC_9978498,0.143023
ISIC_1956354,0.142996
ISIC_5247508,0.142552
ISIC_0766328,0.142405
ISIC_0055776,0.142297
ISIC_0028573,0.142282
ISIC_0029626,0.141959
ISIC_0026244,0.141953
ISIC_0011035,0.141458
ISIC_0060153,0.141446
ISIC_4509925,0.141438
ISIC_0579047,0.14124
ISIC_6027459,0.141037
ISIC_7923008,0.141036
ISIC_0058408,0.140938
ISIC_0033386,0.140743
ISIC_5675703,0.140669
ISIC_2436560,0.140208
ISIC_0046672,0.140013
ISIC_0029470,0.139748
ISIC_0010981,0.13929
ISIC_7412327,0.139257
ISIC_0064997,0.139175
ISIC_0256715,0.139162
ISIC_0006717,0.139158
ISIC_0000154,0.139119
ISIC_0061848,0.139068
ISIC_0064472,0.138922
ISIC_8777813,0.138584
ISIC_0914168,0.138555
ISIC_8282404,0.138516
ISIC_0057244,0.13823
ISIC_0060934,0.138117
ISIC_0030300,0.137971
ISIC_0014395,0.137639
ISIC_5405889,0.13756
ISIC_0034209,0.137289
ISIC_4344870,0.137271
ISIC_6960446,0.137231
ISIC_5336548,0.136626
ISIC_3541663,0.136528
ISIC_4105234,0.136354
ISIC_9095975,0.136289
ISIC_6155782,0.135725
ISIC_0065513,0.135429
ISIC_8343285,0.13444
ISIC_4887874,0.134331
ISIC_0025081,0.134278
ISIC_8634334,0.134256
ISIC_0046504,0.134115
ISIC_0024323,0.133968
ISIC_6639094,0.133929
ISIC_0034079,0.13308
ISIC_0028501,0.133075
ISIC_0069591,0.132816
ISIC_6292348,0.132789
ISIC_7381224,0.132588
ISIC_0010915,0.132388
ISIC_0010651,0.132178
ISIC_4610600,0.131666
ISIC_0000368,0.131488
ISIC_8310944,0.131303
ISIC_2801008,0.131203
ISIC_7303761,0.130881
ISIC_0010734,0.130202
ISIC_1132788,0.129486
ISIC_0062099,0.128937
ISIC_0066262,0.128859
ISIC_0025451,0.128845
ISIC_0034062,0.128815
ISIC_4906385,0.12879
ISIC_7738955,0.128654
ISIC_0056655,0.128579
ISIC_0011960,0.128105
ISIC_2559074,0.128071
ISIC_9854454,0.128045
ISIC_1949126,0.128039
ISIC_0065807,0.127925
ISIC_0011032,0.127567
ISIC_0024585,0.127469
ISIC_5564757,0.126744
ISIC_6215631,0.126741
ISIC_7915065,0.126707
ISIC_5223280,0.126571
ISIC_0010255,0.125962
ISIC_0010611,0.125929
ISIC_0027663,0.12517
ISIC_8787152,0.125124
ISIC_0070051,0.125063
ISIC_0029914,0.124859
ISIC_0014788,0.12484
ISIC_0014103,0.124724
ISIC_5308066,0.124597
ISIC_4163843,0.124061
ISIC_0067653,0.123871
ISIC_6377622,0.123356
ISIC_5281576,0.123288
ISIC_2349994,0.123089
ISIC_0064694,0.12308
ISIC_1166740,0.123058
ISIC_4139260,0.123028
ISIC_8882374,0.122559
ISIC_0016123,0.122535
ISIC_8484660,0.122324
ISIC_1737600,0.122151
ISIC_5482805,0.121859
ISIC_7271745,0.121725
ISIC_0005854,0.121505
ISIC_1379405,0.121438
ISIC_8008242,0.121436
ISIC_2616719,0.121366
ISIC_0067296,0.121112
ISIC_8917755,0.12096
ISIC_5021861,0.120937
ISIC_0011370,0.120937
ISIC_0025464,0.120419
ISIC_4686317,0.120417
ISIC_3901421,0.120333
ISIC_1761083,0.120196
ISIC_3447311,0.119917
ISIC_4272317,0.119823
ISIC_9498942,0.11943
ISIC_1768733,0.119107
ISIC_9819223,0.11896
ISIC_0032509,0.118717
ISIC_8764464,0.118714
ISIC_2876105,0.118601
ISIC_0030002,0.118412
ISIC_0001596,0.1184
ISIC_2849353,0.118356
ISIC_0010873,0.118104
ISIC_2059085,0.117913
ISIC_0694677,0.1177
ISIC_7198887,0.11767
ISIC_9407690,0.117562
ISIC_0033454,0.117402
ISIC_0162967,0.116914
ISIC_3179296,0.116892
ISIC_0056849,0.116884
ISIC_0031118,0.116862
ISIC_0056572,0.116746
ISIC_2805634,0.116108
ISIC_0009958,0.115864
ISIC_9312264,0.115655
ISIC_6378169,0.11505
ISIC_6927363,0.114614
ISIC_5816399,0.114472
ISIC_0031482,0.114372
ISIC_0000441,0.114329
ISIC_8705622,0.114215
ISIC_2993517,0.114111
ISIC_2294790,0.114038
ISIC_8899350,0.113792
ISIC_9259989,0.113749
ISIC_0501108,0.113642
ISIC_0060535,0.113585
ISIC_8942967,0.11329
ISIC_3463156,0.113231
ISIC_3283317,0.113074
ISIC_2922104,0.112309
ISIC_0031155,0.112032
ISIC_3836576,0.111734
ISIC_7260492,0.111596
ISIC_6416533,0.111527
ISIC_2054180,0.111435
ISIC_5247383,0.111358
ISIC_0668772,0.111317
ISIC_1471329,0.110979
ISIC_1380069,0.110962
ISIC_9142818,0.110752
ISIC_0059390,0.110082
ISIC_0031726,0.110072
ISIC_0071916,0.11002
ISIC_3686179,0.109842
ISIC_6313487,0.109665
ISIC_4088444,0.109307
ISIC_0034049,0.109274
ISIC_8671702,0.108447
ISIC_9256438,0.108423
ISIC_2614347,0.108215
ISIC_0069124,0.107889
ISIC_2928274,0.107832
ISIC_3565564,0.107438
ISIC_9214649,0.107392
ISIC_2015441,0.107168
ISIC_0056047,0.106958
ISIC_0024259,0.106713
ISIC_6390738,0.106144
ISIC_7806926,0.106034
ISIC_0027696,0.105924
ISIC_9472209,0.105605
ISIC_5415761,0.105361
ISIC_0064102,0.105298
ISIC_0033058,0.105219
ISIC_8789051,0.10521
ISIC_8138363,0.104741
ISIC_5459256,0.104668
ISIC_7079349,0.104598
ISIC_5555700,0.104545
ISIC_7587869,0.104401
ISIC_1793821,0.10435
ISIC_3792196,0.104034
ISIC_5022895,0.103753
ISIC_8121679,0.103718
ISIC_2183722,0.103665
ISIC_0026300,0.103402
ISIC_8922355,0.103337
ISIC_9718067,0.103306
ISIC_3464344,0.103199
ISIC_3163773,0.103044
ISIC_5527447,0.102721
ISIC_0030462,0.102662
ISIC_2740756,0.102447
ISIC_0030911,0.10211
ISIC_2410736,0.101981
ISIC_2046891,0.101943
ISIC_0011163,0.101879
ISIC_6547707,0.101564
ISIC_2513933,0.101208
ISIC_0024527,0.101112
ISIC_0056260,0.100992
ISIC_1601784,0.100953
ISIC_9518180,0.100859
ISIC_9564379,0.100841
ISIC_0067339,0.100181
ISIC_0011528,0.1
ISIC_5454766,0.099723
ISIC_0011789,0.099387
ISIC_2124213,0.099255
ISIC_8635889,0.099202
ISIC_0256926,0.09917
ISIC_0010658,0.098931
ISIC_5377693,0.098895
ISIC_0027170,0.098856
ISIC_0028070,0.098759
ISIC_4731791,0.098727
ISIC_0069859,0.098625
ISIC_5005869,0.098505
ISIC_0030657,0.098298
ISIC_1585511,0.098088
ISIC_0027480,0.098065
ISIC_0260316,0.098043
ISIC_0026996,0.097756
ISIC_0010171,0.097381
ISIC_9929097,0.097323
ISIC_1200689,0.097281
ISIC_7032028,0.09711
ISIC_8447658,0.096925
ISIC_7967397,0.096302
ISIC_2246150,0.096147
ISIC_0033555,0.095387
ISIC_7161651,0.095233
ISIC_5651106,0.094795
ISIC_3837132,0.094728
ISIC_0027472,0.094492
ISIC_0060656,0.09446
ISIC_0011699,0.094364
ISIC_0032547,0.09332
ISIC_0025169,0.09288
ISIC_0032844,0.092812
ISIC_2311665,0.092761
ISIC_0029716,0.092159
ISIC_0014707,0.091803
ISIC_0001126,0.0918
ISIC_0060659,0.091513
ISIC_0033584,0.091472
ISIC_6155981,0.091469
ISIC_8211214,0.090693
ISIC_3593161,0.090576
ISIC_0033149,0.09057
ISIC_0000213,0.089783
ISIC_0000475,0.089568
ISIC_4325452,0.089429
ISIC_4034244,0.089353
ISIC_1431777,0.089284
ISIC_0014790,0.089219
ISIC_4259290,0.088869
ISIC_0979974,0.088542
ISIC_0033164,0.087827
ISIC_0010209,0.087596
ISIC_9050826,0.087576
ISIC_6914698,0.087536
ISIC_8423326,0.086931
ISIC_9667297,0.086827
ISIC_4035599,0.086821
ISIC_0030769,0.086778
ISIC_2487188,0.086432
ISIC_4620053,0.086228
ISIC_6489993,0.086002
ISIC_1603834,0.085866
ISIC_0016128,0.085566
ISIC_4069836,0.085255
ISIC_2902328,0.085138
ISIC_0025544,0.085104
ISIC_3380212,0.085061
ISIC_0032517,0.085014
ISIC_0030747,0.08492
ISIC_0057692,0.084865
ISIC_0004728,0.084718
ISIC_3799267,0.084703
ISIC_0032561,0.084307
ISIC_0024306,0.08369
ISIC_0025832,0.083555
ISIC_2668481,0.083286
ISIC_4957216,0.083213
ISIC_7746898,0.083064
ISIC_9538419,0.082847
ISIC_1856556,0.082754
ISIC_0033274,0.082675
ISIC_0065740,0.08247
ISIC_6562871,0.082315
ISIC_0060968,0.082224
ISIC_8073036,0.082218
ISIC_0946923,0.081972
ISIC_6759173,0.081965
ISIC_2808622,0.081527
ISIC_1937955,0.081056
ISIC_6119830,0.081045
ISIC_2070595,0.080646
ISIC_3568218,0.080617
ISIC_0072642,0.080558
ISIC_0070003,0.080549
ISIC_0026266,0.080518
ISIC_1305537,0.080148
ISIC_0011097,0.079968
ISIC_0028156,0.079623
ISIC_0059350,0.079346
ISIC_0029705,0.079145
ISIC_0029225,0.079
ISIC_4756979,0.078874
ISIC_9094080,0.078762
ISIC_2924968,0.078663
ISIC_2987630,0.07861
ISIC_4184050,0.07857
ISIC_9940466,0.078092
ISIC_0013702,0.078025
ISIC_0024481,0.077998
ISIC_0062468,0.077977
ISIC_4804158,0.077918
ISIC_1838876,0.077834
ISIC_5652135,0.077699
ISIC_0010808,0.077566
ISIC_4973549,0.077265
ISIC_6455702,0.077198
ISIC_2603420,0.076933
ISIC_0014922,0.076802
ISIC_8150108,0.076538
ISIC_0025015,0.076368
ISIC_2717192,0.07625
ISIC_3952030,0.076162
ISIC_0030751,0.076142
ISIC_2844539,0.075792
ISIC_0030238,0.075676
ISIC_0011483,0.075082
ISIC_5220698,0.074905
ISIC_2126084,0.074783
ISIC_0056531,0.074348
ISIC_0523125,0.074332
ISIC_0011892,0.073991
ISIC_8355446,0.073882
ISIC_0024380,0.073789
ISIC_0010068,0.07353
ISIC_3771332,0.073031
ISIC_9348399,0.072991
ISIC_0028176,0.072776
ISIC_7580408,0.07269
ISIC_4172470,0.072397
ISIC_0062407,0.072183
ISIC_3025889,0.072137
ISIC_1396767,0.071982
ISIC_0033881,0.071964
ISIC_0000058,0.071665
ISIC_5484776,0.071603
ISIC_2211136,0.071588
ISIC_0024300,0.071501
ISIC_5879418,0.071306
ISIC_0034012,0.071169
ISIC_3503302,0.070918
ISIC_0024401,0.070817
ISIC_5586765,0.070805
ISIC_8414421,0.070702
ISIC_3952694,0.070539
ISIC_9958062,0.070482
ISIC_0069891,0.070112
ISIC_9418196,0.069906
ISIC_6366417,0.069785
ISIC_8300954,0.069721
ISIC_7951202,0.069513
ISIC_0025327,0.069339
ISIC_0000002,0.068697
ISIC_8036175,0.068575
ISIC_9545819,0.067955
ISIC_6400232,0.067952
ISIC_7594601,0.067929
ISIC_0032476,0.067645
ISIC_0028534,0.067381
ISIC_0071434,0.067205
ISIC_1389141,0.067196
ISIC_3981101,0.067039
ISIC_6937905,0.066757
ISIC_4604654,0.066578
ISIC_0025535,0.066529
ISIC_0062204,0.066517
ISIC_3900049,0.06618
ISIC_5198780,0.065765
ISIC_3313317,0.06563
ISIC_0072691,0.065418
ISIC_0033831,0.06541
ISIC_0010476,0.065237
ISIC_5994007,0.064696
ISIC_5017874,0.064543
ISIC_0033304,0.06442
ISIC_0013580,0.063662
ISIC_4468129,0.063536
ISIC_4648593,0.063522
ISIC_6001716,0.063398
ISIC_0005639,0.06332
ISIC_0010271,0.063132
ISIC_0067205,0.063079
ISIC_9668514,0.062748
ISIC_0640806,0.062703
ISIC_4224064,0.062607
ISIC_2064934,0.062468
ISIC_1383822,0.061983
ISIC_9870885,0.061882
ISIC_3700351,0.061749
ISIC_1023339,0.061703
ISIC_0065714,0.0611
ISIC_0000801,0.061048
ISIC_5152000,0.060905
ISIC_6003500,0.060665
ISIC_7340926,0.060642
ISIC_0000240,0.060208
ISIC_0029881,0.060138
ISIC_0027043,0.060119
ISIC_2904474,0.059558
ISIC_0072991,0.059319
ISIC_4750271,0.059296
ISIC_5718805,0.059255
ISIC_5805349,0.058997
ISIC_2519121,0.058989
ISIC_2331656,0.05892
ISIC_9100933,0.058854
ISIC_0034107,0.058645
ISIC_0025428,0.058587
ISIC_0061630,0.058574
ISIC_0046647,0.058563
ISIC_1851605,0.058533
ISIC_0057009,0.057805
ISIC_0029056,0.057773
ISIC_4322723,0.057656
ISIC_0025580,0.057198
ISIC_0027271,0.056934
ISIC_3582787,0.056837
ISIC_2196127,0.056699
ISIC_2228511,0.056656
ISIC_9640145,0.056452
ISIC_0010379,0.056362
ISIC_0026120,0.05632
ISIC_4629662,0.055954
ISIC_9433473,0.055856
ISIC_0056186,0.055659
ISIC_0056501,0.055515
ISIC_0071568,0.055052
ISIC_0027076,0.05483
ISIC_1076091,0.054774
ISIC_0030484,0.054589
ISIC_7300631,0.054574
ISIC_6652978,0.054419
ISIC_0580054,0.054047
ISIC_0014211,0.054029
ISIC_4728968,0.053661
ISIC_3575862,0.053566
ISIC_0012066,0.053266
ISIC_6717727,0.053265
ISIC_7167479,0.053056
ISIC_0069183,0.052798
ISIC_8321148,0.052706
ISIC_0013491,0.052647
ISIC_0054570,0.052037
ISIC_1059525,0.051661
ISIC_0016080,0.051342
ISIC_2276141,0.051095
ISIC_0031977,0.050736
ISIC_0009939,0.05071
ISIC_0010591,0.050525
ISIC_4958006,0.050185
ISIC_0626501,0.050179
ISIC_0068610,0.049818
ISIC_8659618,0.049709
ISIC_0024333,0.049606
ISIC_2741583,0.049067
ISIC_0065582,0.048114
ISIC_8108090,0.047862
ISIC_8263741,0.047852
ISIC_0028215,0.047547
ISIC_0026586,0.047493
ISIC_0029081,0.047103
ISIC_0397464,0.047089
ISIC_7448231,0.04695
ISIC_8674332,0.046902
ISIC_7462746,0.046785
ISIC_5416978,0.046042
ISIC_0060486,0.046032
ISIC_0069645,0.045976
ISIC_6178099,0.045949
ISIC_0002549,0.045761
ISIC_5111521,0.045576
ISIC_6126620,0.045197
ISIC_0024423,0.045132
ISIC_5338721,0.044937
ISIC_4183816,0.044794
ISIC_0027304,0.044749
ISIC_8462070,0.044653
ISIC_1805163,0.04457
ISIC_4026019,0.044473
ISIC_0013835,0.044414
ISIC_9696502,0.044346
ISIC_4252887,0.044181
ISIC_0638857,0.043998
ISIC_0065477,0.043963
ISIC_5127759,0.04378
ISIC_0056739,0.043438
ISIC_0031472,0.043405
ISIC_0817654,0.043288
ISIC_2911251,0.04318
ISIC_3981425,0.042991
ISIC_0758797,0.042951
ISIC_0010124,0.042577
ISIC_0012040,0.042485
ISIC_0031074,0.042462
ISIC_6523645,0.042451
ISIC_5406677,0.04192
ISIC_0033954,0.041587
ISIC_0016127,0.041445
ISIC_6533176,0.041196
ISIC_4427755,0.040923
ISIC_3397174,0.040906
ISIC_0033512,0.040708
ISIC_0067485,0.04047
ISIC_0026498,0.040455
ISIC_0645834,0.040402
ISIC_0031745,0.040247
ISIC_0026224,0.04013
ISIC_0034022,0.04013
ISIC_0000077,0.040076
ISIC_0057184,0.039926
ISIC_0071647,0.039886
ISIC_0029652,0.039811
ISIC_0010262,0.039639
ISIC_0024285,0.039614
ISIC_0205127,0.039555
ISIC_0060660,0.03943
ISIC_0054073,0.038778
ISIC_1120654,0.038469
ISIC_7587513,0.038147
ISIC_4425657,0.037618
ISIC_5491641,0.037529
ISIC_8755163,0.037477
ISIC_0028984,0.037359
ISIC_0064669,0.037284
ISIC_6714082,0.036859
ISIC_8692155,0.036769
ISIC_8436666,0.036456
ISIC_5312584,0.036293
ISIC_0024656,0.036249
ISIC_1258763,0.036203
ISIC_8951909,0.0362
ISIC_0000410,0.036061
ISIC_8851038,0.035971
ISIC_0031926,0.035906
ISIC_5230371,0.035763
ISIC_0014480,0.035284
ISIC_0239949,0.034947
ISIC_0056155,0.03494
ISIC_5309572,0.033918
ISIC_3372067,0.033853
ISIC_0062367,0.03384
ISIC_0069250,0.033523
ISIC_4042619,0.03348
ISIC_6208222,0.033214
ISIC_0066105,0.033021
ISIC_0034260,0.032908
ISIC_0014114,0.032489
ISIC_2843983,0.032479
ISIC_4801737,0.032423
ISIC_9767255,0.03236
ISIC_6488658,0.032296
ISIC_0071367,0.032218
ISIC_0059840,0.031997
ISIC_5011583,0.031631
ISIC_8156101,0.031241
ISIC_0033681,0.031164
ISIC_0063899,0.030989
ISIC_9483306,0.030968
ISIC_9048192,0.030616
ISIC_6381785,0.030367
ISIC_0028225,0.030095
ISIC_0028579,0.029876
ISIC_0011092,0.029168
ISIC_2320481,0.028826
ISIC_0032413,0.028763
ISIC_0046921,0.028706
ISIC_0026727,0.028698
ISIC_7526548,0.028367
ISIC_2212473,0.02821
ISIC_1694817,0.028117
ISIC_0060962,0.027759
ISIC_0027280,0.027758
ISIC_5518557,0.027669
ISIC_1894133,0.027108
ISIC_9590080,0.026756
ISIC_4658487,0.026706
ISIC_0010500,0.026633
ISIC_0030554,0.02663
ISIC_0030694,0.026543
ISIC_1102075,0.026137
ISIC_3267196,0.02567
ISIC_4252285,0.025478
ISIC_0027669,0.025324
ISIC_0024385,0.025143
ISIC_0001138,0.02507
ISIC_4412555,0.024737
ISIC_6380209,0.024634
ISIC_0058054,0.024529
ISIC_6192289,0.024508
ISIC_4974868,0.024445
ISIC_2720971,0.024346
ISIC_5744196,0.024113
ISIC_0030470,0.02411
ISIC_9401187,0.023839
ISIC_0033998,0.023787
ISIC_0030780,0.023423
ISIC_0072173,0.023211
ISIC_0031338,0.023186
ISIC_9228573,0.023166
ISIC_8843592,0.023053
ISIC_5778927,0.022959
ISIC_1968421,0.022879
ISIC_6805527,0.022708
ISIC_5281908,0.022652
ISIC_0060749,0.022564
ISIC_3314555,0.022562
ISIC_2379908,0.022354
ISIC_4156010,0.022303
ISIC_2050638,0.02225
ISIC_5122042,0.021892
ISIC_8765068,0.021665
ISIC_0030974,0.021653
ISIC_0054287,0.021207
ISIC_2178689,0.020612
ISIC_0080817,0.020596
ISIC_0032134,0.020302
ISIC_0058418,0.020285
ISIC_0025748,0.02022
ISIC_0588855,0.019824
ISIC_0012063,0.019541
ISIC_0014809,0.019432
ISIC_0056692,0.019073
ISIC_3181394,0.01896
ISIC_0011437,0.018906
ISIC_8028631,0.018678
ISIC_8590883,0.018636
ISIC_0054748,0.018562
ISIC_9568327,0.018435
ISIC_1888865,0.018377
ISIC_1515947,0.018336
ISIC_0014181,0.017896
ISIC_8133871,0.017789
ISIC_0012099,0.017671
ISIC_0033607,0.016944
ISIC_0033605,0.016732
ISIC_3623368,0.016462
ISIC_3687259,0.016443
ISIC_9178485,0.015992
ISIC_4266157,0.015157
ISIC_1650523,0.015148
ISIC_0009871,0.014623
ISIC_3513288,0.014055
ISIC_0064656,0.013894
ISIC_0028565,0.013543
ISIC_2364150,0.013459
ISIC_4619789,0.01309
ISIC_0000175,0.013021
ISIC_0015109,0.012912
ISIC_5619654,0.012652
ISIC_7858034,0.01256
ISIC_4191202,0.012536
ISIC_9745038,0.012479
ISIC_0027749,0.012264
ISIC_9239632,0.012117
ISIC_3384884,0.011369
ISIC_1906141,0.011315
ISIC_0012164,0.011254
ISIC_1729351,0.011238
ISIC_7575246,0.011207
ISIC_0022661,0.011095
ISIC_0071944,0.010877
ISIC_0046344,0.010778
ISIC_8278912,0.009987
ISIC_0033534,0.009688
ISIC_0005248,0.009514
ISIC_0064006,0.00945
ISIC_0065066,0.009417
ISIC_0013258,0.009402
ISIC_3596927,0.009148
ISIC_5237059,0.008852
ISIC_5476770,0.008665
ISIC_0058723,0.008155
ISIC_0065882,0.007962
ISIC_0031999,0.007944
ISIC_0067621,0.007941
ISIC_8140072,0.007698
ISIC_0058315,0.007518
ISIC_7364041,0.007493
ISIC_4451735,0.007462
ISIC_8589961,0.007289
ISIC_0192596,0.007285
ISIC_0030704,0.006852
ISIC_0032094,0.006793
ISIC_0066355,0.006774
ISIC_9562442,0.006643
ISIC_0000513,0.006622
ISIC_0009048,0.006573
ISIC_5483119,0.005974
ISIC_0003150,0.005957
ISIC_3313701,0.005799
ISIC_0033073,0.005756
ISIC_1366765,0.005717
ISIC_7460560,0.005609
ISIC_5682259,0.00554
ISIC_0009971,0.005304
ISIC_3157046,0.005201
ISIC_5548914,0.00514
ISIC_0066659,0.004918
ISIC_0014133,0.004889
ISIC_7535412,0.004763
ISIC_9106601,0.004755
ISIC_0026930,0.004476
ISIC_0033319,0.004317
ISIC_0006850,0.004063
ISIC_7853136,0.003792
ISIC_1974152,0.003764
ISIC_0014127,0.00365
ISIC_0060679,0.003555
ISIC_5426854,0.003522
ISIC_0061734,0.003348
ISIC_2379024,0.002697
ISIC_6231450,0.002671
ISIC_0056330,0.002274
ISIC_7266462,0.002059
ISIC_0065796,0.001924
ISIC_1661837,0.001834
ISIC_0028508,0.001781
ISIC_0000180,0.001745
ISIC_1169724,0.001538
ISIC_0031626,0.001508
ISIC_0011507,0.001242
ISIC_0053659,0.001201
ISIC_0239178,0.000149
ISIC_6124481,0.000132
ISIC_3021188,6.3e-05
ISIC_8428097,-0.000236
ISIC_5706192,-0.000476
ISIC_6090057,-0.000832
ISIC_2133938,-0.000992
ISIC_0026497,-0.001058
ISIC_5434055,-0.00112
ISIC_0026082,-0.001397
ISIC_8509219,-0.002181
ISIC_0000516,-0.002355
ISIC_7138875,-0.002655
ISIC_0069379,-0.002767
ISIC_0029118,-0.002772
ISIC_1293743,-0.002796
ISIC_5565517,-0.002874
ISIC_0006181,-0.003022
ISIC_0057518,-0.003132
ISIC_2431690,-0.003269
ISIC_6901969,-0.003294
ISIC_1508215,-0.00339
ISIC_5783440,-0.00343
ISIC_2332127,-0.00357
ISIC_0067274,-0.003701
ISIC_1484659,-0.004205
ISIC_5482426,-0.004443
ISIC_1851112,-0.004475
ISIC_7162711,-0.004502
ISIC_0032604,-0.004579
ISIC_0072703,-0.004618
ISIC_0005006,-0.005339
ISIC_0032130,-0.005843
ISIC_9053988,-0.005938
ISIC_8145260,-0.006021
ISIC_0016137,-0.006084
ISIC_6207688,-0.006133
ISIC_7334117,-0.006142
ISIC_0053760,-0.006177
ISIC_0033299,-0.006651
ISIC_9936773,-0.007034
ISIC_4918571,-0.007055
ISIC_0063551,-0.007189
ISIC_0056226,-0.007482
ISIC_0015219,-0.008054
ISIC_9067033,-0.008248
ISIC_7185913,-0.008599
ISIC_0072041,-0.008901
ISIC_0065889,-0.009068
ISIC_1859923,-0.009333
ISIC_0206758,-0.009368
ISIC_0001128,-0.009623
ISIC_1175170,-0.009638
ISIC_0025448,-0.009709
ISIC_0056309,-0.00988
ISIC_0026982,-0.009897
ISIC_0031039,-0.01004
ISIC_0031249,-0.010252
ISIC_0272509,-0.01027
ISIC_2916677,-0.010558
ISIC_0004996,-0.010715
ISIC_0013778,-0.010798
ISIC_7162343,-0.010891
ISIC_0032012,-0.011068
ISIC_9280171,-0.011158
ISIC_0000384,-0.011287
ISIC_5140952,-0.011738
ISIC_8278458,-0.011926
ISIC_0066354,-0.011954
ISIC_7468304,-0.012489
ISIC_5656921,-0.012579
ISIC_7335659,-0.012645
ISIC_8812621,-0.01268
ISIC_0028696,-0.012813
ISIC_0011177,-0.013206
ISIC_9312164,-0.013313
ISIC_0027081,-0.013458
ISIC_0032133,-0.013565
ISIC_0030592,-0.013588
ISIC_0027155,-0.013653
ISIC_0054663,-0.013654
ISIC_5547318,-0.013765
ISIC_7131359,-0.01385
ISIC_0069617,-0.014104
ISIC_0007084,-0.014212
ISIC_3677945,-0.0145
ISIC_3064807,-0.01451
ISIC_7409889,-0.014736
ISIC_0067318,-0.014753
ISIC_0029433,-0.015061
ISIC_0078703,-0.015438
ISIC_0000473,-0.015617
ISIC_0009998,-0.015731
ISIC_3401777,-0.015829
ISIC_2884038,-0.016181
ISIC_3967213,-0.016259
ISIC_0001480,-0.01636
ISIC_6310591,-0.016435
ISIC_1693458,-0.01649
ISIC_7114660,-0.017169
ISIC_8690205,-0.017289
ISIC_5323725,-0.017328
ISIC_0026666,-0.017797
ISIC_1960468,-0.018248
ISIC_0011797,-0.018465
ISIC_0014903,-0.018553
ISIC_7168122,-0.019188
ISIC_2698722,-0.019284
ISIC_2858419,-0.019356
ISIC_0014157,-0.01938
ISIC_0655635,-0.019403
ISIC_0778327,-0.01954
ISIC_0006624,-0.019601
ISIC_9199158,-0.019683
ISIC_4024062,-0.020029
ISIC_0071972,-0.020196
ISIC_8295834,-0.020292
ISIC_0010767,-0.020483
ISIC_4752144,-0.020613
ISIC_8505243,-0.021032
ISIC_3389704,-0.021361
ISIC_8384985,-0.021384
ISIC_1140410,-0.021492
ISIC_0030481,-0.021657
ISIC_6166247,-0.021717
ISIC_0034144,-0.021896
ISIC_0228772,-0.021929
ISIC_0028520,-0.02295
ISIC_4066726,-0.023244
ISIC_7453676,-0.023361
ISIC_5383064,-0.02379
ISIC_4357596,-0.023902
ISIC_3281565,-0.024154
ISIC_0015631,-0.024346
ISIC_0068184,-0.024347
ISIC_3123377,-0.024437
ISIC_5610222,-0.024442
ISIC_0010940,-0.0245
ISIC_5150200,-0.0245
ISIC_5242216,-0.024606
ISIC_0844312,-0.025181
ISIC_8462364,-0.025261
ISIC_0072292,-0.025401
ISIC_0010807,-0.025431
ISIC_0011628,-0.025466
ISIC_0072564,-0.025671
ISIC_0013984,-0.025786
ISIC_3148533,-0.02607
ISIC_4535099,-0.02608
ISIC_0687593,-0.02613
ISIC_0065233,-0.026183
ISIC_0830131,-0.026203
ISIC_0032762,-0.026341
ISIC_0003851,-0.026346
ISIC_0056444,-0.026402
ISIC_0011099,-0.026467
ISIC_0073135,-0.02661
ISIC_7740744,-0.026894
ISIC_0010879,-0.026937
ISIC_5671175,-0.027142
ISIC_0027063,-0.027724
ISIC_6815524,-0.027824
ISIC_0253516,-0.027865
ISIC_4326917,-0.028089
ISIC_0026559,-0.028569
ISIC_0013997,-0.028576
ISIC_5315486,-0.029037
ISIC_3552245,-0.02908
ISIC_1114966,-0.029238
ISIC_3478473,-0.029401
ISIC_4240225,-0.029559
ISIC_4107250,-0.029572
ISIC_3608788,-0.029861
ISIC_0068837,-0.029924
ISIC_4810500,-0.030028
ISIC_2483825,-0.030049
ISIC_0014936,-0.030177
ISIC_6447681,-0.030337
ISIC_0702876,-0.030469
ISIC_1698119,-0.031257
ISIC_5318217,-0.031577
ISIC_0054053,-0.03167
ISIC_0070651,-0.032
ISIC_0029814,-0.032428
ISIC_7424320,-0.032466
ISIC_0046345,-0.032485
ISIC_0010958,-0.032694
ISIC_0014525,-0.032964
ISIC_3277722,-0.033257
ISIC_2752919,-0.03339
ISIC_0058594,-0.033704
ISIC_0011137,-0.033832
ISIC_0233487,-0.033884
ISIC_0032558,-0.033905
ISIC_6722934,-0.034369
ISIC_2545299,-0.034385
ISIC_1731109,-0.034441
ISIC_0069492,-0.03455
ISIC_7973601,-0.034704
ISIC_7124160,-0.034944
ISIC_5422432,-0.034997
ISIC_6959281,-0.035155
ISIC_4595741,-0.035382
ISIC_0010372,-0.035677
ISIC_5391758,-0.035864
ISIC_0070711,-0.035946
ISIC_0069058,-0.03609
ISIC_8025644,-0.036136
ISIC_0029405,-0.036147
ISIC_5721110,-0.036167
ISIC_8105020,-0.036348
ISIC_5948901,-0.036457
ISIC_4870676,-0.036766
ISIC_5397818,-0.036899
ISIC_3288342,-0.036998
ISIC_0028317,-0.037152
ISIC_2945324,-0.037184
ISIC_8733745,-0.037479
ISIC_0065206,-0.037495
ISIC_0027420,-0.037846
ISIC_8389361,-0.038124
ISIC_8020153,-0.038501
ISIC_4762702,-0.038526
ISIC_0010785,-0.038751
ISIC_5204796,-0.039057
ISIC_0058063,-0.039198
ISIC_0028584,-0.039415
ISIC_0032617,-0.039492
ISIC_0054705,-0.039557
ISIC_2700320,-0.039748
ISIC_0032680,-0.039895
ISIC_5797942,-0.040382
ISIC_3784812,-0.040418
ISIC_0057481,-0.040502
ISIC_1202976,-0.040536
ISIC_0011132,-0.041751
ISIC_0027089,-0.041994
ISIC_4161113,-0.042063
ISIC_0027100,-0.042343
ISIC_0010265,-0.042638
ISIC_0014695,-0.042783
ISIC_0026407,-0.042809
ISIC_6985114,-0.043006
ISIC_0027560,-0.043832
ISIC_4418545,-0.044086
ISIC_0068100,-0.044331
ISIC_0033323,-0.044817
ISIC_0028275,-0.044924
ISIC_5437785,-0.044991
ISIC_0060219,-0.04516
ISIC_3685955,-0.045474
ISIC_0054885,-0.045664
ISIC_0059181,-0.045944
ISIC_0029459,-0.045951
ISIC_0034087,-0.045999
ISIC_3319229,-0.046018
ISIC_9555580,-0.046429
ISIC_0027276,-0.047126
ISIC_0054134,-0.04713
ISIC_2366727,-0.047151
ISIC_0056915,-0.047218
ISIC_3212781,-0.047527
ISIC_1410408,-0.047739
ISIC_6780662,-0.047759
ISIC_0069292,-0.047773
ISIC_5099569,-0.048066
ISIC_7694069,-0.048136
ISIC_4965832,-0.048289
ISIC_3696726,-0.048457
ISIC_4960406,-0.048705
ISIC_4606646,-0.0488
ISIC_4348994,-0.048939
ISIC_4481362,-0.048972
ISIC_7212271,-0.048979
ISIC_1231419,-0.049029
ISIC_0067723,-0.049158
ISIC_2161819,-0.049452
ISIC_0002349,-0.050162
ISIC_3993924,-0.05072
ISIC_2316159,-0.051627
ISIC_0006116,-0.051881
ISIC_6517663,-0.051945
ISIC_0708542,-0.051947
ISIC_8222254,-0.052305
ISIC_7312977,-0.052421
ISIC_0651353,-0.052518
ISIC_1475598,-0.052929
ISIC_0031914,-0.053323
ISIC_0055680,-0.053484
ISIC_1008321,-0.053672
ISIC_9106966,-0.053789
ISIC_8979567,-0.05379
ISIC_6966230,-0.053844
ISIC_0002774,-0.054266
ISIC_6635590,-0.054277
ISIC_2136533,-0.054707
ISIC_0002878,-0.055238
ISIC_0054988,-0.055443
ISIC_2520840,-0.055495
ISIC_0011895,-0.055631
ISIC_0011726,-0.055724
ISIC_0076742,-0.056102
ISIC_5903193,-0.056104
ISIC_0031752,-0.056313
ISIC_0982855,-0.056356
ISIC_9422630,-0.056431
ISIC_8794567,-0.056488
ISIC_0031717,-0.056537
ISIC_0033812,-0.056576
ISIC_9742891,-0.056982
ISIC_9059250,-0.057113
ISIC_9096302,-0.057185
ISIC_0029581,-0.057623
ISIC_0063742,-0.057851
ISIC_0026314,-0.057866
ISIC_0030546,-0.057879
ISIC_0024292,-0.057976
ISIC_0000303,-0.058062
ISIC_0004217,-0.058587
ISIC_0059041,-0.058663
ISIC_0066532,-0.058679
ISIC_1394786,-0.058763
ISIC_0054355,-0.058863
ISIC_1761799,-0.058887
ISIC_8082988,-0.05912
ISIC_8566006,-0.059286
ISIC_8015541,-0.059447
ISIC_0475506,-0.059459
ISIC_3652847,-0.059528
ISIC_6829008,-0.059729
ISIC_0062559,-0.059887
ISIC_3310364,-0.059888
ISIC_5207050,-0.060048
ISIC_6985859,-0.060231
ISIC_0029868,-0.060547
ISIC_0034074,-0.061065
ISIC_2011145,-0.061426
ISIC_1655513,-0.061451
ISIC_0027538,-0.061569
ISIC_5409902,-0.061586
ISIC_4885444,-0.061734
ISIC_0015250,-0.061827
ISIC_8671662,-0.062089
ISIC_0032052,-0.062089
ISIC_4363603,-0.062136
ISIC_5152859,-0.062572
ISIC_0150363,-0.062621
ISIC_7883190,-0.062814
ISIC_9476244,-0.063356
ISIC_9948600,-0.063511
ISIC_1952749,-0.063571
ISIC_9304022,-0.063806
ISIC_7373074,-0.064095
ISIC_0301568,-0.064105
ISIC_8292179,-0.064146
ISIC_0000043,-0.064208
ISIC_7077047,-0.064318
ISIC_0612080,-0.064526
ISIC_4177043,-0.06479
ISIC_5559165,-0.064961
ISIC_6356149,-0.065122
ISIC_2748736,-0.06562
ISIC_0013499,-0.065662
ISIC_1269461,-0.065721
ISIC_9112747,-0.065813
ISIC_0072768,-0.065873
ISIC_7632525,-0.066229
ISIC_0059959,-0.066266
ISIC_4897852,-0.066594
ISIC_5707761,-0.066603
ISIC_0015204,-0.066672
ISIC_5100319,-0.066925
ISIC_0740449,-0.067369
ISIC_0024226,-0.06738
ISIC_0032723,-0.067608
ISIC_0034211,-0.067955
ISIC_0011482,-0.06804
ISIC_9961652,-0.068131
ISIC_3171104,-0.068192
ISIC_0031386,-0.068194
ISIC_0034173,-0.068786
ISIC_4911407,-0.068843
ISIC_8373462,-0.068941
ISIC_0025779,-0.069211
ISIC_4185719,-0.06947
ISIC_5048571,-0.069837
ISIC_2670475,-0.070031
ISIC_5221917,-0.070109
ISIC_0065133,-0.070178
ISIC_6888402,-0.070242
ISIC_7313348,-0.070668
ISIC_9894782,-0.070669
ISIC_8359258,-0.071526
ISIC_9923630,-0.071872
ISIC_2605120,-0.072003
ISIC_0034050,-0.072063
ISIC_5502342,-0.072083
ISIC_2192973,-0.072226
ISIC_0033692,-0.072475
ISIC_2287151,-0.072716
ISIC_0012107,-0.072988
ISIC_9101441,-0.072989
ISIC_3501997,-0.073265
ISIC_8389839,-0.073411
ISIC_5425721,-0.07342
ISIC_8680266,-0.073529
ISIC_7600621,-0.073651
ISIC_3729849,-0.074044
ISIC_0604532,-0.074137
ISIC_0663824,-0.07455
ISIC_2206284,-0.074577
ISIC_0063961,-0.074921
ISIC_2771979,-0.074922
ISIC_0028788,-0.074927
ISIC_0254517,-0.075165
ISIC_8176449,-0.075264
ISIC_4526581,-0.075334
ISIC_8796456,-0.075643
ISIC_0055931,-0.076073
ISIC_5287679,-0.076108
ISIC_2489504,-0.076512
ISIC_6280523,-0.076775
ISIC_0007808,-0.076846
ISIC_0029944,-0.077002
ISIC_8764927,-0.077014
ISIC_4978697,-0.077051
ISIC_0024718,-0.077512
ISIC_0011988,-0.077537
ISIC_1078854,-0.077766
ISIC_3433060,-0.077778
ISIC_3673517,-0.078096
ISIC_0025242,-0.078483
ISIC_0024221,-0.078751
ISIC_7293697,-0.078852
ISIC_0034086,-0.079148
ISIC_8642938,-0.079197
ISIC_1231722,-0.079325
ISIC_0000159,-0.079372
ISIC_6654619,-0.079803
ISIC_8918703,-0.080145
ISIC_0010869,-0.080167
ISIC_7798358,-0.08049
ISIC_0060096,-0.080512
ISIC_0010923,-0.080531
ISIC_4201891,-0.080578
ISIC_2987579,-0.08074
ISIC_5992534,-0.080749
ISIC_0055737,-0.080831
ISIC_4011169,-0.081111
ISIC_0014931,-0.081193
ISIC_0015206,-0.081465
ISIC_3825641,-0.081521
ISIC_0937261,-0.081611
ISIC_7629589,-0.081838
ISIC_0005264,-0.08192
ISIC_0032551,-0.082185
ISIC_1040340,-0.082503
ISIC_0011198,-0.082606
ISIC_6773367,-0.082766
ISIC_1223648,-0.083109
ISIC_1883330,-0.083153
ISIC_0073147,-0.083311
ISIC_9339756,-0.083405
ISIC_1923467,-0.083678
ISIC_1150482,-0.08375
ISIC_4532303,-0.084114
ISIC_8320640,-0.084613
ISIC_0070352,-0.084733
ISIC_4241907,-0.084805
ISIC_0011169,-0.085641
ISIC_8759726,-0.085723
ISIC_0054925,-0.085759
ISIC_0014117,-0.086238
ISIC_9544832,-0.086278
ISIC_4120174,-0.086302
ISIC_5702591,-0.086438
ISIC_0260290,-0.086518
ISIC_8559778,-0.086716
ISIC_8847321,-0.086829
ISIC_0026208,-0.087095
ISIC_5821293,-0.087195
ISIC_0011994,-0.08721
ISIC_0058346,-0.087247
ISIC_0033122,-0.087325
ISIC_2126575,-0.087522
ISIC_3073634,-0.087562
ISIC_9257356,-0.087933
ISIC_0070248,-0.087997
ISIC_0002862,-0.088023
ISIC_7062293,-0.088329
ISIC_9505595,-0.088458
ISIC_0015129,-0.088653
ISIC_0032975,-0.088669
ISIC_0006118,-0.088692
ISIC_8803600,-0.088747
ISIC_0010478,-0.089162
ISIC_1334438,-0.089396
ISIC_0026882,-0.090023
ISIC_0068628,-0.090457
ISIC_0057406,-0.090531
ISIC_5388485,-0.090886
ISIC_0014527,-0.091122
ISIC_1067985,-0.091233
ISIC_1189461,-0.091254
ISIC_5503634,-0.091344
ISIC_3430447,-0.091423
ISIC_0055549,-0.091949
ISIC_0003703,-0.092008
ISIC_9334956,-0.092118
ISIC_0073102,-0.092438
ISIC_2377039,-0.092704
ISIC_0032331,-0.093345
ISIC_9685931,-0.093368
ISIC_8812781,-0.093423
ISIC_6618851,-0.093487
ISIC_3429835,-0.09353
ISIC_0000179,-0.093641
ISIC_0033087,-0.093703
ISIC_8699796,-0.094319
ISIC_8352392,-0.094362
ISIC_1453899,-0.094434
ISIC_0026911,-0.094588
ISIC_3205354,-0.094779
ISIC_3819893,-0.094934
ISIC_0032597,-0.095028
ISIC_1962845,-0.095397
ISIC_0029086,-0.095412
ISIC_0069193,-0.095531
ISIC_0026247,-0.096089
ISIC_5941314,-0.096099
ISIC_6483504,-0.09612
ISIC_0025708,-0.096121
ISIC_6535558,-0.096134
ISIC_2365588,-0.096334
ISIC_0026558,-0.096526
ISIC_0030110,-0.096617
ISIC_0029453,-0.096933
ISIC_4308751,-0.097151
ISIC_2741857,-0.097249
ISIC_8124900,-0.097423
ISIC_0822116,-0.097428
ISIC_2266857,-0.097488
ISIC_0059686,-0.097782
ISIC_2027392,-0.098038
ISIC_9052500,-0.098471
ISIC_3430953,-0.098608
ISIC_0069432,-0.098752
ISIC_0602494,-0.098818
ISIC_8165906,-0.098848
ISIC_0906465,-0.09894
ISIC_0027498,-0.098959
ISIC_9337870,-0.099066
ISIC_6289346,-0.099131
ISIC_0060978,-0.099413
ISIC_8497457,-0.099945
ISIC_2772581,-0.100055
ISIC_1595325,-0.100498
ISIC_0912291,-0.100652
ISIC_1885174,-0.100726
ISIC_0024808,-0.100749
ISIC_0028839,-0.100787
ISIC_0031909,-0.100834
ISIC_4745475,-0.101097
ISIC_8163269,-0.101218
ISIC_8742407,-0.101652
ISIC_1590829,-0.101954
ISIC_2970409,-0.102151
ISIC_8021960,-0.102279
ISIC_9803747,-0.102596
ISIC_0025602,-0.102724
ISIC_5960765,-0.102777
ISIC_0060233,-0.102949
ISIC_2171940,-0.103033
ISIC_5508076,-0.103048
ISIC_3789239,-0.103165
ISIC_0010742,-0.103259
ISIC_6895016,-0.103392
ISIC_0010486,-0.103693
ISIC_7776719,-0.104081
ISIC_0069515,-0.104248
ISIC_1192835,-0.104346
ISIC_0033273,-0.104348
ISIC_0058661,-0.104365
ISIC_3649632,-0.104694
ISIC_0013969,-0.104811
ISIC_8869249,-0.104886
ISIC_2051278,-0.105129
ISIC_3513367,-0.105554
ISIC_4672131,-0.105919
ISIC_0058098,-0.106072
ISIC_0010411,-0.1064
ISIC_0059925,-0.106774
ISIC_5507066,-0.107057
ISIC_8709211,-0.107068
ISIC_0315631,-0.107103
ISIC_0029902,-0.107257
ISIC_0063319,-0.107706
ISIC_5362038,-0.108099
ISIC_1971254,-0.108169
ISIC_0058950,-0.108333
ISIC_2151846,-0.108352
ISIC_2647643,-0.108492
ISIC_0072136,-0.109025
ISIC_6330529,-0.109144
ISIC_1436929,-0.10951
ISIC_0695029,-0.109728
ISIC_8174881,-0.109809
ISIC_7746479,-0.110001
ISIC_9409255,-0.11015
ISIC_0066733,-0.110196
ISIC_0527170,-0.110716
ISIC_0027951,-0.11076
ISIC_0024735,-0.110766
ISIC_0062864,-0.110828
ISIC_2378428,-0.110968
ISIC_9364350,-0.111125
ISIC_0014423,-0.111145
ISIC_0062770,-0.111149
ISIC_0068633,-0.111238
ISIC_4850678,-0.11127
ISIC_0806138,-0.11129
ISIC_2482061,-0.111442
ISIC_0193456,-0.112283
ISIC_0069330,-0.112372
ISIC_0357043,-0.112941
ISIC_0061972,-0.113108
ISIC_5190920,-0.113204
ISIC_0031565,-0.113303
ISIC_3475142,-0.113429
ISIC_0024288,-0.113431
ISIC_0063241,-0.113628
ISIC_0027350,-0.113846
ISIC_2222091,-0.114192
ISIC_0011532,-0.114245
ISIC_0029021,-0.11425
ISIC_3650533,-0.114308
ISIC_0033959,-0.11442
ISIC_5624273,-0.114519
ISIC_2853290,-0.114782
ISIC_9626843,-0.114805
ISIC_8584239,-0.114858
ISIC_2798803,-0.114957
ISIC_5777697,-0.115468
ISIC_3374533,-0.115568
ISIC_0034044,-0.115785
ISIC_0027036,-0.115838
ISIC_3632419,-0.116253
ISIC_0033830,-0.116346
ISIC_0058331,-0.116352
ISIC_6618652,-0.116496
ISIC_9301005,-0.116558
ISIC_8502341,-0.116591
ISIC_4980079,-0.116787
ISIC_0028127,-0.116828
ISIC_0031221,-0.117063
ISIC_5879789,-0.11709
ISIC_0068000,-0.117514
ISIC_7100813,-0.117597
ISIC_4519298,-0.117653
ISIC_0010421,-0.11791
ISIC_0054220,-0.117959
ISIC_8813283,-0.118024
ISIC_0029744,-0.118041
ISIC_0000419,-0.118086
ISIC_0055550,-0.1182
ISIC_5679942,-0.118224
ISIC_3485583,-0.118969
ISIC_0027306,-0.119398
ISIC_5031549,-0.119562
ISIC_9412963,-0.120224
ISIC_7570343,-0.120238
ISIC_0062827,-0.120243
ISIC_4425766,-0.120265
ISIC_0013032,-0.12031
ISIC_0061158,-0.120784
ISIC_4494516,-0.121039
ISIC_4538661,-0.121508
ISIC_3971712,-0.121581
ISIC_0908367,-0.121631
ISIC_0033530,-0.121748
ISIC_0071681,-0.121807
ISIC_0552911,-0.121815
ISIC_0008724,-0.121827
ISIC_6033222,-0.122207
ISIC_0030951,-0.122318
ISIC_0056152,-0.122427
ISIC_3985782,-0.122481
ISIC_0054640,-0.122986
ISIC_8505412,-0.123213
ISIC_6628544,-0.123415
ISIC_5797404,-0.123479
ISIC_4034644,-0.123755
ISIC_9472725,-0.123845
ISIC_0030860,-0.124002
ISIC_0071651,-0.1243
ISIC_0062524,-0.124306
ISIC_0031800,-0.124322
ISIC_0000152,-0.124382
ISIC_3676643,-0.124545
ISIC_4222275,-0.124558
ISIC_3751090,-0.124788
ISIC_0032682,-0.124833
ISIC_7100755,-0.124885
ISIC_0025582,-0.125083
ISIC_0025735,-0.125101
ISIC_0011234,-0.12527
ISIC_0055311,-0.125351
ISIC_2946577,-0.125432
ISIC_1473522,-0.125485
ISIC_9088774,-0.125609
ISIC_0003068,-0.125765
ISIC_0013364,-0.125935
ISIC_6931712,-0.126134
ISIC_0000078,-0.126982
ISIC_0010034,-0.127098
ISIC_2560463,-0.127116
ISIC_0025020,-0.127365
ISIC_5758316,-0.127588
ISIC_6382207,-0.127655
ISIC_0063650,-0.127687
ISIC_6401657,-0.127753
ISIC_0071289,-0.127843
ISIC_8406262,-0.12804
ISIC_6588853,-0.128102
ISIC_1608727,-0.128523
ISIC_7208412,-0.128748
ISIC_0013674,-0.12886
ISIC_4397068,-0.12891
ISIC_7596681,-0.128961
ISIC_9732721,-0.129056
ISIC_4829706,-0.129119
ISIC_0033025,-0.12914
ISIC_0438136,-0.12919
ISIC_0004667,-0.129331
ISIC_2642873,-0.129333
ISIC_3391254,-0.129488
ISIC_3779093,-0.129555
ISIC_4508511,-0.129579
ISIC_7215208,-0.129602
ISIC_0000444,-0.129706
ISIC_0033845,-0.129786
ISIC_0030106,-0.130104
ISIC_3356355,-0.13011
ISIC_6065301,-0.130143
ISIC_0055147,-0.130208
ISIC_0027604,-0.130591
ISIC_3613012,-0.130695
ISIC_0062530,-0.13121
ISIC_7066723,-0.131285
ISIC_0034242,-0.131389
ISIC_0014925,-0.131571
ISIC_8451869,-0.131707
ISIC_0070009,-0.131852
ISIC_5307086,-0.131956
ISIC_0024355,-0.132005
ISIC_0054655,-0.132035
ISIC_6517852,-0.13227
ISIC_9699426,-0.132394
ISIC_7681490,-0.132701
ISIC_0033679,-0.132779
ISIC_0013767,-0.132965
ISIC_0011701,-0.133068
ISIC_0026627,-0.133223
ISIC_0002041,-0.133246
ISIC_6056121,-0.133393
ISIC_0257447,-0.134598
ISIC_2245709,-0.134837
ISIC_0010289,-0.135208
ISIC_0027964,-0.135693
ISIC_0068447,-0.135909
ISIC_0014542,-0.135966
ISIC_0862350,-0.136183
ISIC_0255997,-0.136229
ISIC_0033217,-0.136254
ISIC_0024529,-0.136258
ISIC_1886756,-0.136738
ISIC_3558747,-0.136925
ISIC_0000283,-0.137052
ISIC_0013867,-0.13707
ISIC_1132496,-0.137151
ISIC_8711983,-0.137566
ISIC_0071913,-0.137755
ISIC_1507583,-0.138099
ISIC_0011176,-0.138119
ISIC_4678416,-0.138224
ISIC_0033594,-0.138372
ISIC_9887341,-0.138514
ISIC_0027928,-0.138875
ISIC_0055917,-0.138898
ISIC_0064877,-0.139032
ISIC_8626941,-0.139053
ISIC_5306427,-0.139065
ISIC_4026569,-0.139708
ISIC_9486313,-0.139941
ISIC_0030034,-0.139987
ISIC_9051287,-0.140017
ISIC_0011641,-0.140037
ISIC_5226371,-0.140225
ISIC_6423860,-0.140318
ISIC_3416107,-0.140323
ISIC_0069558,-0.140516
ISIC_0033578,-0.140741
ISIC_7697022,-0.140863
ISIC_0011904,-0.141015
ISIC_0060403,-0.141074
ISIC_1774797,-0.141145
ISIC_4470206,-0.141351
ISIC_0026505,-0.141437
ISIC_5849178,-0.141521
ISIC_5568525,-0.141702
ISIC_9073150,-0.14171
ISIC_0006331,-0.142166
ISIC_5581936,-0.142176
ISIC_0031425,-0.142206
ISIC_0024661,-0.142362
ISIC_3166535,-0.142421
ISIC_4384861,-0.142444
ISIC_0060719,-0.142736
ISIC_3663705,-0.14274
ISIC_9987485,-0.142807
ISIC_7167811,-0.142841
ISIC_6269414,-0.1429
ISIC_0072101,-0.14305
ISIC_5514594,-0.14305
ISIC_0027321,-0.143121
ISIC_9023152,-0.143399
ISIC_0000087,-0.14349
ISIC_0026293,-0.143572
ISIC_7766007,-0.143725
ISIC_8885809,-0.144244
ISIC_2930792,-0.144335
ISIC_7519557,-0.144372
ISIC_0033171,-0.14455
ISIC_0027112,-0.144695
ISIC_5386244,-0.145201
ISIC_0013917,-0.1453
ISIC_7533216,-0.145308
ISIC_7948290,-0.1455
ISIC_7984569,-0.145671
ISIC_0026292,-0.14589
ISIC_0005762,-0.146046
ISIC_9529297,-0.146349
ISIC_0031746,-0.146535
ISIC_2724529,-0.146659
ISIC_6511689,-0.14686
ISIC_0010198,-0.146935
ISIC_0054244,-0.147006
ISIC_7870290,-0.147131
ISIC_0030083,-0.147288
ISIC_0055731,-0.147523
ISIC_0032430,-0.147585
ISIC_8147542,-0.147634
ISIC_0034207,-0.147789
ISIC_0031877,-0.147838
ISIC_1081430,-0.147906
ISIC_0002693,-0.148004
ISIC_3961101,-0.148081
ISIC_3475932,-0.148647
ISIC_6785249,-0.14868
ISIC_6625102,-0.148718
ISIC_0072286,-0.148972
ISIC_8419663,-0.149424
ISIC_4898865,-0.149511
ISIC_1444154,-0.14958
ISIC_9947369,-0.14969
ISIC_0025941,-0.150342
ISIC_4826037,-0.150432
ISIC_0055820,-0.150555
ISIC_0058151,-0.150702
ISIC_7785723,-0.151282
ISIC_0029561,-0.151492
ISIC_0148751,-0.152012
ISIC_6265473,-0.152229
ISIC_5261146,-0.152707
ISIC_0028606,-0.152939
ISIC_5810696,-0.153236
ISIC_9126343,-0.153396
ISIC_0010350,-0.153433
ISIC_0000754,-0.153457
ISIC_4721599,-0.153538
ISIC_8901371,-0.153845
ISIC_3920274,-0.154052
ISIC_0032313,-0.154802
ISIC_4177450,-0.154894
ISIC_0029937,-0.155301
ISIC_0030732,-0.155382
ISIC_2783450,-0.1554
ISIC_6663112,-0.155415
ISIC_1926656,-0.15564
ISIC_3664380,-0.155807
ISIC_6876281,-0.156039
ISIC_6471212,-0.15614
ISIC_0011313,-0.156215
ISIC_4803943,-0.156441
ISIC_0032089,-0.156475
ISIC_4966148,-0.157103
ISIC_5181177,-0.157141
ISIC_0033241,-0.15732
ISIC_0061336,-0.157571
ISIC_8636706,-0.157638
ISIC_0032637,-0.157714
ISIC_9152603,-0.157886
ISIC_9546876,-0.15793
ISIC_9169586,-0.158094
ISIC_0031213,-0.158106
ISIC_0027636,-0.158535
ISIC_4566439,-0.158728
ISIC_0034061,-0.15889
ISIC_0014059,-0.159166
ISIC_4084359,-0.159258
ISIC_0000546,-0.15935
ISIC_0011964,-0.15945
ISIC_6891226,-0.159631
ISIC_0069536,-0.159844
ISIC_0058954,-0.159845
ISIC_3559222,-0.160055
ISIC_3923443,-0.160115
ISIC_5486460,-0.160319
ISIC_0025732,-0.160736
ISIC_5377977,-0.161019
ISIC_3234816,-0.161282
ISIC_7888672,-0.161444
ISIC_4926788,-0.161497
ISIC_2412888,-0.161565
ISIC_8106899,-0.161822
ISIC_0031985,-0.16288
ISIC_0034311,-0.163098
ISIC_5423896,-0.163228
ISIC_3993510,-0.163304
ISIC_0069486,-0.163371
ISIC_0033206,-0.163511
ISIC_0057169,-0.163526
ISIC_0028444,-0.163776
ISIC_2977718,-0.163917
ISIC_9801917,-0.164375
ISIC_1545544,-0.164752
ISIC_6905623,-0.164893
ISIC_0059983,-0.164938
ISIC_7824688,-0.164967
ISIC_0032258,-0.165014
ISIC_5910975,-0.165023
ISIC_0057395,-0.165535
ISIC_0012137,-0.165544
ISIC_0032996,-0.165646
ISIC_0034032,-0.165724
ISIC_2075121,-0.165798
ISIC_0028462,-0.165889
ISIC_0026683,-0.165922
ISIC_0014288,-0.165932
ISIC_1758558,-0.166051
ISIC_6019374,-0.16615
ISIC_5294540,-0.16676
ISIC_0011051,-0.166862
ISIC_5179620,-0.166933
ISIC_9254433,-0.167229
ISIC_5278307,-0.167644
ISIC_0046305,-0.16821
ISIC_0055911,-0.168723
ISIC_0025611,-0.169075
ISIC_4620425,-0.169181
ISIC_0013719,-0.169446
ISIC_1670165,-0.16949
ISIC_0034159,-0.169598
ISIC_4372519,-0.169695
ISIC_0029839,-0.169781
ISIC_4099058,-0.170488
ISIC_1807276,-0.170702
ISIC_0682543,-0.170771
ISIC_0033619,-0.170773
ISIC_3106058,-0.170822
ISIC_1175776,-0.170852
ISIC_0061583,-0.171099
ISIC_4646228,-0.171182
ISIC_0011219,-0.171192
ISIC_0029013,-0.171207
ISIC_0011336,-0.171283
ISIC_7025208,-0.171295
ISIC_0010614,-0.171404
ISIC_8901784,-0.171672
ISIC_9906799,-0.171831
ISIC_0054568,-0.17189
ISIC_0070136,-0.171953
ISIC_0030291,-0.172042
ISIC_1739667,-0.172278
ISIC_3934537,-0.172748
ISIC_6792899,-0.173134
ISIC_9511265,-0.17318
ISIC_7131973,-0.173432
ISIC_5092834,-0.173704
ISIC_0027627,-0.174451
ISIC_7748311,-0.1745
ISIC_0061067,-0.174584
ISIC_0281179,-0.174874
ISIC_0016131,-0.175566
ISIC_0001743,-0.175694
ISIC_8375123,-0.175879
ISIC_9332795,-0.176019
ISIC_0057259,-0.177047
ISIC_4768512,-0.17735
ISIC_0026460,-0.177531
ISIC_1348538,-0.17761
ISIC_0014745,-0.177648
ISIC_0056257,-0.178242
ISIC_0072553,-0.178367
ISIC_6024335,-0.178484
ISIC_0028219,-0.178597
ISIC_7210296,-0.178645
ISIC_0005377,-0.178668
ISIC_7025487,-0.178726
ISIC_0027325,-0.178785
ISIC_0054422,-0.178993
ISIC_5046082,-0.179087
ISIC_0011516,-0.179102
ISIC_0065264,-0.180026
ISIC_5226353,-0.180198
ISIC_0064023,-0.180236
ISIC_3009564,-0.180317
ISIC_9445196,-0.180587
ISIC_0033232,-0.180768
ISIC_0012298,-0.18078
ISIC_8866896,-0.18095
ISIC_6785680,-0.181005
ISIC_2376016,-0.181149
ISIC_0054364,-0.181668
ISIC_0011692,-0.181671
ISIC_7253401,-0.181726
ISIC_2852805,-0.181741
ISIC_7783346,-0.181842
ISIC_7664137,-0.182237
ISIC_7670817,-0.182247
ISIC_8350973,-0.183227
ISIC_0009883,-0.183234
ISIC_1714941,-0.18333
ISIC_2569851,-0.183457
ISIC_0029711,-0.18356
ISIC_4142019,-0.183583
ISIC_6758042,-0.183667
ISIC_1234463,-0.183681
ISIC_9077722,-0.184131
ISIC_8009880,-0.184179
ISIC_0064925,-0.184545
ISIC_0063617,-0.185489
ISIC_8255784,-0.185677
ISIC_7914631,-0.185694
ISIC_8383600,-0.185872
ISIC_0033560,-0.18607
ISIC_4459125,-0.186445
ISIC_1460932,-0.186666
ISIC_2232883,-0.18702
ISIC_0013801,-0.187025
ISIC_0010916,-0.18724
ISIC_0565743,-0.187253
ISIC_0010295,-0.187915
ISIC_0033662,-0.188028
ISIC_9927221,-0.18807
ISIC_0027113,-0.188271
ISIC_0160831,-0.188377
ISIC_7555812,-0.188503
ISIC_0024284,-0.188962
ISIC_0305800,-0.189305
ISIC_8363485,-0.189443
ISIC_8790198,-0.189832
ISIC_8458843,-0.190031
ISIC_0024315,-0.190144
ISIC_0059769,-0.190172
ISIC_0067727,-0.190643
ISIC_1608524,-0.190876
ISIC_0070782,-0.190885
ISIC_0033226,-0.191196
ISIC_0032532,-0.191203
ISIC_5807608,-0.191729
ISIC_6919856,-0.191817
ISIC_3651451,-0.191861
ISIC_6954782,-0.191962
ISIC_0450295,-0.192231
ISIC_0032717,-0.192326
ISIC_0440582,-0.19267
ISIC_0691454,-0.192736
ISIC_0056164,-0.19279
ISIC_0883408,-0.192989
ISIC_8551124,-0.193406
ISIC_3734674,-0.193432
ISIC_9822801,-0.19413
ISIC_5628615,-0.194295
ISIC_4079108,-0.194544
ISIC_5785408,-0.195074
ISIC_9944714,-0.195285
ISIC_0613014,-0.195365
ISIC_0058851,-0.195525
ISIC_6644834,-0.195676
ISIC_6768006,-0.195693
ISIC_0069669,-0.195954
ISIC_0025589,-0.196102
ISIC_0030856,-0.196533
ISIC_0032766,-0.196541
ISIC_9485536,-0.196565
ISIC_2231191,-0.19667
ISIC_9498448,-0.196709
ISIC_0046615,-0.196716
ISIC_4298761,-0.196743
ISIC_6272501,-0.196985
ISIC_0024321,-0.196987
ISIC_6469202,-0.197062
ISIC_6831482,-0.197228
ISIC_0027171,-0.197523
ISIC_5059476,-0.197616
ISIC_3329255,-0.197974
ISIC_0067565,-0.198432
ISIC_1985569,-0.198498
ISIC_0030833,-0.198563
ISIC_0025369,-0.19863
ISIC_0026392,-0.198642
ISIC_0064120,-0.198731
ISIC_0066637,-0.198794
ISIC_0059421,-0.19884
ISIC_4007322,-0.198846
ISIC_0028407,-0.198883
ISIC_0027406,-0.198925
ISIC_0027252,-0.199035
ISIC_5102688,-0.199896
ISIC_2524005,-0.200014
ISIC_0028554,-0.200376
ISIC_8897947,-0.200917
ISIC_0071481,-0.20101
ISIC_0010376,-0.201139
ISIC_0031422,-0.201339
ISIC_0027541,-0.201388
ISIC_4341261,-0.201439
ISIC_3948754,-0.201777
ISIC_0028906,-0.201816
ISIC_0024296,-0.201826
ISIC_0066314,-0.201902
ISIC_0000725,-0.202099
ISIC_7897925,-0.202432
ISIC_0056819,-0.202688
ISIC_7487840,-0.203
ISIC_0033204,-0.203087
ISIC_1532403,-0.203187
ISIC_0006750,-0.203248
ISIC_0028597,-0.203354
ISIC_2255411,-0.203409
ISIC_0012059,-0.203428
ISIC_8795740,-0.203724
ISIC_0057199,-0.203738
ISIC_0025956,-0.203857
ISIC_0060705,-0.203883
ISIC_0072631,-0.204026
ISIC_7980387,-0.204098
ISIC_0007749,-0.204254
ISIC_0003281,-0.204861
ISIC_0009918,-0.205585
ISIC_0013311,-0.205597
ISIC_7145788,-0.205746
ISIC_0030898,-0.206159
ISIC_0032147,-0.206807
ISIC_0064125,-0.207445
ISIC_0072837,-0.207702
ISIC_0016094,-0.207926
ISIC_0057313,-0.207999
ISIC_6964131,-0.208032
ISIC_1396573,-0.208094
ISIC_0061735,-0.209066
ISIC_9126992,-0.209115
ISIC_0528044,-0.209297
ISIC_2546644,-0.20937
ISIC_0013059,-0.209469
ISIC_5850699,-0.209834
ISIC_0027174,-0.209915
ISIC_0001581,-0.209999
ISIC_4705662,-0.21006
ISIC_7803163,-0.210093
ISIC_2795397,-0.210096
ISIC_8910589,-0.210428
ISIC_0011730,-0.210501
ISIC_8671119,-0.210552
ISIC_3984167,-0.210933
ISIC_0063950,-0.210989
ISIC_0951519,-0.211869
ISIC_0057218,-0.211991
ISIC_6766153,-0.2122
ISIC_0011921,-0.212231
ISIC_9660528,-0.212419
ISIC_7339533,-0.212478
ISIC_0015167,-0.212532
ISIC_0010631,-0.212578
ISIC_7833008,-0.212824
ISIC_7075474,-0.212842
ISIC_0003910,-0.212969
ISIC_8029613,-0.213002
ISIC_0054973,-0.213661
ISIC_7787118,-0.213882
ISIC_0033302,-0.214103
ISIC_4391909,-0.214404
ISIC_0000000,-0.214458
ISIC_0059037,-0.214831
ISIC_7357474,-0.215106
ISIC_5290521,-0.215188
ISIC_0033883,-0.215434
ISIC_1115013,-0.215531
ISIC_2167209,-0.215702
ISIC_6384997,-0.21598
ISIC_0034183,-0.216247
ISIC_0064534,-0.216603
ISIC_8468512,-0.217112
ISIC_6916924,-0.21772
ISIC_5082596,-0.217753
ISIC_2639144,-0.217821
ISIC_9017110,-0.217867
ISIC_0000042,-0.217903
ISIC_6732560,-0.218245
ISIC_0053846,-0.218565
ISIC_0011800,-0.218639
ISIC_0034243,-0.218758
ISIC_8205879,-0.218931
ISIC_1091626,-0.219083
ISIC_0000172,-0.219171
ISIC_0510774,-0.219444
ISIC_0055996,-0.219987
ISIC_0067390,-0.22029
ISIC_0067443,-0.220301
ISIC_0355177,-0.220799
ISIC_3576000,-0.221033
ISIC_0010822,-0.221476
ISIC_2074764,-0.221584
ISIC_3947143,-0.221733
ISIC_0071806,-0.222181
ISIC_0014327,-0.222335
ISIC_0010775,-0.222473
ISIC_2208006,-0.222481
ISIC_0053493,-0.222513
ISIC_0010663,-0.222879
ISIC_5931552,-0.222913
ISIC_0014264,-0.223057
ISIC_0013898,-0.223101
ISIC_5673994,-0.223111
ISIC_0032656,-0.223273
ISIC_0057702,-0.22333
ISIC_9745562,-0.22354
ISIC_6553389,-0.223921
ISIC_4882389,-0.224109
ISIC_0026756,-0.224113
ISIC_0025724,-0.224127
ISIC_1043267,-0.224233
ISIC_8543040,-0.224351
ISIC_8725878,-0.22445
ISIC_1580034,-0.224493
ISIC_4045323,-0.22484
ISIC_0620587,-0.225293
ISIC_0072271,-0.22579
ISIC_0067476,-0.225831
ISIC_9798721,-0.225931
ISIC_5839679,-0.225961
ISIC_9527051,-0.226089
ISIC_0000304,-0.226232
ISIC_4141315,-0.226417
ISIC_0027573,-0.226442
ISIC_1961064,-0.226481
ISIC_0064823,-0.226543
ISIC_0033365,-0.226901
ISIC_3058627,-0.226917
ISIC_0027387,-0.227588
ISIC_3671963,-0.227751
ISIC_0030428,-0.227843
ISIC_0399142,-0.228253
ISIC_0030994,-0.228257
ISIC_1504257,-0.228369
ISIC_1850388,-0.228566
ISIC_1806179,-0.228641
ISIC_0059066,-0.22877
ISIC_1461068,-0.228919
ISIC_0033962,-0.229074
ISIC_7562175,-0.229114
ISIC_2085855,-0.229288
ISIC_2945891,-0.229362
ISIC_0015245,-0.229375
ISIC_3390057,-0.229445
ISIC_2879267,-0.229586
ISIC_0293086,-0.229747
ISIC_2680588,-0.229932
ISIC_0031548,-0.230005
ISIC_0027718,-0.230025
ISIC_0897876,-0.230266
ISIC_8503961,-0.230452
ISIC_0027067,-0.230473
ISIC_0031365,-0.230853
ISIC_0033923,-0.230881
ISIC_0029803,-0.231258
ISIC_2399613,-0.231843
ISIC_5948805,-0.231945
ISIC_0005686,-0.23216
ISIC_1202785,-0.232241
ISIC_3397377,-0.232484
ISIC_4980328,-0.232526
ISIC_5354827,-0.23295
ISIC_7127760,-0.233162
ISIC_9061511,-0.233833
ISIC_0031891,-0.233932
ISIC_5620802,-0.233966
ISIC_0034202,-0.234293
ISIC_0030047,-0.234311
ISIC_0772836,-0.2346
ISIC_0805941,-0.235028
ISIC_9375324,-0.235156
ISIC_2521424,-0.235177
ISIC_0014545,-0.235251
ISIC_8773685,-0.235904
ISIC_8024841,-0.235999
ISIC_4103653,-0.23632
ISIC_7164403,-0.236322
ISIC_0011344,-0.236942
ISIC_0025165,-0.237149
ISIC_5599298,-0.237319
ISIC_0310134,-0.237548
ISIC_0238824,-0.237972
ISIC_0014708,-0.238038
ISIC_4136591,-0.238419
ISIC_5546806,-0.238768
ISIC_0024417,-0.23914
ISIC_0616491,-0.239162
ISIC_8355344,-0.239171
ISIC_1684829,-0.239406
ISIC_5240648,-0.239873
ISIC_0069361,-0.239932
ISIC_0005304,-0.239956
ISIC_4956965,-0.240343
ISIC_0061562,-0.240468
ISIC_0001105,-0.240845
ISIC_5647697,-0.240854
ISIC_0033181,-0.241565
ISIC_0070246,-0.241669
ISIC_1479949,-0.241731
ISIC_0011260,-0.242135
ISIC_0013365,-0.242475
ISIC_9699238,-0.242982
ISIC_0961235,-0.242989
ISIC_0033729,-0.243044
ISIC_5821131,-0.243089
ISIC_9232615,-0.243239
ISIC_1146341,-0.243536
ISIC_0028230,-0.243686
ISIC_8690631,-0.243803
ISIC_0029502,-0.24431
ISIC_1925590,-0.244555
ISIC_0032044,-0.244804
ISIC_0055282,-0.245252
ISIC_0011164,-0.245279
ISIC_0033574,-0.245433
ISIC_3009877,-0.245564
ISIC_0277705,-0.245732
ISIC_0027126,-0.245801
ISIC_0294687,-0.245823
ISIC_0066671,-0.246046
ISIC_0029893,-0.246059
ISIC_0033644,-0.246102
ISIC_6463417,-0.246223
ISIC_9694911,-0.246342
ISIC_4887995,-0.246555
ISIC_0010532,-0.24693
ISIC_2159510,-0.247277
ISIC_8527737,-0.247376
ISIC_0033841,-0.247651
ISIC_0028114,-0.247667
ISIC_0029672,-0.247737
ISIC_0028616,-0.247789
ISIC_0068975,-0.24785
ISIC_0008768,-0.247917
ISIC_4640293,-0.247927
ISIC_5091996,-0.247987
ISIC_0032161,-0.248299
ISIC_0002578,-0.248791
ISIC_0010803,-0.249101
ISIC_5055871,-0.249258
ISIC_0006821,-0.249432
ISIC_8635853,-0.249536
ISIC_4529092,-0.250035
ISIC_8535134,-0.250239
ISIC_0010724,-0.250462
ISIC_0013558,-0.250716
ISIC_1899683,-0.251248
ISIC_4728167,-0.251335
ISIC_0030392,-0.251789
ISIC_6373500,-0.252061
ISIC_1870415,-0.252355
ISIC_7544537,-0.252493
ISIC_0030443,-0.252909
ISIC_0874261,-0.253519
ISIC_8967786,-0.253567
ISIC_5569568,-0.253694
ISIC_0033500,-0.253923
ISIC_9048840,-0.253936
ISIC_2415803,-0.253965
ISIC_1418304,-0.253998
ISIC_7090336,-0.254333
ISIC_0053513,-0.254475
ISIC_3148886,-0.254589
ISIC_0026548,-0.254618
ISIC_0071118,-0.254676
ISIC_1388297,-0.254705
ISIC_0071180,-0.254809
ISIC_0065590,-0.254838
ISIC_0031529,-0.254988
ISIC_9881460,-0.255367
ISIC_2238901,-0.25539
ISIC_0032806,-0.255417
ISIC_9579922,-0.255692
ISIC_1306020,-0.255912
ISIC_0072828,-0.255939
ISIC_0010382,-0.255948
ISIC_7519274,-0.256144
ISIC_0065219,-0.256562
ISIC_0032965,-0.256693
ISIC_4505178,-0.256697
ISIC_1589997,-0.256957
ISIC_2449919,-0.25697
ISIC_3556980,-0.256971
ISIC_2704046,-0.257082
ISIC_0032622,-0.257085
ISIC_0064836,-0.257106
ISIC_0010759,-0.257282
ISIC_8188797,-0.257498
ISIC_0789732,-0.257514
ISIC_4697037,-0.257657
ISIC_6544382,-0.257685
ISIC_4923095,-0.257866
ISIC_4294705,-0.257983
ISIC_1619814,-0.258317
ISIC_0062235,-0.258667
ISIC_0028945,-0.258683
ISIC_1358527,-0.258924
ISIC_5087951,-0.258936
ISIC_1225511,-0.259572
ISIC_0027125,-0.260315
ISIC_0027839,-0.260518
ISIC_6912233,-0.260628
ISIC_0004857,-0.260735
ISIC_0030563,-0.2609
ISIC_0011264,-0.261267
ISIC_0071594,-0.261348
ISIC_0056796,-0.261446
ISIC_1708591,-0.261598
ISIC_8181142,-0.261606
ISIC_3211915,-0.261684
ISIC_0033911,-0.261727
ISIC_0026329,-0.262056
ISIC_8664718,-0.262554
ISIC_0030029,-0.26256
ISIC_0013517,-0.262664
ISIC_0199116,-0.262685
ISIC_9450906,-0.263008
ISIC_0489267,-0.263019
ISIC_0638889,-0.263102
ISIC_8883212,-0.263318
ISIC_6723937,-0.263688
ISIC_6609379,-0.26374
ISIC_1996356,-0.264047
ISIC_4564163,-0.264047
ISIC_4541530,-0.264048
ISIC_0026659,-0.264109
ISIC_0024745,-0.264167
ISIC_0054025,-0.264186
ISIC_0030506,-0.264297
ISIC_8330906,-0.264533
ISIC_0448195,-0.264563
ISIC_3655327,-0.265232
ISIC_8431648,-0.265338
ISIC_4274519,-0.265477
ISIC_0025379,-0.265529
ISIC_4187485,-0.265543
ISIC_0024421,-0.265632
ISIC_7788814,-0.265935
ISIC_0064875,-0.266011
ISIC_1604845,-0.266051
ISIC_1048077,-0.266074
ISIC_1612350,-0.2665
ISIC_9685480,-0.266568
ISIC_4393704,-0.26666
ISIC_7413149,-0.26697
ISIC_6709052,-0.267006
ISIC_9407667,-0.267919
ISIC_0561249,-0.268
ISIC_4237064,-0.268035
ISIC_3642043,-0.26809
ISIC_5147292,-0.268891
ISIC_9104982,-0.269172
ISIC_1689678,-0.269584
ISIC_0069093,-0.269778
ISIC_2412113,-0.269931
ISIC_0183290,-0.270889
ISIC_5854552,-0.270943
ISIC_9047184,-0.271027
ISIC_4530249,-0.271162
ISIC_2312766,-0.271402
ISIC_8525786,-0.271448
ISIC_0011996,-0.271485
ISIC_9713706,-0.271626
ISIC_0059593,-0.27183
ISIC_6443984,-0.271852
ISIC_0032603,-0.272247
ISIC_0067801,-0.272274
ISIC_6067430,-0.27251
ISIC_0025658,-0.272802
ISIC_9574191,-0.272814
ISIC_0000310,-0.27282
ISIC_6717322,-0.272923
ISIC_1687004,-0.272927
ISIC_0000144,-0.273095
ISIC_7939816,-0.273162
ISIC_0024918,-0.273278
ISIC_0063028,-0.273313
ISIC_0008945,-0.273396
ISIC_0028618,-0.273447
ISIC_0072266,-0.273829
ISIC_0024280,-0.274203
ISIC_0011984,-0.27421
ISIC_0004986,-0.274353
ISIC_9244393,-0.274711
ISIC_3291765,-0.274757
ISIC_7242542,-0.275104
ISIC_2456538,-0.275327
ISIC_5202231,-0.275447
ISIC_7765349,-0.275604
ISIC_5602724,-0.276042
ISIC_9667908,-0.276319
ISIC_8622365,-0.276662
ISIC_8382969,-0.276852
ISIC_4102922,-0.276896
ISIC_0029910,-0.276953
ISIC_2008230,-0.277658
ISIC_5166636,-0.278049
ISIC_0001681,-0.278167
ISIC_0029303,-0.278212
ISIC_0027591,-0.278789
ISIC_0066750,-0.278888
ISIC_0372902,-0.27906
ISIC_5458290,-0.279157
ISIC_1382677,-0.279218
ISIC_3368468,-0.279311
ISIC_3598244,-0.279325
ISIC_0030901,-0.279491
ISIC_0028239,-0.279825
ISIC_0060525,-0.279848
ISIC_4141898,-0.280004
ISIC_4014307,-0.280083
ISIC_8929288,-0.280118
ISIC_0067696,-0.28013
ISIC_9788174,-0.280227
ISIC_7892362,-0.280271
ISIC_0068223,-0.28053
ISIC_0027879,-0.28065
ISIC_7454487,-0.281126
ISIC_0054770,-0.281357
ISIC_0059512,-0.281869
ISIC_6247668,-0.281886
ISIC_2596574,-0.281914
ISIC_0026795,-0.281999
ISIC_0033318,-0.28204
ISIC_5037784,-0.28207
ISIC_0000146,-0.282437
ISIC_0000538,-0.282758
ISIC_4642695,-0.282997
ISIC_7299650,-0.283095
ISIC_0065775,-0.283365
ISIC_1831600,-0.283627
ISIC_0014186,-0.283679
ISIC_0068015,-0.283978
ISIC_8036544,-0.284179
ISIC_8253317,-0.284182
ISIC_2864893,-0.284322
ISIC_5442578,-0.284918
ISIC_7509837,-0.284985
ISIC_9382494,-0.285334
ISIC_0071335,-0.285703
ISIC_0029942,-0.285956
ISIC_0032342,-0.286033
ISIC_4468549,-0.286138
ISIC_0004099,-0.286146
ISIC_0005319,-0.286181
ISIC_0010834,-0.286498
ISIC_0003593,-0.286521
ISIC_6553579,-0.286635
ISIC_0032029,-0.287128
ISIC_0000535,-0.287432
ISIC_8618835,-0.287493
ISIC_0594534,-0.287542
ISIC_0013977,-0.287778
ISIC_0032856,-0.287805
ISIC_0027971,-0.287979
ISIC_0032828,-0.288061
ISIC_9448281,-0.28809
ISIC_0031627,-0.288223
ISIC_0004789,-0.288269
ISIC_5005961,-0.288315
ISIC_9779803,-0.2884
ISIC_7912183,-0.288616
ISIC_7543736,-0.28865
ISIC_9742073,-0.288817
ISIC_0027274,-0.288825
ISIC_7621389,-0.289002
ISIC_7129901,-0.289151
ISIC_4453506,-0.289244
ISIC_5776158,-0.289461
ISIC_0056316,-0.289486
ISIC_0033239,-0.289934
ISIC_7013005,-0.290002
ISIC_6661691,-0.290136
ISIC_0026185,-0.290228
ISIC_0033697,-0.290241
ISIC_1595103,-0.290386
ISIC_6733338,-0.290484
ISIC_8615491,-0.290494
ISIC_0059892,-0.290739
ISIC_4236274,-0.291201
ISIC_7484618,-0.291359
ISIC_9559922,-0.291455
ISIC_8663136,-0.291764
ISIC_9944671,-0.29177
ISIC_4814912,-0.29197
ISIC_4789784,-0.292212
ISIC_0000539,-0.292234
ISIC_1985763,-0.292444
ISIC_2153301,-0.292644
ISIC_5327271,-0.292949
ISIC_0067609,-0.293059
ISIC_6882080,-0.293164
ISIC_0011446,-0.293288
ISIC_9152137,-0.293314
ISIC_0029389,-0.293628
ISIC_0027104,-0.293946
ISIC_3376976,-0.293995
ISIC_6430210,-0.294085
ISIC_7724635,-0.294147
ISIC_0014164,-0.294257
ISIC_1872823,-0.29454
ISIC_0012260,-0.294583
ISIC_2372468,-0.294628
ISIC_8295152,-0.295034
ISIC_9874512,-0.29513
ISIC_3230874,-0.295158
ISIC_0070254,-0.295317
ISIC_5578239,-0.295361
ISIC_0592973,-0.295594
ISIC_2371495,-0.295745
ISIC_0012701,-0.295764
ISIC_0385633,-0.295834
ISIC_2518896,-0.296078
ISIC_7183212,-0.296129
ISIC_0055887,-0.296353
ISIC_5916208,-0.296398
ISIC_6256797,-0.296899
ISIC_0009236,-0.29701
ISIC_1074939,-0.297032
ISIC_0024796,-0.297305
ISIC_0014694,-0.297496
ISIC_8752021,-0.29764
ISIC_4540332,-0.297654
ISIC_0016081,-0.297834
ISIC_0558485,-0.297947
ISIC_0963536,-0.297971
ISIC_0026402,-0.298281
ISIC_0941332,-0.298401
ISIC_0064393,-0.298511
ISIC_9014036,-0.298623
ISIC_8714502,-0.298867
ISIC_7581199,-0.299406
ISIC_7658276,-0.299426
ISIC_7418723,-0.299609
ISIC_7693995,-0.299697
ISIC_1375476,-0.299825
ISIC_6188469,-0.299871
ISIC_3814807,-0.300127
ISIC_6661904,-0.300139
ISIC_2625894,-0.300189
ISIC_8077943,-0.300369
ISIC_8023705,-0.300452
ISIC_8194371,-0.300679
ISIC_6952773,-0.300911
ISIC_1166678,-0.300946
ISIC_0000585,-0.300977
ISIC_2882945,-0.300997
ISIC_0027359,-0.301349
ISIC_0060089,-0.301642
ISIC_0060154,-0.301695
ISIC_0696303,-0.301717
ISIC_9029813,-0.302097
ISIC_4978039,-0.302304
ISIC_0026483,-0.302324
ISIC_2506200,-0.302499
ISIC_0006744,-0.302715
ISIC_2304753,-0.303128
ISIC_6445453,-0.303301
ISIC_8436194,-0.303347
ISIC_1874480,-0.303448
ISIC_1819358,-0.303534
ISIC_4936662,-0.303626
ISIC_0059846,-0.303641
ISIC_0002675,-0.303644
ISIC_4153234,-0.303672
ISIC_0027085,-0.303797
ISIC_7642142,-0.303967
ISIC_7012881,-0.304433
ISIC_0031908,-0.304982
ISIC_5179884,-0.305071
ISIC_8579575,-0.305508
ISIC_8751106,-0.305562
ISIC_4950467,-0.305571
ISIC_0032759,-0.305755
ISIC_0000848,-0.305776
ISIC_0262770,-0.305933
ISIC_2023592,-0.306228
ISIC_0030085,-0.306242
ISIC_8814612,-0.306413
ISIC_2175855,-0.306507
ISIC_4699066,-0.306868
ISIC_0197873,-0.3072
ISIC_8152423,-0.307354
ISIC_0510617,-0.307593
ISIC_3529778,-0.307741
ISIC_5980439,-0.307842
ISIC_1620401,-0.308131
ISIC_8190708,-0.308774
ISIC_3717983,-0.308804
ISIC_4912684,-0.308901
ISIC_4296456,-0.309177
ISIC_9865814,-0.309258
ISIC_0026879,-0.309505
ISIC_3207651,-0.310096
ISIC_7612992,-0.310186
ISIC_5381712,-0.310282
ISIC_0058529,-0.310604
ISIC_9829436,-0.310837
ISIC_0063556,-0.310924
ISIC_7702483,-0.311042
ISIC_0706692,-0.311465
ISIC_0025489,-0.31259
ISIC_0484171,-0.313603
ISIC_8139762,-0.313612
ISIC_0011125,-0.313633
ISIC_3786075,-0.313765
ISIC_0046622,-0.314152
ISIC_7141153,-0.314346
ISIC_0056991,-0.314412
ISIC_0010760,-0.314462
ISIC_7605678,-0.314551
ISIC_6678508,-0.314583
ISIC_7618133,-0.314681
ISIC_9194220,-0.31476
ISIC_5149162,-0.314861
ISIC_0025897,-0.315147
ISIC_9053910,-0.315186
ISIC_1109641,-0.31532
ISIC_0013831,-0.315337
ISIC_0064932,-0.315421
ISIC_0025778,-0.315779
ISIC_0063234,-0.31584
ISIC_1017377,-0.315873
ISIC_6352730,-0.315904
ISIC_0002811,-0.315959
ISIC_2682861,-0.316185
ISIC_0032433,-0.316214
ISIC_9741917,-0.316326
ISIC_0009882,-0.316391
ISIC_6032520,-0.316632
ISIC_0071693,-0.317215
ISIC_0348633,-0.317358
ISIC_5751956,-0.317819
ISIC_9709594,-0.317961
ISIC_0014826,-0.318033
ISIC_0013472,-0.318039
ISIC_8030914,-0.318042
ISIC_0028759,-0.318082
ISIC_0063191,-0.3181
ISIC_6946260,-0.318222
ISIC_0029572,-0.318252
ISIC_0054280,-0.318361
ISIC_9234944,-0.318763
ISIC_1585370,-0.318841
ISIC_4943797,-0.319109
ISIC_7498132,-0.319304
ISIC_9631669,-0.319466
ISIC_0031553,-0.319485
ISIC_0032615,-0.319489
ISIC_0000558,-0.31952
ISIC_9905633,-0.319529
ISIC_0031807,-0.31963
ISIC_0006302,-0.319797
ISIC_0015179,-0.31993
ISIC_0055404,-0.319959
ISIC_0217267,-0.320045
ISIC_3312201,-0.320176
ISIC_7227223,-0.320272
ISIC_0006108,-0.320634
ISIC_0027832,-0.321264
ISIC_6423964,-0.321442
ISIC_0031621,-0.321482
ISIC_4471367,-0.321662
ISIC_0010401,-0.321668
ISIC_7788318,-0.321689
ISIC_0061558,-0.322351
ISIC_9499787,-0.322449
ISIC_0029693,-0.322766
ISIC_0030519,-0.322904
ISIC_0011227,-0.323002
ISIC_0059303,-0.323232
ISIC_0029296,-0.323274
ISIC_3009493,-0.323389
ISIC_8822331,-0.323396
ISIC_0033779,-0.323581
ISIC_2470790,-0.323876
ISIC_0028071,-0.323888
ISIC_0054874,-0.323954
ISIC_1332766,-0.324272
ISIC_0034106,-0.32432
ISIC_0032272,-0.324777
ISIC_0026596,-0.324933
ISIC_9337570,-0.324946
ISIC_2882237,-0.32499
ISIC_4582670,-0.325144
ISIC_0064798,-0.325186
ISIC_0008881,-0.325238
ISIC_8319768,-0.325374
ISIC_0026281,-0.325606
ISIC_0029480,-0.325774
ISIC_6973257,-0.326053
ISIC_0801281,-0.327231
ISIC_0030831,-0.327312
ISIC_2502558,-0.327441
ISIC_7342840,-0.327782
ISIC_1251639,-0.328004
ISIC_2468509,-0.328063
ISIC_4247149,-0.328445
ISIC_9510497,-0.328478
ISIC_3392433,-0.328677
ISIC_0001745,-0.328698
ISIC_0029684,-0.328766
ISIC_8363069,-0.32882
ISIC_5697228,-0.328843
ISIC_9087221,-0.329066
ISIC_1264950,-0.329086
ISIC_5994286,-0.329287
ISIC_7811951,-0.329295
ISIC_8147189,-0.329485
ISIC_0058428,-0.329645
ISIC_7763831,-0.329854
ISIC_5132214,-0.330113
ISIC_0031784,-0.330218
ISIC_0013865,-0.330482
ISIC_0024779,-0.330526
ISIC_6912979,-0.331111
ISIC_6685532,-0.331128
ISIC_7663476,-0.33113
ISIC_0030128,-0.331626
ISIC_4527661,-0.331741
ISIC_0025184,-0.332118
ISIC_9943579,-0.332165
ISIC_4393521,-0.332324
ISIC_3701563,-0.332379
ISIC_4354896,-0.332676
ISIC_2558816,-0.332801
ISIC_0247330,-0.333178
ISIC_0069050,-0.333407
ISIC_6670242,-0.333427
ISIC_0012391,-0.333723
ISIC_5826878,-0.333748
ISIC_1300967,-0.333805
ISIC_0031649,-0.333872
ISIC_0029112,-0.334254
ISIC_1026382,-0.33431
ISIC_6913272,-0.334414
ISIC_3975743,-0.334904
ISIC_1308649,-0.335088
ISIC_1722909,-0.335113
ISIC_3933658,-0.335355
ISIC_0232101,-0.335386
ISIC_2146346,-0.33565
ISIC_0339930,-0.336045
ISIC_0009713,-0.336634
ISIC_2002605,-0.336694
ISIC_0011531,-0.336836
ISIC_7246852,-0.336956
ISIC_3556039,-0.337106
ISIC_0066366,-0.337187
ISIC_0024294,-0.337349
ISIC_1727826,-0.337416
ISIC_7215375,-0.337417
ISIC_0063496,-0.337566
ISIC_7070020,-0.337636
ISIC_0485914,-0.338373
ISIC_1915890,-0.338788
ISIC_0218575,-0.338813
ISIC_4930632,-0.338895
ISIC_9513918,-0.339191
ISIC_0218072,-0.339476
ISIC_7492682,-0.339562
ISIC_0033089,-0.339658
ISIC_2076902,-0.339758
ISIC_0000421,-0.339868
ISIC_6721869,-0.339945
ISIC_2915747,-0.339976
ISIC_0021271,-0.340069
ISIC_0030795,-0.340218
ISIC_0011972,-0.340259
ISIC_1075605,-0.340294
ISIC_7801289,-0.340416
ISIC_1560455,-0.340422
ISIC_0015044,-0.34043
ISIC_8401332,-0.340445
ISIC_3110909,-0.340551
ISIC_0014684,-0.340688
ISIC_8873236,-0.340745
ISIC_9699728,-0.340804
ISIC_4573624,-0.340941
ISIC_1323743,-0.341204
ISIC_7477006,-0.341376
ISIC_8704668,-0.341629
ISIC_0511526,-0.341742
ISIC_7885531,-0.34212
ISIC_4536709,-0.342682
ISIC_0029570,-0.342729
ISIC_6590303,-0.342959
ISIC_5347806,-0.342994
ISIC_4343552,-0.343076
ISIC_2826618,-0.343968
ISIC_0000507,-0.344139
ISIC_0032845,-0.344253
ISIC_0030729,-0.344291
ISIC_0008864,-0.344543
ISIC_0025418,-0.344592
ISIC_0027060,-0.344874
ISIC_0062547,-0.345387
ISIC_9644813,-0.345395
ISIC_7755875,-0.345538
ISIC_0034053,-0.345614
ISIC_5355302,-0.345616
ISIC_0005139,-0.346207
ISIC_2523776,-0.346261
ISIC_0026112,-0.346471
ISIC_0010901,-0.346505
ISIC_0033980,-0.346561
ISIC_0066854,-0.346855
ISIC_0011481,-0.346996
ISIC_0004509,-0.347149
ISIC_6685513,-0.34736
ISIC_2092911,-0.347387
ISIC_2222879,-0.347889
ISIC_0001111,-0.347964
ISIC_0054239,-0.34798
ISIC_5607702,-0.348033
ISIC_0014800,-0.348122
ISIC_0008393,-0.348236
ISIC_0030342,-0.348251
ISIC_9625295,-0.348564
ISIC_0025835,-0.348649
ISIC_0458561,-0.349207
ISIC_2509304,-0.349493
ISIC_0030437,-0.349645
ISIC_5015378,-0.34989
ISIC_0032535,-0.35007
ISIC_0033059,-0.350501
ISIC_0029290,-0.350909
ISIC_8863344,-0.351304
ISIC_4894802,-0.351555
ISIC_4735959,-0.351561
ISIC_0175530,-0.351666
ISIC_0008619,-0.351783
ISIC_6640686,-0.352951
ISIC_7682938,-0.353001
ISIC_2927587,-0.354445
ISIC_0420249,-0.354645
ISIC_2463014,-0.354755
ISIC_0061343,-0.355229
ISIC_3520591,-0.355617
ISIC_5907931,-0.355882
ISIC_2758999,-0.356113
ISIC_0003345,-0.356597
ISIC_3509838,-0.356634
ISIC_6381981,-0.3569
ISIC_8791744,-0.356938
ISIC_2100640,-0.357248
ISIC_9879347,-0.358046
ISIC_0033228,-0.358358
ISIC_6201199,-0.358413
ISIC_7672106,-0.358576
ISIC_5552381,-0.358607
ISIC_0013775,-0.358803
ISIC_4654443,-0.359445
ISIC_0432236,-0.359629
ISIC_6072777,-0.35971
ISIC_4614129,-0.359825
ISIC_0013277,-0.359863
ISIC_5904116,-0.360045
ISIC_8759207,-0.360256
ISIC_5929687,-0.360315
ISIC_9276931,-0.361199
ISIC_0032549,-0.361242
ISIC_8957571,-0.361338
ISIC_3105924,-0.361552
ISIC_0032419,-0.361687
ISIC_8441905,-0.361899
ISIC_4644299,-0.36193
ISIC_9092298,-0.362025
ISIC_9927486,-0.362104
ISIC_4921413,-0.362672
ISIC_2476624,-0.362705
ISIC_1356715,-0.362831
ISIC_0016139,-0.363226
ISIC_0011884,-0.363344
ISIC_5363229,-0.363429
ISIC_6892561,-0.363512
ISIC_0064033,-0.363636
ISIC_5938680,-0.363837
ISIC_0028297,-0.363901
ISIC_7137773,-0.364003
ISIC_7128007,-0.364435
ISIC_0059052,-0.364613
ISIC_0033625,-0.364723
ISIC_6577632,-0.364843
ISIC_0057028,-0.364924
ISIC_1470250,-0.364979
ISIC_1871890,-0.365097
ISIC_0001505,-0.365113
ISIC_0061581,-0.365428
ISIC_5955057,-0.365463
ISIC_8108099,-0.365613
ISIC_6657600,-0.36574
ISIC_7004652,-0.366039
ISIC_9462738,-0.366097
ISIC_2910705,-0.366172
ISIC_0031953,-0.366322
ISIC_7748144,-0.366427
ISIC_9588065,-0.366508
ISIC_4587506,-0.36677
ISIC_6320497,-0.36685
ISIC_5081382,-0.366895
ISIC_0012338,-0.367249
ISIC_0028024,-0.367323
ISIC_0033268,-0.367609
ISIC_8766254,-0.367612
ISIC_0063824,-0.367858
ISIC_0059005,-0.367862
ISIC_0002057,-0.368391
ISIC_0054792,-0.368537
ISIC_0032602,-0.368775
ISIC_4043580,-0.368915
ISIC_3239813,-0.369112
ISIC_0027712,-0.36912
ISIC_0032862,-0.369185
ISIC_1020968,-0.369746
ISIC_0068048,-0.369842
ISIC_0281291,-0.369942
ISIC_0013953,-0.370433
ISIC_6220953,-0.370517
ISIC_0056409,-0.37062
ISIC_0028019,-0.370796
ISIC_0027941,-0.370909
ISIC_0071892,-0.371082
ISIC_8281208,-0.371118
ISIC_0024275,-0.371134
ISIC_0641173,-0.371345
ISIC_3105136,-0.371768
ISIC_0759561,-0.371793
ISIC_0027095,-0.372115
ISIC_0068299,-0.372303
ISIC_8101493,-0.372416
ISIC_9196033,-0.37274
ISIC_8649055,-0.372994
ISIC_8100185,-0.373854
ISIC_5934239,-0.374004
ISIC_0046642,-0.374103
ISIC_0029660,-0.374233
ISIC_0001135,-0.374262
ISIC_0394140,-0.374898
ISIC_0000550,-0.375101
ISIC_0067008,-0.375278
ISIC_5287748,-0.375398
ISIC_1736735,-0.375499
ISIC_0033885,-0.375757
ISIC_8485716,-0.375859
ISIC_7475827,-0.376002
ISIC_5971574,-0.376114
ISIC_8865595,-0.376121
ISIC_6674653,-0.376544
ISIC_0010718,-0.376574
ISIC_7287540,-0.376602
ISIC_8082460,-0.376963
ISIC_1077375,-0.377166
ISIC_0067156,-0.377203
ISIC_8493108,-0.377374
ISIC_9271800,-0.377555
ISIC_0033957,-0.377792
ISIC_0046450,-0.37781
ISIC_0061021,-0.377929
ISIC_7336383,-0.378185
ISIC_5830274,-0.3783
ISIC_8692006,-0.378338
ISIC_1083681,-0.378841
ISIC_1403974,-0.378855
ISIC_4770073,-0.379196
ISIC_0429825,-0.37926
ISIC_7251402,-0.379518
ISIC_7761711,-0.379588
ISIC_0069851,-0.380076
ISIC_0071245,-0.380105
ISIC_0008055,-0.380148
ISIC_4013189,-0.380457
ISIC_3086579,-0.380563
ISIC_7802213,-0.380954
ISIC_8065001,-0.380955
ISIC_9021685,-0.381022
ISIC_1978947,-0.381162
ISIC_0644590,-0.381195
ISIC_0055435,-0.381554
ISIC_0030194,-0.381561
ISIC_7888517,-0.381672
ISIC_4088647,-0.382087
ISIC_0031844,-0.3823
ISIC_0027022,-0.383726
ISIC_5204408,-0.384292
ISIC_0061705,-0.384439
ISIC_2173158,-0.384579
ISIC_8265105,-0.384736
ISIC_9219356,-0.385162
ISIC_0974833,-0.38523
ISIC_9307584,-0.385671
ISIC_0034042,-0.385814
ISIC_6617618,-0.386054
ISIC_0028410,-0.386175
ISIC_3518299,-0.386626
ISIC_7621412,-0.386713
ISIC_6208508,-0.386808
ISIC_3994656,-0.386907
ISIC_1331993,-0.387202
ISIC_0028405,-0.387209
ISIC_0010791,-0.387516
ISIC_0268187,-0.387728
ISIC_0014092,-0.387936
ISIC_0867503,-0.388148
ISIC_2259190,-0.388335
ISIC_0059836,-0.388669
ISIC_0003113,-0.38887
ISIC_0028582,-0.389074
ISIC_0032204,-0.389161
ISIC_1884256,-0.38991
ISIC_5885403,-0.389925
ISIC_5647554,-0.389986
ISIC_9140779,-0.389989
ISIC_0563533,-0.390211
ISIC_0765585,-0.390328
ISIC_0028009,-0.390813
ISIC_0033966,-0.390989
ISIC_7441957,-0.391011
ISIC_9470876,-0.391917
ISIC_7797853,-0.392088
ISIC_4212044,-0.392224
ISIC_0032954,-0.392353
ISIC_0062740,-0.3927
ISIC_6637542,-0.392733
ISIC_1292607,-0.393502
ISIC_9544059,-0.393548
ISIC_6377883,-0.39368
ISIC_5309814,-0.394019
ISIC_1945381,-0.394082
ISIC_0026113,-0.39411
ISIC_0000490,-0.394132
ISIC_0070689,-0.394856
ISIC_1735204,-0.395683
ISIC_1412843,-0.395737
ISIC_4219589,-0.39588
ISIC_0202167,-0.396474
ISIC_4842269,-0.396484
ISIC_1166522,-0.396632
ISIC_0029863,-0.396937
ISIC_6844752,-0.397011
ISIC_9011718,-0.397343
ISIC_9358630,-0.39741
ISIC_0033245,-0.397469
ISIC_9522489,-0.397563
ISIC_0010432,-0.397768
ISIC_6448312,-0.397883
ISIC_0032596,-0.398152
ISIC_0031406,-0.398345
ISIC_0010225,-0.398373
ISIC_5005253,-0.398463
ISIC_7696538,-0.398685
ISIC_4882123,-0.39926
ISIC_0028489,-0.399501
ISIC_0009666,-0.3997
ISIC_0375034,-0.400206
ISIC_0032537,-0.40033
ISIC_6507792,-0.400368
ISIC_6098768,-0.400858
ISIC_6828587,-0.401124
ISIC_3609379,-0.401293
ISIC_4286715,-0.401325
ISIC_0014765,-0.401474
ISIC_0028326,-0.401984
ISIC_2021175,-0.403094
ISIC_0027356,-0.403155
ISIC_0064941,-0.40318
ISIC_2948896,-0.403507
ISIC_0026655,-0.403597
ISIC_1809444,-0.403776
ISIC_5218530,-0.404308
ISIC_1522266,-0.404355
ISIC_2033237,-0.404574
ISIC_0025499,-0.404796
ISIC_3922602,-0.405125
ISIC_0072694,-0.405256
ISIC_5320483,-0.405601
ISIC_0033508,-0.40574
ISIC_6970607,-0.406031
ISIC_3688407,-0.406063
ISIC_0765973,-0.406415
ISIC_0010014,-0.406433
ISIC_6996553,-0.406595
ISIC_0058186,-0.406664
ISIC_2784965,-0.406884
ISIC_0028642,-0.406963
ISIC_0009721,-0.407046
ISIC_1080647,-0.407292
ISIC_0071783,-0.407321
ISIC_0014846,-0.407404
ISIC_1595658,-0.407836
ISIC_9008095,-0.407928
ISIC_0169604,-0.407994
ISIC_3424207,-0.407995
ISIC_8168598,-0.408096
ISIC_8006094,-0.408189
ISIC_0006730,-0.408201
ISIC_0033405,-0.408246
ISIC_0591011,-0.408323
ISIC_9719936,-0.408765
ISIC_4246086,-0.408825
ISIC_0027432,-0.408996
ISIC_7284399,-0.409073
ISIC_6942437,-0.409098
ISIC_3757004,-0.409114
ISIC_0025145,-0.409165
ISIC_0000431,-0.40952
ISIC_3272999,-0.409706
ISIC_5772938,-0.409729
ISIC_7614221,-0.409765
ISIC_5354202,-0.409769
ISIC_5573566,-0.409853
ISIC_1216139,-0.410592
ISIC_0033801,-0.410811
ISIC_0054527,-0.41118
ISIC_3688362,-0.411339
ISIC_6822870,-0.411614
ISIC_6784593,-0.41202
ISIC_0010360,-0.412418
ISIC_0067094,-0.412763
ISIC_0029216,-0.41277
ISIC_1067390,-0.413052
ISIC_4876378,-0.413225
ISIC_1226440,-0.413444
ISIC_9808863,-0.413868
ISIC_0071735,-0.413878
ISIC_9364740,-0.413935
ISIC_0068544,-0.414225
ISIC_1640823,-0.414735
ISIC_0027109,-0.414795
ISIC_9466794,-0.414913
ISIC_9034574,-0.414977
ISIC_5835414,-0.415027
ISIC_0028723,-0.415106
ISIC_1944650,-0.415652
ISIC_5167209,-0.415759
ISIC_5787517,-0.415963
ISIC_0305928,-0.41621
ISIC_1102391,-0.416281
ISIC_0006727,-0.417143
ISIC_6344073,-0.417568
ISIC_7175697,-0.41765
ISIC_0030089,-0.417711
ISIC_0024256,-0.41785
ISIC_0030336,-0.417871
ISIC_6566042,-0.41791
ISIC_5679004,-0.418348
ISIC_0025186,-0.418484
ISIC_0599047,-0.418495
ISIC_0025491,-0.418538
ISIC_4724660,-0.418564
ISIC_0001923,-0.418726
ISIC_6710082,-0.418812
ISIC_0031835,-0.418813
ISIC_8127323,-0.419236
ISIC_2768150,-0.419241
ISIC_2260249,-0.419246
ISIC_3060145,-0.419297
ISIC_0011409,-0.419326
ISIC_3966064,-0.419774
ISIC_8338755,-0.419797
ISIC_0029349,-0.419832
ISIC_5504286,-0.419846
ISIC_0025289,-0.419924
ISIC_0001831,-0.42017
ISIC_2563374,-0.420259
ISIC_0014598,-0.420373
ISIC_0011210,-0.420554
ISIC_0071809,-0.420732
ISIC_1920685,-0.421424
ISIC_0172020,-0.421728
ISIC_0032462,-0.421761
ISIC_0064060,-0.421834
ISIC_1838888,-0.421857
ISIC_0063672,-0.421934
ISIC_4793961,-0.422161
ISIC_3049506,-0.422229
ISIC_0001140,-0.422389
ISIC_0066053,-0.422504
ISIC_0034069,-0.423079
ISIC_3269018,-0.423202
ISIC_6020636,-0.423277
ISIC_9879693,-0.423575
ISIC_1018265,-0.423586
ISIC_9939963,-0.423837
ISIC_4026808,-0.423981
ISIC_0029409,-0.424178
ISIC_0029106,-0.424763
ISIC_4708642,-0.424915
ISIC_0394157,-0.424945
ISIC_0033300,-0.424953
ISIC_0057083,-0.425213
ISIC_0476606,-0.425265
ISIC_2440407,-0.42539
ISIC_5360921,-0.425422
ISIC_5922931,-0.425896
ISIC_1718403,-0.426082
ISIC_0012758,-0.426109
ISIC_0679781,-0.426233
ISIC_3031102,-0.426907
ISIC_6697013,-0.427167
ISIC_5964173,-0.427289
ISIC_2400177,-0.427503
ISIC_0010587,-0.427503
ISIC_0027620,-0.428122
ISIC_5768032,-0.428221
ISIC_0009738,-0.428323
ISIC_0071171,-0.428362
ISIC_2927673,-0.428448
ISIC_0031671,-0.428498
ISIC_5504560,-0.428515
ISIC_0033496,-0.428839
ISIC_4846741,-0.42895
ISIC_9684649,-0.42897
ISIC_3238687,-0.429112
ISIC_0062389,-0.4292
ISIC_8684147,-0.429233
ISIC_0026020,-0.42927
ISIC_7650369,-0.429584
ISIC_0959863,-0.429701
ISIC_0031611,-0.430048
ISIC_3965872,-0.430073
ISIC_6274085,-0.430092
ISIC_0034065,-0.430129
ISIC_0031246,-0.430339
ISIC_3495799,-0.430413
ISIC_0007148,-0.430896
ISIC_7125023,-0.431041
ISIC_7830756,-0.431343
ISIC_2616327,-0.431928
ISIC_8727962,-0.432539
ISIC_7330564,-0.432825
ISIC_9792592,-0.432885
ISIC_8869929,-0.432962
ISIC_4523565,-0.433482
ISIC_0247197,-0.433575
ISIC_0067893,-0.43405
ISIC_0753112,-0.434117
ISIC_0356611,-0.434442
ISIC_1554992,-0.434471
ISIC_1210565,-0.434635
ISIC_0013316,-0.434693
ISIC_4463086,-0.434885
ISIC_8990907,-0.43526
ISIC_0007678,-0.435658
ISIC_0070860,-0.435665
ISIC_6811363,-0.435706
ISIC_3466769,-0.435731
ISIC_0030003,-0.435744
ISIC_9542544,-0.43575
ISIC_9851899,-0.435778
ISIC_0000171,-0.435886
ISIC_6908183,-0.436203
ISIC_3856662,-0.436342
ISIC_5097947,-0.436793
ISIC_3096949,-0.43691
ISIC_9499185,-0.436969
ISIC_2893340,-0.437023
ISIC_4695396,-0.437261
ISIC_3084213,-0.437732
ISIC_5316803,-0.43784
ISIC_0009441,-0.437949
ISIC_9969907,-0.438006
ISIC_2720426,-0.438116
ISIC_9385996,-0.438121
ISIC_6806545,-0.438656
ISIC_1020369,-0.438871
ISIC_0032779,-0.438872
ISIC_0013052,-0.439131
ISIC_3031937,-0.439684
ISIC_5388493,-0.439959
ISIC_0030434,-0.440104
ISIC_2286175,-0.440277
ISIC_1672821,-0.440802
ISIC_8246858,-0.441363
ISIC_1988058,-0.442012
ISIC_8483458,-0.442027
ISIC_0055727,-0.442167
ISIC_0007760,-0.442282
ISIC_0845105,-0.442322
ISIC_0063845,-0.442699
ISIC_0015291,-0.443145
ISIC_7161002,-0.443978
ISIC_0032970,-0.444235
ISIC_0000141,-0.444708
ISIC_7755096,-0.445011
ISIC_0070351,-0.445286
ISIC_6392478,-0.445411
ISIC_8814672,-0.445418
ISIC_7397447,-0.445467
ISIC_8161933,-0.445832
ISIC_6118824,-0.446076
ISIC_0069175,-0.446371
ISIC_0009950,-0.446453
ISIC_5755836,-0.446483
ISIC_0033174,-0.446628
ISIC_0058658,-0.446727
ISIC_0025303,-0.446998
ISIC_6400714,-0.447331
ISIC_7171090,-0.447736
ISIC_0032810,-0.447873
ISIC_0361149,-0.447933
ISIC_4924690,-0.44809
ISIC_0058891,-0.448171
ISIC_5557025,-0.448611
ISIC_2398511,-0.448735
ISIC_4128342,-0.449081
ISIC_9114539,-0.449341
ISIC_4116224,-0.449716
ISIC_0010768,-0.449866
ISIC_5194705,-0.450271
ISIC_7205745,-0.450556
ISIC_0032377,-0.451115
ISIC_0028800,-0.451159
ISIC_5362869,-0.451184
ISIC_0060937,-0.451213
ISIC_0024990,-0.451513
ISIC_4553633,-0.451515
ISIC_1797795,-0.451533
ISIC_0033886,-0.451661
ISIC_0054444,-0.451787
ISIC_0028175,-0.451815
ISIC_0031304,-0.452019
ISIC_0015133,-0.452475
ISIC_4927943,-0.452606
ISIC_5877410,-0.453421
ISIC_5049165,-0.453498
ISIC_0003324,-0.453508
ISIC_9019691,-0.453605
ISIC_7180096,-0.453746
ISIC_4851652,-0.454516
ISIC_0871853,-0.45473
ISIC_2532544,-0.455092
ISIC_0063852,-0.455097
ISIC_0010995,-0.455284
ISIC_9263990,-0.455539
ISIC_0028003,-0.45605
ISIC_0032709,-0.456224
ISIC_0031204,-0.456474
ISIC_0028422,-0.456538
ISIC_3151260,-0.456676
ISIC_1399572,-0.456693
ISIC_3013569,-0.456732
ISIC_0010081,-0.45701
ISIC_6808543,-0.457024
ISIC_8479913,-0.458163
ISIC_3315146,-0.458261
ISIC_2728024,-0.458491
ISIC_6793603,-0.458605
ISIC_0015193,-0.458966
ISIC_7186677,-0.459113
ISIC_0025550,-0.459119
ISIC_8397011,-0.45929
ISIC_7984080,-0.459348
ISIC_8943855,-0.459463
ISIC_5732487,-0.459529
ISIC_1382271,-0.459543
ISIC_9780632,-0.45993
ISIC_0031408,-0.459976
ISIC_0072843,-0.460238
ISIC_0543351,-0.460757
ISIC_9223156,-0.460831
ISIC_6496765,-0.461146
ISIC_9260499,-0.461293
ISIC_8143286,-0.461781
ISIC_0064337,-0.461867
ISIC_0061164,-0.461871
ISIC_6119208,-0.461878
ISIC_3503213,-0.462248
ISIC_6125358,-0.46228
ISIC_0032716,-0.463132
ISIC_0060386,-0.463393
ISIC_0030391,-0.463534
ISIC_0941085,-0.463542
ISIC_6113524,-0.463694
ISIC_2583592,-0.464052
ISIC_0283957,-0.464382
ISIC_0783513,-0.464407
ISIC_0056167,-0.464439
ISIC_0029913,-0.464549
ISIC_0744870,-0.46507
ISIC_4907595,-0.465559
ISIC_7365889,-0.465575
ISIC_0058303,-0.465808
ISIC_0013842,-0.465838
ISIC_0010521,-0.465902
ISIC_0067167,-0.465908
ISIC_7869255,-0.46612
ISIC_0067195,-0.466132
ISIC_0046693,-0.466228
ISIC_9288923,-0.466795
ISIC_0207268,-0.467119
ISIC_8853902,-0.467235
ISIC_6981061,-0.46761
ISIC_0028226,-0.468043
ISIC_8906583,-0.468049
ISIC_4613437,-0.468353
ISIC_3394080,-0.469013
ISIC_9350507,-0.469124
ISIC_0024455,-0.469484
ISIC_0032724,-0.469709
ISIC_0031325,-0.470069
ISIC_4976189,-0.470114
ISIC_0546980,-0.470212
ISIC_5674396,-0.470258
ISIC_3926305,-0.470583
ISIC_2086540,-0.470894
ISIC_4715386,-0.471195
ISIC_0060992,-0.471292
ISIC_3591332,-0.471491
ISIC_0067549,-0.471735
ISIC_5352684,-0.471837
ISIC_0029033,-0.472082
ISIC_0058198,-0.472304
ISIC_0068427,-0.472406
ISIC_3356776,-0.472472
ISIC_0013678,-0.472592
ISIC_0072893,-0.472715
ISIC_3386656,-0.472755
ISIC_0066889,-0.47303
ISIC_0004679,-0.473078
ISIC_0071338,-0.473177
ISIC_0046422,-0.474085
ISIC_6317162,-0.474248
ISIC_0013165,-0.474261
ISIC_0054974,-0.474771
ISIC_0012990,-0.475261
ISIC_0034232,-0.475531
ISIC_8510848,-0.475599
ISIC_2528656,-0.476576
ISIC_0000295,-0.476652
ISIC_0026759,-0.476911
ISIC_5709878,-0.476967
ISIC_0067227,-0.477423
ISIC_0027225,-0.477729
ISIC_0025450,-0.478091
ISIC_1477056,-0.47823
ISIC_3893354,-0.478353
ISIC_0749263,-0.478394
ISIC_6446779,-0.478707
ISIC_1205826,-0.478839
ISIC_5623844,-0.47888
ISIC_0062869,-0.47902
ISIC_6447663,-0.479074
ISIC_4811593,-0.479213
ISIC_0013501,-0.479393
ISIC_5614446,-0.479525
ISIC_8043299,-0.47975
ISIC_0065351,-0.479842
ISIC_5883331,-0.479911
ISIC_0027842,-0.479985
ISIC_0010266,-0.480229
ISIC_0069260,-0.480391
ISIC_7727830,-0.480528
ISIC_2587955,-0.480661
ISIC_8095877,-0.48087
ISIC_0000226,-0.481435
ISIC_4957315,-0.481613
ISIC_6017148,-0.482021
ISIC_9160614,-0.482094
ISIC_5039895,-0.48244
ISIC_6268546,-0.482509
ISIC_3301933,-0.482542
ISIC_0340453,-0.482572
ISIC_0013691,-0.482669
ISIC_0001572,-0.482788
ISIC_2807121,-0.482791
ISIC_6916213,-0.483151
ISIC_2095347,-0.483154
ISIC_0030129,-0.483161
ISIC_7900295,-0.4833
ISIC_0015189,-0.483304
ISIC_0034210,-0.483325
ISIC_8295306,-0.483429
ISIC_6801988,-0.483747
ISIC_0010810,-0.483819
ISIC_6131393,-0.483874
ISIC_0409276,-0.484037
ISIC_0025217,-0.484076
ISIC_0055013,-0.484078
ISIC_3898738,-0.484151
ISIC_1034397,-0.484165
ISIC_2833213,-0.48458
ISIC_0011428,-0.484764
ISIC_2874218,-0.484868
ISIC_0032635,-0.484917
ISIC_0028341,-0.48492
ISIC_2860618,-0.48505
ISIC_2914160,-0.485076
ISIC_4298624,-0.485552
ISIC_0004955,-0.485864
ISIC_0817140,-0.486284
ISIC_3304982,-0.486314
ISIC_0062712,-0.486374
ISIC_3295750,-0.486564
ISIC_5457229,-0.486659
ISIC_0032341,-0.486893
ISIC_6208762,-0.486928
ISIC_7651944,-0.486931
ISIC_9050608,-0.487013
ISIC_0057496,-0.487197
ISIC_0056339,-0.487309
ISIC_2918117,-0.487311
ISIC_0034075,-0.487753
ISIC_1312827,-0.487963
ISIC_0004961,-0.488164
ISIC_2209697,-0.488196
ISIC_6520237,-0.488366
ISIC_3689759,-0.488452
ISIC_0063664,-0.488485
ISIC_6356522,-0.488653
ISIC_0046626,-0.489379
ISIC_9007206,-0.489503
ISIC_3289651,-0.489518
ISIC_0025313,-0.490076
ISIC_8357420,-0.490232
ISIC_9972518,-0.490729
ISIC_0059341,-0.491114
ISIC_8287726,-0.491216
ISIC_2979268,-0.49123
ISIC_9604922,-0.49132
ISIC_9933790,-0.491743
ISIC_4756167,-0.492354
ISIC_0056707,-0.492589
ISIC_0031821,-0.492682
ISIC_1711185,-0.492705
ISIC_0028612,-0.493137
ISIC_0025523,-0.493144
ISIC_0000046,-0.493264
ISIC_2470795,-0.493411
ISIC_0011669,-0.493471
ISIC_0026401,-0.493777
ISIC_0367225,-0.494009
ISIC_8773478,-0.494775
ISIC_6178088,-0.494978
ISIC_8041078,-0.495372
ISIC_6210962,-0.495831
ISIC_0046597,-0.495893
ISIC_0034172,-0.495901
ISIC_9081663,-0.495974
ISIC_0234248,-0.496457
ISIC_2245325,-0.496487
ISIC_4474170,-0.496697
ISIC_5888212,-0.496703
ISIC_0072382,-0.497557
ISIC_8035608,-0.497684
ISIC_0013244,-0.498
ISIC_0003793,-0.498381
ISIC_0024565,-0.498708
ISIC_8838753,-0.498736
ISIC_0008162,-0.498811
ISIC_0059722,-0.499124
ISIC_2964397,-0.499551
ISIC_8775014,-0.499713
ISIC_2935987,-0.499906
ISIC_8588957,-0.499908
ISIC_3520709,-0.500168
ISIC_0066626,-0.500398
ISIC_4781169,-0.500934
ISIC_3349562,-0.501054
ISIC_3159924,-0.501105
ISIC_9989485,-0.50121
ISIC_8655206,-0.501641
ISIC_6410859,-0.501762
ISIC_2166661,-0.502213
ISIC_0010636,-0.502748
ISIC_0024846,-0.502779
ISIC_5126638,-0.502887
ISIC_0029214,-0.502938
ISIC_0004686,-0.50298
ISIC_0591226,-0.503161
ISIC_0028181,-0.503997
ISIC_0009622,-0.504431
ISIC_7875088,-0.504727
ISIC_0071957,-0.50474
ISIC_2547431,-0.50479
ISIC_0071132,-0.504814
ISIC_7988794,-0.505686
ISIC_0032226,-0.506427
ISIC_9353514,-0.506574
ISIC_3274493,-0.506709
ISIC_3686329,-0.50673
ISIC_1819071,-0.506819
ISIC_4071825,-0.507587
ISIC_8570555,-0.508109
ISIC_0033196,-0.508354
ISIC_5716385,-0.508501
ISIC_0058132,-0.508571
ISIC_8159718,-0.508612
ISIC_0065766,-0.508679
ISIC_4680417,-0.5089
ISIC_5174685,-0.509146
ISIC_5706908,-0.509215
ISIC_0067160,-0.509475
ISIC_2142639,-0.509683
ISIC_0021894,-0.50976
ISIC_3899323,-0.510497
ISIC_7484771,-0.510579
ISIC_4554381,-0.510928
ISIC_5607452,-0.511327
ISIC_0002853,-0.512049
ISIC_3869533,-0.512472
ISIC_4292879,-0.513057
ISIC_0034164,-0.513085
ISIC_7933945,-0.513118
ISIC_0011709,-0.513164
ISIC_0029874,-0.513259
ISIC_0033800,-0.513427
ISIC_6442221,-0.513514
ISIC_0624498,-0.513576
ISIC_1565767,-0.514443
ISIC_0026915,-0.514757
ISIC_1389563,-0.515177
ISIC_0028136,-0.515223
ISIC_0034294,-0.515356
ISIC_0006983,-0.515513
ISIC_0000700,-0.515591
ISIC_6785041,-0.515618
ISIC_4280835,-0.51566
ISIC_0010551,-0.5163
ISIC_0010649,-0.516334
ISIC_0046670,-0.516341
ISIC_8539990,-0.516593
ISIC_5703909,-0.517067
ISIC_0822238,-0.517532
ISIC_2203239,-0.517663
ISIC_6882733,-0.518046
ISIC_0024826,-0.518047
ISIC_8502869,-0.518095
ISIC_0356904,-0.518698
ISIC_1847556,-0.518746
ISIC_6145261,-0.518811
ISIC_4323070,-0.518857
ISIC_9974299,-0.51934
ISIC_0000118,-0.519351
ISIC_0034268,-0.520063
ISIC_4589609,-0.520067
ISIC_4728200,-0.520071
ISIC_0013492,-0.520776
ISIC_2909153,-0.520886
ISIC_0033091,-0.520935
ISIC_0002821,-0.521311
ISIC_0026150,-0.521423
ISIC_0004140,-0.522248
ISIC_0799535,-0.522552
ISIC_1008609,-0.523037
ISIC_8368872,-0.523064
ISIC_2161864,-0.523342
ISIC_4311777,-0.523523
ISIC_0055905,-0.523994
ISIC_0058877,-0.524173
ISIC_4023381,-0.52433
ISIC_4312841,-0.524488
ISIC_0029571,-0.524532
ISIC_6756517,-0.524741
ISIC_5104731,-0.525148
ISIC_4129376,-0.525487
ISIC_0013184,-0.525833
ISIC_7508320,-0.525914
ISIC_0066470,-0.526135
ISIC_5272837,-0.526178
ISIC_7565128,-0.526583
ISIC_0033730,-0.526668
ISIC_7521698,-0.527488
ISIC_0692990,-0.527781
ISIC_0066200,-0.528216
ISIC_0016161,-0.528316
ISIC_0057753,-0.52853
ISIC_0430356,-0.528558
ISIC_0011448,-0.528615
ISIC_3303825,-0.528746
ISIC_1514401,-0.529008
ISIC_1452549,-0.529147
ISIC_3494219,-0.529388
ISIC_0952221,-0.529552
ISIC_0033612,-0.529554
ISIC_0370008,-0.529835
ISIC_0870751,-0.530678
ISIC_0004558,-0.530772
ISIC_0010397,-0.530882
ISIC_0028692,-0.53114
ISIC_0007622,-0.531251
ISIC_0059626,-0.531459
ISIC_7492530,-0.531467
ISIC_1919324,-0.531871
ISIC_2702929,-0.532174
ISIC_0003052,-0.532515
ISIC_0027091,-0.532571
ISIC_6592334,-0.532604
ISIC_9864402,-0.532708
ISIC_6737771,-0.53301
ISIC_0027024,-0.533088
ISIC_5615694,-0.533769
ISIC_0026812,-0.534138
ISIC_6188574,-0.534168
ISIC_4692567,-0.534214
ISIC_0015079,-0.534237
ISIC_6118204,-0.534406
ISIC_6066292,-0.534701
ISIC_5223096,-0.534797
ISIC_1733794,-0.535637
ISIC_6370977,-0.535648
ISIC_0028041,-0.535796
ISIC_8027899,-0.535817
ISIC_0027693,-0.53602
ISIC_0002899,-0.536085
ISIC_4190900,-0.536267
ISIC_5568834,-0.536307
ISIC_2634356,-0.53692
ISIC_4352700,-0.537181
ISIC_0033651,-0.537281
ISIC_2457024,-0.537748
ISIC_9088073,-0.537886
ISIC_2769292,-0.537891
ISIC_0032701,-0.538107
ISIC_6089318,-0.538224
ISIC_6541615,-0.538929
ISIC_0399220,-0.538941
ISIC_2743014,-0.539187
ISIC_0025931,-0.539333
ISIC_5622348,-0.539708
ISIC_0826998,-0.539728
ISIC_0010023,-0.539766
ISIC_4495099,-0.540289
ISIC_2438917,-0.540375
ISIC_6717452,-0.540477
ISIC_0031741,-0.540673
ISIC_7814144,-0.540682
ISIC_1720856,-0.540705
ISIC_0033564,-0.541172
ISIC_0033427,-0.541279
ISIC_3181358,-0.541329
ISIC_0000429,-0.54133
ISIC_5852396,-0.541446
ISIC_3013468,-0.541451
ISIC_4876193,-0.541533
ISIC_4232761,-0.54156
ISIC_7203184,-0.542019
ISIC_9161898,-0.542337
ISIC_8521610,-0.54246
ISIC_9449365,-0.542505
ISIC_6475049,-0.542689
ISIC_4396553,-0.543233
ISIC_0034304,-0.543316
ISIC_0033213,-0.543332
ISIC_0066798,-0.543348
ISIC_9788545,-0.543408
ISIC_0268701,-0.543468
ISIC_6023504,-0.543603
ISIC_0063295,-0.543621
ISIC_0028751,-0.543675
ISIC_6052437,-0.543815
ISIC_0064344,-0.544584
ISIC_0000504,-0.544638
ISIC_5874357,-0.544772
ISIC_2256461,-0.544818
ISIC_0032600,-0.545016
ISIC_4945233,-0.545054
ISIC_1850674,-0.545129
ISIC_7030488,-0.545918
ISIC_0238570,-0.546202
ISIC_6968422,-0.546207
ISIC_0058946,-0.546335
ISIC_0034052,-0.546574
ISIC_0029732,-0.546672
ISIC_0026832,-0.546919
ISIC_0005655,-0.547291
ISIC_0064964,-0.547315
ISIC_6052702,-0.547351
ISIC_0773096,-0.547518
ISIC_2328829,-0.547702
ISIC_1441260,-0.548392
ISIC_0009735,-0.548457
ISIC_0009941,-0.548604
ISIC_4985027,-0.548852
ISIC_6209119,-0.548894
ISIC_8986997,-0.548925
ISIC_2577938,-0.549044
ISIC_0056679,-0.549079
ISIC_0025127,-0.549224
ISIC_0028412,-0.549482
ISIC_0033641,-0.549578
ISIC_6339509,-0.549743
ISIC_0059432,-0.550252
ISIC_0059423,-0.551026
ISIC_3690890,-0.551329
ISIC_0013967,-0.551415
ISIC_2714572,-0.551649
ISIC_9765024,-0.552552
ISIC_0066203,-0.552951
ISIC_3413138,-0.553036
ISIC_0024496,-0.553207
ISIC_8712559,-0.553417
ISIC_1224329,-0.553494
ISIC_4394524,-0.553965
ISIC_7306535,-0.554163
ISIC_5300774,-0.554984
ISIC_5385528,-0.555368
ISIC_9699615,-0.555653
ISIC_3084322,-0.555668
ISIC_5336007,-0.555712
ISIC_8066110,-0.556387
ISIC_1952599,-0.556446
ISIC_7637597,-0.556452
ISIC_0056141,-0.556528
ISIC_0693902,-0.55671
ISIC_1584535,-0.557241
ISIC_0026909,-0.557424
ISIC_0011801,-0.55774
ISIC_3352962,-0.557778
ISIC_8297563,-0.558002
ISIC_2355374,-0.558455
ISIC_3573969,-0.558837
ISIC_3395488,-0.558838
ISIC_8893501,-0.559003
ISIC_5229861,-0.559315
ISIC_0003333,-0.559328
ISIC_0027798,-0.559423
ISIC_4320200,-0.55968
ISIC_0025759,-0.559756
ISIC_5288404,-0.559927
ISIC_0031674,-0.559987
ISIC_6128108,-0.560017
ISIC_0027683,-0.560025
ISIC_0028780,-0.56023
ISIC_0029963,-0.560503
ISIC_2197722,-0.560528
ISIC_4969996,-0.560783
ISIC_0325771,-0.56094
ISIC_0597218,-0.561318
ISIC_0033603,-0.561348
ISIC_0000013,-0.561439
ISIC_0057089,-0.562117
ISIC_3043219,-0.562253
ISIC_5641619,-0.562357
ISIC_9103090,-0.562412
ISIC_5065245,-0.562472
ISIC_0016082,-0.56255
ISIC_0016013,-0.562628
ISIC_4734950,-0.5628
ISIC_4701063,-0.563177
ISIC_7017387,-0.563182
ISIC_0887792,-0.563313
ISIC_0030281,-0.563443
ISIC_1343433,-0.563507
ISIC_0008424,-0.563523
ISIC_7132685,-0.563642
ISIC_0024675,-0.564178
ISIC_0046977,-0.564497
ISIC_0033387,-0.564726
ISIC_7763042,-0.564771
ISIC_0004691,-0.564866
ISIC_0028379,-0.564948
ISIC_2378211,-0.564967
ISIC_9799596,-0.565144
ISIC_0651114,-0.56553
ISIC_0054391,-0.565628
ISIC_0026198,-0.565695
ISIC_0013342,-0.565789
ISIC_0025357,-0.565863
ISIC_5611104,-0.566293
ISIC_7850786,-0.566946
ISIC_7404937,-0.567042
ISIC_5983500,-0.567066
ISIC_0064080,-0.567104
ISIC_0000315,-0.5677
ISIC_0027585,-0.567808
ISIC_0046683,-0.567949
ISIC_0032925,-0.568111
ISIC_0054318,-0.568215
ISIC_6448654,-0.56843
ISIC_5555140,-0.568619
ISIC_4529363,-0.568902
ISIC_0026470,-0.568988
ISIC_0033309,-0.569305
ISIC_0064557,-0.569563
ISIC_5721677,-0.569875
ISIC_8356468,-0.570213
ISIC_9826778,-0.570381
ISIC_0028069,-0.57052
ISIC_0029209,-0.570651
ISIC_0011922,-0.570889
ISIC_0033804,-0.570908
ISIC_0000572,-0.571131
ISIC_0064879,-0.571243
ISIC_0448485,-0.571331
ISIC_0028484,-0.571522
ISIC_3888713,-0.571631
ISIC_0071586,-0.571639
ISIC_0058730,-0.571732
ISIC_4226395,-0.571826
ISIC_7997132,-0.572021
ISIC_6531118,-0.57203
ISIC_6375439,-0.572086
ISIC_0032360,-0.572099
ISIC_0746397,-0.572459
ISIC_8791729,-0.572866
ISIC_0016112,-0.57289
ISIC_6234702,-0.572948
ISIC_5520533,-0.573045
ISIC_9175856,-0.573051
ISIC_4936610,-0.57328
ISIC_0033654,-0.573282
ISIC_0026664,-0.573396
ISIC_0897248,-0.573747
ISIC_5578611,-0.573859
ISIC_3114020,-0.574415
ISIC_6529819,-0.575046
ISIC_7190243,-0.575162
ISIC_0032543,-0.575392
ISIC_4951035,-0.575442
ISIC_6793830,-0.57583
ISIC_7340247,-0.576035
ISIC_0002613,-0.576068
ISIC_3760796,-0.576399
ISIC_1461507,-0.576514
ISIC_0034000,-0.57722
ISIC_8195604,-0.577461
ISIC_9860255,-0.577721
ISIC_0002901,-0.577872
ISIC_0015166,-0.577976
ISIC_5044438,-0.578334
ISIC_6983970,-0.57835
ISIC_6038490,-0.578779
ISIC_1611503,-0.579251
ISIC_7764987,-0.579406
ISIC_0010861,-0.579481
ISIC_1285870,-0.579553
ISIC_1197584,-0.579792
ISIC_7562708,-0.580229
ISIC_0000445,-0.580883
ISIC_2129020,-0.580913
ISIC_3979323,-0.580951
ISIC_0024894,-0.581019
ISIC_9895220,-0.581076
ISIC_4032636,-0.581077
ISIC_0028022,-0.581257
ISIC_0030725,-0.581426
ISIC_0013688,-0.581454
ISIC_0031960,-0.58161
ISIC_4407580,-0.581697
ISIC_0033754,-0.581748
ISIC_3012778,-0.581752
ISIC_7489895,-0.581803
ISIC_0063181,-0.58227
ISIC_4116770,-0.582545
ISIC_4271108,-0.583307
ISIC_0004089,-0.58346
ISIC_0024952,-0.583497
ISIC_4432898,-0.583633
ISIC_0024759,-0.583677
ISIC_0010860,-0.583797
ISIC_4074537,-0.58401
ISIC_0063473,-0.584663
ISIC_0728350,-0.584976
ISIC_2631789,-0.585169
ISIC_8249565,-0.585176
ISIC_6444989,-0.585285
ISIC_4853597,-0.585413
ISIC_7080584,-0.586061
ISIC_0031438,-0.5861
ISIC_1293403,-0.586892
ISIC_5913155,-0.587251
ISIC_2323082,-0.587309
ISIC_0072412,-0.587903
ISIC_0032510,-0.588448
ISIC_6813359,-0.588992
ISIC_9308275,-0.589084
ISIC_0032784,-0.589139
ISIC_2633745,-0.589186
ISIC_0781315,-0.589484
ISIC_4764568,-0.590598
ISIC_5370803,-0.591276
ISIC_2134975,-0.591557
ISIC_9338761,-0.591742
ISIC_0000072,-0.592137
ISIC_4123109,-0.592219
ISIC_0065378,-0.592671
ISIC_8630818,-0.593289
ISIC_4984668,-0.593387
ISIC_5414609,-0.593429
ISIC_9764024,-0.593496
ISIC_2652721,-0.593507
ISIC_3254309,-0.593543
ISIC_0010316,-0.593586
ISIC_0177304,-0.593789
ISIC_5438156,-0.593821
ISIC_0008114,-0.593922
ISIC_0046331,-0.593933
ISIC_6691962,-0.594
ISIC_0027411,-0.594145
ISIC_2664946,-0.594547
ISIC_8479104,-0.594616
ISIC_0779920,-0.594673
ISIC_0465385,-0.594769
ISIC_9555291,-0.594796
ISIC_1135213,-0.594839
ISIC_0013096,-0.595075
ISIC_0025900,-0.59531
ISIC_4787403,-0.596155
ISIC_0011779,-0.596429
ISIC_0026302,-0.596479
ISIC_6683370,-0.596544
ISIC_0009955,-0.596685
ISIC_1525284,-0.59704
ISIC_0002939,-0.597478
ISIC_0011057,-0.597718
ISIC_0008447,-0.597975
ISIC_2202486,-0.597982
ISIC_2841488,-0.59813
ISIC_0025573,-0.598263
ISIC_1042960,-0.598771
ISIC_0027479,-0.598954
ISIC_8796769,-0.599043
ISIC_0069908,-0.599272
ISIC_2203247,-0.599482
ISIC_6062657,-0.599729
ISIC_1619470,-0.599754
ISIC_7298784,-0.600239
ISIC_0024512,-0.600375
ISIC_0013921,-0.600415
ISIC_7240424,-0.600596
ISIC_9267202,-0.601382
ISIC_2406492,-0.601788
ISIC_4164882,-0.601832
ISIC_0025996,-0.602306
ISIC_0032001,-0.602783
ISIC_0061606,-0.602924
ISIC_8068693,-0.602947
ISIC_0028415,-0.60306
ISIC_2151856,-0.6032
ISIC_2772217,-0.603661
ISIC_0062639,-0.603797
ISIC_8786606,-0.603927
ISIC_6023518,-0.604587
ISIC_2279679,-0.60459
ISIC_0012208,-0.604942
ISIC_2386961,-0.60525
ISIC_5231145,-0.605378
ISIC_0034289,-0.605423
ISIC_3762459,-0.605558
ISIC_0025757,-0.606152
ISIC_0026509,-0.607624
ISIC_1233104,-0.607965
ISIC_3868662,-0.608038
ISIC_8060329,-0.608425
ISIC_0028338,-0.608489
ISIC_0197584,-0.608612
ISIC_0000866,-0.609912
ISIC_7642500,-0.610177
ISIC_0004042,-0.610269
ISIC_0055240,-0.610561
ISIC_9859495,-0.610583
ISIC_0067427,-0.610988
ISIC_8263489,-0.611154
ISIC_2997601,-0.611177
ISIC_0014110,-0.611362
ISIC_8051628,-0.611376
ISIC_4641968,-0.61182
ISIC_0071768,-0.611962
ISIC_1228845,-0.612048
ISIC_0033501,-0.612054
ISIC_0030656,-0.61245
ISIC_4548632,-0.612994
ISIC_0010818,-0.613835
ISIC_0025817,-0.613871
ISIC_7526530,-0.613976
ISIC_0031127,-0.61444
ISIC_5959795,-0.614577
ISIC_1711973,-0.614833
ISIC_2000959,-0.614905
ISIC_0068525,-0.614913
ISIC_2969968,-0.615186
ISIC_0005879,-0.615581
ISIC_9080774,-0.615834
ISIC_7412559,-0.615928
ISIC_6618943,-0.616143
ISIC_3704157,-0.616534
ISIC_0011830,-0.616847
ISIC_9417004,-0.617017
ISIC_7961365,-0.617707
ISIC_9828053,-0.618233
ISIC_0069944,-0.618527
ISIC_7283084,-0.618842
ISIC_5793600,-0.618854
ISIC_0047008,-0.618941
ISIC_0472513,-0.618952
ISIC_2498064,-0.619033
ISIC_0360988,-0.619488
ISIC_0033805,-0.619935
ISIC_1676261,-0.620277
ISIC_1492055,-0.620449
ISIC_6688417,-0.620462
ISIC_0059368,-0.620536
ISIC_0026901,-0.620703
ISIC_9613570,-0.620877
ISIC_7973296,-0.621043
ISIC_7959386,-0.621171
ISIC_9197665,-0.62118
ISIC_0032790,-0.621249
ISIC_3273370,-0.621525
ISIC_5029636,-0.621791
ISIC_7443391,-0.621833
ISIC_9989617,-0.622097
ISIC_0363130,-0.622143
ISIC_7642591,-0.622273
ISIC_0029157,-0.622496
ISIC_4623351,-0.622613
ISIC_5992826,-0.62283
ISIC_6673956,-0.622987
ISIC_7047780,-0.623066
ISIC_0025382,-0.623112
ISIC_0010145,-0.623378
ISIC_6945921,-0.623539
ISIC_5008399,-0.624205
ISIC_7084553,-0.62433
ISIC_3306135,-0.625277
ISIC_9209245,-0.625577
ISIC_0061509,-0.626169
ISIC_1027512,-0.626352
ISIC_1975042,-0.626595
ISIC_3474681,-0.626697
ISIC_0025595,-0.627169
ISIC_7128811,-0.627247
ISIC_3453832,-0.627433
ISIC_5732374,-0.627564
ISIC_4052597,-0.627881
ISIC_0028718,-0.628153
ISIC_6966001,-0.628255
ISIC_0033275,-0.628314
ISIC_0014867,-0.62887
ISIC_2638895,-0.629089
ISIC_9155855,-0.629135
ISIC_0069830,-0.629835
ISIC_3310625,-0.63148
ISIC_0026231,-0.63162
ISIC_0025039,-0.631764
ISIC_0000274,-0.631773
ISIC_3824206,-0.632365
ISIC_0014469,-0.632691
ISIC_0025927,-0.632896
ISIC_1790808,-0.633069
ISIC_1912589,-0.633961
ISIC_4868926,-0.633984
ISIC_6285076,-0.634171
ISIC_0028394,-0.634384
ISIC_1476361,-0.63487
ISIC_3746471,-0.634959
ISIC_2804864,-0.635039
ISIC_8747095,-0.635041
ISIC_0027277,-0.635684
ISIC_0034239,-0.635962
ISIC_4789377,-0.636383
ISIC_7881017,-0.636583
ISIC_4559115,-0.636593
ISIC_6814221,-0.636706
ISIC_0063053,-0.636801
ISIC_3590167,-0.636869
ISIC_7278885,-0.636888
ISIC_1543770,-0.637417
ISIC_0026207,-0.637556
ISIC_4570724,-0.63756
ISIC_0033148,-0.637611
ISIC_7225978,-0.63768
ISIC_4998826,-0.63768
ISIC_8504479,-0.637731
ISIC_9086288,-0.637795
ISIC_1122023,-0.637927
ISIC_0027061,-0.638075
ISIC_2826766,-0.638302
ISIC_2299862,-0.638334
ISIC_2733043,-0.638418
ISIC_5961092,-0.639247
ISIC_2482653,-0.639965
ISIC_9354604,-0.640275
ISIC_6963954,-0.640552
ISIC_1862691,-0.640749
ISIC_0000186,-0.641022
ISIC_9696846,-0.641224
ISIC_4663883,-0.641262
ISIC_0013136,-0.641293
ISIC_0263478,-0.642072
ISIC_5141844,-0.642143
ISIC_0027132,-0.643031
ISIC_8740331,-0.643302
ISIC_8911683,-0.643474
ISIC_0011612,-0.643602
ISIC_0006757,-0.643819
ISIC_0011064,-0.643937
ISIC_0060586,-0.643977
ISIC_0553932,-0.644348
ISIC_0056326,-0.644424
ISIC_0066321,-0.644427
ISIC_1253960,-0.644658
ISIC_0031104,-0.644858
ISIC_0030818,-0.644897
ISIC_2736880,-0.645303
ISIC_0033368,-0.645592
ISIC_0031550,-0.64567
ISIC_0101540,-0.645922
ISIC_8184471,-0.645975
ISIC_0031337,-0.646138
ISIC_1306790,-0.646588
ISIC_0056900,-0.646799
ISIC_0013817,-0.646993
ISIC_3992223,-0.647405
ISIC_2707664,-0.647824
ISIC_8849818,-0.647971
ISIC_7342636,-0.648085
ISIC_5153848,-0.648164
ISIC_0024891,-0.648242
ISIC_9303594,-0.648663
ISIC_0026155,-0.649309
ISIC_6692344,-0.649404
ISIC_0061381,-0.649849
ISIC_2887355,-0.649856
ISIC_1124434,-0.650018
ISIC_0029000,-0.650713
ISIC_0025139,-0.650727
ISIC_4081632,-0.652139
ISIC_0012018,-0.652344
ISIC_1131588,-0.652374
ISIC_9694867,-0.652394
ISIC_1118894,-0.652713
ISIC_0034287,-0.652755
ISIC_0214186,-0.652981
ISIC_0634107,-0.653259
ISIC_0879097,-0.653429
ISIC_6013764,-0.653446
ISIC_0027247,-0.653467
ISIC_5673859,-0.653684
ISIC_0034156,-0.653757
ISIC_0029550,-0.654208
ISIC_0030393,-0.654458
ISIC_0014657,-0.654629
ISIC_0030356,-0.654682
ISIC_0026780,-0.654814
ISIC_9395707,-0.655651
ISIC_0030653,-0.655918
ISIC_0000313,-0.655967
ISIC_0032982,-0.656682
ISIC_4502605,-0.657146
ISIC_5410481,-0.65744
ISIC_9764973,-0.657468
ISIC_0009960,-0.657781
ISIC_2660216,-0.657792
ISIC_1294049,-0.657927
ISIC_3124612,-0.658616
ISIC_2753279,-0.659132
ISIC_9588279,-0.659137
ISIC_0033819,-0.659894
ISIC_0056689,-0.659915
ISIC_3198731,-0.659963
ISIC_4138377,-0.660602
ISIC_0026890,-0.661477
ISIC_0026296,-0.661481
ISIC_0250064,-0.661628
ISIC_3123711,-0.661698
ISIC_0031293,-0.662034
ISIC_0012211,-0.662106
ISIC_0012222,-0.662532
ISIC_0327406,-0.662549
ISIC_0033180,-0.662671
ISIC_0027935,-0.662729
ISIC_0894785,-0.662768
ISIC_2514994,-0.662871
ISIC_0028061,-0.66289
ISIC_0005494,-0.663004
ISIC_6413346,-0.663695
ISIC_0004000,-0.663899
ISIC_5807112,-0.664027
ISIC_0029538,-0.664073
ISIC_0013204,-0.66436
ISIC_0490714,-0.664502
ISIC_0031625,-0.664997
ISIC_7539727,-0.66513
ISIC_0025929,-0.665157
ISIC_0001119,-0.665227
ISIC_0030623,-0.665457
ISIC_7492046,-0.665639
ISIC_4187627,-0.666635
ISIC_1105263,-0.666653
ISIC_4448959,-0.666972
ISIC_2822718,-0.667271
ISIC_5499139,-0.667715
ISIC_0013141,-0.668349
ISIC_6548307,-0.668751
ISIC_0013733,-0.668814
ISIC_0202119,-0.668868
ISIC_3073339,-0.669109
ISIC_0031501,-0.66943
ISIC_0012183,-0.669724
ISIC_1638436,-0.670267
ISIC_0015208,-0.670648
ISIC_6735970,-0.670718
ISIC_1782545,-0.670936
ISIC_0012708,-0.671171
ISIC_4730066,-0.671714
ISIC_2612661,-0.672267
ISIC_7724764,-0.672302
ISIC_2394181,-0.672503
ISIC_0032540,-0.672504
ISIC_8199467,-0.672658
ISIC_0002745,-0.672676
ISIC_0072290,-0.673019
ISIC_0033265,-0.67375
ISIC_0005572,-0.674008
ISIC_0071778,-0.674083
ISIC_0033569,-0.674391
ISIC_0073119,-0.674764
ISIC_0000135,-0.67509
ISIC_3857463,-0.675181
ISIC_0013427,-0.675683
ISIC_7999342,-0.675707
ISIC_5194331,-0.675751
ISIC_4137545,-0.675788
ISIC_6384906,-0.676267
ISIC_5933341,-0.676477
ISIC_0055826,-0.676898
ISIC_4417495,-0.677225
ISIC_0030596,-0.677239
ISIC_3922580,-0.677402
ISIC_8013225,-0.677553
ISIC_8535451,-0.677856
ISIC_7518524,-0.677907
ISIC_5798015,-0.67913
ISIC_0063425,-0.679498
ISIC_0024589,-0.679723
ISIC_8959928,-0.679724
ISIC_1050000,-0.680608
ISIC_8647900,-0.680795
ISIC_0033689,-0.681067
ISIC_3885808,-0.681435
ISIC_0062906,-0.681494
ISIC_0029383,-0.682423
ISIC_0000121,-0.682856
ISIC_7599444,-0.683295
ISIC_1398618,-0.68346
ISIC_0001057,-0.683737
ISIC_0031045,-0.684036
ISIC_0428257,-0.68453
ISIC_4163686,-0.68476
ISIC_3063260,-0.684854
ISIC_0011504,-0.685161
ISIC_0000860,-0.68546
ISIC_0025316,-0.685805
ISIC_0010358,-0.686082
ISIC_1414751,-0.686744
ISIC_0027654,-0.686967
ISIC_9244047,-0.687293
ISIC_0032565,-0.688493
ISIC_5420979,-0.688514
ISIC_9986760,-0.688761
ISIC_3046905,-0.688797
ISIC_0056603,-0.68913
ISIC_0058199,-0.689282
ISIC_0069633,-0.689598
ISIC_0084086,-0.690287
ISIC_0027769,-0.690663
ISIC_6828892,-0.690709
ISIC_5179503,-0.691117
ISIC_6558697,-0.691456
ISIC_1484525,-0.691649
ISIC_0222117,-0.691997
ISIC_0046340,-0.692136
ISIC_4401524,-0.692291
ISIC_0000569,-0.692307
ISIC_0028967,-0.692312
ISIC_0001139,-0.693126
ISIC_0028781,-0.693286
ISIC_9820910,-0.693441
ISIC_4189981,-0.693621
ISIC_8955135,-0.693622
ISIC_0032690,-0.6941
ISIC_4782878,-0.694121
ISIC_9957389,-0.694232
ISIC_0031214,-0.694428
ISIC_0047004,-0.695064
ISIC_9772383,-0.695082
ISIC_0027863,-0.695629
ISIC_9028997,-0.695757
ISIC_0753491,-0.695918
ISIC_0065292,-0.696001
ISIC_9410044,-0.696981
ISIC_0006327,-0.69735
ISIC_5065360,-0.697924
ISIC_7835257,-0.698421
ISIC_4808298,-0.698456
ISIC_0032165,-0.698781
ISIC_0029934,-0.698826
ISIC_9203812,-0.698979
ISIC_0011627,-0.699038
ISIC_0032522,-0.699452
ISIC_0024268,-0.699465
ISIC_7630831,-0.699691
ISIC_0014434,-0.699829
ISIC_0012406,-0.700026
ISIC_0010094,-0.700242
ISIC_0032466,-0.701145
ISIC_0057371,-0.701982
ISIC_8837880,-0.702226
ISIC_6498634,-0.702331
ISIC_4796100,-0.702648
ISIC_0011855,-0.702722
ISIC_0032320,-0.702779
ISIC_0024757,-0.702785
ISIC_4384341,-0.703045
ISIC_0010207,-0.703193
ISIC_9109361,-0.703424
ISIC_1251811,-0.704019
ISIC_7875959,-0.704176
ISIC_6507640,-0.704505
ISIC_1369273,-0.704844
ISIC_0259179,-0.705343
ISIC_2536779,-0.705418
ISIC_4723378,-0.705565
ISIC_0028472,-0.706333
ISIC_0026272,-0.70691
ISIC_0033377,-0.70698
ISIC_7956417,-0.707403
ISIC_9227392,-0.707499
ISIC_8713330,-0.707686
ISIC_4329176,-0.707853
ISIC_3552318,-0.708104
ISIC_7358691,-0.708285
ISIC_0034317,-0.708327
ISIC_3328295,-0.708511
ISIC_0000029,-0.708557
ISIC_3058800,-0.708711
ISIC_2458609,-0.70884
ISIC_9045601,-0.708853
ISIC_0033117,-0.708975
ISIC_0059786,-0.70931
ISIC_0002566,-0.70949
ISIC_6487069,-0.709649
ISIC_4938994,-0.709928
ISIC_7051167,-0.710615
ISIC_4257634,-0.71065
ISIC_2391053,-0.710838
ISIC_0027193,-0.711019
ISIC_0001875,-0.711211
ISIC_8159779,-0.711449
ISIC_8849004,-0.711876
ISIC_0439726,-0.71204
ISIC_0003550,-0.712125
ISIC_0046458,-0.712537
ISIC_3596877,-0.712577
ISIC_0033333,-0.712619
ISIC_3336353,-0.712753
ISIC_1142933,-0.712808
ISIC_9261199,-0.71288
ISIC_0053574,-0.713097
ISIC_6062536,-0.713218
ISIC_2465895,-0.713238
ISIC_0519705,-0.713715
ISIC_0012865,-0.713765
ISIC_0641480,-0.714122
ISIC_3549225,-0.714656
ISIC_0394030,-0.715551
ISIC_0066328,-0.715571
ISIC_0072943,-0.716034
ISIC_5754023,-0.716471
ISIC_3963183,-0.716726
ISIC_3886458,-0.716904
ISIC_7394897,-0.717435
ISIC_0027684,-0.717483
ISIC_0067467,-0.717584
ISIC_1195689,-0.717673
ISIC_0030932,-0.717994
ISIC_5546488,-0.718363
ISIC_0057997,-0.718384
ISIC_5518595,-0.718847
ISIC_0000763,-0.719055
ISIC_0420777,-0.720144
ISIC_0254447,-0.720336
ISIC_3070206,-0.720587
ISIC_7937065,-0.721043
ISIC_4472903,-0.721641
ISIC_9934037,-0.722145
ISIC_9397126,-0.72264
ISIC_0057661,-0.722715
ISIC_0011630,-0.722752
ISIC_2147549,-0.723096
ISIC_0062812,-0.723123
ISIC_0033061,-0.723619
ISIC_0918078,-0.723659
ISIC_7095615,-0.723826
ISIC_7180438,-0.723872
ISIC_0026924,-0.72388
ISIC_4252268,-0.724003
ISIC_0030900,-0.724036
ISIC_9983696,-0.724217
ISIC_1740912,-0.724491
ISIC_4130167,-0.724766
ISIC_9756858,-0.725035
ISIC_2936321,-0.725947
ISIC_0068560,-0.726056
ISIC_0032847,-0.726185
ISIC_1161370,-0.726389
ISIC_0003767,-0.726585
ISIC_6427157,-0.726741
ISIC_0033086,-0.727233
ISIC_8409024,-0.72734
ISIC_0033519,-0.72739
ISIC_9895436,-0.727392
ISIC_0028328,-0.728097
ISIC_8956001,-0.728388
ISIC_0031598,-0.728458
ISIC_1452314,-0.728636
ISIC_3770380,-0.729246
ISIC_0010817,-0.729389
ISIC_4445729,-0.729397
ISIC_2563568,-0.729401
ISIC_4097868,-0.730248
ISIC_7759913,-0.730413
ISIC_0066740,-0.730497
ISIC_6428021,-0.730715
ISIC_1781273,-0.73081
ISIC_0002347,-0.73115
ISIC_6392089,-0.731196
ISIC_4477599,-0.731304
ISIC_7935007,-0.731408
ISIC_7906421,-0.731671
ISIC_1477990,-0.731683
ISIC_0024317,-0.732012
ISIC_5754070,-0.732099
ISIC_0012434,-0.732237
ISIC_0185918,-0.732834
ISIC_6253295,-0.733067
ISIC_0026506,-0.733334
ISIC_0010433,-0.7334
ISIC_0292775,-0.73379
ISIC_0027492,-0.734598
ISIC_3060248,-0.734753
ISIC_0034034,-0.736256
ISIC_6688311,-0.736297
ISIC_0033175,-0.736563
ISIC_0430837,-0.736688
ISIC_0030469,-0.736891
ISIC_0026204,-0.737164
ISIC_6752060,-0.737335
ISIC_0004848,-0.738092
ISIC_6443700,-0.738493
ISIC_0009100,-0.738701
ISIC_0063715,-0.738811
ISIC_8609756,-0.738825
ISIC_0029736,-0.738868
ISIC_0594695,-0.739006
ISIC_2746860,-0.739247
ISIC_0031582,-0.739394
ISIC_0026518,-0.739678
ISIC_0072429,-0.739836
ISIC_4419686,-0.739923
ISIC_8892663,-0.739929
ISIC_0033075,-0.739957
ISIC_7139908,-0.740012
ISIC_0027797,-0.74022
ISIC_2034687,-0.740227
ISIC_1598039,-0.741507
ISIC_0025072,-0.741831
ISIC_0064936,-0.741848
ISIC_1795529,-0.742029
ISIC_4967639,-0.742205
ISIC_0010442,-0.742491
ISIC_3708739,-0.742511
ISIC_9433388,-0.742906
ISIC_0012672,-0.743041
ISIC_0062734,-0.743198
ISIC_3416324,-0.743442
ISIC_0066412,-0.743702
ISIC_4045781,-0.74389
ISIC_2252958,-0.744945
ISIC_6588982,-0.745391
ISIC_0003217,-0.745492
ISIC_0065469,-0.7455
ISIC_0032005,-0.745551
ISIC_8575769,-0.745714
ISIC_0027152,-0.74575
ISIC_6806124,-0.746295
ISIC_0033938,-0.74748
ISIC_0028027,-0.747814
ISIC_0012653,-0.747861
ISIC_0028910,-0.748004
ISIC_4000087,-0.749814
ISIC_2844085,-0.749939
ISIC_0025964,-0.750161
ISIC_4666619,-0.750484
ISIC_7017547,-0.750881
ISIC_6414435,-0.751333
ISIC_5248948,-0.751337
ISIC_1947833,-0.751767
ISIC_0058255,-0.751895
ISIC_0033044,-0.752739
ISIC_4093484,-0.75277
ISIC_0024911,-0.753078
ISIC_3666094,-0.753439
ISIC_7216266,-0.754038
ISIC_0522926,-0.75422
ISIC_0031705,-0.754454
ISIC_1445277,-0.754554
ISIC_0028976,-0.754827
ISIC_6920867,-0.754946
ISIC_7517082,-0.75596
ISIC_7097665,-0.756577
ISIC_6877295,-0.756765
ISIC_0029017,-0.757672
ISIC_1615485,-0.758002
ISIC_0031545,-0.758188
ISIC_6056692,-0.758246
ISIC_0958701,-0.758538
ISIC_4076162,-0.758689
ISIC_7306131,-0.759519
ISIC_9141065,-0.75958
ISIC_6870208,-0.759618
ISIC_0437978,-0.759681
ISIC_6548734,-0.759707
ISIC_3856233,-0.760175
ISIC_3775417,-0.760176
ISIC_2054066,-0.760593
ISIC_6199335,-0.760973
ISIC_4070687,-0.761199
ISIC_5366657,-0.761206
ISIC_5982769,-0.761223
ISIC_0004015,-0.761542
ISIC_0025397,-0.76242
ISIC_0011924,-0.762459
ISIC_5539001,-0.762894
ISIC_1149693,-0.763036
ISIC_8689583,-0.763628
ISIC_4332846,-0.763632
ISIC_3916064,-0.763709
ISIC_5529924,-0.763886
ISIC_0003168,-0.764262
ISIC_7566505,-0.764266
ISIC_6105084,-0.764695
ISIC_0806303,-0.76472
ISIC_6703027,-0.764915
ISIC_9648812,-0.766148
ISIC_0058863,-0.766151
ISIC_5296963,-0.766351
ISIC_6868089,-0.766377
ISIC_9024078,-0.766929
ISIC_2123159,-0.767391
ISIC_0024961,-0.767743
ISIC_2494956,-0.768102
ISIC_0012435,-0.768622
ISIC_0055440,-0.769139
ISIC_8892236,-0.769575
ISIC_6687927,-0.769992
ISIC_0351547,-0.770139
ISIC_0033004,-0.77038
ISIC_3234899,-0.770547
ISIC_1154109,-0.770662
ISIC_2680640,-0.770876
ISIC_0015401,-0.771463
ISIC_5658900,-0.771553
ISIC_0071532,-0.771745
ISIC_0067308,-0.772387
ISIC_0002162,-0.77277
ISIC_0034217,-0.773217
ISIC_0757147,-0.774188
ISIC_3251486,-0.774386
ISIC_9574101,-0.774392
ISIC_0028081,-0.774507
ISIC_5820693,-0.774825
ISIC_0069398,-0.774908
ISIC_6111078,-0.775071
ISIC_0627979,-0.775542
ISIC_0033640,-0.776172
ISIC_0026103,-0.776492
ISIC_2426937,-0.776673
ISIC_0013792,-0.776875
ISIC_4981135,-0.777009
ISIC_6529073,-0.777287
ISIC_0008423,-0.777902
ISIC_4684860,-0.778289
ISIC_8109460,-0.778293
ISIC_2535382,-0.778419
ISIC_0006158,-0.778675
ISIC_5110505,-0.778724
ISIC_7699223,-0.779569
ISIC_7035368,-0.780268
ISIC_0059501,-0.781187
ISIC_8423248,-0.781319
ISIC_1695424,-0.781454
ISIC_9303849,-0.781902
ISIC_7376906,-0.782275
ISIC_0026544,-0.782417
ISIC_4707475,-0.782619
ISIC_6326803,-0.782901
ISIC_7428248,-0.783001
ISIC_0008630,-0.783061
ISIC_9193127,-0.783571
ISIC_1930598,-0.78361
ISIC_1788979,-0.783653
ISIC_1927858,-0.783824
ISIC_2908315,-0.784094
ISIC_1336351,-0.784201
ISIC_0697953,-0.78423
ISIC_9030482,-0.78434
ISIC_9015182,-0.784654
ISIC_5358548,-0.784841
ISIC_1777398,-0.784993
ISIC_0962121,-0.785129
ISIC_9802008,-0.785545
ISIC_0071559,-0.785654
ISIC_0698821,-0.785883
ISIC_1977315,-0.786031
ISIC_4732241,-0.786292
ISIC_9064823,-0.786405
ISIC_2324728,-0.786627
ISIC_0031356,-0.786771
ISIC_0022328,-0.786818
ISIC_1757941,-0.786821
ISIC_1023354,-0.786928
ISIC_0067933,-0.78755
ISIC_3751172,-0.787934
ISIC_2863397,-0.788443
ISIC_0046537,-0.788504
ISIC_0016103,-0.789328
ISIC_0000176,-0.789464
ISIC_0015226,-0.789954
ISIC_0011587,-0.790411
ISIC_0033121,-0.791066
ISIC_2345504,-0.791526
ISIC_4154293,-0.791587
ISIC_9917640,-0.791618
ISIC_0003925,-0.791796
ISIC_8284685,-0.792016
ISIC_8792007,-0.792039
ISIC_0010175,-0.792269
ISIC_6620748,-0.792367
ISIC_0004486,-0.79239
ISIC_9002603,-0.792413
ISIC_0008621,-0.792529
ISIC_0031763,-0.792621
ISIC_5729818,-0.793205
ISIC_4794052,-0.79366
ISIC_0519719,-0.793907
ISIC_0006517,-0.793925
ISIC_0025626,-0.793971
ISIC_3932879,-0.79413
ISIC_0031018,-0.794331
ISIC_6646939,-0.79438
ISIC_9495211,-0.794658
ISIC_0030535,-0.795176
ISIC_0009880,-0.79537
ISIC_7921023,-0.795524
ISIC_0031224,-0.795661
ISIC_0070814,-0.795757
ISIC_2953279,-0.796001
ISIC_0029283,-0.796381
ISIC_0033925,-0.796394
ISIC_1929937,-0.796786
ISIC_0062084,-0.796812
ISIC_0027600,-0.796951
ISIC_0062546,-0.797098
ISIC_0000957,-0.797238
ISIC_6362735,-0.797439
ISIC_9403390,-0.797784
ISIC_0028109,-0.798698
ISIC_5357288,-0.798776
ISIC_7844825,-0.799094
ISIC_9486917,-0.799629
ISIC_9913573,-0.799921
ISIC_0030703,-0.799942
ISIC_6699854,-0.800038
ISIC_5509212,-0.800618
ISIC_6028082,-0.800941
ISIC_0056017,-0.801457
ISIC_9978107,-0.801944
ISIC_0069698,-0.802067
ISIC_1208705,-0.802423
ISIC_0068144,-0.802433
ISIC_0147869,-0.80306
ISIC_6324832,-0.803322
ISIC_0028469,-0.803418
ISIC_0059257,-0.803488
ISIC_7837503,-0.803731
ISIC_0025892,-0.804119
ISIC_0014994,-0.804191
ISIC_0027431,-0.8043
ISIC_1753877,-0.804664
ISIC_9424787,-0.804966
ISIC_0030313,-0.805227
ISIC_0068576,-0.805572
ISIC_1048913,-0.805641
ISIC_0028919,-0.805664
ISIC_9709101,-0.80568
ISIC_0830217,-0.805906
ISIC_8732757,-0.806095
ISIC_0025592,-0.806111
ISIC_6801680,-0.80624
ISIC_8010862,-0.806436
ISIC_0760740,-0.8066
ISIC_5771106,-0.807278
ISIC_3926397,-0.807613
ISIC_0067840,-0.807725
ISIC_9099430,-0.807827
ISIC_7297078,-0.808749
ISIC_4151356,-0.809467
ISIC_9239093,-0.809559
ISIC_7134821,-0.809751
ISIC_2644988,-0.809847
ISIC_0060860,-0.809857
ISIC_0025891,-0.810155
ISIC_2075372,-0.810851
ISIC_0010017,-0.810997
ISIC_0034120,-0.81103
ISIC_6239663,-0.811245
ISIC_0413804,-0.811352
ISIC_7147713,-0.811528
ISIC_4873045,-0.811868
ISIC_8066660,-0.811872
ISIC_7282415,-0.811876
ISIC_0046596,-0.811891
ISIC_7102028,-0.813398
ISIC_0033329,-0.813598
ISIC_6038355,-0.813852
ISIC_2143002,-0.814596
ISIC_0059609,-0.8147
ISIC_7454699,-0.814937
ISIC_8366864,-0.815326
ISIC_0004334,-0.817012
ISIC_0033083,-0.817127
ISIC_0046729,-0.81722
ISIC_2565986,-0.817404
ISIC_0024737,-0.817684
ISIC_0945844,-0.81776
ISIC_4015508,-0.817769
ISIC_8959410,-0.818375
ISIC_0032287,-0.818377
ISIC_8769415,-0.818776
ISIC_7295035,-0.819
ISIC_0058079,-0.819015
ISIC_0010838,-0.819317
ISIC_0054652,-0.819939
ISIC_0010283,-0.820015
ISIC_0060585,-0.820526
ISIC_2839431,-0.820883
ISIC_0033021,-0.821939
ISIC_0025128,-0.822252
ISIC_0033585,-0.822364
ISIC_0074311,-0.822574
ISIC_7407847,-0.822917
ISIC_0030828,-0.823057
ISIC_0034188,-0.823181
ISIC_0070948,-0.823713
ISIC_4108397,-0.823782
ISIC_1868816,-0.823858
ISIC_6701139,-0.824771
ISIC_0033168,-0.825051
ISIC_0026552,-0.825382
ISIC_8094432,-0.825532
ISIC_1745182,-0.825992
ISIC_0922552,-0.826647
ISIC_4114269,-0.82678
ISIC_0033051,-0.827117
ISIC_5443837,-0.82729
ISIC_6406517,-0.827717
ISIC_0011215,-0.828417
ISIC_1569775,-0.828998
ISIC_1654318,-0.829392
ISIC_0053929,-0.829987
ISIC_0061803,-0.830186
ISIC_9756117,-0.830285
ISIC_9680433,-0.830858
ISIC_0027436,-0.831621
ISIC_4368650,-0.83164
ISIC_8693637,-0.832127
ISIC_8257549,-0.83236
ISIC_0062298,-0.832669
ISIC_0011810,-0.8329
ISIC_5699175,-0.833122
ISIC_3161477,-0.834013
ISIC_0028248,-0.834167
ISIC_5909403,-0.834406
ISIC_2731621,-0.834512
ISIC_4064936,-0.83494
ISIC_7185036,-0.835247
ISIC_0007740,-0.835753
ISIC_1473511,-0.8358
ISIC_8324870,-0.837116
ISIC_8719134,-0.837671
ISIC_4649440,-0.837786
ISIC_1684127,-0.837877
ISIC_8357415,-0.838052
ISIC_9646599,-0.838471
ISIC_4132082,-0.838494
ISIC_3487151,-0.838505
ISIC_0070383,-0.840156
ISIC_2056104,-0.840157
ISIC_3392451,-0.841026
ISIC_0030718,-0.841549
ISIC_0054559,-0.841801
ISIC_4607215,-0.842117
ISIC_0029150,-0.842697
ISIC_0834745,-0.843202
ISIC_1881133,-0.843213
ISIC_0026278,-0.843222
ISIC_8922893,-0.843382
ISIC_6878417,-0.844087
ISIC_0319928,-0.844245
ISIC_0046351,-0.845517
ISIC_0030922,-0.846073
ISIC_0024865,-0.846175
ISIC_0026049,-0.846219
ISIC_3428523,-0.846263
ISIC_1794249,-0.846527
ISIC_4631711,-0.846624
ISIC_0026371,-0.846732
ISIC_2410240,-0.846808
ISIC_0067253,-0.847815
ISIC_8516223,-0.84797
ISIC_0063521,-0.848314
ISIC_0027402,-0.848422
ISIC_0027507,-0.848502
ISIC_8633894,-0.849243
ISIC_0030193,-0.849408
ISIC_9203914,-0.849563
ISIC_7798403,-0.849807
ISIC_4482610,-0.850578
ISIC_9612228,-0.850582
ISIC_0005028,-0.850984
ISIC_0031377,-0.851086
ISIC_0028445,-0.852045
ISIC_4554863,-0.852505
ISIC_0033549,-0.853069
ISIC_2131707,-0.853239
ISIC_0056788,-0.85326
ISIC_6778515,-0.853308
ISIC_0024410,-0.853517
ISIC_0067597,-0.853814
ISIC_0011256,-0.854379
ISIC_5576250,-0.854716
ISIC_0061066,-0.854917
ISIC_7008969,-0.855152
ISIC_7052658,-0.855367
ISIC_0029481,-0.855609
ISIC_0003111,-0.857076
ISIC_8916136,-0.85744
ISIC_6008974,-0.857548
ISIC_0024574,-0.857659
ISIC_2131962,-0.858506
ISIC_8169564,-0.858528
ISIC_7826557,-0.859278
ISIC_0060741,-0.859651
ISIC_0033464,-0.860994
ISIC_0010592,-0.861263
ISIC_6393611,-0.861402
ISIC_0283506,-0.861811
ISIC_2067576,-0.862379
ISIC_7648726,-0.863201
ISIC_0029024,-0.863503
ISIC_4382115,-0.864224
ISIC_7260013,-0.864356
ISIC_1290821,-0.864446
ISIC_0046222,-0.86452
ISIC_0033546,-0.86569
ISIC_5736979,-0.86572
ISIC_0029182,-0.86611
ISIC_1932064,-0.866521
ISIC_7110699,-0.866776
ISIC_0069743,-0.867007
ISIC_7333928,-0.867313
ISIC_0013572,-0.867708
ISIC_4153687,-0.868536
ISIC_0006332,-0.868617
ISIC_6250970,-0.868852
ISIC_7903838,-0.869056
ISIC_6552552,-0.869168
ISIC_4248013,-0.869265
ISIC_8617084,-0.869452
ISIC_0026364,-0.869717
ISIC_7340112,-0.869939
ISIC_0014974,-0.86996
ISIC_0013731,-0.870216
ISIC_8096177,-0.87031
ISIC_3702669,-0.87034
ISIC_6620377,-0.871075
ISIC_6099476,-0.871367
ISIC_0030404,-0.871521
ISIC_6945634,-0.871612
ISIC_8671453,-0.871641
ISIC_0027556,-0.87176
ISIC_0014782,-0.872274
ISIC_6180870,-0.872397
ISIC_6345354,-0.872641
ISIC_8170849,-0.873057
ISIC_1315123,-0.873751
ISIC_8943906,-0.874098
ISIC_0034262,-0.874247
ISIC_5772144,-0.875328
ISIC_4131353,-0.875901
ISIC_0046223,-0.876301
ISIC_0013429,-0.876683
ISIC_0002622,-0.876715
ISIC_2991354,-0.876766
ISIC_0012025,-0.876899
ISIC_0057420,-0.876958
ISIC_0069257,-0.877365
ISIC_6718969,-0.877378
ISIC_1472777,-0.877394
ISIC_5219334,-0.877534
ISIC_9837030,-0.87765
ISIC_1330008,-0.877809
ISIC_0055841,-0.87792
ISIC_0046623,-0.878326
ISIC_7519627,-0.879695
ISIC_7210119,-0.880807
ISIC_1296490,-0.881368
ISIC_1457687,-0.881759
ISIC_0865706,-0.881916
ISIC_9048507,-0.882267
ISIC_7387061,-0.882274
ISIC_9153619,-0.882301
ISIC_4819371,-0.882316
ISIC_5457889,-0.88237
ISIC_0013213,-0.882698
ISIC_0003664,-0.882735
ISIC_9174306,-0.883232
ISIC_9969263,-0.883269
ISIC_3716686,-0.883523
ISIC_0027867,-0.883817
ISIC_3737487,-0.883826
ISIC_0029395,-0.884086
ISIC_7137995,-0.884382
ISIC_8353090,-0.885337
ISIC_9795458,-0.885466
ISIC_9268141,-0.885544
ISIC_0027646,-0.886334
ISIC_0015298,-0.886659
ISIC_0428383,-0.88673
ISIC_0004482,-0.886819
ISIC_4679971,-0.887017
ISIC_7206167,-0.887492
ISIC_0054284,-0.88836
ISIC_0057593,-0.889074
ISIC_4879187,-0.889657
ISIC_0033186,-0.889934
ISIC_2872107,-0.89002
ISIC_5897799,-0.891415
ISIC_0009186,-0.891577
ISIC_1776777,-0.891841
ISIC_0469314,-0.892159
ISIC_0004352,-0.893367
ISIC_8814398,-0.893774
ISIC_7319169,-0.893836
ISIC_8086526,-0.894571
ISIC_0068259,-0.894657
ISIC_3912838,-0.895095
ISIC_2805573,-0.896296
ISIC_4590810,-0.896589
ISIC_4208361,-0.897422
ISIC_0028949,-0.897768
ISIC_0064478,-0.897955
ISIC_0034193,-0.898
ISIC_0374029,-0.898093
ISIC_6995731,-0.89829
ISIC_5798331,-0.898502
ISIC_7136995,-0.89857
ISIC_7184722,-0.898784
ISIC_1472731,-0.898805
ISIC_5525765,-0.899002
ISIC_0029761,-0.899449
ISIC_0061244,-0.900317
ISIC_0058906,-0.900499
ISIC_6392461,-0.900805
ISIC_9278685,-0.90084
ISIC_7499769,-0.901208
ISIC_6340564,-0.901225
ISIC_0025088,-0.901659
ISIC_0000387,-0.901667
ISIC_0025702,-0.901685
ISIC_0067338,-0.902168
ISIC_0033166,-0.902217
ISIC_0030017,-0.903272
ISIC_9728003,-0.903525
ISIC_0015411,-0.903765
ISIC_3578186,-0.904308
ISIC_3213469,-0.904409
ISIC_6739241,-0.904672
ISIC_0067804,-0.904688
ISIC_0032494,-0.905869
ISIC_9406275,-0.906161
ISIC_9470020,-0.906331
ISIC_9473492,-0.907396
ISIC_6606131,-0.907498
ISIC_0000129,-0.907781
ISIC_0062286,-0.907877
ISIC_3520750,-0.909102
ISIC_1531204,-0.909355
ISIC_0000349,-0.909661
ISIC_1782911,-0.909698
ISIC_0003438,-0.909737
ISIC_2797576,-0.909743
ISIC_7301963,-0.909983
ISIC_9270367,-0.910414
ISIC_0067395,-0.910838
ISIC_0025018,-0.911099
ISIC_0026889,-0.911263
ISIC_3065253,-0.911578
ISIC_4699989,-0.911791
ISIC_2089231,-0.911888
ISIC_0068530,-0.91255
ISIC_8637134,-0.912666
ISIC_7071944,-0.913424
ISIC_0025877,-0.914202
ISIC_6001936,-0.914502
ISIC_9912475,-0.914694
ISIC_0418738,-0.915514
ISIC_6676776,-0.915656
ISIC_4596803,-0.915924
ISIC_2867416,-0.915931
ISIC_0005239,-0.917214
ISIC_2293230,-0.917334
ISIC_0033103,-0.917476
ISIC_6171084,-0.918839
ISIC_0068677,-0.919043
ISIC_0009791,-0.920471
ISIC_7839741,-0.920487
ISIC_3365692,-0.920746
ISIC_0201767,-0.921615
ISIC_0878793,-0.921645
ISIC_3947876,-0.921948
ISIC_0067172,-0.922127
ISIC_0026484,-0.922514
ISIC_0012334,-0.923413
ISIC_0032171,-0.923479
ISIC_2489146,-0.923554
ISIC_1178518,-0.924038
ISIC_0663941,-0.924681
ISIC_0053841,-0.924921
ISIC_4580926,-0.925404
ISIC_0031997,-0.927474
ISIC_0032426,-0.928681
ISIC_5449076,-0.93018
ISIC_8727731,-0.930468
ISIC_0071550,-0.930931
ISIC_3730327,-0.931154
ISIC_0002639,-0.932279
ISIC_2299749,-0.932395
ISIC_1534391,-0.932886
ISIC_0025001,-0.933272
ISIC_1834920,-0.933691
ISIC_0060158,-0.933875
ISIC_4425604,-0.934168
ISIC_0029244,-0.934251
ISIC_3449290,-0.934631
ISIC_3098750,-0.934838
ISIC_6450034,-0.936216
ISIC_0536321,-0.936346
ISIC_0001602,-0.936465
ISIC_0000371,-0.93671
ISIC_5046340,-0.936783
ISIC_5926550,-0.939397
ISIC_0033807,-0.940113
ISIC_2621288,-0.941138
ISIC_0360367,-0.941729
ISIC_6271218,-0.942681
ISIC_5754233,-0.943427
ISIC_0058046,-0.943945
ISIC_0553565,-0.945003
ISIC_4153542,-0.945092
ISIC_8268025,-0.945292
ISIC_5791954,-0.945352
ISIC_0033047,-0.945469
ISIC_4568084,-0.945582
ISIC_4894929,-0.94578
ISIC_0082704,-0.946289
ISIC_9079361,-0.946542
ISIC_9521776,-0.946786
ISIC_5213829,-0.946922
ISIC_0032780,-0.947471
ISIC_7107030,-0.947814
ISIC_8316125,-0.947816
ISIC_8586909,-0.948858
ISIC_9101055,-0.949083
ISIC_0013936,-0.949392
ISIC_0033250,-0.949968
ISIC_0027882,-0.950387
ISIC_0032783,-0.950604
ISIC_2784686,-0.950725
ISIC_2421696,-0.95159
ISIC_0059170,-0.951607
ISIC_0064763,-0.952218
ISIC_3706743,-0.952729
ISIC_9751601,-0.953021
ISIC_6617840,-0.954622
ISIC_9439742,-0.955216
ISIC_0032742,-0.955983
ISIC_6937199,-0.957657
ISIC_1438269,-0.957677
ISIC_4563766,-0.958141
ISIC_7860137,-0.958802
ISIC_3493866,-0.958829
ISIC_0067412,-0.95911
ISIC_9130157,-0.959351
ISIC_4579262,-0.95945
ISIC_0422299,-0.959897
ISIC_2105563,-0.959985
ISIC_4107717,-0.960098
ISIC_0588322,-0.96011
ISIC_1706912,-0.960262
ISIC_0741694,-0.960287
ISIC_3779424,-0.960877
ISIC_0006321,-0.961016
ISIC_0009642,-0.961028
ISIC_5361404,-0.961135
ISIC_5116614,-0.961365
ISIC_3564461,-0.961376
ISIC_3249783,-0.961781
ISIC_7254389,-0.96259
ISIC_5510604,-0.963332
ISIC_8124482,-0.96357
ISIC_0659400,-0.964004
ISIC_1654342,-0.964187
ISIC_7534592,-0.964284
ISIC_7368239,-0.964318
ISIC_0055783,-0.965287
ISIC_4890201,-0.965981
ISIC_8979275,-0.966575
ISIC_4253346,-0.966666
ISIC_0029993,-0.967509
ISIC_9301809,-0.968939
ISIC_0011267,-0.969466
ISIC_0027145,-0.97001
ISIC_0003132,-0.970973
ISIC_0015950,-0.970998
ISIC_8301536,-0.971001
ISIC_5049365,-0.971498
ISIC_8612828,-0.972133
ISIC_1337726,-0.972582
ISIC_9896801,-0.972704
ISIC_0063151,-0.97272
ISIC_0010089,-0.973128
ISIC_2430137,-0.973339
ISIC_2721699,-0.9738
ISIC_0000463,-0.974126
ISIC_0008636,-0.974292
ISIC_1711134,-0.974859
ISIC_4874581,-0.975077
ISIC_5796736,-0.975394
ISIC_0031680,-0.976681
ISIC_7927525,-0.977004
ISIC_5028203,-0.978081
ISIC_1368336,-0.978252
ISIC_0034039,-0.978439
ISIC_0030255,-0.978668
ISIC_0011668,-0.978746
ISIC_4643298,-0.978777
ISIC_0011649,-0.9788
ISIC_0066739,-0.979373
ISIC_6381197,-0.981149
ISIC_0485417,-0.98185
ISIC_7231192,-0.982855
ISIC_3234908,-0.982958
ISIC_0732375,-0.983794
ISIC_1132966,-0.983992
ISIC_0010777,-0.985566
ISIC_5178031,-0.985582
ISIC_3372750,-0.985808
ISIC_0012450,-0.986302
ISIC_0060508,-0.986441
ISIC_7030404,-0.986539
ISIC_0034118,-0.987153
ISIC_0900349,-0.98726
ISIC_4938791,-0.987312
ISIC_2598575,-0.987908
ISIC_0942056,-0.988049
ISIC_0060626,-0.988264
ISIC_3926019,-0.989437
ISIC_0025754,-0.989619
ISIC_1869829,-0.989719
ISIC_8651053,-0.990228
ISIC_0011793,-0.990498
ISIC_8354042,-0.990682
ISIC_0066783,-0.991094
ISIC_0032747,-0.992708
ISIC_0013874,-0.992809
ISIC_0012721,-0.992891
ISIC_3914140,-0.993153
ISIC_0026943,-0.993274
ISIC_0013084,-0.993302
ISIC_5559730,-0.993496
ISIC_0030512,-0.994379
ISIC_0033233,-0.994428
ISIC_2673511,-0.995019
ISIC_0072773,-0.995791
ISIC_7795549,-0.998301
ISIC_7353400,-0.998947
ISIC_8855102,-0.99987
ISIC_0013671,-1.00062
ISIC_1254469,-1.000657
ISIC_0595080,-1.00086
ISIC_0009510,-1.001041
ISIC_0072604,-1.001396
ISIC_0033520,-1.001782
ISIC_8427534,-1.001834
ISIC_9989936,-1.002026
ISIC_3298596,-1.002757
ISIC_0069970,-1.003226
ISIC_7779155,-1.003272
ISIC_9720044,-1.004564
ISIC_0068217,-1.005149
ISIC_0065200,-1.005197
ISIC_5108076,-1.005464
ISIC_8535943,-1.006297
ISIC_0011995,-1.007543
ISIC_8253326,-1.007766
ISIC_4255013,-1.007834
ISIC_9977672,-1.007888
ISIC_1053427,-1.008287
ISIC_0014431,-1.008346
ISIC_6546903,-1.008448
ISIC_1700051,-1.008755
ISIC_0541345,-1.008767
ISIC_0033137,-1.008835
ISIC_0024586,-1.009021
ISIC_7980339,-1.009603
ISIC_1110583,-1.009767
ISIC_4055833,-1.011033
ISIC_0073156,-1.011394
ISIC_6780471,-1.011838
ISIC_0030219,-1.011939
ISIC_8559515,-1.012397
ISIC_1590725,-1.012408
ISIC_0000012,-1.012573
ISIC_0062031,-1.013161
ISIC_9675304,-1.01378
ISIC_6478506,-1.013827
ISIC_2467623,-1.014683
ISIC_3633306,-1.01496
ISIC_0710431,-1.016114
ISIC_3994250,-1.016778
ISIC_0025783,-1.01686
ISIC_6640753,-1.016894
ISIC_9965754,-1.017855
ISIC_0054206,-1.018292
ISIC_0006829,-1.019088
ISIC_6000407,-1.020433
ISIC_0012037,-1.020446
ISIC_4926448,-1.020505
ISIC_3116288,-1.022384
ISIC_0029007,-1.022752
ISIC_9155028,-1.022962
ISIC_2876073,-1.023002
ISIC_2532039,-1.023052
ISIC_3885041,-1.023361
ISIC_5325805,-1.024138
ISIC_0061749,-1.024661
ISIC_5999002,-1.027032
ISIC_4591316,-1.027134
ISIC_2687641,-1.027724
ISIC_3166276,-1.02787
ISIC_8438811,-1.02793
ISIC_9950866,-1.027974
ISIC_3209501,-1.028118
ISIC_6606767,-1.028674
ISIC_0060033,-1.028867
ISIC_1858237,-1.029152
ISIC_2847555,-1.02988
ISIC_0064979,-1.030645
ISIC_0014946,-1.030864
ISIC_0010299,-1.03104
ISIC_8969855,-1.031073
ISIC_0046429,-1.031564
ISIC_0027881,-1.032157
ISIC_0030518,-1.032164
ISIC_8569205,-1.032947
ISIC_7912104,-1.033113
ISIC_3170155,-1.034198
ISIC_9688119,-1.03437
ISIC_0028705,-1.035605
ISIC_2479134,-1.036208
ISIC_4786412,-1.036217
ISIC_0009911,-1.036856
ISIC_0231745,-1.038574
ISIC_4867043,-1.038704
ISIC_0026613,-1.039146
ISIC_7268804,-1.039463
ISIC_3431915,-1.039918
ISIC_0066149,-1.041088
ISIC_0055876,-1.041326
ISIC_9104843,-1.041857
ISIC_5722914,-1.043494
ISIC_0004932,-1.045097
ISIC_0025619,-1.045248
ISIC_1696516,-1.04548
ISIC_0032357,-1.045844
ISIC_4538489,-1.045872
ISIC_5795486,-1.046101
ISIC_5501183,-1.046614
ISIC_0014920,-1.04666
ISIC_4732684,-1.047084
ISIC_0031248,-1.047536
ISIC_4264600,-1.05096
ISIC_1377409,-1.050995
ISIC_3945116,-1.052099
ISIC_0024208,-1.05217
ISIC_0010684,-1.053007
ISIC_0011802,-1.05312
ISIC_0000482,-1.053382
ISIC_0046635,-1.054938
ISIC_5706956,-1.055844
ISIC_4249893,-1.055936
ISIC_0010837,-1.057075
ISIC_0033985,-1.059497
ISIC_7777873,-1.059906
ISIC_4539674,-1.060598
ISIC_2287083,-1.061699
ISIC_3203344,-1.061731
ISIC_4718237,-1.062097
ISIC_6293107,-1.063134
ISIC_9863059,-1.063572
ISIC_7109582,-1.065988
ISIC_7711947,-1.066213
ISIC_2819798,-1.066392
ISIC_5563553,-1.066858
ISIC_9108776,-1.067063
ISIC_6642608,-1.067223
ISIC_0013457,-1.067719
ISIC_4269227,-1.06849
ISIC_0030116,-1.069519
ISIC_5218773,-1.069622
ISIC_0062505,-1.071431
ISIC_1576437,-1.071862
ISIC_1658623,-1.072173
ISIC_0030508,-1.072183
ISIC_0064406,-1.072899
ISIC_0007029,-1.073284
ISIC_0012756,-1.073861
ISIC_0033756,-1.074887
ISIC_0066411,-1.074936
ISIC_6604862,-1.075789
ISIC_0533930,-1.075818
ISIC_0679494,-1.076092
ISIC_9738202,-1.076268
ISIC_9475559,-1.076536
ISIC_7583134,-1.076608
ISIC_8806180,-1.076873
ISIC_0929517,-1.077699
ISIC_5122220,-1.078769
ISIC_0028135,-1.079217
ISIC_0069952,-1.079657
ISIC_3505339,-1.079854
ISIC_8855790,-1.07989
ISIC_8477065,-1.081194
ISIC_5490352,-1.081454
ISIC_1039970,-1.082293
ISIC_0033638,-1.083043
ISIC_0026394,-1.083212
ISIC_0011073,-1.083569
ISIC_0034006,-1.083852
ISIC_0073015,-1.084614
ISIC_4848047,-1.085385
ISIC_9286292,-1.085568
ISIC_0027804,-1.085947
ISIC_4806829,-1.086008
ISIC_6162545,-1.086271
ISIC_3471815,-1.087113
ISIC_5439597,-1.088805
ISIC_0056790,-1.089881
ISIC_5787312,-1.090146
ISIC_4069690,-1.090521
ISIC_0011721,-1.091395
ISIC_4019724,-1.093194
ISIC_0012740,-1.093963
ISIC_2800198,-1.094316
ISIC_0032472,-1.094424
ISIC_0015023,-1.094573
ISIC_0030963,-1.095803
ISIC_8087949,-1.097269
ISIC_4148086,-1.097293
ISIC_0027408,-1.097558
ISIC_0000660,-1.097599
ISIC_5625747,-1.097615
ISIC_5920470,-1.098158
ISIC_1387456,-1.099134
ISIC_5392118,-1.09934
ISIC_9948815,-1.09939
ISIC_0032590,-1.100125
ISIC_2729109,-1.10031
ISIC_0007351,-1.10059
ISIC_0062991,-1.100667
ISIC_8393181,-1.101113
ISIC_0025265,-1.102012
ISIC_0025437,-1.102303
ISIC_2384274,-1.102383
ISIC_0026344,-1.102913
ISIC_0000423,-1.102993
ISIC_0056771,-1.103362
ISIC_1858989,-1.104244
ISIC_2851852,-1.104309
ISIC_0033901,-1.105458
ISIC_6913045,-1.106097
ISIC_6771810,-1.106593
ISIC_0056110,-1.106902
ISIC_0064071,-1.107611
ISIC_6707990,-1.108025
ISIC_0663588,-1.10822
ISIC_5919355,-1.108898
ISIC_0000139,-1.109919
ISIC_2433965,-1.110618
ISIC_5413788,-1.111281
ISIC_3530422,-1.111807
ISIC_0002118,-1.112159
ISIC_0011564,-1.112295
ISIC_2275181,-1.116219
ISIC_0572205,-1.117735
ISIC_0053572,-1.11882
ISIC_8194467,-1.119029
ISIC_7034769,-1.119348
ISIC_5688950,-1.120326
ISIC_0032162,-1.120588
ISIC_0025006,-1.121616
ISIC_8171432,-1.122085
ISIC_6967143,-1.12244
ISIC_8435105,-1.12268
ISIC_4652186,-1.123884
ISIC_0033320,-1.124902
ISIC_0057032,-1.12591
ISIC_0034051,-1.126224
ISIC_0033967,-1.12645
ISIC_0024398,-1.12702
ISIC_9939653,-1.128471
ISIC_0033229,-1.129437
ISIC_0633835,-1.130203
ISIC_8650516,-1.130744
ISIC_0007884,-1.130892
ISIC_0034199,-1.130949
ISIC_5648111,-1.131947
ISIC_0025355,-1.132178
ISIC_0032782,-1.132328
ISIC_0032610,-1.135463
ISIC_0015241,-1.136659
ISIC_3950753,-1.137145
ISIC_6260086,-1.137175
ISIC_7440724,-1.137485
ISIC_6635699,-1.137557
ISIC_6006795,-1.137896
ISIC_0032526,-1.138702
ISIC_6715897,-1.140749
ISIC_0032095,-1.140876
ISIC_4692454,-1.141491
ISIC_9688534,-1.141649
ISIC_0065390,-1.143314
ISIC_1910158,-1.144433
ISIC_7623407,-1.144547
ISIC_2072219,-1.146159
ISIC_7043369,-1.147379
ISIC_0028320,-1.147628
ISIC_5859812,-1.148235
ISIC_3351880,-1.148236
ISIC_2998367,-1.148575
ISIC_1413242,-1.151067
ISIC_0009959,-1.151352
ISIC_3335505,-1.151539
ISIC_0030541,-1.152153
ISIC_8248922,-1.153227
ISIC_3425388,-1.153641
ISIC_0032033,-1.154653
ISIC_0012072,-1.15652
ISIC_8398000,-1.156735
ISIC_0568867,-1.156875
ISIC_1217314,-1.157668
ISIC_0026897,-1.157793
ISIC_0064874,-1.15826
ISIC_9639931,-1.158438
ISIC_0030666,-1.158857
ISIC_4168757,-1.158911
ISIC_9597731,-1.158918
ISIC_4001990,-1.161995
ISIC_5705973,-1.162144
ISIC_7429127,-1.163274
ISIC_0012150,-1.164937
ISIC_0071508,-1.165127
ISIC_1784255,-1.165517
ISIC_7296463,-1.165983
ISIC_4569077,-1.166488
ISIC_7511557,-1.167351
ISIC_1720840,-1.167752
ISIC_0024263,-1.168228
ISIC_6460137,-1.168659
ISIC_0025085,-1.168665
ISIC_4174983,-1.170227
ISIC_0009947,-1.17037
ISIC_4718313,-1.170592
ISIC_0624779,-1.171183
ISIC_8452205,-1.172011
ISIC_9690371,-1.172107
ISIC_0002184,-1.17381
ISIC_2808323,-1.173836
ISIC_5538169,-1.174172
ISIC_5566396,-1.175
ISIC_7415335,-1.177395
ISIC_0610477,-1.177976
ISIC_0033799,-1.178572
ISIC_8002729,-1.178827
ISIC_7758102,-1.179916
ISIC_5831880,-1.180309
ISIC_0189336,-1.181787
ISIC_0007257,-1.181805
ISIC_0032945,-1.182362
ISIC_0765584,-1.182883
ISIC_9225640,-1.184059
ISIC_0012681,-1.185137
ISIC_5509946,-1.188833
ISIC_4136351,-1.189203
ISIC_8207974,-1.189322
ISIC_5157775,-1.189353
ISIC_9512048,-1.189426
ISIC_0033950,-1.189949
ISIC_0200153,-1.190454
ISIC_3652884,-1.19069
ISIC_8687105,-1.190807
ISIC_0060999,-1.191957
ISIC_0010317,-1.191973
ISIC_0000297,-1.192147
ISIC_0000314,-1.192221
ISIC_2214766,-1.193772
ISIC_0028018,-1.193972
ISIC_4226975,-1.195167
ISIC_0030435,-1.195191
ISIC_7277310,-1.195935
ISIC_3945916,-1.196217
ISIC_0010960,-1.196545
ISIC_0647224,-1.19773
ISIC_0014026,-1.199039
ISIC_0056608,-1.199432
ISIC_7662993,-1.201627
ISIC_7169653,-1.2019
ISIC_0056930,-1.202475
ISIC_5934948,-1.202815
ISIC_0028515,-1.203782
ISIC_0011959,-1.204196
ISIC_0981639,-1.204416
ISIC_4314089,-1.204979
ISIC_1390308,-1.205818
ISIC_0024235,-1.208448
ISIC_0060351,-1.208575
ISIC_3564136,-1.209681
ISIC_0008952,-1.210538
ISIC_0012722,-1.211338
ISIC_7947847,-1.211381
ISIC_0946787,-1.213819
ISIC_9876004,-1.214296
ISIC_3566243,-1.214407
ISIC_6767038,-1.216636
ISIC_0025153,-1.218028
ISIC_0678758,-1.218191
ISIC_0053801,-1.218919
ISIC_8436492,-1.218938
ISIC_2620357,-1.219219
ISIC_0046628,-1.220314
ISIC_0030913,-1.220444
ISIC_4223155,-1.221848
ISIC_4223734,-1.222105
ISIC_9598638,-1.223383
ISIC_2732573,-1.223588
ISIC_5356775,-1.223712
ISIC_0198331,-1.224395
ISIC_7503950,-1.224869
ISIC_9354965,-1.22634
ISIC_9167290,-1.226542
ISIC_1568268,-1.227297
ISIC_3590997,-1.227714
ISIC_8627293,-1.229476
ISIC_0006754,-1.22962
ISIC_6383486,-1.23104
ISIC_0953675,-1.23149
ISIC_0029343,-1.231664
ISIC_0032265,-1.233796
ISIC_0056391,-1.234592
ISIC_0011607,-1.235315
ISIC_3481133,-1.238021
ISIC_5312710,-1.238263
ISIC_0008510,-1.239188
ISIC_0000306,-1.239237
ISIC_0071754,-1.242268
ISIC_0025343,-1.242404
ISIC_0026236,-1.243129
ISIC_2490481,-1.244724
ISIC_6373689,-1.245824
ISIC_0032721,-1.24638
ISIC_1211506,-1.246411
ISIC_9720518,-1.246669
ISIC_0962787,-1.246726
ISIC_6162308,-1.246748
ISIC_5616806,-1.246768
ISIC_7161069,-1.247628
ISIC_6340792,-1.248297
ISIC_7877488,-1.249263
ISIC_0026141,-1.250306
ISIC_5979783,-1.251112
ISIC_1578399,-1.252243
ISIC_6712342,-1.25254
ISIC_5736624,-1.252562
ISIC_0072576,-1.252764
ISIC_0027514,-1.253299
ISIC_4231346,-1.253338
ISIC_3296136,-1.256525
ISIC_1193108,-1.256939
ISIC_2466892,-1.257388
ISIC_0046985,-1.258077
ISIC_8837443,-1.258979
ISIC_0024507,-1.259509
ISIC_7658729,-1.259919
ISIC_0033711,-1.260196
ISIC_4443373,-1.260412
ISIC_0010044,-1.26112
ISIC_0538042,-1.26128
ISIC_0024513,-1.261947
ISIC_9425937,-1.261991
ISIC_8173531,-1.263587
ISIC_0012382,-1.263649
ISIC_8978290,-1.265061
ISIC_4544879,-1.265769
ISIC_0068528,-1.267577
ISIC_5732201,-1.267634
ISIC_6800044,-1.269749
ISIC_2375394,-1.271666
ISIC_2454898,-1.272702
ISIC_6148533,-1.275149
ISIC_5822017,-1.27549
ISIC_7747998,-1.276822
ISIC_9300579,-1.277893
ISIC_1550721,-1.279065
ISIC_8909545,-1.279437
ISIC_0027087,-1.279689
ISIC_8603734,-1.280351
ISIC_8872225,-1.281265
ISIC_0034187,-1.281478
ISIC_6017985,-1.283221
ISIC_0029982,-1.283502
ISIC_0002900,-1.283686
ISIC_9760652,-1.283753
ISIC_0071458,-1.287209
ISIC_9301346,-1.287246
ISIC_1054090,-1.287397
ISIC_7972996,-1.288872
ISIC_2822622,-1.289136
ISIC_0919467,-1.289606
ISIC_0025093,-1.29248
ISIC_3448630,-1.293158
ISIC_0027666,-1.293824
ISIC_8591425,-1.293915
ISIC_0025841,-1.294285
ISIC_5646706,-1.294419
ISIC_0028874,-1.294728
ISIC_0010761,-1.296905
ISIC_0009289,-1.29733
ISIC_3833013,-1.298769
ISIC_3601224,-1.300541
ISIC_7981097,-1.301166
ISIC_6208107,-1.301909
ISIC_0004455,-1.303029
ISIC_0028641,-1.309045
ISIC_3169133,-1.31129
ISIC_0072371,-1.311989
ISIC_3624318,-1.312495
ISIC_1402840,-1.313259
ISIC_8104064,-1.31371
ISIC_4695051,-1.318131
ISIC_0064982,-1.319199
ISIC_1668831,-1.320111
ISIC_6093728,-1.320895
ISIC_5608998,-1.324235
ISIC_0082348,-1.324488
ISIC_0028998,-1.324971
ISIC_0026619,-1.326904
ISIC_6435644,-1.328172
ISIC_6951506,-1.328211
ISIC_0316668,-1.328582
ISIC_0033081,-1.330298
ISIC_6734679,-1.330727
ISIC_0000239,-1.331643
ISIC_0073086,-1.33312
ISIC_9596388,-1.333451
ISIC_0066223,-1.335301
ISIC_0004794,-1.336735
ISIC_0527350,-1.337042
ISIC_3093026,-1.33765
ISIC_8646115,-1.337797
ISIC_0030697,-1.338993
ISIC_9441572,-1.340962
ISIC_0053765,-1.341108
ISIC_4536407,-1.344334
ISIC_2077116,-1.345001
ISIC_2957732,-1.345407
ISIC_0024271,-1.345961
ISIC_3212050,-1.347161
ISIC_3973431,-1.347378
ISIC_0033879,-1.347467
ISIC_0274382,-1.347905
ISIC_8224270,-1.349746
ISIC_0063445,-1.350514
ISIC_7491389,-1.351207
ISIC_5101111,-1.353443
ISIC_9041897,-1.35559
ISIC_2585066,-1.356848
ISIC_5611010,-1.357884
ISIC_2565154,-1.359105
ISIC_9187876,-1.359737
ISIC_7515794,-1.359795
ISIC_0839675,-1.360276
ISIC_1490986,-1.360965
ISIC_2479512,-1.362051
ISIC_0830806,-1.363639
ISIC_3218227,-1.364919
ISIC_0024591,-1.365733
ISIC_0031417,-1.366423
ISIC_0068776,-1.369945
ISIC_2999018,-1.371375
ISIC_0059625,-1.371711
ISIC_8412096,-1.372381
ISIC_0210282,-1.372885
ISIC_0014428,-1.377507
ISIC_2424673,-1.377847
ISIC_3576066,-1.380914
ISIC_0027596,-1.382582
ISIC_0005062,-1.385903
ISIC_0066109,-1.388201
ISIC_6052860,-1.388964
ISIC_0067891,-1.389862
ISIC_2151727,-1.394851
ISIC_7349440,-1.395574
ISIC_5281762,-1.399421
ISIC_0030457,-1.401697
ISIC_7024807,-1.4017
ISIC_5591622,-1.402708
ISIC_0027235,-1.406761
ISIC_8120622,-1.406804
ISIC_8545097,-1.406807
ISIC_8292279,-1.40899
ISIC_0073075,-1.409331
ISIC_1035480,-1.412689
ISIC_7144739,-1.414946
ISIC_8414396,-1.417263
ISIC_0031785,-1.417579
ISIC_0016033,-1.418556
ISIC_0025579,-1.419484
ISIC_6451703,-1.422447
ISIC_0016050,-1.422878
ISIC_5393367,-1.423055
ISIC_4277207,-1.423622
ISIC_0031096,-1.425462
ISIC_8197240,-1.426671
ISIC_1911193,-1.42998
ISIC_0059485,-1.431241
ISIC_9390107,-1.435723
ISIC_0033463,-1.435919
ISIC_5595054,-1.444473
ISIC_0998962,-1.444906
ISIC_8799674,-1.446116
ISIC_4863784,-1.448108
ISIC_9066201,-1.45484
ISIC_0033152,-1.455183
ISIC_0884550,-1.456142
ISIC_6926118,-1.4572
ISIC_0010011,-1.461741
ISIC_9119549,-1.462605
ISIC_0033074,-1.465383
ISIC_3028754,-1.470457
ISIC_4602691,-1.471205
ISIC_6780901,-1.471656
ISIC_0033216,-1.471989
ISIC_7505254,-1.479087
ISIC_0070752,-1.482697
ISIC_0028467,-1.483412
ISIC_0016092,-1.483968
ISIC_0029328,-1.486057
ISIC_0033336,-1.493043
ISIC_0060050,-1.495095
ISIC_0046932,-1.496117
ISIC_5952650,-1.502707
ISIC_3389695,-1.505564
ISIC_9384835,-1.507841
ISIC_0645116,-1.508578
ISIC_4713698,-1.50876
ISIC_0003046,-1.511707
ISIC_0030641,-1.514144
ISIC_3190566,-1.51514
ISIC_0204355,-1.516104
ISIC_5476463,-1.518413
ISIC_0002435,-1.522756
ISIC_3198111,-1.527557
ISIC_6763221,-1.538353
ISIC_2854610,-1.53925
ISIC_0821520,-1.540257
ISIC_0014919,-1.545139
ISIC_2029418,-1.548144
ISIC_5935362,-1.549006
ISIC_0026356,-1.554254
ISIC_3909443,-1.557266
ISIC_0029950,-1.559354
ISIC_9293491,-1.562184
ISIC_3597812,-1.563921
ISIC_3685448,-1.567574
ISIC_3989526,-1.57182
ISIC_6581765,-1.576074
ISIC_0031034,-1.583644
ISIC_6298726,-1.590891
ISIC_0000814,-1.592045
ISIC_0025235,-1.596692
ISIC_6824842,-1.597066
ISIC_0057287,-1.603376
ISIC_9116323,-1.605415
ISIC_0003159,-1.609471
ISIC_2051564,-1.614004
ISIC_5176419,-1.614162
ISIC_1616031,-1.617467
ISIC_1342117,-1.62719
ISIC_0006772,-1.628182
ISIC_0231167,-1.632326
ISIC_9134453,-1.638726
ISIC_0027537,-1.641519
ISIC_1924949,-1.643427
ISIC_4446385,-1.662347
ISIC_0046323,-1.662477
ISIC_2507845,-1.669806
ISIC_0025955,-1.670926
ISIC_0034194,-1.675513
ISIC_3985031,-1.677947
ISIC_0033916,-1.683977
ISIC_0071168,-1.685692
ISIC_0028477,-1.691997
ISIC_0057344,-1.694862
ISIC_2119925,-1.699826
ISIC_4375524,-1.709974
ISIC_9538004,-1.717637
ISIC_5382189,-1.727931
ISIC_1453671,-1.735992
ISIC_0010313,-1.74997
ISIC_0015443,-1.756474
ISIC_9810276,-1.767213
ISIC_0033444,-1.780563
ISIC_4728589,-1.787611
ISIC_0002953,-1.789773
ISIC_0033724,-1.792698
ISIC_9747194,-1.798942
ISIC_0059976,-1.832912
ISIC_8214287,-1.84111
ISIC_5234605,-1.85655
ISIC_2481044,-1.869208
ISIC_9204678,-1.895468
ISIC_5993530,-1.924022
ISIC_0000142,-2.05923
